ISO-10303-21;
HEADER;
FILE_DESCRIPTION(('STEP AP214'),'1');
FILE_NAME('mmbt3904.stp','2020-03-14T04:30:21',('TraceParts'),('TraceParts S.A.'),'Spatial InterOp 3D',' ',' ');
FILE_SCHEMA(('AUTOMOTIVE_DESIGN { 1 0 10303 214 1 1 1 1 }'));
ENDSEC;
DATA;
#1=MECHANICAL_DESIGN_GEOMETRIC_PRESENTATION_REPRESENTATION(' ',(#10,#11,#12,#13,#14,#15,#16,#17,#18,#19,#20,#21,#22,#23,#24,#25,#26,#27,#28,#29,#30,#31,#32,#33,#34,#35,#36,#37,#38,#39,#40,#41,#42,#43,#44,#45,#46,#47,#48,#49,#50,#51,#52,#53,#54,#55,#56,#57,#58,#59,#60,#61,#62,#63,#64,#65,#66,#67,#68),#6);
#2=PRODUCT_DEFINITION_CONTEXT('',#69,'design');
#3=APPLICATION_PROTOCOL_DEFINITION('INTERNATIONAL STANDARD','automotive_design',1994,#69);
#4=PRODUCT_CATEGORY_RELATIONSHIP('NONE','NONE',#70,#71);
#5=SHAPE_DEFINITION_REPRESENTATION(#72,#73);
#6= (GEOMETRIC_REPRESENTATION_CONTEXT(3)GLOBAL_UNCERTAINTY_ASSIGNED_CONTEXT((#76))GLOBAL_UNIT_ASSIGNED_CONTEXT((#78,#79,#80))REPRESENTATION_CONTEXT('NONE','WORKSPACE'));
#10=STYLED_ITEM('',(#82),#83);
#11=STYLED_ITEM('',(#84),#85);
#12=STYLED_ITEM('',(#86),#87);
#13=STYLED_ITEM('',(#88),#89);
#14=STYLED_ITEM('',(#90),#91);
#15=STYLED_ITEM('',(#92),#93);
#16=STYLED_ITEM('',(#94),#95);
#17=STYLED_ITEM('',(#96),#97);
#18=STYLED_ITEM('',(#98),#99);
#19=STYLED_ITEM('',(#100),#101);
#20=STYLED_ITEM('',(#102),#103);
#21=STYLED_ITEM('',(#104),#105);
#22=STYLED_ITEM('',(#106),#107);
#23=STYLED_ITEM('',(#108),#109);
#24=STYLED_ITEM('',(#110),#111);
#25=STYLED_ITEM('',(#112),#113);
#26=STYLED_ITEM('',(#114),#115);
#27=STYLED_ITEM('',(#116),#117);
#28=STYLED_ITEM('',(#118),#119);
#29=STYLED_ITEM('',(#120),#121);
#30=STYLED_ITEM('',(#122),#123);
#31=STYLED_ITEM('',(#124),#125);
#32=STYLED_ITEM('',(#126),#127);
#33=STYLED_ITEM('',(#128),#129);
#34=STYLED_ITEM('',(#130),#131);
#35=STYLED_ITEM('',(#132),#133);
#36=STYLED_ITEM('',(#134),#135);
#37=STYLED_ITEM('',(#136),#137);
#38=STYLED_ITEM('',(#138),#139);
#39=STYLED_ITEM('',(#140),#141);
#40=STYLED_ITEM('',(#142),#143);
#41=STYLED_ITEM('',(#144),#145);
#42=STYLED_ITEM('',(#146),#147);
#43=STYLED_ITEM('',(#148),#149);
#44=STYLED_ITEM('',(#150),#151);
#45=STYLED_ITEM('',(#152),#153);
#46=STYLED_ITEM('',(#154),#155);
#47=STYLED_ITEM('',(#156),#157);
#48=STYLED_ITEM('',(#158),#159);
#49=STYLED_ITEM('',(#160),#161);
#50=STYLED_ITEM('',(#162),#163);
#51=STYLED_ITEM('',(#164),#165);
#52=STYLED_ITEM('',(#166),#167);
#53=STYLED_ITEM('',(#168),#169);
#54=STYLED_ITEM('',(#170),#171);
#55=STYLED_ITEM('',(#172),#173);
#56=STYLED_ITEM('',(#174),#175);
#57=STYLED_ITEM('',(#176),#177);
#58=STYLED_ITEM('',(#178),#179);
#59=STYLED_ITEM('',(#180),#181);
#60=STYLED_ITEM('',(#182),#183);
#61=STYLED_ITEM('',(#184),#185);
#62=STYLED_ITEM('',(#186),#187);
#63=STYLED_ITEM('',(#188),#189);
#64=STYLED_ITEM('',(#190),#191);
#65=STYLED_ITEM('',(#192),#193);
#66=STYLED_ITEM('',(#194),#195);
#67=STYLED_ITEM('',(#196),#197);
#68=STYLED_ITEM('',(#198),#199);
#69=APPLICATION_CONTEXT(' ');
#70=PRODUCT_CATEGORY('part','NONE');
#71=PRODUCT_RELATED_PRODUCT_CATEGORY('detail',' ',(#200));
#72=PRODUCT_DEFINITION_SHAPE('NONE','NONE',#201);
#73=ADVANCED_BREP_SHAPE_REPRESENTATION('mmbt3904',(#202,#203),#6);
#76=UNCERTAINTY_MEASURE_WITH_UNIT(LENGTH_MEASURE(1.0E-06),#78,'','');
#78= (CONVERSION_BASED_UNIT('MILLIMETRE',#206)LENGTH_UNIT()NAMED_UNIT(#209));
#79= (NAMED_UNIT(#211)PLANE_ANGLE_UNIT()SI_UNIT($,.RADIAN.));
#80= (NAMED_UNIT(#211)SOLID_ANGLE_UNIT()SI_UNIT($,.STERADIAN.));
#82=PRESENTATION_STYLE_ASSIGNMENT((#217));
#83=ADVANCED_FACE('',(#218),#219,.F.);
#84=PRESENTATION_STYLE_ASSIGNMENT((#220));
#85=ADVANCED_FACE('',(#221),#222,.T.);
#86=PRESENTATION_STYLE_ASSIGNMENT((#223));
#87=ADVANCED_FACE('',(#224),#225,.F.);
#88=PRESENTATION_STYLE_ASSIGNMENT((#226));
#89=ADVANCED_FACE('',(#227),#228,.T.);
#90=PRESENTATION_STYLE_ASSIGNMENT((#229));
#91=ADVANCED_FACE('',(#230),#231,.T.);
#92=PRESENTATION_STYLE_ASSIGNMENT((#232));
#93=ADVANCED_FACE('',(#233),#234,.T.);
#94=PRESENTATION_STYLE_ASSIGNMENT((#235));
#95=ADVANCED_FACE('',(#236),#237,.T.);
#96=PRESENTATION_STYLE_ASSIGNMENT((#238));
#97=ADVANCED_FACE('',(#239),#240,.F.);
#98=PRESENTATION_STYLE_ASSIGNMENT((#241));
#99=ADVANCED_FACE('',(#242),#243,.T.);
#100=PRESENTATION_STYLE_ASSIGNMENT((#244));
#101=ADVANCED_FACE('',(#245),#246,.T.);
#102=PRESENTATION_STYLE_ASSIGNMENT((#247));
#103=ADVANCED_FACE('',(#248),#249,.F.);
#104=PRESENTATION_STYLE_ASSIGNMENT((#250));
#105=ADVANCED_FACE('',(#251),#252,.T.);
#106=PRESENTATION_STYLE_ASSIGNMENT((#253));
#107=ADVANCED_FACE('',(#254),#255,.T.);
#108=PRESENTATION_STYLE_ASSIGNMENT((#256));
#109=ADVANCED_FACE('',(#257),#258,.T.);
#110=PRESENTATION_STYLE_ASSIGNMENT((#259));
#111=ADVANCED_FACE('',(#260),#261,.T.);
#112=PRESENTATION_STYLE_ASSIGNMENT((#262));
#113=ADVANCED_FACE('',(#263),#264,.T.);
#114=PRESENTATION_STYLE_ASSIGNMENT((#265));
#115=ADVANCED_FACE('',(#266),#267,.F.);
#116=PRESENTATION_STYLE_ASSIGNMENT((#268));
#117=ADVANCED_FACE('',(#269),#270,.T.);
#118=PRESENTATION_STYLE_ASSIGNMENT((#271));
#119=ADVANCED_FACE('',(#272),#273,.T.);
#120=PRESENTATION_STYLE_ASSIGNMENT((#274));
#121=ADVANCED_FACE('',(#275),#276,.T.);
#122=PRESENTATION_STYLE_ASSIGNMENT((#277));
#123=ADVANCED_FACE('',(#278),#279,.T.);
#124=PRESENTATION_STYLE_ASSIGNMENT((#280));
#125=ADVANCED_FACE('',(#281),#282,.F.);
#126=PRESENTATION_STYLE_ASSIGNMENT((#283));
#127=ADVANCED_FACE('',(#284),#285,.T.);
#128=PRESENTATION_STYLE_ASSIGNMENT((#286));
#129=ADVANCED_FACE('',(#287),#288,.T.);
#130=PRESENTATION_STYLE_ASSIGNMENT((#289));
#131=ADVANCED_FACE('',(#290),#291,.T.);
#132=PRESENTATION_STYLE_ASSIGNMENT((#292));
#133=ADVANCED_FACE('',(#293),#294,.F.);
#134=PRESENTATION_STYLE_ASSIGNMENT((#295));
#135=ADVANCED_FACE('',(#296),#297,.T.);
#136=PRESENTATION_STYLE_ASSIGNMENT((#298));
#137=ADVANCED_FACE('',(#299),#300,.T.);
#138=PRESENTATION_STYLE_ASSIGNMENT((#301));
#139=ADVANCED_FACE('',(#302),#303,.T.);
#140=PRESENTATION_STYLE_ASSIGNMENT((#304));
#141=ADVANCED_FACE('',(#305),#306,.T.);
#142=PRESENTATION_STYLE_ASSIGNMENT((#307));
#143=ADVANCED_FACE('',(#308),#309,.T.);
#144=PRESENTATION_STYLE_ASSIGNMENT((#310));
#145=ADVANCED_FACE('',(#311),#312,.F.);
#146=PRESENTATION_STYLE_ASSIGNMENT((#313));
#147=ADVANCED_FACE('',(#314),#315,.T.);
#148=PRESENTATION_STYLE_ASSIGNMENT((#316));
#149=ADVANCED_FACE('',(#317),#318,.T.);
#150=PRESENTATION_STYLE_ASSIGNMENT((#319));
#151=ADVANCED_FACE('',(#320),#321,.T.);
#152=PRESENTATION_STYLE_ASSIGNMENT((#322));
#153=ADVANCED_FACE('',(#323),#324,.T.);
#154=PRESENTATION_STYLE_ASSIGNMENT((#325));
#155=ADVANCED_FACE('',(#326),#327,.F.);
#156=PRESENTATION_STYLE_ASSIGNMENT((#328));
#157=ADVANCED_FACE('',(#329),#330,.T.);
#158=PRESENTATION_STYLE_ASSIGNMENT((#331));
#159=ADVANCED_FACE('',(#332),#333,.T.);
#160=PRESENTATION_STYLE_ASSIGNMENT((#334));
#161=ADVANCED_FACE('',(#335),#336,.F.);
#162=PRESENTATION_STYLE_ASSIGNMENT((#337));
#163=ADVANCED_FACE('',(#338),#339,.T.);
#164=PRESENTATION_STYLE_ASSIGNMENT((#340));
#165=ADVANCED_FACE('',(#341),#342,.T.);
#166=PRESENTATION_STYLE_ASSIGNMENT((#343));
#167=ADVANCED_FACE('',(#344),#345,.T.);
#168=PRESENTATION_STYLE_ASSIGNMENT((#346));
#169=ADVANCED_FACE('',(#347),#348,.T.);
#170=PRESENTATION_STYLE_ASSIGNMENT((#349));
#171=ADVANCED_FACE('',(#350),#351,.F.);
#172=PRESENTATION_STYLE_ASSIGNMENT((#352));
#173=ADVANCED_FACE('',(#353),#354,.F.);
#174=PRESENTATION_STYLE_ASSIGNMENT((#355));
#175=ADVANCED_FACE('',(#356),#357,.T.);
#176=PRESENTATION_STYLE_ASSIGNMENT((#358));
#177=ADVANCED_FACE('',(#359),#360,.T.);
#178=PRESENTATION_STYLE_ASSIGNMENT((#361));
#179=ADVANCED_FACE('',(#362),#363,.T.);
#180=PRESENTATION_STYLE_ASSIGNMENT((#364));
#181=ADVANCED_FACE('',(#365),#366,.T.);
#182=PRESENTATION_STYLE_ASSIGNMENT((#367));
#183=ADVANCED_FACE('',(#368),#369,.T.);
#184=PRESENTATION_STYLE_ASSIGNMENT((#370));
#185=ADVANCED_FACE('',(#371),#372,.T.);
#186=PRESENTATION_STYLE_ASSIGNMENT((#373));
#187=ADVANCED_FACE('',(#374),#375,.F.);
#188=PRESENTATION_STYLE_ASSIGNMENT((#376));
#189=ADVANCED_FACE('',(#377),#378,.T.);
#190=PRESENTATION_STYLE_ASSIGNMENT((#379));
#191=ADVANCED_FACE('',(#380),#381,.T.);
#192=PRESENTATION_STYLE_ASSIGNMENT((#382));
#193=ADVANCED_FACE('',(#383),#384,.T.);
#194=PRESENTATION_STYLE_ASSIGNMENT((#385));
#195=ADVANCED_FACE('',(#386),#387,.T.);
#196=PRESENTATION_STYLE_ASSIGNMENT((#388));
#197=ADVANCED_FACE('',(#389),#390,.T.);
#198=PRESENTATION_STYLE_ASSIGNMENT((#391));
#199=ADVANCED_FACE('',(#392,#393),#394,.T.);
#200=PRODUCT('mmbt3904','mmbt3904','PART-mmbt3904-DESC',(#395));
#201=PRODUCT_DEFINITION('','NONE',#396,#2);
#202=MANIFOLD_SOLID_BREP('mmbt3904',#397);
#203=AXIS2_PLACEMENT_3D('',#398,#399,#400);
#206=LENGTH_MEASURE_WITH_UNIT(LENGTH_MEASURE(1.0),#401);
#209=DIMENSIONAL_EXPONENTS(1.0,0.0,0.0,0.0,0.0,0.0,0.0);
#211=DIMENSIONAL_EXPONENTS(0.0,0.0,0.0,0.0,0.0,0.0,0.0);
#217=SURFACE_STYLE_USAGE(.BOTH.,#402);
#218=FACE_OUTER_BOUND('',#403,.T.);
#219=CYLINDRICAL_SURFACE('',#404,0.1);
#220=SURFACE_STYLE_USAGE(.BOTH.,#405);
#221=FACE_OUTER_BOUND('',#406,.T.);
#222=PLANE('',#407);
#223=SURFACE_STYLE_USAGE(.BOTH.,#408);
#224=FACE_OUTER_BOUND('',#409,.T.);
#225=PLANE('',#410);
#226=SURFACE_STYLE_USAGE(.BOTH.,#411);
#227=FACE_OUTER_BOUND('',#412,.T.);
#228=PLANE('',#413);
#229=SURFACE_STYLE_USAGE(.BOTH.,#414);
#230=FACE_OUTER_BOUND('',#415,.T.);
#231=PLANE('',#416);
#232=SURFACE_STYLE_USAGE(.BOTH.,#417);
#233=FACE_OUTER_BOUND('',#418,.T.);
#234=CYLINDRICAL_SURFACE('',#419,0.05);
#235=SURFACE_STYLE_USAGE(.BOTH.,#420);
#236=FACE_OUTER_BOUND('',#421,.T.);
#237=PLANE('',#422);
#238=SURFACE_STYLE_USAGE(.BOTH.,#423);
#239=FACE_OUTER_BOUND('',#424,.T.);
#240=CYLINDRICAL_SURFACE('',#425,0.05);
#241=SURFACE_STYLE_USAGE(.BOTH.,#426);
#242=FACE_OUTER_BOUND('',#427,.T.);
#243=CYLINDRICAL_SURFACE('',#428,0.05);
#244=SURFACE_STYLE_USAGE(.BOTH.,#429);
#245=FACE_OUTER_BOUND('',#430,.T.);
#246=PLANE('',#431);
#247=SURFACE_STYLE_USAGE(.BOTH.,#432);
#248=FACE_OUTER_BOUND('',#433,.T.);
#249=CYLINDRICAL_SURFACE('',#434,0.05);
#250=SURFACE_STYLE_USAGE(.BOTH.,#435);
#251=FACE_OUTER_BOUND('',#436,.T.);
#252=PLANE('',#437);
#253=SURFACE_STYLE_USAGE(.BOTH.,#438);
#254=FACE_OUTER_BOUND('',#439,.T.);
#255=PLANE('',#440);
#256=SURFACE_STYLE_USAGE(.BOTH.,#441);
#257=FACE_OUTER_BOUND('',#442,.T.);
#258=PLANE('',#443);
#259=SURFACE_STYLE_USAGE(.BOTH.,#444);
#260=FACE_OUTER_BOUND('',#445,.T.);
#261=PLANE('',#446);
#262=SURFACE_STYLE_USAGE(.BOTH.,#447);
#263=FACE_OUTER_BOUND('',#448,.T.);
#264=PLANE('',#449);
#265=SURFACE_STYLE_USAGE(.BOTH.,#450);
#266=FACE_OUTER_BOUND('',#451,.T.);
#267=PLANE('',#452);
#268=SURFACE_STYLE_USAGE(.BOTH.,#453);
#269=FACE_OUTER_BOUND('',#454,.T.);
#270=PLANE('',#455);
#271=SURFACE_STYLE_USAGE(.BOTH.,#456);
#272=FACE_OUTER_BOUND('',#457,.T.);
#273=PLANE('',#458);
#274=SURFACE_STYLE_USAGE(.BOTH.,#459);
#275=FACE_OUTER_BOUND('',#460,.T.);
#276=CYLINDRICAL_SURFACE('',#461,0.05);
#277=SURFACE_STYLE_USAGE(.BOTH.,#462);
#278=FACE_OUTER_BOUND('',#463,.T.);
#279=PLANE('',#464);
#280=SURFACE_STYLE_USAGE(.BOTH.,#465);
#281=FACE_OUTER_BOUND('',#466,.T.);
#282=CYLINDRICAL_SURFACE('',#467,0.05);
#283=SURFACE_STYLE_USAGE(.BOTH.,#468);
#284=FACE_OUTER_BOUND('',#469,.T.);
#285=PLANE('',#470);
#286=SURFACE_STYLE_USAGE(.BOTH.,#471);
#287=FACE_OUTER_BOUND('',#472,.T.);
#288=CYLINDRICAL_SURFACE('',#473,0.05);
#289=SURFACE_STYLE_USAGE(.BOTH.,#474);
#290=FACE_OUTER_BOUND('',#475,.T.);
#291=PLANE('',#476);
#292=SURFACE_STYLE_USAGE(.BOTH.,#477);
#293=FACE_OUTER_BOUND('',#478,.T.);
#294=CYLINDRICAL_SURFACE('',#479,0.05);
#295=SURFACE_STYLE_USAGE(.BOTH.,#480);
#296=FACE_OUTER_BOUND('',#481,.T.);
#297=PLANE('',#482);
#298=SURFACE_STYLE_USAGE(.BOTH.,#483);
#299=FACE_OUTER_BOUND('',#484,.T.);
#300=PLANE('',#485);
#301=SURFACE_STYLE_USAGE(.BOTH.,#486);
#302=FACE_OUTER_BOUND('',#487,.T.);
#303=PLANE('',#488);
#304=SURFACE_STYLE_USAGE(.BOTH.,#489);
#305=FACE_OUTER_BOUND('',#490,.T.);
#306=PLANE('',#491);
#307=SURFACE_STYLE_USAGE(.BOTH.,#492);
#308=FACE_OUTER_BOUND('',#493,.T.);
#309=PLANE('',#494);
#310=SURFACE_STYLE_USAGE(.BOTH.,#495);
#311=FACE_OUTER_BOUND('',#496,.T.);
#312=PLANE('',#497);
#313=SURFACE_STYLE_USAGE(.BOTH.,#498);
#314=FACE_OUTER_BOUND('',#499,.T.);
#315=PLANE('',#500);
#316=SURFACE_STYLE_USAGE(.BOTH.,#501);
#317=FACE_OUTER_BOUND('',#502,.T.);
#318=PLANE('',#503);
#319=SURFACE_STYLE_USAGE(.BOTH.,#504);
#320=FACE_OUTER_BOUND('',#505,.T.);
#321=CYLINDRICAL_SURFACE('',#506,0.05);
#322=SURFACE_STYLE_USAGE(.BOTH.,#507);
#323=FACE_OUTER_BOUND('',#508,.T.);
#324=PLANE('',#509);
#325=SURFACE_STYLE_USAGE(.BOTH.,#510);
#326=FACE_OUTER_BOUND('',#511,.T.);
#327=CYLINDRICAL_SURFACE('',#512,0.05);
#328=SURFACE_STYLE_USAGE(.BOTH.,#513);
#329=FACE_OUTER_BOUND('',#514,.T.);
#330=CYLINDRICAL_SURFACE('',#515,0.05);
#331=SURFACE_STYLE_USAGE(.BOTH.,#516);
#332=FACE_OUTER_BOUND('',#517,.T.);
#333=PLANE('',#518);
#334=SURFACE_STYLE_USAGE(.BOTH.,#519);
#335=FACE_OUTER_BOUND('',#520,.T.);
#336=CYLINDRICAL_SURFACE('',#521,0.05);
#337=SURFACE_STYLE_USAGE(.BOTH.,#522);
#338=FACE_OUTER_BOUND('',#523,.T.);
#339=PLANE('',#524);
#340=SURFACE_STYLE_USAGE(.BOTH.,#525);
#341=FACE_OUTER_BOUND('',#526,.T.);
#342=PLANE('',#527);
#343=SURFACE_STYLE_USAGE(.BOTH.,#528);
#344=FACE_OUTER_BOUND('',#529,.T.);
#345=PLANE('',#530);
#346=SURFACE_STYLE_USAGE(.BOTH.,#531);
#347=FACE_OUTER_BOUND('',#532,.T.);
#348=PLANE('',#533);
#349=SURFACE_STYLE_USAGE(.BOTH.,#534);
#350=FACE_OUTER_BOUND('',#535,.T.);
#351=CYLINDRICAL_SURFACE('',#536,0.1);
#352=SURFACE_STYLE_USAGE(.BOTH.,#537);
#353=FACE_OUTER_BOUND('',#538,.T.);
#354=PLANE('',#539);
#355=SURFACE_STYLE_USAGE(.BOTH.,#540);
#356=FACE_OUTER_BOUND('',#541,.T.);
#357=PLANE('',#542);
#358=SURFACE_STYLE_USAGE(.BOTH.,#543);
#359=FACE_OUTER_BOUND('',#544,.T.);
#360=PLANE('',#545);
#361=SURFACE_STYLE_USAGE(.BOTH.,#546);
#362=FACE_OUTER_BOUND('',#547,.T.);
#363=PLANE('',#548);
#364=SURFACE_STYLE_USAGE(.BOTH.,#549);
#365=FACE_OUTER_BOUND('',#550,.T.);
#366=PLANE('',#551);
#367=SURFACE_STYLE_USAGE(.BOTH.,#552);
#368=FACE_OUTER_BOUND('',#553,.T.);
#369=PLANE('',#554);
#370=SURFACE_STYLE_USAGE(.BOTH.,#555);
#371=FACE_OUTER_BOUND('',#556,.T.);
#372=PLANE('',#557);
#373=SURFACE_STYLE_USAGE(.BOTH.,#558);
#374=FACE_OUTER_BOUND('',#559,.T.);
#375=PLANE('',#560);
#376=SURFACE_STYLE_USAGE(.BOTH.,#561);
#377=FACE_OUTER_BOUND('',#562,.T.);
#378=PLANE('',#563);
#379=SURFACE_STYLE_USAGE(.BOTH.,#564);
#380=FACE_OUTER_BOUND('',#565,.T.);
#381=PLANE('',#566);
#382=SURFACE_STYLE_USAGE(.BOTH.,#567);
#383=FACE_OUTER_BOUND('',#568,.T.);
#384=PLANE('',#569);
#385=SURFACE_STYLE_USAGE(.BOTH.,#570);
#386=FACE_OUTER_BOUND('',#571,.T.);
#387=PLANE('',#572);
#388=SURFACE_STYLE_USAGE(.BOTH.,#573);
#389=FACE_OUTER_BOUND('',#574,.T.);
#390=PLANE('',#575);
#391=SURFACE_STYLE_USAGE(.BOTH.,#576);
#392=FACE_BOUND('',#577,.T.);
#393=FACE_OUTER_BOUND('',#578,.T.);
#394=PLANE('',#579);
#395=PRODUCT_CONTEXT('',#69,'mechanical');
#396=PRODUCT_DEFINITION_FORMATION_WITH_SPECIFIED_SOURCE(' ','NONE',#200,.NOT_KNOWN.);
#397=CLOSED_SHELL('',(#83,#85,#87,#89,#91,#93,#95,#97,#99,#101,#103,#105,#107,#109,#111,#113,#115,#117,#119,#121,#123,#125,#127,#129,#131,#133,#135,#137,#139,#141,#143,#145,#147,#149,#151,#153,#155,#157,#159,#161,#163,#165,#167,#169,#171,#173,#175,#177,#179,#181,#183,#185,#187,#189,#191,#193,#195,#197,#199));
#398=CARTESIAN_POINT('',(0.0,0.0,0.0));
#399=DIRECTION('',(0.0,0.0,1.0));
#400=DIRECTION('',(1.0,0.0,0.0));
#401= (NAMED_UNIT(#209)LENGTH_UNIT()SI_UNIT(.MILLI.,.METRE.));
#402=SURFACE_SIDE_STYLE('',(#581));
#403=EDGE_LOOP('',(#582,#583,#584,#585));
#404=AXIS2_PLACEMENT_3D('',#586,#587,#588);
#405=SURFACE_SIDE_STYLE('',(#589));
#406=EDGE_LOOP('',(#590,#591,#592,#593));
#407=AXIS2_PLACEMENT_3D('',#594,#595,#596);
#408=SURFACE_SIDE_STYLE('',(#597));
#409=EDGE_LOOP('',(#598,#599,#600,#601,#602,#603,#604,#605,#606,#607,#608,#609));
#410=AXIS2_PLACEMENT_3D('',#610,#611,#612);
#411=SURFACE_SIDE_STYLE('',(#613));
#412=EDGE_LOOP('',(#614,#615,#616,#617));
#413=AXIS2_PLACEMENT_3D('',#618,#619,#620);
#414=SURFACE_SIDE_STYLE('',(#621));
#415=EDGE_LOOP('',(#622,#623,#624,#625));
#416=AXIS2_PLACEMENT_3D('',#626,#627,#628);
#417=SURFACE_SIDE_STYLE('',(#629));
#418=EDGE_LOOP('',(#630,#631,#632,#633));
#419=AXIS2_PLACEMENT_3D('',#634,#635,#636);
#420=SURFACE_SIDE_STYLE('',(#637));
#421=EDGE_LOOP('',(#638,#639,#640,#641));
#422=AXIS2_PLACEMENT_3D('',#642,#643,#644);
#423=SURFACE_SIDE_STYLE('',(#645));
#424=EDGE_LOOP('',(#646,#647,#648,#649));
#425=AXIS2_PLACEMENT_3D('',#650,#651,#652);
#426=SURFACE_SIDE_STYLE('',(#653));
#427=EDGE_LOOP('',(#654,#655,#656,#657));
#428=AXIS2_PLACEMENT_3D('',#658,#659,#660);
#429=SURFACE_SIDE_STYLE('',(#661));
#430=EDGE_LOOP('',(#662,#663,#664,#665));
#431=AXIS2_PLACEMENT_3D('',#666,#667,#668);
#432=SURFACE_SIDE_STYLE('',(#669));
#433=EDGE_LOOP('',(#670,#671,#672,#673));
#434=AXIS2_PLACEMENT_3D('',#674,#675,#676);
#435=SURFACE_SIDE_STYLE('',(#677));
#436=EDGE_LOOP('',(#678,#679,#680,#681));
#437=AXIS2_PLACEMENT_3D('',#682,#683,#684);
#438=SURFACE_SIDE_STYLE('',(#685));
#439=EDGE_LOOP('',(#686,#687,#688,#689));
#440=AXIS2_PLACEMENT_3D('',#690,#691,#692);
#441=SURFACE_SIDE_STYLE('',(#693));
#442=EDGE_LOOP('',(#694,#695,#696,#697,#698,#699,#700,#701,#702,#703,#704,#705));
#443=AXIS2_PLACEMENT_3D('',#706,#707,#708);
#444=SURFACE_SIDE_STYLE('',(#709));
#445=EDGE_LOOP('',(#710,#711,#712,#713));
#446=AXIS2_PLACEMENT_3D('',#714,#715,#716);
#447=SURFACE_SIDE_STYLE('',(#717));
#448=EDGE_LOOP('',(#718,#719,#720,#721));
#449=AXIS2_PLACEMENT_3D('',#722,#723,#724);
#450=SURFACE_SIDE_STYLE('',(#725));
#451=EDGE_LOOP('',(#726,#727,#728,#729,#730,#731,#732,#733,#734,#735,#736,#737));
#452=AXIS2_PLACEMENT_3D('',#738,#739,#740);
#453=SURFACE_SIDE_STYLE('',(#741));
#454=EDGE_LOOP('',(#742,#743,#744,#745));
#455=AXIS2_PLACEMENT_3D('',#746,#747,#748);
#456=SURFACE_SIDE_STYLE('',(#749));
#457=EDGE_LOOP('',(#750,#751,#752,#753));
#458=AXIS2_PLACEMENT_3D('',#754,#755,#756);
#459=SURFACE_SIDE_STYLE('',(#757));
#460=EDGE_LOOP('',(#758,#759,#760,#761));
#461=AXIS2_PLACEMENT_3D('',#762,#763,#764);
#462=SURFACE_SIDE_STYLE('',(#765));
#463=EDGE_LOOP('',(#766,#767,#768,#769));
#464=AXIS2_PLACEMENT_3D('',#770,#771,#772);
#465=SURFACE_SIDE_STYLE('',(#773));
#466=EDGE_LOOP('',(#774,#775,#776,#777));
#467=AXIS2_PLACEMENT_3D('',#778,#779,#780);
#468=SURFACE_SIDE_STYLE('',(#781));
#469=EDGE_LOOP('',(#782,#783,#784,#785));
#470=AXIS2_PLACEMENT_3D('',#786,#787,#788);
#471=SURFACE_SIDE_STYLE('',(#789));
#472=EDGE_LOOP('',(#790,#791,#792,#793));
#473=AXIS2_PLACEMENT_3D('',#794,#795,#796);
#474=SURFACE_SIDE_STYLE('',(#797));
#475=EDGE_LOOP('',(#798,#799,#800,#801));
#476=AXIS2_PLACEMENT_3D('',#802,#803,#804);
#477=SURFACE_SIDE_STYLE('',(#805));
#478=EDGE_LOOP('',(#806,#807,#808,#809));
#479=AXIS2_PLACEMENT_3D('',#810,#811,#812);
#480=SURFACE_SIDE_STYLE('',(#813));
#481=EDGE_LOOP('',(#814,#815,#816,#817));
#482=AXIS2_PLACEMENT_3D('',#818,#819,#820);
#483=SURFACE_SIDE_STYLE('',(#821));
#484=EDGE_LOOP('',(#822,#823,#824,#825));
#485=AXIS2_PLACEMENT_3D('',#826,#827,#828);
#486=SURFACE_SIDE_STYLE('',(#829));
#487=EDGE_LOOP('',(#830,#831,#832,#833,#834,#835,#836,#837,#838,#839,#840,#841));
#488=AXIS2_PLACEMENT_3D('',#842,#843,#844);
#489=SURFACE_SIDE_STYLE('',(#845));
#490=EDGE_LOOP('',(#846,#847,#848,#849));
#491=AXIS2_PLACEMENT_3D('',#850,#851,#852);
#492=SURFACE_SIDE_STYLE('',(#853));
#493=EDGE_LOOP('',(#854,#855,#856,#857));
#494=AXIS2_PLACEMENT_3D('',#858,#859,#860);
#495=SURFACE_SIDE_STYLE('',(#861));
#496=EDGE_LOOP('',(#862,#863,#864,#865,#866,#867,#868,#869,#870,#871,#872,#873));
#497=AXIS2_PLACEMENT_3D('',#874,#875,#876);
#498=SURFACE_SIDE_STYLE('',(#877));
#499=EDGE_LOOP('',(#878,#879,#880,#881));
#500=AXIS2_PLACEMENT_3D('',#882,#883,#884);
#501=SURFACE_SIDE_STYLE('',(#885));
#502=EDGE_LOOP('',(#886,#887,#888,#889));
#503=AXIS2_PLACEMENT_3D('',#890,#891,#892);
#504=SURFACE_SIDE_STYLE('',(#893));
#505=EDGE_LOOP('',(#894,#895,#896,#897));
#506=AXIS2_PLACEMENT_3D('',#898,#899,#900);
#507=SURFACE_SIDE_STYLE('',(#901));
#508=EDGE_LOOP('',(#902,#903,#904,#905));
#509=AXIS2_PLACEMENT_3D('',#906,#907,#908);
#510=SURFACE_SIDE_STYLE('',(#909));
#511=EDGE_LOOP('',(#910,#911,#912,#913));
#512=AXIS2_PLACEMENT_3D('',#914,#915,#916);
#513=SURFACE_SIDE_STYLE('',(#917));
#514=EDGE_LOOP('',(#918,#919,#920,#921));
#515=AXIS2_PLACEMENT_3D('',#922,#923,#924);
#516=SURFACE_SIDE_STYLE('',(#925));
#517=EDGE_LOOP('',(#926,#927,#928,#929));
#518=AXIS2_PLACEMENT_3D('',#930,#931,#932);
#519=SURFACE_SIDE_STYLE('',(#933));
#520=EDGE_LOOP('',(#934,#935,#936,#937));
#521=AXIS2_PLACEMENT_3D('',#938,#939,#940);
#522=SURFACE_SIDE_STYLE('',(#941));
#523=EDGE_LOOP('',(#942,#943,#944,#945));
#524=AXIS2_PLACEMENT_3D('',#946,#947,#948);
#525=SURFACE_SIDE_STYLE('',(#949));
#526=EDGE_LOOP('',(#950,#951,#952,#953));
#527=AXIS2_PLACEMENT_3D('',#954,#955,#956);
#528=SURFACE_SIDE_STYLE('',(#957));
#529=EDGE_LOOP('',(#958,#959,#960,#961,#962,#963,#964,#965,#966,#967,#968,#969));
#530=AXIS2_PLACEMENT_3D('',#970,#971,#972);
#531=SURFACE_SIDE_STYLE('',(#973));
#532=EDGE_LOOP('',(#974,#975,#976,#977));
#533=AXIS2_PLACEMENT_3D('',#978,#979,#980);
#534=SURFACE_SIDE_STYLE('',(#981));
#535=EDGE_LOOP('',(#982,#983,#984,#985));
#536=AXIS2_PLACEMENT_3D('',#986,#987,#988);
#537=SURFACE_SIDE_STYLE('',(#989));
#538=EDGE_LOOP('',(#990,#991));
#539=AXIS2_PLACEMENT_3D('',#992,#993,#994);
#540=SURFACE_SIDE_STYLE('',(#995));
#541=EDGE_LOOP('',(#996,#997,#998,#999));
#542=AXIS2_PLACEMENT_3D('',#1000,#1001,#1002);
#543=SURFACE_SIDE_STYLE('',(#1003));
#544=EDGE_LOOP('',(#1004,#1005,#1006,#1007));
#545=AXIS2_PLACEMENT_3D('',#1008,#1009,#1010);
#546=SURFACE_SIDE_STYLE('',(#1011));
#547=EDGE_LOOP('',(#1012,#1013,#1014,#1015));
#548=AXIS2_PLACEMENT_3D('',#1016,#1017,#1018);
#549=SURFACE_SIDE_STYLE('',(#1019));
#550=EDGE_LOOP('',(#1020,#1021,#1022,#1023));
#551=AXIS2_PLACEMENT_3D('',#1024,#1025,#1026);
#552=SURFACE_SIDE_STYLE('',(#1027));
#553=EDGE_LOOP('',(#1028,#1029,#1030,#1031));
#554=AXIS2_PLACEMENT_3D('',#1032,#1033,#1034);
#555=SURFACE_SIDE_STYLE('',(#1035));
#556=EDGE_LOOP('',(#1036,#1037,#1038,#1039,#1040,#1041,#1042,#1043));
#557=AXIS2_PLACEMENT_3D('',#1044,#1045,#1046);
#558=SURFACE_SIDE_STYLE('',(#1047));
#559=EDGE_LOOP('',(#1048,#1049,#1050,#1051));
#560=AXIS2_PLACEMENT_3D('',#1052,#1053,#1054);
#561=SURFACE_SIDE_STYLE('',(#1055));
#562=EDGE_LOOP('',(#1056,#1057,#1058,#1059,#1060,#1061,#1062,#1063));
#563=AXIS2_PLACEMENT_3D('',#1064,#1065,#1066);
#564=SURFACE_SIDE_STYLE('',(#1067));
#565=EDGE_LOOP('',(#1068,#1069,#1070,#1071));
#566=AXIS2_PLACEMENT_3D('',#1072,#1073,#1074);
#567=SURFACE_SIDE_STYLE('',(#1075));
#568=EDGE_LOOP('',(#1076,#1077,#1078,#1079,#1080,#1081));
#569=AXIS2_PLACEMENT_3D('',#1082,#1083,#1084);
#570=SURFACE_SIDE_STYLE('',(#1085));
#571=EDGE_LOOP('',(#1086,#1087,#1088,#1089));
#572=AXIS2_PLACEMENT_3D('',#1090,#1091,#1092);
#573=SURFACE_SIDE_STYLE('',(#1093));
#574=EDGE_LOOP('',(#1094,#1095,#1096,#1097,#1098,#1099));
#575=AXIS2_PLACEMENT_3D('',#1100,#1101,#1102);
#576=SURFACE_SIDE_STYLE('',(#1103));
#577=EDGE_LOOP('',(#1104,#1105));
#578=EDGE_LOOP('',(#1106,#1107,#1108,#1109));
#579=AXIS2_PLACEMENT_3D('',#1110,#1111,#1112);
#581=SURFACE_STYLE_FILL_AREA(#1113);
#582=ORIENTED_EDGE('',*,*,#1114,.F.);
#583=ORIENTED_EDGE('',*,*,#1115,.F.);
#584=ORIENTED_EDGE('',*,*,#1116,.F.);
#585=ORIENTED_EDGE('',*,*,#1117,.T.);
#586=CARTESIAN_POINT('',(0.32,1.79874624,0.42));
#587=DIRECTION('',(-0.0,1.0,0.0));
#588=DIRECTION('',(6.12303176911189E-17,0.0,1.0));
#589=SURFACE_STYLE_FILL_AREA(#1118);
#590=ORIENTED_EDGE('',*,*,#1119,.F.);
#591=ORIENTED_EDGE('',*,*,#1120,.T.);
#592=ORIENTED_EDGE('',*,*,#1121,.T.);
#593=ORIENTED_EDGE('',*,*,#1122,.T.);
#594=CARTESIAN_POINT('',(0.74,0.54874624,0.3389));
#595=DIRECTION('',(0.0,-1.0,0.0));
#596=DIRECTION('',(6.12303176911189E-17,0.0,1.0));
#597=SURFACE_STYLE_FILL_AREA(#1123);
#598=ORIENTED_EDGE('',*,*,#1124,.F.);
#599=ORIENTED_EDGE('',*,*,#1125,.F.);
#600=ORIENTED_EDGE('',*,*,#1126,.F.);
#601=ORIENTED_EDGE('',*,*,#1127,.F.);
#602=ORIENTED_EDGE('',*,*,#1128,.T.);
#603=ORIENTED_EDGE('',*,*,#1129,.F.);
#604=ORIENTED_EDGE('',*,*,#1130,.F.);
#605=ORIENTED_EDGE('',*,*,#1131,.F.);
#606=ORIENTED_EDGE('',*,*,#1132,.F.);
#607=ORIENTED_EDGE('',*,*,#1133,.F.);
#608=ORIENTED_EDGE('',*,*,#1134,.T.);
#609=ORIENTED_EDGE('',*,*,#1120,.F.);
#610=CARTESIAN_POINT('',(0.74,0.414726021449365,0.641933098637907));
#611=DIRECTION('',(-1.0,0.0,6.12303176911189E-17));
#612=DIRECTION('',(6.12303176911189E-17,0.0,1.0));
#613=SURFACE_STYLE_FILL_AREA(#1135);
#614=ORIENTED_EDGE('',*,*,#1136,.T.);
#615=ORIENTED_EDGE('',*,*,#1137,.T.);
#616=ORIENTED_EDGE('',*,*,#1138,.F.);
#617=ORIENTED_EDGE('',*,*,#1125,.T.);
#618=CARTESIAN_POINT('',(0.74,0.68874624,0.410862667995002));
#619=DIRECTION('',(0.0,1.0,0.0));
#620=DIRECTION('',(-6.12303176911189E-17,0.0,-1.0));
#621=SURFACE_STYLE_FILL_AREA(#1139);
#622=ORIENTED_EDGE('',*,*,#1140,.T.);
#623=ORIENTED_EDGE('',*,*,#1141,.F.);
#624=ORIENTED_EDGE('',*,*,#1131,.T.);
#625=ORIENTED_EDGE('',*,*,#1142,.T.);
#626=CARTESIAN_POINT('',(0.74,0.00802804062350615,0.966732170027235));
#627=DIRECTION('',(-2.57091424013949E-18,-0.999118131772382,-0.0419876024996092));
#628=DIRECTION('',(6.11763206193801E-17,-0.0419876024996092,0.999118131772382));
#629=SURFACE_STYLE_FILL_AREA(#1143);
#630=ORIENTED_EDGE('',*,*,#1144,.T.);
#631=ORIENTED_EDGE('',*,*,#1145,.F.);
#632=ORIENTED_EDGE('',*,*,#1132,.T.);
#633=ORIENTED_EDGE('',*,*,#1141,.T.);
#634=CARTESIAN_POINT('',(0.74,0.0660119836750876,0.7778));
#635=DIRECTION('',(-1.0,0.0,6.12303176911189E-17));
#636=DIRECTION('',(6.12303176911189E-17,0.0,1.0));
#637=SURFACE_STYLE_FILL_AREA(#1146);
#638=ORIENTED_EDGE('',*,*,#1147,.T.);
#639=ORIENTED_EDGE('',*,*,#1148,.F.);
#640=ORIENTED_EDGE('',*,*,#1133,.T.);
#641=ORIENTED_EDGE('',*,*,#1145,.T.);
#642=CARTESIAN_POINT('',(0.74,0.282379111837544,0.7278));
#643=DIRECTION('',(-6.12303176911189E-17,-0.0,-1.0));
#644=DIRECTION('',(0.0,-1.0,0.0));
#645=SURFACE_STYLE_FILL_AREA(#1149);
#646=ORIENTED_EDGE('',*,*,#1150,.T.);
#647=ORIENTED_EDGE('',*,*,#1121,.F.);
#648=ORIENTED_EDGE('',*,*,#1134,.F.);
#649=ORIENTED_EDGE('',*,*,#1148,.T.);
#650=CARTESIAN_POINT('',(0.74,0.49874624,0.6778));
#651=DIRECTION('',(-1.0,0.0,6.12303176911189E-17));
#652=DIRECTION('',(6.12303176911189E-17,0.0,1.0));
#653=SURFACE_STYLE_FILL_AREA(#1151);
#654=ORIENTED_EDGE('',*,*,#1152,.T.);
#655=ORIENTED_EDGE('',*,*,#1153,.F.);
#656=ORIENTED_EDGE('',*,*,#1126,.T.);
#657=ORIENTED_EDGE('',*,*,#1138,.T.);
#658=CARTESIAN_POINT('',(0.74,0.63874624,0.821725335990004));
#659=DIRECTION('',(-1.0,0.0,6.12303176911189E-17));
#660=DIRECTION('',(6.12303176911189E-17,0.0,1.0));
#661=SURFACE_STYLE_FILL_AREA(#1154);
#662=ORIENTED_EDGE('',*,*,#1155,.T.);
#663=ORIENTED_EDGE('',*,*,#1156,.F.);
#664=ORIENTED_EDGE('',*,*,#1127,.T.);
#665=ORIENTED_EDGE('',*,*,#1153,.T.);
#666=CARTESIAN_POINT('',(0.74,0.418985981829553,0.87379054769894));
#667=DIRECTION('',(6.1227619879746E-17,0.00938712818160166,0.999955939941607));
#668=DIRECTION('',(-5.74776840766725E-19,0.999955939941607,-0.00938712818160166));
#669=SURFACE_STYLE_FILL_AREA(#1157);
#670=ORIENTED_EDGE('',*,*,#1158,.T.);
#671=ORIENTED_EDGE('',*,*,#1159,.F.);
#672=ORIENTED_EDGE('',*,*,#1128,.F.);
#673=ORIENTED_EDGE('',*,*,#1156,.T.);
#674=CARTESIAN_POINT('',(0.74,0.199225723659107,0.925855759407877));
#675=DIRECTION('',(-1.0,0.0,6.12303176911189E-17));
#676=DIRECTION('',(6.12303176911189E-17,0.0,1.0));
#677=SURFACE_STYLE_FILL_AREA(#1160);
#678=ORIENTED_EDGE('',*,*,#1161,.T.);
#679=ORIENTED_EDGE('',*,*,#1162,.F.);
#680=ORIENTED_EDGE('',*,*,#1129,.T.);
#681=ORIENTED_EDGE('',*,*,#1159,.T.);
#682=CARTESIAN_POINT('',(0.74,0.144366283127944,1.04691609368421));
#683=DIRECTION('',(2.43585984927882E-18,0.999208385932158,0.0397819240717761));
#684=DIRECTION('',(-6.11818469102561E-17,0.0397819240717761,-0.999208385932158));
#685=SURFACE_STYLE_FILL_AREA(#1163);
#686=ORIENTED_EDGE('',*,*,#1164,.T.);
#687=ORIENTED_EDGE('',*,*,#1142,.F.);
#688=ORIENTED_EDGE('',*,*,#1130,.T.);
#689=ORIENTED_EDGE('',*,*,#1162,.T.);
#690=CARTESIAN_POINT('',(0.74,0.0697336330269661,1.16386462217179));
#691=DIRECTION('',(6.09973178463658E-17,-0.0871557427476561,0.996194698091746));
#692=DIRECTION('',(5.33657381704442E-18,0.996194698091746,0.0871557427476562));
#693=SURFACE_STYLE_FILL_AREA(#1165);
#694=ORIENTED_EDGE('',*,*,#1166,.F.);
#695=ORIENTED_EDGE('',*,*,#1122,.F.);
#696=ORIENTED_EDGE('',*,*,#1150,.F.);
#697=ORIENTED_EDGE('',*,*,#1147,.F.);
#698=ORIENTED_EDGE('',*,*,#1144,.F.);
#699=ORIENTED_EDGE('',*,*,#1140,.F.);
#700=ORIENTED_EDGE('',*,*,#1164,.F.);
#701=ORIENTED_EDGE('',*,*,#1161,.F.);
#702=ORIENTED_EDGE('',*,*,#1158,.F.);
#703=ORIENTED_EDGE('',*,*,#1155,.F.);
#704=ORIENTED_EDGE('',*,*,#1152,.F.);
#705=ORIENTED_EDGE('',*,*,#1137,.F.);
#706=CARTESIAN_POINT('',(0.3,0.414726021449365,0.641933098637907));
#707=DIRECTION('',(-1.0,0.0,6.12303176911189E-17));
#708=DIRECTION('',(6.12303176911189E-17,0.0,1.0));
#709=SURFACE_STYLE_FILL_AREA(#1167);
#710=ORIENTED_EDGE('',*,*,#1124,.T.);
#711=ORIENTED_EDGE('',*,*,#1168,.F.);
#712=ORIENTED_EDGE('',*,*,#1169,.T.);
#713=ORIENTED_EDGE('',*,*,#1170,.T.);
#714=CARTESIAN_POINT('',(2.92,0.61874624,0.65));
#715=DIRECTION('',(6.12303176911189E-17,-2.37904933848248E-15,1.0));
#716=DIRECTION('',(1.45669946798128E-31,1.0,2.37904933848248E-15));
#717=SURFACE_STYLE_FILL_AREA(#1171);
#718=ORIENTED_EDGE('',*,*,#1166,.T.);
#719=ORIENTED_EDGE('',*,*,#1172,.T.);
#720=ORIENTED_EDGE('',*,*,#1173,.F.);
#721=ORIENTED_EDGE('',*,*,#1174,.F.);
#722=CARTESIAN_POINT('',(2.92,0.61874624,0.65));
#723=DIRECTION('',(6.12303176911189E-17,-2.37904933848248E-15,1.0));
#724=DIRECTION('',(1.45669946798128E-31,1.0,2.37904933848248E-15));
#725=SURFACE_STYLE_FILL_AREA(#1175);
#726=ORIENTED_EDGE('',*,*,#1176,.F.);
#727=ORIENTED_EDGE('',*,*,#1177,.F.);
#728=ORIENTED_EDGE('',*,*,#1178,.F.);
#729=ORIENTED_EDGE('',*,*,#1179,.F.);
#730=ORIENTED_EDGE('',*,*,#1180,.T.);
#731=ORIENTED_EDGE('',*,*,#1181,.F.);
#732=ORIENTED_EDGE('',*,*,#1182,.F.);
#733=ORIENTED_EDGE('',*,*,#1183,.F.);
#734=ORIENTED_EDGE('',*,*,#1184,.F.);
#735=ORIENTED_EDGE('',*,*,#1185,.F.);
#736=ORIENTED_EDGE('',*,*,#1186,.T.);
#737=ORIENTED_EDGE('',*,*,#1187,.F.);
#738=CARTESIAN_POINT('',(1.25,0.414726021449365,-0.641933098637907));
#739=DIRECTION('',(1.0,0.0,6.12303176911189E-17));
#740=DIRECTION('',(6.12303176911189E-17,0.0,-1.0));
#741=SURFACE_STYLE_FILL_AREA(#1188);
#742=ORIENTED_EDGE('',*,*,#1189,.F.);
#743=ORIENTED_EDGE('',*,*,#1190,.T.);
#744=ORIENTED_EDGE('',*,*,#1191,.F.);
#745=ORIENTED_EDGE('',*,*,#1177,.T.);
#746=CARTESIAN_POINT('',(1.25,0.68874624,-0.410862667995002));
#747=DIRECTION('',(0.0,1.0,0.0));
#748=DIRECTION('',(-6.12303176911189E-17,0.0,1.0));
#749=SURFACE_STYLE_FILL_AREA(#1192);
#750=ORIENTED_EDGE('',*,*,#1193,.T.);
#751=ORIENTED_EDGE('',*,*,#1194,.F.);
#752=ORIENTED_EDGE('',*,*,#1183,.T.);
#753=ORIENTED_EDGE('',*,*,#1195,.T.);
#754=CARTESIAN_POINT('',(1.25,0.00802804062350615,-0.966732170027235));
#755=DIRECTION('',(-2.57091424013949E-18,-0.999118131772382,0.0419876024996092));
#756=DIRECTION('',(6.11763206193801E-17,-0.0419876024996092,-0.999118131772382));
#757=SURFACE_STYLE_FILL_AREA(#1196);
#758=ORIENTED_EDGE('',*,*,#1197,.T.);
#759=ORIENTED_EDGE('',*,*,#1198,.F.);
#760=ORIENTED_EDGE('',*,*,#1184,.T.);
#761=ORIENTED_EDGE('',*,*,#1194,.T.);
#762=CARTESIAN_POINT('',(1.25,0.0660119836750876,-0.7778));
#763=DIRECTION('',(1.0,0.0,6.12303176911189E-17));
#764=DIRECTION('',(6.12303176911189E-17,0.0,-1.0));
#765=SURFACE_STYLE_FILL_AREA(#1199);
#766=ORIENTED_EDGE('',*,*,#1200,.T.);
#767=ORIENTED_EDGE('',*,*,#1201,.F.);
#768=ORIENTED_EDGE('',*,*,#1185,.T.);
#769=ORIENTED_EDGE('',*,*,#1198,.T.);
#770=CARTESIAN_POINT('',(1.25,0.282379111837544,-0.7278));
#771=DIRECTION('',(-6.12303176911189E-17,0.0,1.0));
#772=DIRECTION('',(0.0,-1.0,0.0));
#773=SURFACE_STYLE_FILL_AREA(#1202);
#774=ORIENTED_EDGE('',*,*,#1203,.T.);
#775=ORIENTED_EDGE('',*,*,#1204,.F.);
#776=ORIENTED_EDGE('',*,*,#1186,.F.);
#777=ORIENTED_EDGE('',*,*,#1201,.T.);
#778=CARTESIAN_POINT('',(1.25,0.49874624,-0.6778));
#779=DIRECTION('',(1.0,0.0,6.12303176911189E-17));
#780=DIRECTION('',(6.12303176911189E-17,0.0,-1.0));
#781=SURFACE_STYLE_FILL_AREA(#1205);
#782=ORIENTED_EDGE('',*,*,#1206,.T.);
#783=ORIENTED_EDGE('',*,*,#1187,.T.);
#784=ORIENTED_EDGE('',*,*,#1204,.T.);
#785=ORIENTED_EDGE('',*,*,#1207,.T.);
#786=CARTESIAN_POINT('',(1.25,0.54874624,-0.3389));
#787=DIRECTION('',(0.0,-1.0,0.0));
#788=DIRECTION('',(6.12303176911189E-17,0.0,-1.0));
#789=SURFACE_STYLE_FILL_AREA(#1208);
#790=ORIENTED_EDGE('',*,*,#1209,.T.);
#791=ORIENTED_EDGE('',*,*,#1210,.F.);
#792=ORIENTED_EDGE('',*,*,#1178,.T.);
#793=ORIENTED_EDGE('',*,*,#1191,.T.);
#794=CARTESIAN_POINT('',(1.25,0.63874624,-0.821725335990004));
#795=DIRECTION('',(1.0,0.0,6.12303176911189E-17));
#796=DIRECTION('',(6.12303176911189E-17,0.0,-1.0));
#797=SURFACE_STYLE_FILL_AREA(#1211);
#798=ORIENTED_EDGE('',*,*,#1212,.T.);
#799=ORIENTED_EDGE('',*,*,#1213,.F.);
#800=ORIENTED_EDGE('',*,*,#1179,.T.);
#801=ORIENTED_EDGE('',*,*,#1210,.T.);
#802=CARTESIAN_POINT('',(1.25,0.418985981829553,-0.87379054769894));
#803=DIRECTION('',(6.1227619879746E-17,0.00938712818160166,-0.999955939941607));
#804=DIRECTION('',(-5.74776840766725E-19,0.999955939941607,0.00938712818160166));
#805=SURFACE_STYLE_FILL_AREA(#1214);
#806=ORIENTED_EDGE('',*,*,#1215,.T.);
#807=ORIENTED_EDGE('',*,*,#1216,.F.);
#808=ORIENTED_EDGE('',*,*,#1180,.F.);
#809=ORIENTED_EDGE('',*,*,#1213,.T.);
#810=CARTESIAN_POINT('',(1.25,0.199225723659107,-0.925855759407876));
#811=DIRECTION('',(1.0,0.0,6.12303176911189E-17));
#812=DIRECTION('',(6.12303176911189E-17,0.0,-1.0));
#813=SURFACE_STYLE_FILL_AREA(#1217);
#814=ORIENTED_EDGE('',*,*,#1218,.T.);
#815=ORIENTED_EDGE('',*,*,#1219,.F.);
#816=ORIENTED_EDGE('',*,*,#1181,.T.);
#817=ORIENTED_EDGE('',*,*,#1216,.T.);
#818=CARTESIAN_POINT('',(1.25,0.144366283127944,-1.04691609368421));
#819=DIRECTION('',(2.43585984927882E-18,0.999208385932158,-0.0397819240717761));
#820=DIRECTION('',(-6.11818469102561E-17,0.0397819240717761,0.999208385932158));
#821=SURFACE_STYLE_FILL_AREA(#1220);
#822=ORIENTED_EDGE('',*,*,#1221,.T.);
#823=ORIENTED_EDGE('',*,*,#1195,.F.);
#824=ORIENTED_EDGE('',*,*,#1182,.T.);
#825=ORIENTED_EDGE('',*,*,#1219,.T.);
#826=CARTESIAN_POINT('',(1.25,0.0697336330269661,-1.16386462217179));
#827=DIRECTION('',(6.09973178463658E-17,-0.0871557427476561,-0.996194698091746));
#828=DIRECTION('',(5.33657381704442E-18,0.996194698091746,-0.0871557427476562));
#829=SURFACE_STYLE_FILL_AREA(#1222);
#830=ORIENTED_EDGE('',*,*,#1223,.F.);
#831=ORIENTED_EDGE('',*,*,#1207,.F.);
#832=ORIENTED_EDGE('',*,*,#1203,.F.);
#833=ORIENTED_EDGE('',*,*,#1200,.F.);
#834=ORIENTED_EDGE('',*,*,#1197,.F.);
#835=ORIENTED_EDGE('',*,*,#1193,.F.);
#836=ORIENTED_EDGE('',*,*,#1221,.F.);
#837=ORIENTED_EDGE('',*,*,#1218,.F.);
#838=ORIENTED_EDGE('',*,*,#1215,.F.);
#839=ORIENTED_EDGE('',*,*,#1212,.F.);
#840=ORIENTED_EDGE('',*,*,#1209,.F.);
#841=ORIENTED_EDGE('',*,*,#1190,.F.);
#842=CARTESIAN_POINT('',(1.69,0.414726021449365,-0.641933098637907));
#843=DIRECTION('',(1.0,0.0,6.12303176911189E-17));
#844=DIRECTION('',(6.12303176911189E-17,0.0,-1.0));
#845=SURFACE_STYLE_FILL_AREA(#1224);
#846=ORIENTED_EDGE('',*,*,#1223,.T.);
#847=ORIENTED_EDGE('',*,*,#1225,.F.);
#848=ORIENTED_EDGE('',*,*,#1226,.F.);
#849=ORIENTED_EDGE('',*,*,#1227,.T.);
#850=CARTESIAN_POINT('',(2.92,0.61874624,-0.65));
#851=DIRECTION('',(-6.12303176911189E-17,-2.37904933848248E-15,-1.0));
#852=DIRECTION('',(1.45669946798128E-31,-1.0,2.37904933848248E-15));
#853=SURFACE_STYLE_FILL_AREA(#1228);
#854=ORIENTED_EDGE('',*,*,#1229,.F.);
#855=ORIENTED_EDGE('',*,*,#1230,.T.);
#856=ORIENTED_EDGE('',*,*,#1231,.T.);
#857=ORIENTED_EDGE('',*,*,#1232,.T.);
#858=CARTESIAN_POINT('',(2.64,0.54874624,0.3389));
#859=DIRECTION('',(0.0,-1.0,0.0));
#860=DIRECTION('',(6.12303176911189E-17,0.0,1.0));
#861=SURFACE_STYLE_FILL_AREA(#1233);
#862=ORIENTED_EDGE('',*,*,#1234,.F.);
#863=ORIENTED_EDGE('',*,*,#1235,.F.);
#864=ORIENTED_EDGE('',*,*,#1236,.F.);
#865=ORIENTED_EDGE('',*,*,#1237,.F.);
#866=ORIENTED_EDGE('',*,*,#1238,.T.);
#867=ORIENTED_EDGE('',*,*,#1239,.F.);
#868=ORIENTED_EDGE('',*,*,#1240,.F.);
#869=ORIENTED_EDGE('',*,*,#1241,.F.);
#870=ORIENTED_EDGE('',*,*,#1242,.F.);
#871=ORIENTED_EDGE('',*,*,#1243,.F.);
#872=ORIENTED_EDGE('',*,*,#1244,.T.);
#873=ORIENTED_EDGE('',*,*,#1230,.F.);
#874=CARTESIAN_POINT('',(2.64,0.414726021449365,0.641933098637907));
#875=DIRECTION('',(-1.0,0.0,6.12303176911189E-17));
#876=DIRECTION('',(6.12303176911189E-17,0.0,1.0));
#877=SURFACE_STYLE_FILL_AREA(#1245);
#878=ORIENTED_EDGE('',*,*,#1246,.T.);
#879=ORIENTED_EDGE('',*,*,#1247,.T.);
#880=ORIENTED_EDGE('',*,*,#1248,.F.);
#881=ORIENTED_EDGE('',*,*,#1235,.T.);
#882=CARTESIAN_POINT('',(2.64,0.68874624,0.410862667995002));
#883=DIRECTION('',(0.0,1.0,0.0));
#884=DIRECTION('',(-6.12303176911189E-17,0.0,-1.0));
#885=SURFACE_STYLE_FILL_AREA(#1249);
#886=ORIENTED_EDGE('',*,*,#1250,.T.);
#887=ORIENTED_EDGE('',*,*,#1251,.F.);
#888=ORIENTED_EDGE('',*,*,#1241,.T.);
#889=ORIENTED_EDGE('',*,*,#1252,.T.);
#890=CARTESIAN_POINT('',(2.64,0.00802804062350615,0.966732170027235));
#891=DIRECTION('',(-2.57091424013949E-18,-0.999118131772382,-0.0419876024996092));
#892=DIRECTION('',(6.11763206193801E-17,-0.0419876024996092,0.999118131772382));
#893=SURFACE_STYLE_FILL_AREA(#1253);
#894=ORIENTED_EDGE('',*,*,#1254,.T.);
#895=ORIENTED_EDGE('',*,*,#1255,.F.);
#896=ORIENTED_EDGE('',*,*,#1242,.T.);
#897=ORIENTED_EDGE('',*,*,#1251,.T.);
#898=CARTESIAN_POINT('',(2.64,0.0660119836750876,0.7778));
#899=DIRECTION('',(-1.0,0.0,6.12303176911189E-17));
#900=DIRECTION('',(6.12303176911189E-17,0.0,1.0));
#901=SURFACE_STYLE_FILL_AREA(#1256);
#902=ORIENTED_EDGE('',*,*,#1257,.T.);
#903=ORIENTED_EDGE('',*,*,#1258,.F.);
#904=ORIENTED_EDGE('',*,*,#1243,.T.);
#905=ORIENTED_EDGE('',*,*,#1255,.T.);
#906=CARTESIAN_POINT('',(2.64,0.282379111837544,0.7278));
#907=DIRECTION('',(-6.12303176911189E-17,-0.0,-1.0));
#908=DIRECTION('',(0.0,-1.0,0.0));
#909=SURFACE_STYLE_FILL_AREA(#1259);
#910=ORIENTED_EDGE('',*,*,#1260,.T.);
#911=ORIENTED_EDGE('',*,*,#1231,.F.);
#912=ORIENTED_EDGE('',*,*,#1244,.F.);
#913=ORIENTED_EDGE('',*,*,#1258,.T.);
#914=CARTESIAN_POINT('',(2.64,0.49874624,0.6778));
#915=DIRECTION('',(-1.0,0.0,6.12303176911189E-17));
#916=DIRECTION('',(6.12303176911189E-17,0.0,1.0));
#917=SURFACE_STYLE_FILL_AREA(#1261);
#918=ORIENTED_EDGE('',*,*,#1262,.T.);
#919=ORIENTED_EDGE('',*,*,#1263,.F.);
#920=ORIENTED_EDGE('',*,*,#1236,.T.);
#921=ORIENTED_EDGE('',*,*,#1248,.T.);
#922=CARTESIAN_POINT('',(2.64,0.63874624,0.821725335990004));
#923=DIRECTION('',(-1.0,0.0,6.12303176911189E-17));
#924=DIRECTION('',(6.12303176911189E-17,0.0,1.0));
#925=SURFACE_STYLE_FILL_AREA(#1264);
#926=ORIENTED_EDGE('',*,*,#1265,.T.);
#927=ORIENTED_EDGE('',*,*,#1266,.F.);
#928=ORIENTED_EDGE('',*,*,#1237,.T.);
#929=ORIENTED_EDGE('',*,*,#1263,.T.);
#930=CARTESIAN_POINT('',(2.64,0.418985981829553,0.87379054769894));
#931=DIRECTION('',(6.1227619879746E-17,0.00938712818160166,0.999955939941607));
#932=DIRECTION('',(-5.74776840766725E-19,0.999955939941607,-0.00938712818160166));
#933=SURFACE_STYLE_FILL_AREA(#1267);
#934=ORIENTED_EDGE('',*,*,#1268,.T.);
#935=ORIENTED_EDGE('',*,*,#1269,.F.);
#936=ORIENTED_EDGE('',*,*,#1238,.F.);
#937=ORIENTED_EDGE('',*,*,#1266,.T.);
#938=CARTESIAN_POINT('',(2.64,0.199225723659107,0.925855759407876));
#939=DIRECTION('',(-1.0,0.0,6.12303176911189E-17));
#940=DIRECTION('',(6.12303176911189E-17,0.0,1.0));
#941=SURFACE_STYLE_FILL_AREA(#1270);
#942=ORIENTED_EDGE('',*,*,#1271,.T.);
#943=ORIENTED_EDGE('',*,*,#1272,.F.);
#944=ORIENTED_EDGE('',*,*,#1239,.T.);
#945=ORIENTED_EDGE('',*,*,#1269,.T.);
#946=CARTESIAN_POINT('',(2.64,0.144366283127944,1.04691609368421));
#947=DIRECTION('',(2.43585984927882E-18,0.999208385932158,0.0397819240717761));
#948=DIRECTION('',(-6.11818469102561E-17,0.0397819240717761,-0.999208385932158));
#949=SURFACE_STYLE_FILL_AREA(#1273);
#950=ORIENTED_EDGE('',*,*,#1274,.T.);
#951=ORIENTED_EDGE('',*,*,#1252,.F.);
#952=ORIENTED_EDGE('',*,*,#1240,.T.);
#953=ORIENTED_EDGE('',*,*,#1272,.T.);
#954=CARTESIAN_POINT('',(2.64,0.0697336330269661,1.16386462217179));
#955=DIRECTION('',(6.09973178463658E-17,-0.0871557427476561,0.996194698091746));
#956=DIRECTION('',(5.33657381704442E-18,0.996194698091746,0.0871557427476562));
#957=SURFACE_STYLE_FILL_AREA(#1275);
#958=ORIENTED_EDGE('',*,*,#1169,.F.);
#959=ORIENTED_EDGE('',*,*,#1232,.F.);
#960=ORIENTED_EDGE('',*,*,#1260,.F.);
#961=ORIENTED_EDGE('',*,*,#1257,.F.);
#962=ORIENTED_EDGE('',*,*,#1254,.F.);
#963=ORIENTED_EDGE('',*,*,#1250,.F.);
#964=ORIENTED_EDGE('',*,*,#1274,.F.);
#965=ORIENTED_EDGE('',*,*,#1271,.F.);
#966=ORIENTED_EDGE('',*,*,#1268,.F.);
#967=ORIENTED_EDGE('',*,*,#1265,.F.);
#968=ORIENTED_EDGE('',*,*,#1262,.F.);
#969=ORIENTED_EDGE('',*,*,#1247,.F.);
#970=CARTESIAN_POINT('',(2.2,0.414726021449365,0.641933098637907));
#971=DIRECTION('',(-1.0,0.0,6.12303176911189E-17));
#972=DIRECTION('',(6.12303176911189E-17,0.0,1.0));
#973=SURFACE_STYLE_FILL_AREA(#1276);
#974=ORIENTED_EDGE('',*,*,#1234,.T.);
#975=ORIENTED_EDGE('',*,*,#1277,.F.);
#976=ORIENTED_EDGE('',*,*,#1278,.T.);
#977=ORIENTED_EDGE('',*,*,#1279,.T.);
#978=CARTESIAN_POINT('',(2.92,0.61874624,0.65));
#979=DIRECTION('',(6.12303176911189E-17,-2.37904933848248E-15,1.0));
#980=DIRECTION('',(1.45669946798128E-31,1.0,2.37904933848248E-15));
#981=SURFACE_STYLE_FILL_AREA(#1280);
#982=ORIENTED_EDGE('',*,*,#1114,.T.);
#983=ORIENTED_EDGE('',*,*,#1281,.T.);
#984=ORIENTED_EDGE('',*,*,#1116,.T.);
#985=ORIENTED_EDGE('',*,*,#1282,.F.);
#986=CARTESIAN_POINT('',(0.32,1.79874624,0.42));
#987=DIRECTION('',(-0.0,1.0,0.0));
#988=DIRECTION('',(6.12303176911189E-17,0.0,1.0));
#989=SURFACE_STYLE_FILL_AREA(#1283);
#990=ORIENTED_EDGE('',*,*,#1281,.F.);
#991=ORIENTED_EDGE('',*,*,#1117,.F.);
#992=CARTESIAN_POINT('',(0.32,1.04874624,0.42));
#993=DIRECTION('',(0.0,-1.0,-0.0));
#994=DIRECTION('',(-6.12303176911189E-17,0.0,-1.0));
#995=SURFACE_STYLE_FILL_AREA(#1284);
#996=ORIENTED_EDGE('',*,*,#1285,.T.);
#997=ORIENTED_EDGE('',*,*,#1286,.T.);
#998=ORIENTED_EDGE('',*,*,#1287,.T.);
#999=ORIENTED_EDGE('',*,*,#1288,.T.);
#1000=CARTESIAN_POINT('',(2.86343341235135,0.351246239999999,-20.0));
#1001=DIRECTION('',(0.9613462892563,-0.275342172819825,0.0));
#1002=DIRECTION('',(0.275342172819825,0.9613462892563,0.0));
#1003=SURFACE_STYLE_FILL_AREA(#1289);
#1004=ORIENTED_EDGE('',*,*,#1290,.T.);
#1005=ORIENTED_EDGE('',*,*,#1291,.F.);
#1006=ORIENTED_EDGE('',*,*,#1292,.T.);
#1007=ORIENTED_EDGE('',*,*,#1293,.T.);
#1008=CARTESIAN_POINT('',(0.0565665876486432,0.35124624,-20.0));
#1009=DIRECTION('',(-0.9613462892563,-0.275342172819824,0.0));
#1010=DIRECTION('',(0.275342172819824,-0.9613462892563,0.0));
#1011=SURFACE_STYLE_FILL_AREA(#1294);
#1012=ORIENTED_EDGE('',*,*,#1173,.T.);
#1013=ORIENTED_EDGE('',*,*,#1295,.F.);
#1014=ORIENTED_EDGE('',*,*,#1296,.T.);
#1015=ORIENTED_EDGE('',*,*,#1291,.T.);
#1016=CARTESIAN_POINT('',(-8.88178419700125E-16,0.618746240000001,-20.0));
#1017=DIRECTION('',(-1.0,0.0,0.0));
#1018=DIRECTION('',(0.0,-1.0,0.0));
#1019=SURFACE_STYLE_FILL_AREA(#1297);
#1020=ORIENTED_EDGE('',*,*,#1298,.T.);
#1021=ORIENTED_EDGE('',*,*,#1299,.T.);
#1022=ORIENTED_EDGE('',*,*,#1300,.T.);
#1023=ORIENTED_EDGE('',*,*,#1295,.T.);
#1024=CARTESIAN_POINT('',(0.040443869187833,0.886246240000001,-20.0));
#1025=DIRECTION('',(-0.979669971321384,0.20061591983479,0.0));
#1026=DIRECTION('',(-0.20061591983479,-0.979669971321384,0.0));
#1027=SURFACE_STYLE_FILL_AREA(#1301);
#1028=ORIENTED_EDGE('',*,*,#1302,.T.);
#1029=ORIENTED_EDGE('',*,*,#1303,.T.);
#1030=ORIENTED_EDGE('',*,*,#1304,.T.);
#1031=ORIENTED_EDGE('',*,*,#1305,.T.);
#1032=CARTESIAN_POINT('',(2.87955613081216,0.886246239999999,-20.0));
#1033=DIRECTION('',(0.979669971321384,0.200615919834789,0.0));
#1034=DIRECTION('',(-0.200615919834789,0.979669971321384,0.0));
#1035=SURFACE_STYLE_FILL_AREA(#1306);
#1036=ORIENTED_EDGE('',*,*,#1285,.F.);
#1037=ORIENTED_EDGE('',*,*,#1277,.T.);
#1038=ORIENTED_EDGE('',*,*,#1229,.T.);
#1039=ORIENTED_EDGE('',*,*,#1168,.T.);
#1040=ORIENTED_EDGE('',*,*,#1119,.T.);
#1041=ORIENTED_EDGE('',*,*,#1174,.T.);
#1042=ORIENTED_EDGE('',*,*,#1290,.F.);
#1043=ORIENTED_EDGE('',*,*,#1307,.F.);
#1044=CARTESIAN_POINT('',(2.92,0.35124624,0.616885676790568));
#1045=DIRECTION('',(6.03873843898921E-17,-0.165359248416662,0.986233399841578));
#1046=DIRECTION('',(1.01249993137168E-17,0.986233399841578,0.165359248416662));
#1047=SURFACE_STYLE_FILL_AREA(#1308);
#1048=ORIENTED_EDGE('',*,*,#1288,.F.);
#1049=ORIENTED_EDGE('',*,*,#1226,.T.);
#1050=ORIENTED_EDGE('',*,*,#1303,.F.);
#1051=ORIENTED_EDGE('',*,*,#1278,.F.);
#1052=CARTESIAN_POINT('',(2.92,0.619361016337977,4.16333634234434E-17));
#1053=DIRECTION('',(-1.0,0.0,6.12303176911189E-17));
#1054=DIRECTION('',(6.12303176911189E-17,0.0,1.0));
#1055=SURFACE_STYLE_FILL_AREA(#1309);
#1056=ORIENTED_EDGE('',*,*,#1298,.F.);
#1057=ORIENTED_EDGE('',*,*,#1172,.F.);
#1058=ORIENTED_EDGE('',*,*,#1136,.F.);
#1059=ORIENTED_EDGE('',*,*,#1170,.F.);
#1060=ORIENTED_EDGE('',*,*,#1246,.F.);
#1061=ORIENTED_EDGE('',*,*,#1279,.F.);
#1062=ORIENTED_EDGE('',*,*,#1302,.F.);
#1063=ORIENTED_EDGE('',*,*,#1310,.T.);
#1064=CARTESIAN_POINT('',(2.92,0.88624624,0.618424304150215));
#1065=DIRECTION('',(6.04624639147082E-17,0.157872017347186,0.987459582027908));
#1066=DIRECTION('',(-9.66655377670602E-18,0.987459582027908,-0.157872017347186));
#1067=SURFACE_STYLE_FILL_AREA(#1311);
#1068=ORIENTED_EDGE('',*,*,#1286,.F.);
#1069=ORIENTED_EDGE('',*,*,#1307,.T.);
#1070=ORIENTED_EDGE('',*,*,#1293,.F.);
#1071=ORIENTED_EDGE('',*,*,#1312,.F.);
#1072=CARTESIAN_POINT('',(2.92,0.15374624,3.33066907387547E-16));
#1073=DIRECTION('',(1.74672775793404E-32,-1.0,2.85271712413048E-16));
#1074=DIRECTION('',(6.12303176911189E-17,2.85271712413048E-16,1.0));
#1075=SURFACE_STYLE_FILL_AREA(#1313);
#1076=ORIENTED_EDGE('',*,*,#1287,.F.);
#1077=ORIENTED_EDGE('',*,*,#1312,.T.);
#1078=ORIENTED_EDGE('',*,*,#1292,.F.);
#1079=ORIENTED_EDGE('',*,*,#1314,.F.);
#1080=ORIENTED_EDGE('',*,*,#1206,.F.);
#1081=ORIENTED_EDGE('',*,*,#1227,.F.);
#1082=CARTESIAN_POINT('',(2.92,0.35124624,-0.616885676790568));
#1083=DIRECTION('',(-6.0387384389892E-17,-0.165359248416664,-0.986233399841577));
#1084=DIRECTION('',(1.0124999313717E-17,-0.986233399841577,0.165359248416664));
#1085=SURFACE_STYLE_FILL_AREA(#1315);
#1086=ORIENTED_EDGE('',*,*,#1176,.T.);
#1087=ORIENTED_EDGE('',*,*,#1314,.T.);
#1088=ORIENTED_EDGE('',*,*,#1296,.F.);
#1089=ORIENTED_EDGE('',*,*,#1316,.F.);
#1090=CARTESIAN_POINT('',(2.92,0.61874624,-0.65));
#1091=DIRECTION('',(-6.12303176911189E-17,-2.37904933848248E-15,-1.0));
#1092=DIRECTION('',(1.45669946798128E-31,-1.0,2.37904933848248E-15));
#1093=SURFACE_STYLE_FILL_AREA(#1317);
#1094=ORIENTED_EDGE('',*,*,#1300,.F.);
#1095=ORIENTED_EDGE('',*,*,#1318,.F.);
#1096=ORIENTED_EDGE('',*,*,#1304,.F.);
#1097=ORIENTED_EDGE('',*,*,#1225,.T.);
#1098=ORIENTED_EDGE('',*,*,#1189,.T.);
#1099=ORIENTED_EDGE('',*,*,#1316,.T.);
#1100=CARTESIAN_POINT('',(2.92,0.88624624,-0.618424304150215));
#1101=DIRECTION('',(-6.04624639147082E-17,0.157872017347185,-0.987459582027908));
#1102=DIRECTION('',(-9.66655377670599E-18,-0.987459582027908,-0.157872017347185));
#1103=SURFACE_STYLE_FILL_AREA(#1319);
#1104=ORIENTED_EDGE('',*,*,#1115,.T.);
#1105=ORIENTED_EDGE('',*,*,#1282,.T.);
#1106=ORIENTED_EDGE('',*,*,#1299,.F.);
#1107=ORIENTED_EDGE('',*,*,#1310,.F.);
#1108=ORIENTED_EDGE('',*,*,#1305,.F.);
#1109=ORIENTED_EDGE('',*,*,#1318,.T.);
#1110=CARTESIAN_POINT('',(2.92,1.08374624,-2.22044604925031E-16));
#1111=DIRECTION('',(-2.3167579353274E-32,1.0,-3.78367779669946E-16));
#1112=DIRECTION('',(-6.12303176911189E-17,-3.78367779669946E-16,-1.0));
#1113=FILL_AREA_STYLE('',(#1320));
#1114=EDGE_CURVE('',#1321,#1322,#1323,.T.);
#1115=EDGE_CURVE('',#1324,#1321,#1325,.T.);
#1116=EDGE_CURVE('',#1326,#1324,#1327,.T.);
#1117=EDGE_CURVE('',#1326,#1322,#1328,.T.);
#1118=FILL_AREA_STYLE('',(#1329));
#1119=EDGE_CURVE('',#1330,#1331,#1332,.T.);
#1120=EDGE_CURVE('',#1330,#1333,#1334,.T.);
#1121=EDGE_CURVE('',#1333,#1335,#1336,.T.);
#1122=EDGE_CURVE('',#1335,#1331,#1337,.T.);
#1123=FILL_AREA_STYLE('',(#1338));
#1124=EDGE_CURVE('',#1339,#1330,#1340,.T.);
#1125=EDGE_CURVE('',#1341,#1339,#1342,.T.);
#1126=EDGE_CURVE('',#1343,#1341,#1344,.T.);
#1127=EDGE_CURVE('',#1345,#1343,#1346,.T.);
#1128=EDGE_CURVE('',#1345,#1347,#1348,.T.);
#1129=EDGE_CURVE('',#1349,#1347,#1350,.T.);
#1130=EDGE_CURVE('',#1351,#1349,#1352,.T.);
#1131=EDGE_CURVE('',#1353,#1351,#1354,.T.);
#1132=EDGE_CURVE('',#1355,#1353,#1356,.T.);
#1133=EDGE_CURVE('',#1357,#1355,#1358,.T.);
#1134=EDGE_CURVE('',#1357,#1333,#1359,.T.);
#1135=FILL_AREA_STYLE('',(#1360));
#1136=EDGE_CURVE('',#1339,#1361,#1362,.T.);
#1137=EDGE_CURVE('',#1361,#1363,#1364,.T.);
#1138=EDGE_CURVE('',#1341,#1363,#1365,.T.);
#1139=FILL_AREA_STYLE('',(#1366));
#1140=EDGE_CURVE('',#1367,#1368,#1369,.T.);
#1141=EDGE_CURVE('',#1353,#1368,#1370,.T.);
#1142=EDGE_CURVE('',#1351,#1367,#1371,.T.);
#1143=FILL_AREA_STYLE('',(#1372));
#1144=EDGE_CURVE('',#1368,#1373,#1374,.T.);
#1145=EDGE_CURVE('',#1355,#1373,#1375,.T.);
#1146=FILL_AREA_STYLE('',(#1376));
#1147=EDGE_CURVE('',#1373,#1377,#1378,.T.);
#1148=EDGE_CURVE('',#1357,#1377,#1379,.T.);
#1149=FILL_AREA_STYLE('',(#1380));
#1150=EDGE_CURVE('',#1377,#1335,#1381,.T.);
#1151=FILL_AREA_STYLE('',(#1382));
#1152=EDGE_CURVE('',#1363,#1383,#1384,.T.);
#1153=EDGE_CURVE('',#1343,#1383,#1385,.T.);
#1154=FILL_AREA_STYLE('',(#1386));
#1155=EDGE_CURVE('',#1383,#1387,#1388,.T.);
#1156=EDGE_CURVE('',#1345,#1387,#1389,.T.);
#1157=FILL_AREA_STYLE('',(#1390));
#1158=EDGE_CURVE('',#1387,#1391,#1392,.T.);
#1159=EDGE_CURVE('',#1347,#1391,#1393,.T.);
#1160=FILL_AREA_STYLE('',(#1394));
#1161=EDGE_CURVE('',#1391,#1395,#1396,.T.);
#1162=EDGE_CURVE('',#1349,#1395,#1397,.T.);
#1163=FILL_AREA_STYLE('',(#1398));
#1164=EDGE_CURVE('',#1395,#1367,#1399,.T.);
#1165=FILL_AREA_STYLE('',(#1400));
#1166=EDGE_CURVE('',#1331,#1361,#1401,.T.);
#1167=FILL_AREA_STYLE('',(#1402));
#1168=EDGE_CURVE('',#1403,#1330,#1404,.T.);
#1169=EDGE_CURVE('',#1403,#1405,#1406,.T.);
#1170=EDGE_CURVE('',#1405,#1339,#1407,.T.);
#1171=FILL_AREA_STYLE('',(#1408));
#1172=EDGE_CURVE('',#1361,#1409,#1410,.T.);
#1173=EDGE_CURVE('',#1411,#1409,#1412,.T.);
#1174=EDGE_CURVE('',#1331,#1411,#1413,.T.);
#1175=FILL_AREA_STYLE('',(#1414));
#1176=EDGE_CURVE('',#1415,#1416,#1417,.T.);
#1177=EDGE_CURVE('',#1418,#1415,#1419,.T.);
#1178=EDGE_CURVE('',#1420,#1418,#1421,.T.);
#1179=EDGE_CURVE('',#1422,#1420,#1423,.T.);
#1180=EDGE_CURVE('',#1422,#1424,#1425,.T.);
#1181=EDGE_CURVE('',#1426,#1424,#1427,.T.);
#1182=EDGE_CURVE('',#1428,#1426,#1429,.T.);
#1183=EDGE_CURVE('',#1430,#1428,#1431,.T.);
#1184=EDGE_CURVE('',#1432,#1430,#1433,.T.);
#1185=EDGE_CURVE('',#1434,#1432,#1435,.T.);
#1186=EDGE_CURVE('',#1434,#1436,#1437,.T.);
#1187=EDGE_CURVE('',#1416,#1436,#1438,.T.);
#1188=FILL_AREA_STYLE('',(#1439));
#1189=EDGE_CURVE('',#1440,#1415,#1441,.T.);
#1190=EDGE_CURVE('',#1440,#1442,#1443,.T.);
#1191=EDGE_CURVE('',#1418,#1442,#1444,.T.);
#1192=FILL_AREA_STYLE('',(#1445));
#1193=EDGE_CURVE('',#1446,#1447,#1448,.T.);
#1194=EDGE_CURVE('',#1430,#1447,#1449,.T.);
#1195=EDGE_CURVE('',#1428,#1446,#1450,.T.);
#1196=FILL_AREA_STYLE('',(#1451));
#1197=EDGE_CURVE('',#1447,#1452,#1453,.T.);
#1198=EDGE_CURVE('',#1432,#1452,#1454,.T.);
#1199=FILL_AREA_STYLE('',(#1455));
#1200=EDGE_CURVE('',#1452,#1456,#1457,.T.);
#1201=EDGE_CURVE('',#1434,#1456,#1458,.T.);
#1202=FILL_AREA_STYLE('',(#1459));
#1203=EDGE_CURVE('',#1456,#1460,#1461,.T.);
#1204=EDGE_CURVE('',#1436,#1460,#1462,.T.);
#1205=FILL_AREA_STYLE('',(#1463));
#1206=EDGE_CURVE('',#1464,#1416,#1465,.T.);
#1207=EDGE_CURVE('',#1460,#1464,#1466,.T.);
#1208=FILL_AREA_STYLE('',(#1467));
#1209=EDGE_CURVE('',#1442,#1468,#1469,.T.);
#1210=EDGE_CURVE('',#1420,#1468,#1470,.T.);
#1211=FILL_AREA_STYLE('',(#1471));
#1212=EDGE_CURVE('',#1468,#1472,#1473,.T.);
#1213=EDGE_CURVE('',#1422,#1472,#1474,.T.);
#1214=FILL_AREA_STYLE('',(#1475));
#1215=EDGE_CURVE('',#1472,#1476,#1477,.T.);
#1216=EDGE_CURVE('',#1424,#1476,#1478,.T.);
#1217=FILL_AREA_STYLE('',(#1479));
#1218=EDGE_CURVE('',#1476,#1480,#1481,.T.);
#1219=EDGE_CURVE('',#1426,#1480,#1482,.T.);
#1220=FILL_AREA_STYLE('',(#1483));
#1221=EDGE_CURVE('',#1480,#1446,#1484,.T.);
#1222=FILL_AREA_STYLE('',(#1485));
#1223=EDGE_CURVE('',#1464,#1440,#1486,.T.);
#1224=FILL_AREA_STYLE('',(#1487));
#1225=EDGE_CURVE('',#1488,#1440,#1489,.T.);
#1226=EDGE_CURVE('',#1490,#1488,#1491,.T.);
#1227=EDGE_CURVE('',#1490,#1464,#1492,.T.);
#1228=FILL_AREA_STYLE('',(#1493));
#1229=EDGE_CURVE('',#1494,#1403,#1495,.T.);
#1230=EDGE_CURVE('',#1494,#1496,#1497,.T.);
#1231=EDGE_CURVE('',#1496,#1498,#1499,.T.);
#1232=EDGE_CURVE('',#1498,#1403,#1500,.T.);
#1233=FILL_AREA_STYLE('',(#1501));
#1234=EDGE_CURVE('',#1502,#1494,#1503,.T.);
#1235=EDGE_CURVE('',#1504,#1502,#1505,.T.);
#1236=EDGE_CURVE('',#1506,#1504,#1507,.T.);
#1237=EDGE_CURVE('',#1508,#1506,#1509,.T.);
#1238=EDGE_CURVE('',#1508,#1510,#1511,.T.);
#1239=EDGE_CURVE('',#1512,#1510,#1513,.T.);
#1240=EDGE_CURVE('',#1514,#1512,#1515,.T.);
#1241=EDGE_CURVE('',#1516,#1514,#1517,.T.);
#1242=EDGE_CURVE('',#1518,#1516,#1519,.T.);
#1243=EDGE_CURVE('',#1520,#1518,#1521,.T.);
#1244=EDGE_CURVE('',#1520,#1496,#1522,.T.);
#1245=FILL_AREA_STYLE('',(#1523));
#1246=EDGE_CURVE('',#1502,#1405,#1524,.T.);
#1247=EDGE_CURVE('',#1405,#1525,#1526,.T.);
#1248=EDGE_CURVE('',#1504,#1525,#1527,.T.);
#1249=FILL_AREA_STYLE('',(#1528));
#1250=EDGE_CURVE('',#1529,#1530,#1531,.T.);
#1251=EDGE_CURVE('',#1516,#1530,#1532,.T.);
#1252=EDGE_CURVE('',#1514,#1529,#1533,.T.);
#1253=FILL_AREA_STYLE('',(#1534));
#1254=EDGE_CURVE('',#1530,#1535,#1536,.T.);
#1255=EDGE_CURVE('',#1518,#1535,#1537,.T.);
#1256=FILL_AREA_STYLE('',(#1538));
#1257=EDGE_CURVE('',#1535,#1539,#1540,.T.);
#1258=EDGE_CURVE('',#1520,#1539,#1541,.T.);
#1259=FILL_AREA_STYLE('',(#1542));
#1260=EDGE_CURVE('',#1539,#1498,#1543,.T.);
#1261=FILL_AREA_STYLE('',(#1544));
#1262=EDGE_CURVE('',#1525,#1545,#1546,.T.);
#1263=EDGE_CURVE('',#1506,#1545,#1547,.T.);
#1264=FILL_AREA_STYLE('',(#1548));
#1265=EDGE_CURVE('',#1545,#1549,#1550,.T.);
#1266=EDGE_CURVE('',#1508,#1549,#1551,.T.);
#1267=FILL_AREA_STYLE('',(#1552));
#1268=EDGE_CURVE('',#1549,#1553,#1554,.T.);
#1269=EDGE_CURVE('',#1510,#1553,#1555,.T.);
#1270=FILL_AREA_STYLE('',(#1556));
#1271=EDGE_CURVE('',#1553,#1557,#1558,.T.);
#1272=EDGE_CURVE('',#1512,#1557,#1559,.T.);
#1273=FILL_AREA_STYLE('',(#1560));
#1274=EDGE_CURVE('',#1557,#1529,#1561,.T.);
#1275=FILL_AREA_STYLE('',(#1562));
#1276=FILL_AREA_STYLE('',(#1563));
#1277=EDGE_CURVE('',#1564,#1494,#1565,.T.);
#1278=EDGE_CURVE('',#1564,#1566,#1567,.T.);
#1279=EDGE_CURVE('',#1566,#1502,#1568,.T.);
#1280=FILL_AREA_STYLE('',(#1569));
#1281=EDGE_CURVE('',#1322,#1326,#1570,.T.);
#1282=EDGE_CURVE('',#1321,#1324,#1571,.T.);
#1283=FILL_AREA_STYLE('',(#1572));
#1284=FILL_AREA_STYLE('',(#1573));
#1285=EDGE_CURVE('',#1564,#1574,#1575,.T.);
#1286=EDGE_CURVE('',#1574,#1576,#1577,.T.);
#1287=EDGE_CURVE('',#1576,#1490,#1578,.T.);
#1288=EDGE_CURVE('',#1490,#1564,#1579,.T.);
#1289=FILL_AREA_STYLE('',(#1580));
#1290=EDGE_CURVE('',#1581,#1411,#1582,.T.);
#1291=EDGE_CURVE('',#1583,#1411,#1584,.T.);
#1292=EDGE_CURVE('',#1583,#1585,#1586,.T.);
#1293=EDGE_CURVE('',#1585,#1581,#1587,.T.);
#1294=FILL_AREA_STYLE('',(#1588));
#1295=EDGE_CURVE('',#1589,#1409,#1590,.T.);
#1296=EDGE_CURVE('',#1589,#1583,#1591,.T.);
#1297=FILL_AREA_STYLE('',(#1592));
#1298=EDGE_CURVE('',#1409,#1593,#1594,.T.);
#1299=EDGE_CURVE('',#1593,#1595,#1596,.T.);
#1300=EDGE_CURVE('',#1595,#1589,#1597,.T.);
#1301=FILL_AREA_STYLE('',(#1598));
#1302=EDGE_CURVE('',#1599,#1566,#1600,.T.);
#1303=EDGE_CURVE('',#1566,#1488,#1601,.T.);
#1304=EDGE_CURVE('',#1488,#1602,#1603,.T.);
#1305=EDGE_CURVE('',#1602,#1599,#1604,.T.);
#1306=FILL_AREA_STYLE('',(#1605));
#1307=EDGE_CURVE('',#1574,#1581,#1606,.T.);
#1308=FILL_AREA_STYLE('',(#1607));
#1309=FILL_AREA_STYLE('',(#1608));
#1310=EDGE_CURVE('',#1599,#1593,#1609,.T.);
#1311=FILL_AREA_STYLE('',(#1610));
#1312=EDGE_CURVE('',#1576,#1585,#1611,.T.);
#1313=FILL_AREA_STYLE('',(#1612));
#1314=EDGE_CURVE('',#1416,#1583,#1613,.T.);
#1315=FILL_AREA_STYLE('',(#1614));
#1316=EDGE_CURVE('',#1415,#1589,#1615,.T.);
#1317=FILL_AREA_STYLE('',(#1616));
#1318=EDGE_CURVE('',#1602,#1595,#1617,.T.);
#1319=FILL_AREA_STYLE('',(#1618));
#1320=FILL_AREA_STYLE_COLOUR('',#1619);
#1321=VERTEX_POINT('',#1620);
#1322=VERTEX_POINT('',#1621);
#1323=LINE('',#1622,#1623);
#1324=VERTEX_POINT('',#1624);
#1325=CIRCLE('',#1625,0.1);
#1326=VERTEX_POINT('',#1626);
#1327=LINE('',#1627,#1628);
#1328=CIRCLE('',#1629,0.1);
#1329=FILL_AREA_STYLE_COLOUR('',#1630);
#1330=VERTEX_POINT('',#1631);
#1331=VERTEX_POINT('',#1632);
#1332=LINE('',#1633,#1634);
#1333=VERTEX_POINT('',#1635);
#1334=LINE('',#1636,#1637);
#1335=VERTEX_POINT('',#1638);
#1336=LINE('',#1639,#1640);
#1337=LINE('',#1641,#1642);
#1338=FILL_AREA_STYLE_COLOUR('',#1643);
#1339=VERTEX_POINT('',#1644);
#1340=LINE('',#1645,#1646);
#1341=VERTEX_POINT('',#1647);
#1342=LINE('',#1648,#1649);
#1343=VERTEX_POINT('',#1650);
#1344=CIRCLE('',#1651,0.05);
#1345=VERTEX_POINT('',#1652);
#1346=LINE('',#1653,#1654);
#1347=VERTEX_POINT('',#1655);
#1348=CIRCLE('',#1656,0.05);
#1349=VERTEX_POINT('',#1657);
#1350=LINE('',#1658,#1659);
#1351=VERTEX_POINT('',#1660);
#1352=LINE('',#1661,#1662);
#1353=VERTEX_POINT('',#1663);
#1354=LINE('',#1664,#1665);
#1355=VERTEX_POINT('',#1666);
#1356=CIRCLE('',#1667,0.05);
#1357=VERTEX_POINT('',#1668);
#1358=LINE('',#1669,#1670);
#1359=CIRCLE('',#1671,0.05);
#1360=FILL_AREA_STYLE_COLOUR('',#1672);
#1361=VERTEX_POINT('',#1673);
#1362=LINE('',#1674,#1675);
#1363=VERTEX_POINT('',#1676);
#1364=LINE('',#1677,#1678);
#1365=LINE('',#1679,#1680);
#1366=FILL_AREA_STYLE_COLOUR('',#1681);
#1367=VERTEX_POINT('',#1682);
#1368=VERTEX_POINT('',#1683);
#1369=LINE('',#1684,#1685);
#1370=LINE('',#1686,#1687);
#1371=LINE('',#1688,#1689);
#1372=FILL_AREA_STYLE_COLOUR('',#1690);
#1373=VERTEX_POINT('',#1691);
#1374=CIRCLE('',#1692,0.05);
#1375=LINE('',#1693,#1694);
#1376=FILL_AREA_STYLE_COLOUR('',#1695);
#1377=VERTEX_POINT('',#1696);
#1378=LINE('',#1697,#1698);
#1379=LINE('',#1699,#1700);
#1380=FILL_AREA_STYLE_COLOUR('',#1701);
#1381=CIRCLE('',#1702,0.05);
#1382=FILL_AREA_STYLE_COLOUR('',#1703);
#1383=VERTEX_POINT('',#1704);
#1384=CIRCLE('',#1705,0.05);
#1385=LINE('',#1706,#1707);
#1386=FILL_AREA_STYLE_COLOUR('',#1708);
#1387=VERTEX_POINT('',#1709);
#1388=LINE('',#1710,#1711);
#1389=LINE('',#1712,#1713);
#1390=FILL_AREA_STYLE_COLOUR('',#1714);
#1391=VERTEX_POINT('',#1715);
#1392=CIRCLE('',#1716,0.05);
#1393=LINE('',#1717,#1718);
#1394=FILL_AREA_STYLE_COLOUR('',#1719);
#1395=VERTEX_POINT('',#1720);
#1396=LINE('',#1721,#1722);
#1397=LINE('',#1723,#1724);
#1398=FILL_AREA_STYLE_COLOUR('',#1725);
#1399=LINE('',#1726,#1727);
#1400=FILL_AREA_STYLE_COLOUR('',#1728);
#1401=LINE('',#1729,#1730);
#1402=FILL_AREA_STYLE_COLOUR('',#1731);
#1403=VERTEX_POINT('',#1732);
#1404=LINE('',#1733,#1734);
#1405=VERTEX_POINT('',#1735);
#1406=LINE('',#1736,#1737);
#1407=LINE('',#1738,#1739);
#1408=FILL_AREA_STYLE_COLOUR('',#1740);
#1409=VERTEX_POINT('',#1741);
#1410=LINE('',#1742,#1743);
#1411=VERTEX_POINT('',#1744);
#1412=LINE('',#1745,#1746);
#1413=LINE('',#1747,#1748);
#1414=FILL_AREA_STYLE_COLOUR('',#1749);
#1415=VERTEX_POINT('',#1750);
#1416=VERTEX_POINT('',#1751);
#1417=LINE('',#1752,#1753);
#1418=VERTEX_POINT('',#1754);
#1419=LINE('',#1755,#1756);
#1420=VERTEX_POINT('',#1757);
#1421=CIRCLE('',#1758,0.05);
#1422=VERTEX_POINT('',#1759);
#1423=LINE('',#1760,#1761);
#1424=VERTEX_POINT('',#1762);
#1425=CIRCLE('',#1763,0.05);
#1426=VERTEX_POINT('',#1764);
#1427=LINE('',#1765,#1766);
#1428=VERTEX_POINT('',#1767);
#1429=LINE('',#1768,#1769);
#1430=VERTEX_POINT('',#1770);
#1431=LINE('',#1771,#1772);
#1432=VERTEX_POINT('',#1773);
#1433=CIRCLE('',#1774,0.05);
#1434=VERTEX_POINT('',#1775);
#1435=LINE('',#1776,#1777);
#1436=VERTEX_POINT('',#1778);
#1437=CIRCLE('',#1779,0.05);
#1438=LINE('',#1780,#1781);
#1439=FILL_AREA_STYLE_COLOUR('',#1782);
#1440=VERTEX_POINT('',#1783);
#1441=LINE('',#1784,#1785);
#1442=VERTEX_POINT('',#1786);
#1443=LINE('',#1787,#1788);
#1444=LINE('',#1789,#1790);
#1445=FILL_AREA_STYLE_COLOUR('',#1791);
#1446=VERTEX_POINT('',#1792);
#1447=VERTEX_POINT('',#1793);
#1448=LINE('',#1794,#1795);
#1449=LINE('',#1796,#1797);
#1450=LINE('',#1798,#1799);
#1451=FILL_AREA_STYLE_COLOUR('',#1800);
#1452=VERTEX_POINT('',#1801);
#1453=CIRCLE('',#1802,0.05);
#1454=LINE('',#1803,#1804);
#1455=FILL_AREA_STYLE_COLOUR('',#1805);
#1456=VERTEX_POINT('',#1806);
#1457=LINE('',#1807,#1808);
#1458=LINE('',#1809,#1810);
#1459=FILL_AREA_STYLE_COLOUR('',#1811);
#1460=VERTEX_POINT('',#1812);
#1461=CIRCLE('',#1813,0.05);
#1462=LINE('',#1814,#1815);
#1463=FILL_AREA_STYLE_COLOUR('',#1816);
#1464=VERTEX_POINT('',#1817);
#1465=LINE('',#1818,#1819);
#1466=LINE('',#1820,#1821);
#1467=FILL_AREA_STYLE_COLOUR('',#1822);
#1468=VERTEX_POINT('',#1823);
#1469=CIRCLE('',#1824,0.05);
#1470=LINE('',#1825,#1826);
#1471=FILL_AREA_STYLE_COLOUR('',#1827);
#1472=VERTEX_POINT('',#1828);
#1473=LINE('',#1829,#1830);
#1474=LINE('',#1831,#1832);
#1475=FILL_AREA_STYLE_COLOUR('',#1833);
#1476=VERTEX_POINT('',#1834);
#1477=CIRCLE('',#1835,0.05);
#1478=LINE('',#1836,#1837);
#1479=FILL_AREA_STYLE_COLOUR('',#1838);
#1480=VERTEX_POINT('',#1839);
#1481=LINE('',#1840,#1841);
#1482=LINE('',#1842,#1843);
#1483=FILL_AREA_STYLE_COLOUR('',#1844);
#1484=LINE('',#1845,#1846);
#1485=FILL_AREA_STYLE_COLOUR('',#1847);
#1486=LINE('',#1848,#1849);
#1487=FILL_AREA_STYLE_COLOUR('',#1850);
#1488=VERTEX_POINT('',#1851);
#1489=LINE('',#1852,#1853);
#1490=VERTEX_POINT('',#1854);
#1491=LINE('',#1855,#1856);
#1492=LINE('',#1857,#1858);
#1493=FILL_AREA_STYLE_COLOUR('',#1859);
#1494=VERTEX_POINT('',#1860);
#1495=LINE('',#1861,#1862);
#1496=VERTEX_POINT('',#1863);
#1497=LINE('',#1864,#1865);
#1498=VERTEX_POINT('',#1866);
#1499=LINE('',#1867,#1868);
#1500=LINE('',#1869,#1870);
#1501=FILL_AREA_STYLE_COLOUR('',#1871);
#1502=VERTEX_POINT('',#1872);
#1503=LINE('',#1873,#1874);
#1504=VERTEX_POINT('',#1875);
#1505=LINE('',#1876,#1877);
#1506=VERTEX_POINT('',#1878);
#1507=CIRCLE('',#1879,0.05);
#1508=VERTEX_POINT('',#1880);
#1509=LINE('',#1881,#1882);
#1510=VERTEX_POINT('',#1883);
#1511=CIRCLE('',#1884,0.05);
#1512=VERTEX_POINT('',#1885);
#1513=LINE('',#1886,#1887);
#1514=VERTEX_POINT('',#1888);
#1515=LINE('',#1889,#1890);
#1516=VERTEX_POINT('',#1891);
#1517=LINE('',#1892,#1893);
#1518=VERTEX_POINT('',#1894);
#1519=CIRCLE('',#1895,0.05);
#1520=VERTEX_POINT('',#1896);
#1521=LINE('',#1897,#1898);
#1522=CIRCLE('',#1899,0.05);
#1523=FILL_AREA_STYLE_COLOUR('',#1900);
#1524=LINE('',#1901,#1902);
#1525=VERTEX_POINT('',#1903);
#1526=LINE('',#1904,#1905);
#1527=LINE('',#1906,#1907);
#1528=FILL_AREA_STYLE_COLOUR('',#1908);
#1529=VERTEX_POINT('',#1909);
#1530=VERTEX_POINT('',#1910);
#1531=LINE('',#1911,#1912);
#1532=LINE('',#1913,#1914);
#1533=LINE('',#1915,#1916);
#1534=FILL_AREA_STYLE_COLOUR('',#1917);
#1535=VERTEX_POINT('',#1918);
#1536=CIRCLE('',#1919,0.05);
#1537=LINE('',#1920,#1921);
#1538=FILL_AREA_STYLE_COLOUR('',#1922);
#1539=VERTEX_POINT('',#1923);
#1540=LINE('',#1924,#1925);
#1541=LINE('',#1926,#1927);
#1542=FILL_AREA_STYLE_COLOUR('',#1928);
#1543=CIRCLE('',#1929,0.05);
#1544=FILL_AREA_STYLE_COLOUR('',#1930);
#1545=VERTEX_POINT('',#1931);
#1546=CIRCLE('',#1932,0.05);
#1547=LINE('',#1933,#1934);
#1548=FILL_AREA_STYLE_COLOUR('',#1935);
#1549=VERTEX_POINT('',#1936);
#1550=LINE('',#1937,#1938);
#1551=LINE('',#1939,#1940);
#1552=FILL_AREA_STYLE_COLOUR('',#1941);
#1553=VERTEX_POINT('',#1942);
#1554=CIRCLE('',#1943,0.05);
#1555=LINE('',#1944,#1945);
#1556=FILL_AREA_STYLE_COLOUR('',#1946);
#1557=VERTEX_POINT('',#1947);
#1558=LINE('',#1948,#1949);
#1559=LINE('',#1950,#1951);
#1560=FILL_AREA_STYLE_COLOUR('',#1952);
#1561=LINE('',#1953,#1954);
#1562=FILL_AREA_STYLE_COLOUR('',#1955);
#1563=FILL_AREA_STYLE_COLOUR('',#1956);
#1564=VERTEX_POINT('',#1957);
#1565=LINE('',#1958,#1959);
#1566=VERTEX_POINT('',#1960);
#1567=LINE('',#1961,#1962);
#1568=LINE('',#1963,#1964);
#1569=FILL_AREA_STYLE_COLOUR('',#1965);
#1570=CIRCLE('',#1966,0.1);
#1571=CIRCLE('',#1967,0.1);
#1572=FILL_AREA_STYLE_COLOUR('',#1968);
#1573=FILL_AREA_STYLE_COLOUR('',#1969);
#1574=VERTEX_POINT('',#1970);
#1575=LINE('',#1971,#1972);
#1576=VERTEX_POINT('',#1973);
#1577=LINE('',#1974,#1975);
#1578=LINE('',#1976,#1977);
#1579=LINE('',#1978,#1979);
#1580=FILL_AREA_STYLE_COLOUR('',#1980);
#1581=VERTEX_POINT('',#1981);
#1582=LINE('',#1982,#1983);
#1583=VERTEX_POINT('',#1984);
#1584=LINE('',#1985,#1986);
#1585=VERTEX_POINT('',#1987);
#1586=LINE('',#1988,#1989);
#1587=LINE('',#1990,#1991);
#1588=FILL_AREA_STYLE_COLOUR('',#1992);
#1589=VERTEX_POINT('',#1993);
#1590=LINE('',#1994,#1995);
#1591=LINE('',#1996,#1997);
#1592=FILL_AREA_STYLE_COLOUR('',#1998);
#1593=VERTEX_POINT('',#1999);
#1594=LINE('',#2000,#2001);
#1595=VERTEX_POINT('',#2002);
#1596=LINE('',#2003,#2004);
#1597=LINE('',#2005,#2006);
#1598=FILL_AREA_STYLE_COLOUR('',#2007);
#1599=VERTEX_POINT('',#2008);
#1600=LINE('',#2009,#2010);
#1601=LINE('',#2011,#2012);
#1602=VERTEX_POINT('',#2013);
#1603=LINE('',#2014,#2015);
#1604=LINE('',#2016,#2017);
#1605=FILL_AREA_STYLE_COLOUR('',#2018);
#1606=LINE('',#2019,#2020);
#1607=FILL_AREA_STYLE_COLOUR('',#2021);
#1608=FILL_AREA_STYLE_COLOUR('',#2022);
#1609=LINE('',#2023,#2024);
#1610=FILL_AREA_STYLE_COLOUR('',#2025);
#1611=LINE('',#2026,#2027);
#1612=FILL_AREA_STYLE_COLOUR('',#2028);
#1613=LINE('',#2029,#2030);
#1614=FILL_AREA_STYLE_COLOUR('',#2031);
#1615=LINE('',#2032,#2033);
#1616=FILL_AREA_STYLE_COLOUR('',#2034);
#1617=LINE('',#2035,#2036);
#1618=FILL_AREA_STYLE_COLOUR('',#2037);
#1619=COLOUR_RGB('',0.0,0.0,0.0);
#1620=CARTESIAN_POINT('',(0.32,1.08374624,0.52));
#1621=CARTESIAN_POINT('',(0.32,1.04874624,0.52));
#1622=CARTESIAN_POINT('',(0.32,1.06624624,0.52));
#1623=VECTOR('',#2038,1.0);
#1624=CARTESIAN_POINT('',(0.32,1.08374624,0.32));
#1625=AXIS2_PLACEMENT_3D('',#2039,#2040,#2041);
#1626=CARTESIAN_POINT('',(0.32,1.04874624,0.32));
#1627=CARTESIAN_POINT('',(0.32,1.06624624,0.32));
#1628=VECTOR('',#2042,1.0);
#1629=AXIS2_PLACEMENT_3D('',#2043,#2044,#2045);
#1630=COLOUR_RGB('',0.752941191196442,0.752941191196442,0.752941191196442);
#1631=CARTESIAN_POINT('',(0.74,0.54874624,0.65));
#1632=CARTESIAN_POINT('',(0.3,0.54874624,0.65));
#1633=CARTESIAN_POINT('',(2.92,0.54874624,0.65));
#1634=VECTOR('',#2046,1.0);
#1635=CARTESIAN_POINT('',(0.74,0.54874624,0.6778));
#1636=CARTESIAN_POINT('',(0.74,0.54874624,1.33482092566639E-16));
#1637=VECTOR('',#2047,1.0);
#1638=CARTESIAN_POINT('',(0.3,0.54874624,0.6778));
#1639=CARTESIAN_POINT('',(0.74,0.54874624,0.6778));
#1640=VECTOR('',#2048,1.0);
#1641=CARTESIAN_POINT('',(0.3,0.54874624,1.60423432350731E-16));
#1642=VECTOR('',#2049,1.0);
#1643=COLOUR_RGB('',0.752941191196442,0.752941191196442,0.752941191196442);
#1644=CARTESIAN_POINT('',(0.74,0.68874624,0.65));
#1645=CARTESIAN_POINT('',(0.74,0.516736130724683,0.65));
#1646=VECTOR('',#2050,1.0);
#1647=CARTESIAN_POINT('',(0.74,0.68874624,0.821725335990004));
#1648=CARTESIAN_POINT('',(0.74,0.68874624,0.821725335990004));
#1649=VECTOR('',#2051,1.0);
#1650=CARTESIAN_POINT('',(0.74,0.63921559640908,0.871723132987085));
#1651=AXIS2_PLACEMENT_3D('',#2052,#2053,#2054);
#1652=CARTESIAN_POINT('',(0.74,0.198756367250027,0.875857962410796));
#1653=CARTESIAN_POINT('',(0.74,0.198756367250027,0.875857962410796));
#1654=VECTOR('',#2055,1.0);
#1655=CARTESIAN_POINT('',(0.74,0.149265304362499,0.923866663204288));
#1656=AXIS2_PLACEMENT_3D('',#2056,#2057,#2058);
#1657=CARTESIAN_POINT('',(0.74,0.139467261893388,1.16996552416412));
#1658=CARTESIAN_POINT('',(0.74,0.139467261893388,1.16996552416412));
#1659=VECTOR('',#2059,1.0);
#1660=CARTESIAN_POINT('',(0.74,4.1605439093928E-09,1.15776372017945));
#1661=CARTESIAN_POINT('',(0.74,4.1605439093928E-09,1.15776372017945));
#1662=VECTOR('',#2060,0.999999999999999);
#1663=CARTESIAN_POINT('',(0.74,0.0160560770864684,0.775700619875019));
#1664=CARTESIAN_POINT('',(0.74,0.0160560770864684,0.775700619875019));
#1665=VECTOR('',#2061,1.0);
#1666=CARTESIAN_POINT('',(0.74,0.0660119836750876,0.7278));
#1667=AXIS2_PLACEMENT_3D('',#2062,#2063,#2064);
#1668=CARTESIAN_POINT('',(0.74,0.49874624,0.7278));
#1669=CARTESIAN_POINT('',(0.74,0.49874624,0.7278));
#1670=VECTOR('',#2065,1.0);
#1671=AXIS2_PLACEMENT_3D('',#2066,#2067,#2068);
#1672=COLOUR_RGB('',0.752941191196442,0.752941191196442,0.752941191196442);
#1673=CARTESIAN_POINT('',(0.3,0.68874624,0.65));
#1674=CARTESIAN_POINT('',(2.92,0.68874624,0.65));
#1675=VECTOR('',#2069,1.0);
#1676=CARTESIAN_POINT('',(0.3,0.68874624,0.821725335990004));
#1677=CARTESIAN_POINT('',(0.3,0.68874624,0.821725335990004));
#1678=VECTOR('',#2070,1.0);
#1679=CARTESIAN_POINT('',(0.74,0.68874624,0.821725335990004));
#1680=VECTOR('',#2071,1.0);
#1681=COLOUR_RGB('',0.752941191196442,0.752941191196442,0.752941191196442);
#1682=CARTESIAN_POINT('',(0.3,4.1605439093928E-09,1.15776372017945));
#1683=CARTESIAN_POINT('',(0.3,0.0160560770864684,0.775700619875019));
#1684=CARTESIAN_POINT('',(0.3,0.0160560770864684,0.775700619875019));
#1685=VECTOR('',#2072,1.0);
#1686=CARTESIAN_POINT('',(0.74,0.0160560770864684,0.775700619875019));
#1687=VECTOR('',#2073,1.0);
#1688=CARTESIAN_POINT('',(0.74,4.1605439093928E-09,1.15776372017945));
#1689=VECTOR('',#2074,1.0);
#1690=COLOUR_RGB('',0.752941191196442,0.752941191196442,0.752941191196442);
#1691=CARTESIAN_POINT('',(0.3,0.0660119836750876,0.7278));
#1692=AXIS2_PLACEMENT_3D('',#2075,#2076,#2077);
#1693=CARTESIAN_POINT('',(0.74,0.0660119836750876,0.7278));
#1694=VECTOR('',#2078,1.0);
#1695=COLOUR_RGB('',0.752941191196442,0.752941191196442,0.752941191196442);
#1696=CARTESIAN_POINT('',(0.3,0.49874624,0.7278));
#1697=CARTESIAN_POINT('',(0.3,0.49874624,0.7278));
#1698=VECTOR('',#2079,1.0);
#1699=CARTESIAN_POINT('',(0.74,0.49874624,0.7278));
#1700=VECTOR('',#2080,1.0);
#1701=COLOUR_RGB('',0.752941191196442,0.752941191196442,0.752941191196442);
#1702=AXIS2_PLACEMENT_3D('',#2081,#2082,#2083);
#1703=COLOUR_RGB('',0.752941191196442,0.752941191196442,0.752941191196442);
#1704=CARTESIAN_POINT('',(0.3,0.63921559640908,0.871723132987085));
#1705=AXIS2_PLACEMENT_3D('',#2084,#2085,#2086);
#1706=CARTESIAN_POINT('',(0.74,0.63921559640908,0.871723132987085));
#1707=VECTOR('',#2087,1.0);
#1708=COLOUR_RGB('',0.752941191196442,0.752941191196442,0.752941191196442);
#1709=CARTESIAN_POINT('',(0.3,0.198756367250027,0.875857962410796));
#1710=CARTESIAN_POINT('',(0.3,0.198756367250027,0.875857962410796));
#1711=VECTOR('',#2088,1.0);
#1712=CARTESIAN_POINT('',(0.74,0.198756367250027,0.875857962410796));
#1713=VECTOR('',#2089,1.0);
#1714=COLOUR_RGB('',0.752941191196442,0.752941191196442,0.752941191196442);
#1715=CARTESIAN_POINT('',(0.3,0.149265304362499,0.923866663204288));
#1716=AXIS2_PLACEMENT_3D('',#2090,#2091,#2092);
#1717=CARTESIAN_POINT('',(0.74,0.149265304362499,0.923866663204288));
#1718=VECTOR('',#2093,1.0);
#1719=COLOUR_RGB('',0.752941191196442,0.752941191196442,0.752941191196442);
#1720=CARTESIAN_POINT('',(0.3,0.139467261893388,1.16996552416412));
#1721=CARTESIAN_POINT('',(0.3,0.139467261893388,1.16996552416412));
#1722=VECTOR('',#2094,1.0);
#1723=CARTESIAN_POINT('',(0.74,0.139467261893388,1.16996552416412));
#1724=VECTOR('',#2095,1.0);
#1725=COLOUR_RGB('',0.752941191196442,0.752941191196442,0.752941191196442);
#1726=CARTESIAN_POINT('',(0.3,4.1605439093928E-09,1.15776372017945));
#1727=VECTOR('',#2096,0.999999999999999);
#1728=COLOUR_RGB('',0.752941191196442,0.752941191196442,0.752941191196442);
#1729=CARTESIAN_POINT('',(0.3,0.516736130724683,0.65));
#1730=VECTOR('',#2097,1.0);
#1731=COLOUR_RGB('',0.0,0.0,0.0);
#1732=CARTESIAN_POINT('',(2.2,0.54874624,0.65));
#1733=CARTESIAN_POINT('',(2.92,0.54874624,0.65));
#1734=VECTOR('',#2098,1.0);
#1735=CARTESIAN_POINT('',(2.2,0.68874624,0.65));
#1736=CARTESIAN_POINT('',(2.2,0.516736130724683,0.65));
#1737=VECTOR('',#2099,1.0);
#1738=CARTESIAN_POINT('',(2.92,0.68874624,0.65));
#1739=VECTOR('',#2100,1.0);
#1740=COLOUR_RGB('',0.0,0.0,0.0);
#1741=CARTESIAN_POINT('',(-8.88178419700125E-16,0.688746240000001,0.650000000000002));
#1742=CARTESIAN_POINT('',(2.92,0.68874624,0.65));
#1743=VECTOR('',#2101,1.0);
#1744=CARTESIAN_POINT('',(-8.88178419700125E-16,0.548746240000001,0.649999999999999));
#1745=CARTESIAN_POINT('',(-4.44089209850063E-16,0.618746239999976,0.650000000000001));
#1746=VECTOR('',#2102,1.0);
#1747=CARTESIAN_POINT('',(2.92,0.54874624,0.65));
#1748=VECTOR('',#2103,1.0);
#1749=COLOUR_RGB('',0.752941191196442,0.752941191196442,0.752941191196442);
#1750=CARTESIAN_POINT('',(1.25,0.68874624,-0.65));
#1751=CARTESIAN_POINT('',(1.25,0.54874624,-0.65));
#1752=CARTESIAN_POINT('',(1.25,0.516736130724682,-0.65));
#1753=VECTOR('',#2104,1.0);
#1754=CARTESIAN_POINT('',(1.25,0.68874624,-0.821725335990004));
#1755=CARTESIAN_POINT('',(1.25,0.68874624,-0.821725335990004));
#1756=VECTOR('',#2105,1.0);
#1757=CARTESIAN_POINT('',(1.25,0.63921559640908,-0.871723132987085));
#1758=AXIS2_PLACEMENT_3D('',#2106,#2107,#2108);
#1759=CARTESIAN_POINT('',(1.25,0.198756367250027,-0.875857962410796));
#1760=CARTESIAN_POINT('',(1.25,0.198756367250027,-0.875857962410796));
#1761=VECTOR('',#2109,1.0);
#1762=CARTESIAN_POINT('',(1.25,0.149265304362499,-0.923866663204288));
#1763=AXIS2_PLACEMENT_3D('',#2110,#2111,#2112);
#1764=CARTESIAN_POINT('',(1.25,0.139467261893388,-1.16996552416412));
#1765=CARTESIAN_POINT('',(1.25,0.139467261893388,-1.16996552416412));
#1766=VECTOR('',#2113,1.0);
#1767=CARTESIAN_POINT('',(1.25,4.1605439093928E-09,-1.15776372017945));
#1768=CARTESIAN_POINT('',(1.25,4.1605439093928E-09,-1.15776372017945));
#1769=VECTOR('',#2114,0.999999999999999);
#1770=CARTESIAN_POINT('',(1.25,0.0160560770864684,-0.775700619875019));
#1771=CARTESIAN_POINT('',(1.25,0.0160560770864684,-0.775700619875019));
#1772=VECTOR('',#2115,1.0);
#1773=CARTESIAN_POINT('',(1.25,0.0660119836750876,-0.7278));
#1774=AXIS2_PLACEMENT_3D('',#2116,#2117,#2118);
#1775=CARTESIAN_POINT('',(1.25,0.49874624,-0.7278));
#1776=CARTESIAN_POINT('',(1.25,0.49874624,-0.7278));
#1777=VECTOR('',#2119,1.0);
#1778=CARTESIAN_POINT('',(1.25,0.54874624,-0.6778));
#1779=AXIS2_PLACEMENT_3D('',#2120,#2121,#2122);
#1780=CARTESIAN_POINT('',(1.25,0.54874624,7.53132907600762E-17));
#1781=VECTOR('',#2123,1.0);
#1782=COLOUR_RGB('',0.752941191196442,0.752941191196442,0.752941191196442);
#1783=CARTESIAN_POINT('',(1.69,0.68874624,-0.65));
#1784=CARTESIAN_POINT('',(2.92,0.68874624,-0.65));
#1785=VECTOR('',#2124,1.0);
#1786=CARTESIAN_POINT('',(1.69,0.68874624,-0.821725335990004));
#1787=CARTESIAN_POINT('',(1.69,0.68874624,-0.821725335990004));
#1788=VECTOR('',#2125,1.0);
#1789=CARTESIAN_POINT('',(1.25,0.68874624,-0.821725335990004));
#1790=VECTOR('',#2126,1.0);
#1791=COLOUR_RGB('',0.752941191196442,0.752941191196442,0.752941191196442);
#1792=CARTESIAN_POINT('',(1.69,4.1605439093928E-09,-1.15776372017945));
#1793=CARTESIAN_POINT('',(1.69,0.0160560770864684,-0.775700619875019));
#1794=CARTESIAN_POINT('',(1.69,0.0160560770864684,-0.775700619875019));
#1795=VECTOR('',#2127,1.0);
#1796=CARTESIAN_POINT('',(1.25,0.0160560770864684,-0.775700619875019));
#1797=VECTOR('',#2128,1.0);
#1798=CARTESIAN_POINT('',(1.25,4.1605439093928E-09,-1.15776372017945));
#1799=VECTOR('',#2129,1.0);
#1800=COLOUR_RGB('',0.752941191196442,0.752941191196442,0.752941191196442);
#1801=CARTESIAN_POINT('',(1.69,0.0660119836750876,-0.727799999999999));
#1802=AXIS2_PLACEMENT_3D('',#2130,#2131,#2132);
#1803=CARTESIAN_POINT('',(1.25,0.0660119836750876,-0.7278));
#1804=VECTOR('',#2133,1.0);
#1805=COLOUR_RGB('',0.752941191196442,0.752941191196442,0.752941191196442);
#1806=CARTESIAN_POINT('',(1.69,0.49874624,-0.727799999999999));
#1807=CARTESIAN_POINT('',(1.69,0.49874624,-0.727799999999999));
#1808=VECTOR('',#2134,1.0);
#1809=CARTESIAN_POINT('',(1.25,0.49874624,-0.7278));
#1810=VECTOR('',#2135,1.0);
#1811=COLOUR_RGB('',0.752941191196442,0.752941191196442,0.752941191196442);
#1812=CARTESIAN_POINT('',(1.69,0.54874624,-0.677799999999999));
#1813=AXIS2_PLACEMENT_3D('',#2136,#2137,#2138);
#1814=CARTESIAN_POINT('',(1.25,0.54874624,-0.6778));
#1815=VECTOR('',#2139,1.0);
#1816=COLOUR_RGB('',0.752941191196442,0.752941191196442,0.752941191196442);
#1817=CARTESIAN_POINT('',(1.69,0.54874624,-0.65));
#1818=CARTESIAN_POINT('',(2.92,0.54874624,-0.65));
#1819=VECTOR('',#2140,1.0);
#1820=CARTESIAN_POINT('',(1.69,0.54874624,1.02254630544169E-16));
#1821=VECTOR('',#2141,1.0);
#1822=COLOUR_RGB('',0.752941191196442,0.752941191196442,0.752941191196442);
#1823=CARTESIAN_POINT('',(1.69,0.63921559640908,-0.871723132987084));
#1824=AXIS2_PLACEMENT_3D('',#2142,#2143,#2144);
#1825=CARTESIAN_POINT('',(1.25,0.63921559640908,-0.871723132987085));
#1826=VECTOR('',#2145,1.0);
#1827=COLOUR_RGB('',0.752941191196442,0.752941191196442,0.752941191196442);
#1828=CARTESIAN_POINT('',(1.69,0.198756367250027,-0.875857962410796));
#1829=CARTESIAN_POINT('',(1.69,0.198756367250027,-0.875857962410796));
#1830=VECTOR('',#2146,1.0);
#1831=CARTESIAN_POINT('',(1.25,0.198756367250027,-0.875857962410796));
#1832=VECTOR('',#2147,1.0);
#1833=COLOUR_RGB('',0.752941191196442,0.752941191196442,0.752941191196442);
#1834=CARTESIAN_POINT('',(1.69,0.149265304362499,-0.923866663204288));
#1835=AXIS2_PLACEMENT_3D('',#2148,#2149,#2150);
#1836=CARTESIAN_POINT('',(1.25,0.149265304362499,-0.923866663204288));
#1837=VECTOR('',#2151,1.0);
#1838=COLOUR_RGB('',0.752941191196442,0.752941191196442,0.752941191196442);
#1839=CARTESIAN_POINT('',(1.69,0.139467261893388,-1.16996552416412));
#1840=CARTESIAN_POINT('',(1.69,0.139467261893388,-1.16996552416412));
#1841=VECTOR('',#2152,1.0);
#1842=CARTESIAN_POINT('',(1.25,0.139467261893388,-1.16996552416412));
#1843=VECTOR('',#2153,1.0);
#1844=COLOUR_RGB('',0.752941191196442,0.752941191196442,0.752941191196442);
#1845=CARTESIAN_POINT('',(1.69,4.1605439093928E-09,-1.15776372017945));
#1846=VECTOR('',#2154,0.999999999999999);
#1847=COLOUR_RGB('',0.752941191196442,0.752941191196442,0.752941191196442);
#1848=CARTESIAN_POINT('',(1.69,0.516736130724682,-0.65));
#1849=VECTOR('',#2155,1.0);
#1850=COLOUR_RGB('',0.0,0.0,0.0);
#1851=CARTESIAN_POINT('',(2.92,0.68874624,-0.65));
#1852=CARTESIAN_POINT('',(2.92,0.68874624,-0.65));
#1853=VECTOR('',#2156,1.0);
#1854=CARTESIAN_POINT('',(2.92,0.54874624,-0.65));
#1855=CARTESIAN_POINT('',(2.92,0.54874624,-0.65));
#1856=VECTOR('',#2157,1.0);
#1857=CARTESIAN_POINT('',(2.92,0.54874624,-0.65));
#1858=VECTOR('',#2158,1.0);
#1859=COLOUR_RGB('',0.752941191196442,0.752941191196442,0.752941191196442);
#1860=CARTESIAN_POINT('',(2.64,0.54874624,0.65));
#1861=CARTESIAN_POINT('',(2.92,0.54874624,0.65));
#1862=VECTOR('',#2159,1.0);
#1863=CARTESIAN_POINT('',(2.64,0.54874624,0.6778));
#1864=CARTESIAN_POINT('',(2.64,0.54874624,1.71444889535133E-17));
#1865=VECTOR('',#2160,1.0);
#1866=CARTESIAN_POINT('',(2.2,0.54874624,0.6778));
#1867=CARTESIAN_POINT('',(2.64,0.54874624,0.6778));
#1868=VECTOR('',#2161,1.0);
#1869=CARTESIAN_POINT('',(2.2,0.54874624,4.40858287376056E-17));
#1870=VECTOR('',#2162,1.0);
#1871=COLOUR_RGB('',0.752941191196442,0.752941191196442,0.752941191196442);
#1872=CARTESIAN_POINT('',(2.64,0.68874624,0.65));
#1873=CARTESIAN_POINT('',(2.64,0.516736130724683,0.65));
#1874=VECTOR('',#2163,1.0);
#1875=CARTESIAN_POINT('',(2.64,0.68874624,0.821725335990004));
#1876=CARTESIAN_POINT('',(2.64,0.68874624,0.821725335990004));
#1877=VECTOR('',#2164,1.0);
#1878=CARTESIAN_POINT('',(2.64,0.63921559640908,0.871723132987085));
#1879=AXIS2_PLACEMENT_3D('',#2165,#2166,#2167);
#1880=CARTESIAN_POINT('',(2.64,0.198756367250027,0.875857962410796));
#1881=CARTESIAN_POINT('',(2.64,0.198756367250027,0.875857962410796));
#1882=VECTOR('',#2168,1.0);
#1883=CARTESIAN_POINT('',(2.64,0.149265304362499,0.923866663204288));
#1884=AXIS2_PLACEMENT_3D('',#2169,#2170,#2171);
#1885=CARTESIAN_POINT('',(2.64,0.139467261893388,1.16996552416412));
#1886=CARTESIAN_POINT('',(2.64,0.139467261893388,1.16996552416412));
#1887=VECTOR('',#2172,1.0);
#1888=CARTESIAN_POINT('',(2.64,4.1605439093928E-09,1.15776372017945));
#1889=CARTESIAN_POINT('',(2.64,4.1605439093928E-09,1.15776372017945));
#1890=VECTOR('',#2173,0.999999999999999);
#1891=CARTESIAN_POINT('',(2.64,0.0160560770864684,0.775700619875019));
#1892=CARTESIAN_POINT('',(2.64,0.0160560770864684,0.775700619875019));
#1893=VECTOR('',#2174,1.0);
#1894=CARTESIAN_POINT('',(2.64,0.0660119836750876,0.7278));
#1895=AXIS2_PLACEMENT_3D('',#2175,#2176,#2177);
#1896=CARTESIAN_POINT('',(2.64,0.49874624,0.7278));
#1897=CARTESIAN_POINT('',(2.64,0.49874624,0.7278));
#1898=VECTOR('',#2178,1.0);
#1899=AXIS2_PLACEMENT_3D('',#2179,#2180,#2181);
#1900=COLOUR_RGB('',0.752941191196442,0.752941191196442,0.752941191196442);
#1901=CARTESIAN_POINT('',(2.92,0.68874624,0.65));
#1902=VECTOR('',#2182,1.0);
#1903=CARTESIAN_POINT('',(2.2,0.68874624,0.821725335990004));
#1904=CARTESIAN_POINT('',(2.2,0.68874624,0.821725335990004));
#1905=VECTOR('',#2183,1.0);
#1906=CARTESIAN_POINT('',(2.64,0.68874624,0.821725335990004));
#1907=VECTOR('',#2184,1.0);
#1908=COLOUR_RGB('',0.752941191196442,0.752941191196442,0.752941191196442);
#1909=CARTESIAN_POINT('',(2.2,4.1605439093928E-09,1.15776372017945));
#1910=CARTESIAN_POINT('',(2.2,0.0160560770864684,0.775700619875019));
#1911=CARTESIAN_POINT('',(2.2,0.0160560770864684,0.775700619875019));
#1912=VECTOR('',#2185,1.0);
#1913=CARTESIAN_POINT('',(2.64,0.0160560770864684,0.775700619875019));
#1914=VECTOR('',#2186,1.0);
#1915=CARTESIAN_POINT('',(2.64,4.1605439093928E-09,1.15776372017945));
#1916=VECTOR('',#2187,1.0);
#1917=COLOUR_RGB('',0.752941191196442,0.752941191196442,0.752941191196442);
#1918=CARTESIAN_POINT('',(2.2,0.0660119836750876,0.7278));
#1919=AXIS2_PLACEMENT_3D('',#2188,#2189,#2190);
#1920=CARTESIAN_POINT('',(2.64,0.0660119836750876,0.7278));
#1921=VECTOR('',#2191,1.0);
#1922=COLOUR_RGB('',0.752941191196442,0.752941191196442,0.752941191196442);
#1923=CARTESIAN_POINT('',(2.2,0.49874624,0.7278));
#1924=CARTESIAN_POINT('',(2.2,0.49874624,0.7278));
#1925=VECTOR('',#2192,1.0);
#1926=CARTESIAN_POINT('',(2.64,0.49874624,0.7278));
#1927=VECTOR('',#2193,1.0);
#1928=COLOUR_RGB('',0.752941191196442,0.752941191196442,0.752941191196442);
#1929=AXIS2_PLACEMENT_3D('',#2194,#2195,#2196);
#1930=COLOUR_RGB('',0.752941191196442,0.752941191196442,0.752941191196442);
#1931=CARTESIAN_POINT('',(2.2,0.63921559640908,0.871723132987085));
#1932=AXIS2_PLACEMENT_3D('',#2197,#2198,#2199);
#1933=CARTESIAN_POINT('',(2.64,0.63921559640908,0.871723132987085));
#1934=VECTOR('',#2200,1.0);
#1935=COLOUR_RGB('',0.752941191196442,0.752941191196442,0.752941191196442);
#1936=CARTESIAN_POINT('',(2.2,0.198756367250027,0.875857962410796));
#1937=CARTESIAN_POINT('',(2.2,0.198756367250027,0.875857962410796));
#1938=VECTOR('',#2201,1.0);
#1939=CARTESIAN_POINT('',(2.64,0.198756367250027,0.875857962410796));
#1940=VECTOR('',#2202,1.0);
#1941=COLOUR_RGB('',0.752941191196442,0.752941191196442,0.752941191196442);
#1942=CARTESIAN_POINT('',(2.2,0.149265304362499,0.923866663204288));
#1943=AXIS2_PLACEMENT_3D('',#2203,#2204,#2205);
#1944=CARTESIAN_POINT('',(2.64,0.149265304362499,0.923866663204288));
#1945=VECTOR('',#2206,1.0);
#1946=COLOUR_RGB('',0.752941191196442,0.752941191196442,0.752941191196442);
#1947=CARTESIAN_POINT('',(2.2,0.139467261893388,1.16996552416412));
#1948=CARTESIAN_POINT('',(2.2,0.139467261893388,1.16996552416412));
#1949=VECTOR('',#2207,1.0);
#1950=CARTESIAN_POINT('',(2.64,0.139467261893388,1.16996552416412));
#1951=VECTOR('',#2208,1.0);
#1952=COLOUR_RGB('',0.752941191196442,0.752941191196442,0.752941191196442);
#1953=CARTESIAN_POINT('',(2.2,4.1605439093928E-09,1.15776372017945));
#1954=VECTOR('',#2209,0.999999999999999);
#1955=COLOUR_RGB('',0.752941191196442,0.752941191196442,0.752941191196442);
#1956=COLOUR_RGB('',0.0,0.0,0.0);
#1957=CARTESIAN_POINT('',(2.92,0.54874624,0.65));
#1958=CARTESIAN_POINT('',(2.92,0.54874624,0.65));
#1959=VECTOR('',#2210,1.0);
#1960=CARTESIAN_POINT('',(2.92,0.68874624,0.65));
#1961=CARTESIAN_POINT('',(2.92,0.54874624,0.65));
#1962=VECTOR('',#2211,1.0);
#1963=CARTESIAN_POINT('',(2.92,0.68874624,0.65));
#1964=VECTOR('',#2212,1.0);
#1965=COLOUR_RGB('',0.0,0.0,0.0);
#1966=AXIS2_PLACEMENT_3D('',#2213,#2214,#2215);
#1967=AXIS2_PLACEMENT_3D('',#2216,#2217,#2218);
#1968=COLOUR_RGB('',0.0,0.0,0.0);
#1969=COLOUR_RGB('',0.0,0.0,0.0);
#1970=CARTESIAN_POINT('',(2.80686682470271,0.153746239999999,0.583771353581135));
#1971=CARTESIAN_POINT('',(2.41960527861689,-1.19836210754645,0.357066782265575));
#1972=VECTOR('',#2219,1.0);
#1973=CARTESIAN_POINT('',(2.80686682470271,0.15374624,-0.583771353581136));
#1974=CARTESIAN_POINT('',(2.80686682470271,0.153746239999999,-10.0));
#1975=VECTOR('',#2220,1.0);
#1976=CARTESIAN_POINT('',(3.28475647888,1.82227903689173,-0.863530008375113));
#1977=VECTOR('',#2221,1.0);
#1978=CARTESIAN_POINT('',(2.92,0.548746239999999,-10.0));
#1979=VECTOR('',#2222,1.0);
#1980=COLOUR_RGB('',0.0,0.0,0.0);
#1981=CARTESIAN_POINT('',(0.113133175297288,0.15374624,0.583771353581135));
#1982=CARTESIAN_POINT('',(0.608279201308411,-1.57503649557201,0.293910744646372));
#1983=VECTOR('',#2223,1.0);
#1984=CARTESIAN_POINT('',(-8.88178419700125E-16,0.548746240000001,-0.649999999999998));
#1985=CARTESIAN_POINT('',(-8.88178419700125E-16,0.548746240000001,-20.0));
#1986=VECTOR('',#2224,1.0);
#1987=CARTESIAN_POINT('',(0.113133175297288,0.15374624,-0.583771353581136));
#1988=CARTESIAN_POINT('',(-0.256871998954695,1.44560464886618,-0.800373970755906));
#1989=VECTOR('',#2225,1.0);
#1990=CARTESIAN_POINT('',(0.113133175297288,0.15374624,-10.0));
#1991=VECTOR('',#2226,1.0);
#1992=COLOUR_RGB('',0.0,0.0,0.0);
#1993=CARTESIAN_POINT('',(-8.88178419700125E-16,0.688746240000001,-0.649999999999998));
#1994=CARTESIAN_POINT('',(-8.88178419700125E-16,0.688746240000001,-20.0));
#1995=VECTOR('',#2227,1.0);
#1996=CARTESIAN_POINT('',(-4.44089209850063E-16,0.618746240000023,-0.65));
#1997=VECTOR('',#2228,1.0);
#1998=COLOUR_RGB('',0.0,0.0,0.0);
#1999=CARTESIAN_POINT('',(0.080887738375667,1.08374624,0.58684860830043));
#2000=CARTESIAN_POINT('',(0.413180291550933,2.70643419172191,0.327418222362802));
#2001=VECTOR('',#2229,1.0);
#2002=CARTESIAN_POINT('',(0.0808877383756665,1.08374624,-0.586848608300432));
#2003=CARTESIAN_POINT('',(0.080887738375667,1.08374624,-10.0));
#2004=VECTOR('',#2230,1.0);
#2005=CARTESIAN_POINT('',(-0.200208066191341,-0.28893205505008,-0.806308215106012));
#2006=VECTOR('',#2231,1.0);
#2007=COLOUR_RGB('',0.0,0.0,0.0);
#2008=CARTESIAN_POINT('',(2.83911226162433,1.08374624,0.58684860830043));
#2009=CARTESIAN_POINT('',(2.56417297468433,2.42636034347418,0.37219557247799));
#2010=VECTOR('',#2232,1.0);
#2011=CARTESIAN_POINT('',(2.92,0.688746239999999,-10.0));
#2012=VECTOR('',#2233,1.0);
#2013=CARTESIAN_POINT('',(2.83911226162433,1.08374624,-0.586848608300436));
#2014=CARTESIAN_POINT('',(3.1775613324266,-0.569005903297813,-0.851085565221201));
#2015=VECTOR('',#2234,1.0);
#2016=CARTESIAN_POINT('',(2.83911226162433,1.08374624,-10.0));
#2017=VECTOR('',#2235,1.0);
#2018=COLOUR_RGB('',0.0,0.0,0.0);
#2019=CARTESIAN_POINT('',(2.92,0.15374624,0.583771353581137));
#2020=VECTOR('',#2236,1.0);
#2021=COLOUR_RGB('',0.0,0.0,0.0);
#2022=COLOUR_RGB('',0.0,0.0,0.0);
#2023=CARTESIAN_POINT('',(2.92,1.08374624,0.58684860830043));
#2024=VECTOR('',#2237,1.0);
#2025=COLOUR_RGB('',0.0,0.0,0.0);
#2026=CARTESIAN_POINT('',(2.92,0.15374624,-0.583771353581136));
#2027=VECTOR('',#2238,1.0);
#2028=COLOUR_RGB('',0.0,0.0,0.0);
#2029=CARTESIAN_POINT('',(2.92,0.54874624,-0.65));
#2030=VECTOR('',#2239,1.0);
#2031=COLOUR_RGB('',0.0,0.0,0.0);
#2032=CARTESIAN_POINT('',(2.92,0.68874624,-0.65));
#2033=VECTOR('',#2240,1.0);
#2034=COLOUR_RGB('',0.0,0.0,0.0);
#2035=CARTESIAN_POINT('',(2.92,1.08374624,-0.58684860830043));
#2036=VECTOR('',#2241,1.0);
#2037=COLOUR_RGB('',0.0,0.0,0.0);
#2038=DIRECTION('',(-0.0,-1.0,-0.0));
#2039=CARTESIAN_POINT('',(0.32,1.08374624,0.42));
#2040=DIRECTION('',(2.3167579353274E-32,-1.0,3.78367779669946E-16));
#2041=DIRECTION('',(6.12303176911189E-17,3.78367779669946E-16,1.0));
#2042=DIRECTION('',(0.0,1.0,-0.0));
#2043=CARTESIAN_POINT('',(0.32,1.04874624,0.42));
#2044=DIRECTION('',(0.0,-1.0,0.0));
#2045=DIRECTION('',(6.12303176911189E-17,0.0,1.0));
#2046=DIRECTION('',(-1.0,0.0,6.12303176911189E-17));
#2047=DIRECTION('',(6.12303176911189E-17,0.0,1.0));
#2048=DIRECTION('',(-1.0,0.0,6.12303176911189E-17));
#2049=DIRECTION('',(-6.12303176911189E-17,-0.0,-1.0));
#2050=DIRECTION('',(-1.45669946798128E-31,-1.0,-2.37904933848248E-15));
#2051=DIRECTION('',(-6.12303176911189E-17,0.0,-1.0));
#2052=CARTESIAN_POINT('',(0.74,0.63874624,0.821725335990004));
#2053=DIRECTION('',(-1.0,0.0,6.12303176911189E-17));
#2054=DIRECTION('',(6.12303176911189E-17,0.0,1.0));
#2055=DIRECTION('',(-5.74776840766725E-19,0.999955939941607,-0.00938712818160166));
#2056=CARTESIAN_POINT('',(0.74,0.199225723659107,0.925855759407877));
#2057=DIRECTION('',(-1.0,0.0,6.12303176911189E-17));
#2058=DIRECTION('',(6.12303176911189E-17,0.0,1.0));
#2059=DIRECTION('',(-6.11818469102561E-17,0.0397819240717761,-0.999208385932158));
#2060=DIRECTION('',(5.33657381704441E-18,0.996194698091746,0.0871557427476562));
#2061=DIRECTION('',(6.11763206193801E-17,-0.0419876024996092,0.999118131772382));
#2062=CARTESIAN_POINT('',(0.74,0.0660119836750876,0.7778));
#2063=DIRECTION('',(-1.0,0.0,6.12303176911189E-17));
#2064=DIRECTION('',(6.12303176911189E-17,0.0,1.0));
#2065=DIRECTION('',(0.0,-1.0,0.0));
#2066=CARTESIAN_POINT('',(0.74,0.49874624,0.6778));
#2067=DIRECTION('',(-1.0,0.0,6.12303176911189E-17));
#2068=DIRECTION('',(6.12303176911189E-17,0.0,1.0));
#2069=DIRECTION('',(-1.0,0.0,6.12303176911189E-17));
#2070=DIRECTION('',(6.12303176911189E-17,0.0,1.0));
#2071=DIRECTION('',(-1.0,0.0,6.12303176911189E-17));
#2072=DIRECTION('',(-6.11763206193801E-17,0.0419876024996092,-0.999118131772382));
#2073=DIRECTION('',(-1.0,0.0,6.12303176911189E-17));
#2074=DIRECTION('',(-1.0,0.0,6.12303176911189E-17));
#2075=CARTESIAN_POINT('',(0.3,0.0660119836750876,0.7778));
#2076=DIRECTION('',(1.0,0.0,-6.12303176911189E-17));
#2077=DIRECTION('',(6.12303176911189E-17,0.0,1.0));
#2078=DIRECTION('',(-1.0,0.0,6.12303176911189E-17));
#2079=DIRECTION('',(0.0,1.0,0.0));
#2080=DIRECTION('',(-1.0,0.0,6.12303176911189E-17));
#2081=CARTESIAN_POINT('',(0.3,0.49874624,0.6778));
#2082=DIRECTION('',(-1.0,0.0,6.12303176911189E-17));
#2083=DIRECTION('',(6.12303176911189E-17,0.0,1.0));
#2084=CARTESIAN_POINT('',(0.3,0.63874624,0.821725335990004));
#2085=DIRECTION('',(1.0,0.0,-6.12303176911189E-17));
#2086=DIRECTION('',(6.12303176911189E-17,0.0,1.0));
#2087=DIRECTION('',(-1.0,0.0,6.12303176911189E-17));
#2088=DIRECTION('',(5.74776840766725E-19,-0.999955939941607,0.00938712818160166));
#2089=DIRECTION('',(-1.0,0.0,6.12303176911189E-17));
#2090=CARTESIAN_POINT('',(0.3,0.199225723659107,0.925855759407877));
#2091=DIRECTION('',(-1.0,0.0,6.12303176911189E-17));
#2092=DIRECTION('',(6.12303176911189E-17,0.0,1.0));
#2093=DIRECTION('',(-1.0,0.0,6.12303176911189E-17));
#2094=DIRECTION('',(6.11818469102561E-17,-0.0397819240717761,0.999208385932158));
#2095=DIRECTION('',(-1.0,0.0,6.12303176911189E-17));
#2096=DIRECTION('',(-5.33657381704441E-18,-0.996194698091746,-0.0871557427476562));
#2097=DIRECTION('',(1.45669946798128E-31,1.0,2.37904933848248E-15));
#2098=DIRECTION('',(-1.0,0.0,6.12303176911189E-17));
#2099=DIRECTION('',(1.45669946798128E-31,1.0,2.37904933848248E-15));
#2100=DIRECTION('',(-1.0,0.0,6.12303176911189E-17));
#2101=DIRECTION('',(-1.0,0.0,6.12303176911189E-17));
#2102=DIRECTION('',(0.0,1.0,2.37904933848248E-15));
#2103=DIRECTION('',(-1.0,0.0,6.12303176911189E-17));
#2104=DIRECTION('',(-1.45669946798128E-31,-1.0,2.37904933848248E-15));
#2105=DIRECTION('',(-6.12303176911189E-17,0.0,1.0));
#2106=CARTESIAN_POINT('',(1.25,0.63874624,-0.821725335990004));
#2107=DIRECTION('',(1.0,0.0,6.12303176911189E-17));
#2108=DIRECTION('',(6.12303176911189E-17,0.0,-1.0));
#2109=DIRECTION('',(-5.74776840766725E-19,0.999955939941607,0.00938712818160166));
#2110=CARTESIAN_POINT('',(1.25,0.199225723659107,-0.925855759407876));
#2111=DIRECTION('',(1.0,0.0,6.12303176911189E-17));
#2112=DIRECTION('',(6.12303176911189E-17,0.0,-1.0));
#2113=DIRECTION('',(-6.11818469102561E-17,0.0397819240717761,0.999208385932158));
#2114=DIRECTION('',(5.33657381704441E-18,0.996194698091746,-0.0871557427476562));
#2115=DIRECTION('',(6.11763206193801E-17,-0.0419876024996092,-0.999118131772382));
#2116=CARTESIAN_POINT('',(1.25,0.0660119836750876,-0.7778));
#2117=DIRECTION('',(1.0,0.0,6.12303176911189E-17));
#2118=DIRECTION('',(6.12303176911189E-17,0.0,-1.0));
#2119=DIRECTION('',(0.0,-1.0,0.0));
#2120=CARTESIAN_POINT('',(1.25,0.49874624,-0.6778));
#2121=DIRECTION('',(1.0,0.0,6.12303176911189E-17));
#2122=DIRECTION('',(6.12303176911189E-17,0.0,-1.0));
#2123=DIRECTION('',(6.12303176911189E-17,0.0,-1.0));
#2124=DIRECTION('',(-1.0,0.0,6.12303176911189E-17));
#2125=DIRECTION('',(6.12303176911189E-17,0.0,-1.0));
#2126=DIRECTION('',(1.0,0.0,6.12303176911189E-17));
#2127=DIRECTION('',(-6.11763206193801E-17,0.0419876024996092,0.999118131772382));
#2128=DIRECTION('',(1.0,0.0,6.12303176911189E-17));
#2129=DIRECTION('',(1.0,0.0,6.12303176911189E-17));
#2130=CARTESIAN_POINT('',(1.69,0.0660119836750876,-0.777799999999999));
#2131=DIRECTION('',(-1.0,0.0,-6.12303176911189E-17));
#2132=DIRECTION('',(6.12303176911189E-17,0.0,-1.0));
#2133=DIRECTION('',(1.0,0.0,6.12303176911189E-17));
#2134=DIRECTION('',(0.0,1.0,0.0));
#2135=DIRECTION('',(1.0,0.0,6.12303176911189E-17));
#2136=CARTESIAN_POINT('',(1.69,0.49874624,-0.677799999999999));
#2137=DIRECTION('',(1.0,0.0,6.12303176911189E-17));
#2138=DIRECTION('',(6.12303176911189E-17,0.0,-1.0));
#2139=DIRECTION('',(1.0,0.0,6.12303176911189E-17));
#2140=DIRECTION('',(-1.0,0.0,6.12303176911189E-17));
#2141=DIRECTION('',(-6.12303176911189E-17,0.0,1.0));
#2142=CARTESIAN_POINT('',(1.69,0.63874624,-0.821725335990004));
#2143=DIRECTION('',(-1.0,0.0,-6.12303176911189E-17));
#2144=DIRECTION('',(6.12303176911189E-17,0.0,-1.0));
#2145=DIRECTION('',(1.0,0.0,6.12303176911189E-17));
#2146=DIRECTION('',(5.74776840766725E-19,-0.999955939941607,-0.00938712818160166));
#2147=DIRECTION('',(1.0,0.0,6.12303176911189E-17));
#2148=CARTESIAN_POINT('',(1.69,0.199225723659107,-0.925855759407876));
#2149=DIRECTION('',(1.0,0.0,6.12303176911189E-17));
#2150=DIRECTION('',(6.12303176911189E-17,0.0,-1.0));
#2151=DIRECTION('',(1.0,0.0,6.12303176911189E-17));
#2152=DIRECTION('',(6.11818469102561E-17,-0.0397819240717761,-0.999208385932158));
#2153=DIRECTION('',(1.0,0.0,6.12303176911189E-17));
#2154=DIRECTION('',(-5.33657381704441E-18,-0.996194698091746,0.0871557427476562));
#2155=DIRECTION('',(1.45669946798128E-31,1.0,-2.37904933848248E-15));
#2156=DIRECTION('',(-1.0,0.0,6.12303176911189E-17));
#2157=DIRECTION('',(-1.45669946798128E-31,1.0,-2.37904933848248E-15));
#2158=DIRECTION('',(-1.0,0.0,6.12303176911189E-17));
#2159=DIRECTION('',(-1.0,0.0,6.12303176911189E-17));
#2160=DIRECTION('',(6.12303176911189E-17,0.0,1.0));
#2161=DIRECTION('',(-1.0,0.0,6.12303176911189E-17));
#2162=DIRECTION('',(-6.12303176911189E-17,-0.0,-1.0));
#2163=DIRECTION('',(-1.45669946798128E-31,-1.0,-2.37904933848248E-15));
#2164=DIRECTION('',(-6.12303176911189E-17,0.0,-1.0));
#2165=CARTESIAN_POINT('',(2.64,0.63874624,0.821725335990004));
#2166=DIRECTION('',(-1.0,0.0,6.12303176911189E-17));
#2167=DIRECTION('',(6.12303176911189E-17,0.0,1.0));
#2168=DIRECTION('',(-5.74776840766725E-19,0.999955939941607,-0.00938712818160166));
#2169=CARTESIAN_POINT('',(2.64,0.199225723659107,0.925855759407876));
#2170=DIRECTION('',(-1.0,0.0,6.12303176911189E-17));
#2171=DIRECTION('',(6.12303176911189E-17,0.0,1.0));
#2172=DIRECTION('',(-6.11818469102561E-17,0.0397819240717761,-0.999208385932158));
#2173=DIRECTION('',(5.33657381704441E-18,0.996194698091746,0.0871557427476562));
#2174=DIRECTION('',(6.11763206193801E-17,-0.0419876024996092,0.999118131772382));
#2175=CARTESIAN_POINT('',(2.64,0.0660119836750876,0.7778));
#2176=DIRECTION('',(-1.0,0.0,6.12303176911189E-17));
#2177=DIRECTION('',(6.12303176911189E-17,0.0,1.0));
#2178=DIRECTION('',(0.0,-1.0,0.0));
#2179=CARTESIAN_POINT('',(2.64,0.49874624,0.6778));
#2180=DIRECTION('',(-1.0,0.0,6.12303176911189E-17));
#2181=DIRECTION('',(6.12303176911189E-17,0.0,1.0));
#2182=DIRECTION('',(-1.0,0.0,6.12303176911189E-17));
#2183=DIRECTION('',(6.12303176911189E-17,0.0,1.0));
#2184=DIRECTION('',(-1.0,0.0,6.12303176911189E-17));
#2185=DIRECTION('',(-6.11763206193801E-17,0.0419876024996092,-0.999118131772382));
#2186=DIRECTION('',(-1.0,0.0,6.12303176911189E-17));
#2187=DIRECTION('',(-1.0,0.0,6.12303176911189E-17));
#2188=CARTESIAN_POINT('',(2.2,0.0660119836750876,0.7778));
#2189=DIRECTION('',(1.0,0.0,-6.12303176911189E-17));
#2190=DIRECTION('',(6.12303176911189E-17,0.0,1.0));
#2191=DIRECTION('',(-1.0,0.0,6.12303176911189E-17));
#2192=DIRECTION('',(0.0,1.0,0.0));
#2193=DIRECTION('',(-1.0,0.0,6.12303176911189E-17));
#2194=CARTESIAN_POINT('',(2.2,0.49874624,0.6778));
#2195=DIRECTION('',(-1.0,0.0,6.12303176911189E-17));
#2196=DIRECTION('',(6.12303176911189E-17,0.0,1.0));
#2197=CARTESIAN_POINT('',(2.2,0.63874624,0.821725335990004));
#2198=DIRECTION('',(1.0,0.0,-6.12303176911189E-17));
#2199=DIRECTION('',(6.12303176911189E-17,0.0,1.0));
#2200=DIRECTION('',(-1.0,0.0,6.12303176911189E-17));
#2201=DIRECTION('',(5.74776840766725E-19,-0.999955939941607,0.00938712818160166));
#2202=DIRECTION('',(-1.0,0.0,6.12303176911189E-17));
#2203=CARTESIAN_POINT('',(2.2,0.199225723659107,0.925855759407876));
#2204=DIRECTION('',(-1.0,0.0,6.12303176911189E-17));
#2205=DIRECTION('',(6.12303176911189E-17,0.0,1.0));
#2206=DIRECTION('',(-1.0,0.0,6.12303176911189E-17));
#2207=DIRECTION('',(6.11818469102561E-17,-0.0397819240717761,0.999208385932158));
#2208=DIRECTION('',(-1.0,0.0,6.12303176911189E-17));
#2209=DIRECTION('',(-5.33657381704441E-18,-0.996194698091746,-0.0871557427476562));
#2210=DIRECTION('',(-1.0,0.0,6.12303176911189E-17));
#2211=DIRECTION('',(1.45669946798128E-31,1.0,2.37904933848248E-15));
#2212=DIRECTION('',(-1.0,0.0,6.12303176911189E-17));
#2213=CARTESIAN_POINT('',(0.32,1.04874624,0.42));
#2214=DIRECTION('',(0.0,-1.0,0.0));
#2215=DIRECTION('',(6.12303176911189E-17,0.0,1.0));
#2216=CARTESIAN_POINT('',(0.32,1.08374624,0.42));
#2217=DIRECTION('',(2.3167579353274E-32,-1.0,3.78367779669946E-16));
#2218=DIRECTION('',(6.12303176911189E-17,3.78367779669946E-16,1.0));
#2219=DIRECTION('',(-0.271833550911017,-0.949096074848922,-0.159132527490381));
#2220=DIRECTION('',(-8.17055560703369E-17,-2.85271712413048E-16,-1.0));
#2221=DIRECTION('',(0.271833550911017,0.949096074848922,-0.159132527490382));
#2222=DIRECTION('',(6.12303176911189E-17,0.0,1.0));
#2223=DIRECTION('',(-0.271833550911016,0.949096074848922,0.159132527490381));
#2224=DIRECTION('',(0.0,0.0,1.0));
#2225=DIRECTION('',(0.271833550911016,-0.949096074848922,0.159132527490382));
#2226=DIRECTION('',(5.30015920695367E-31,2.85271712413048E-16,1.0));
#2227=DIRECTION('',(0.0,0.0,1.0));
#2228=DIRECTION('',(0.0,-1.0,2.37904933848248E-15));
#2229=DIRECTION('',(0.198199543554592,0.967870053931617,-0.154740103519291));
#2230=DIRECTION('',(-7.7481807523354E-17,-3.78367779669946E-16,-1.0));
#2231=DIRECTION('',(-0.198199543554592,-0.967870053931617,-0.15474010351929));
#2232=DIRECTION('',(0.198199543554591,-0.967870053931617,0.154740103519291));
#2233=DIRECTION('',(-6.12303176911189E-17,2.99006697104881E-16,-1.0));
#2234=DIRECTION('',(-0.198199543554591,0.967870053931617,0.15474010351929));
#2235=DIRECTION('',(0.0,3.78367779669946E-16,1.0));
#2236=DIRECTION('',(-1.0,0.0,6.12303176911189E-17));
#2237=DIRECTION('',(-1.0,0.0,6.12303176911189E-17));
#2238=DIRECTION('',(-1.0,0.0,6.12303176911189E-17));
#2239=DIRECTION('',(-1.0,0.0,6.12303176911189E-17));
#2240=DIRECTION('',(-1.0,0.0,6.12303176911189E-17));
#2241=DIRECTION('',(-1.0,0.0,6.12303176911189E-17));
ENDSEC;
END-ISO-10303-21;
