ISO-10303-21;
HEADER;
FILE_DESCRIPTION (( 'STEP AP214' ),
    '1' );
FILE_NAME ('nrf24l01 mini.STEP',
    '2023-06-22T03:18:02',
    ( '' ),
    ( '' ),
    'SwSTEP 2.0',
    'SolidWorks 2020',
    '' );
FILE_SCHEMA (( 'AUTOMOTIVE_DESIGN' ));
ENDSEC;

DATA;
#1 = DIRECTION ( 'NONE',  ( 0.000000000000000000, 0.000000000000000000, -1.000000000000000000 ) ) ;
#2 = PRESENTATION_STYLE_ASSIGNMENT (( #5575 ) ) ;
#3 = ORIENTED_EDGE ( 'NONE', *, *, #556, .T. ) ;
#4 = DIRECTION ( 'NONE',  ( 0.000000000000000000, 1.000000000000000000, 0.000000000000000000 ) ) ;
#5 = DIRECTION ( 'NONE',  ( 1.000000000000000000, -4.336808689942026413E-15, 0.000000000000000000 ) ) ;
#6 = VECTOR ( 'NONE', #11594, 1000.000000000000000 ) ;
#7 = UNCERTAINTY_MEASURE_WITH_UNIT (LENGTH_MEASURE( 1.000000000000000082E-05 ), #4253, 'distance_accuracy_value', 'NONE');
#8 = VERTEX_POINT ( 'NONE', #1390 ) ;
#9 = AXIS2_PLACEMENT_3D ( 'NONE', #3272, #2986, #5746 ) ;
#10 = EDGE_CURVE ( 'NONE', #9554, #6019, #5158, .T. ) ;
#11 = LINE ( 'NONE', #8211, #526 ) ;
#12 = VECTOR ( 'NONE', #11519, 1000.000000000000000 ) ;
#13 = PLANE ( 'NONE',  #12019 ) ;
#14 = ORIENTED_EDGE ( 'NONE', *, *, #1618, .F. ) ;
#15 = ORIENTED_EDGE ( 'NONE', *, *, #1518, .T. ) ;
#16 = FACE_OUTER_BOUND ( 'NONE', #5447, .T. ) ;
#17 = CARTESIAN_POINT ( 'NONE',  ( 0.000000000000000000, 0.000000000000000000, 1.500000000000000000 ) ) ;
#18 = CARTESIAN_POINT ( 'NONE',  ( 5.455872757806901063, 2.606906106631963649, 1.000000000000000000 ) ) ;
#19 = CARTESIAN_POINT ( 'NONE',  ( 2.425948166299673581, 2.856906106631964093, -1.899999999999999911 ) ) ;
#20 = AXIS2_PLACEMENT_3D ( 'NONE', #8534, #3104, #7619 ) ;
#21 = EDGE_CURVE ( 'NONE', #4297, #4800, #538, .T. ) ;
#22 = ORIENTED_EDGE ( 'NONE', *, *, #459, .F. ) ;
#23 = DIRECTION ( 'NONE',  ( -0.000000000000000000, -0.000000000000000000, -1.000000000000000000 ) ) ;
#24 = ORIENTED_EDGE ( 'NONE', *, *, #8302, .F. ) ;
#25 = AXIS2_PLACEMENT_3D ( 'NONE', #11619, #9069, #8824 ) ;
#26 = CARTESIAN_POINT ( 'NONE',  ( 3.192975979834980826, -0.6427883380858901985, 1.399999999999999911 ) ) ;
#27 = VERTEX_POINT ( 'NONE', #3331 ) ;
#28 = PRESENTATION_STYLE_ASSIGNMENT (( #11141 ) ) ;
#29 = CARTESIAN_POINT ( 'NONE',  ( -2.529934648285827592, 2.295341782195420954, -29.20000000000000284 ) ) ;
#30 = DIRECTION ( 'NONE',  ( -0.000000000000000000, 0.000000000000000000, 1.000000000000000000 ) ) ;
#31 = FILL_AREA_STYLE ('',( #8357 ) ) ;
#32 = DIRECTION ( 'NONE',  ( -1.000000000000000000, -0.000000000000000000, -0.000000000000000000 ) ) ;
#33 = DIRECTION ( 'NONE',  ( 0.000000000000000000, -0.000000000000000000, -1.000000000000000000 ) ) ;
#34 = CARTESIAN_POINT ( 'NONE',  ( 5.020639630881219340, 2.295341782195420954, 1.000000000000000000 ) ) ;
#35 = DIRECTION ( 'NONE',  ( 0.000000000000000000, -1.000000000000000000, 0.000000000000000000 ) ) ;
#36 = ORIENTED_EDGE ( 'NONE', *, *, #8907, .F. ) ;
#37 = VECTOR ( 'NONE', #7029, 1000.000000000000000 ) ;
#38 = EDGE_CURVE ( 'NONE', #7196, #10298, #7049, .T. ) ;
#39 = ORIENTED_EDGE ( 'NONE', *, *, #11670, .T. ) ;
#40 = UNCERTAINTY_MEASURE_WITH_UNIT (LENGTH_MEASURE( 1.000000000000000082E-05 ), #10434, 'distance_accuracy_value', 'NONE');
#41 =( GEOMETRIC_REPRESENTATION_CONTEXT ( 3 ) GLOBAL_UNCERTAINTY_ASSIGNED_CONTEXT ( ( #10249 ) ) GLOBAL_UNIT_ASSIGNED_CONTEXT ( ( #3527, #2850, #199 ) ) REPRESENTATION_CONTEXT ( 'NONE', 'WORKASPACE' ) );
#42 = LINE ( 'NONE', #10432, #2214 ) ;
#43 = CARTESIAN_POINT ( 'NONE',  ( 4.800000000000000711, -4.768682383288472160, 1.600000000000000089 ) ) ;
#44 = CARTESIAN_POINT ( 'NONE',  ( -3.500000000000001332, -4.449999999999997513, 1.000000000000000000 ) ) ;
#45 = LINE ( 'NONE', #6592, #7149 ) ;
#46 =( NAMED_UNIT ( * ) PLANE_ANGLE_UNIT ( ) SI_UNIT ( $, .RADIAN. ) );
#47 = EDGE_LOOP ( 'NONE', ( #2058, #4613, #772, #10217, #10233, #6062 ) ) ;
#48 = CARTESIAN_POINT ( 'NONE',  ( 0.4999999999999948930, -4.649999999999996803, 1.200000000000000178 ) ) ;
#49 = PRESENTATION_STYLE_ASSIGNMENT (( #5503 ) ) ;
#50 = PLANE ( 'NONE',  #7353 ) ;
#51 = AXIS2_PLACEMENT_3D ( 'NONE', #1515, #8094, #2421 ) ;
#52 = CARTESIAN_POINT ( 'NONE',  ( 3.899899111776169658, 2.147362469743642865, 1.000000000000000000 ) ) ;
#53 = ORIENTED_EDGE ( 'NONE', *, *, #5890, .F. ) ;
#54 = PRESENTATION_LAYER_ASSIGNMENT (  '', '', ( #4510 ) ) ;
#55 = EDGE_CURVE ( 'NONE', #5739, #187, #8332, .T. ) ;
#56 = EDGE_LOOP ( 'NONE', ( #9456, #11687, #2942, #2138 ) ) ;
#57 = AXIS2_PLACEMENT_3D ( 'NONE', #6809, #11905, #7847 ) ;
#58 = EDGE_CURVE ( 'NONE', #9886, #2308, #6497, .T. ) ;
#59 = SURFACE_STYLE_FILL_AREA ( #8383 ) ;
#60 = DIRECTION ( 'NONE',  ( -1.000000000000000000, 0.000000000000000000, 0.000000000000000000 ) ) ;
#61 = CARTESIAN_POINT ( 'NONE',  ( 0.000000000000000000, 2.606906106631963649, 1.100000000000000089 ) ) ;
#62 = EDGE_LOOP ( 'NONE', ( #4373, #122, #10774, #10110 ) ) ;
#63 = EDGE_CURVE ( 'NONE', #10151, #8821, #4615, .T. ) ;
#64 = LINE ( 'NONE', #7461, #11895 ) ;
#65 = DIRECTION ( 'NONE',  ( 0.000000000000000000, 0.000000000000000000, 1.000000000000000000 ) ) ;
#66 = ORIENTED_EDGE ( 'NONE', *, *, #2882, .T. ) ;
#67 = PRESENTATION_LAYER_ASSIGNMENT (  '', '', ( #3142 ) ) ;
#68 = EDGE_CURVE ( 'NONE', #1127, #8980, #10632, .T. ) ;
#69 =( NAMED_UNIT ( * ) SI_UNIT ( $, .STERADIAN. ) SOLID_ANGLE_UNIT ( ) );
#70 = CARTESIAN_POINT ( 'NONE',  ( -1.558619850013732266, 2.147362469743642865, 1.000000000000000888 ) ) ;
#71 = ORIENTED_EDGE ( 'NONE', *, *, #182, .T. ) ;
#72 = ORIENTED_EDGE ( 'NONE', *, *, #2121, .T. ) ;
#73 = SURFACE_SIDE_STYLE ('',( #5840 ) ) ;
#74 = SURFACE_STYLE_FILL_AREA ( #5341 ) ;
#75 = DIRECTION ( 'NONE',  ( 0.000000000000000000, 0.000000000000000000, -1.000000000000000000 ) ) ;
#76 = STYLED_ITEM ( 'NONE', ( #1719 ), #9350 ) ;
#77 = FILL_AREA_STYLE ('',( #7543 ) ) ;
#78 = LINE ( 'NONE', #4566, #5393 ) ;
#79 = PLANE ( 'NONE',  #7877 ) ;
#80 = VERTEX_POINT ( 'NONE', #10094 ) ;
#81 = EDGE_LOOP ( 'NONE', ( #7803, #2972, #6312, #6911, #9818, #9653 ) ) ;
#82 = ORIENTED_EDGE ( 'NONE', *, *, #4996, .T. ) ;
#83 = MECHANICAL_DESIGN_GEOMETRIC_PRESENTATION_REPRESENTATION (  '', ( #9774 ), #10557 ) ;
#84 = DIRECTION ( 'NONE',  ( 0.000000000000000000, 0.000000000000000000, 1.000000000000000000 ) ) ;
#85 = ORIENTED_EDGE ( 'NONE', *, *, #2181, .T. ) ;
#86 = CARTESIAN_POINT ( 'NONE',  ( 0.9999999999999935607, -4.099999999999996980, 1.200000000000000178 ) ) ;
#87 = CARTESIAN_POINT ( 'NONE',  ( 4.719581602308915436, 0.1572116619141101512, 1.500000000000000000 ) ) ;
#88 = CARTESIAN_POINT ( 'NONE',  ( 0.7544731550261016828, -1.389077535132158481, 1.399999999999999911 ) ) ;
#89 = SURFACE_STYLE_USAGE ( .BOTH. , #976 ) ;
#90 = CARTESIAN_POINT ( 'NONE',  ( 5.955872757806901063, 0.000000000000000000, 1.100000000000000089 ) ) ;
#91 = PLANE ( 'NONE',  #311 ) ;
#92 = DIRECTION ( 'NONE',  ( 1.000000000000000000, 0.000000000000000000, -0.000000000000000000 ) ) ;
#93 = VECTOR ( 'NONE', #8307, 1000.000000000000000 ) ;
#94 = ORIENTED_EDGE ( 'NONE', *, *, #5552, .F. ) ;
#95 = VERTEX_POINT ( 'NONE', #11859 ) ;
#96 =( GEOMETRIC_REPRESENTATION_CONTEXT ( 3 ) GLOBAL_UNCERTAINTY_ASSIGNED_CONTEXT ( ( #11000 ) ) GLOBAL_UNIT_ASSIGNED_CONTEXT ( ( #8705, #10654, #6024 ) ) REPRESENTATION_CONTEXT ( 'NONE', 'WORKASPACE' ) );
#97 = FACE_OUTER_BOUND ( 'NONE', #9924, .T. ) ;
#98 =( GEOMETRIC_REPRESENTATION_CONTEXT ( 3 ) GLOBAL_UNCERTAINTY_ASSIGNED_CONTEXT ( ( #830 ) ) GLOBAL_UNIT_ASSIGNED_CONTEXT ( ( #4763, #4822, #3114 ) ) REPRESENTATION_CONTEXT ( 'NONE', 'WORKASPACE' ) );
#99 = DIRECTION ( 'NONE',  ( 1.000000000000000000, -0.000000000000000000, 0.000000000000000000 ) ) ;
#100 = CARTESIAN_POINT ( 'NONE',  ( -3.499999999999995115, -2.799999999999997158, 1.200000000000000178 ) ) ;
#101 = AXIS2_PLACEMENT_3D ( 'NONE', #6397, #4391, #11809 ) ;
#102 = CARTESIAN_POINT ( 'NONE',  ( 2.292975979834980471, -0.6427883380858903095, 1.399999999999999911 ) ) ;
#103 = EDGE_CURVE ( 'NONE', #7291, #2122, #1682, .T. ) ;
#104 = FACE_OUTER_BOUND ( 'NONE', #7260, .T. ) ;
#105 = EDGE_CURVE ( 'NONE', #9909, #9830, #11, .T. ) ;
#106 = CARTESIAN_POINT ( 'NONE',  ( -3.999999999999995559, -2.799999999999997158, 1.200000000000000178 ) ) ;
#107 = AXIS2_PLACEMENT_3D ( 'NONE', #2590, #9186, #7237 ) ;
#108 = AXIS2_PLACEMENT_3D ( 'NONE', #634, #4349, #11771 ) ;
#109 = ORIENTED_EDGE ( 'NONE', *, *, #6942, .F. ) ;
#110 = ORIENTED_EDGE ( 'NONE', *, *, #10424, .T. ) ;
#111 = STYLED_ITEM ( 'NONE', ( #846 ), #2995 ) ;
#112 = LINE ( 'NONE', #8501, #2893 ) ;
#113 = AXIS2_PLACEMENT_3D ( 'NONE', #3321, #6009, #11663 ) ;
#114 = VECTOR ( 'NONE', #10245, 1000.000000000000000 ) ;
#115 = FACE_BOUND ( 'NONE', #9092, .T. ) ;
#116 = STYLED_ITEM ( 'NONE', ( #511 ), #10751 ) ;
#117 = EDGE_CURVE ( 'NONE', #8362, #3472, #9124, .T. ) ;
#118 = VERTEX_POINT ( 'NONE', #10155 ) ;
#119 = CARTESIAN_POINT ( 'NONE',  ( -3.928786089951735505, 2.295341782195420954, 1.000000000000000000 ) ) ;
#120 = LINE ( 'NONE', #11237, #4697 ) ;
#121 = MECHANICAL_DESIGN_GEOMETRIC_PRESENTATION_REPRESENTATION (  '', ( #8075 ), #7296 ) ;
#122 = ORIENTED_EDGE ( 'NONE', *, *, #9347, .T. ) ;
#123 = ADVANCED_FACE ( 'NONE', ( #11063 ), #8275, .F. ) ;
#124 = EDGE_CURVE ( 'NONE', #1482, #2281, #2654, .T. ) ;
#125 = PRESENTATION_LAYER_ASSIGNMENT (  '', '', ( #11191 ) ) ;
#126 = DIRECTION ( 'NONE',  ( -1.000000000000000000, -0.000000000000000000, -0.000000000000000000 ) ) ;
#127 = CARTESIAN_POINT ( 'NONE',  ( 0.000000000000000000, 0.000000000000000000, 1.200000000000000178 ) ) ;
#128 = ORIENTED_EDGE ( 'NONE', *, *, #9671, .F. ) ;
#129 = ORIENTED_EDGE ( 'NONE', *, *, #8460, .T. ) ;
#130 = SURFACE_STYLE_FILL_AREA ( #9490 ) ;
#131 = CARTESIAN_POINT ( 'NONE',  ( 4.719581602308915436, 0.000000000000000000, 1.500000000000000000 ) ) ;
#132 = FACE_OUTER_BOUND ( 'NONE', #5394, .T. ) ;
#133 = DIRECTION ( 'NONE',  ( -1.000000000000000000, 0.000000000000000000, 0.000000000000000000 ) ) ;
#134 = ORIENTED_EDGE ( 'NONE', *, *, #2234, .F. ) ;
#135 = ORIENTED_EDGE ( 'NONE', *, *, #3688, .F. ) ;
#136 = ORIENTED_EDGE ( 'NONE', *, *, #11994, .F. ) ;
#137 = CARTESIAN_POINT ( 'NONE',  ( -3.500000000000003109, -5.999999999999997335, 1.000000000000000000 ) ) ;
#138 = ORIENTED_EDGE ( 'NONE', *, *, #6458, .F. ) ;
#139 = PRESENTATION_STYLE_ASSIGNMENT (( #9564 ) ) ;
#140 = DIRECTION ( 'NONE',  ( 0.000000000000000000, 0.000000000000000000, 1.000000000000000000 ) ) ;
#141 = CARTESIAN_POINT ( 'NONE',  ( 5.010595553590371232, -7.994982302604838331, 1.100000000000000089 ) ) ;
#142 = CARTESIAN_POINT ( 'NONE',  ( -0.000000000000000000, 8.869867354517255720, 1.000000000000000000 ) ) ;
#143 = PLANE ( 'NONE',  #9862 ) ;
#144 = LINE ( 'NONE', #4077, #11385 ) ;
#145 = SURFACE_STYLE_USAGE ( .BOTH. , #9390 ) ;
#146 = AXIS2_PLACEMENT_3D ( 'NONE', #10398, #7659, #11427 ) ;
#147 = VECTOR ( 'NONE', #11433, 1000.000000000000000 ) ;
#148 = DIRECTION ( 'NONE',  ( 0.000000000000000000, -1.000000000000000000, 0.000000000000000000 ) ) ;
#149 = VERTEX_POINT ( 'NONE', #8084 ) ;
#150 = EDGE_LOOP ( 'NONE', ( #3473, #1496, #6321, #1220 ) ) ;
#151 = UNCERTAINTY_MEASURE_WITH_UNIT (LENGTH_MEASURE( 1.000000000000000082E-05 ), #2811, 'distance_accuracy_value', 'NONE');
#152 = EDGE_CURVE ( 'NONE', #3510, #10601, #6252, .T. ) ;
#153 = EDGE_CURVE ( 'NONE', #5028, #11102, #11990, .T. ) ;
#154 = LINE ( 'NONE', #6350, #3756 ) ;
#155 =( GEOMETRIC_REPRESENTATION_CONTEXT ( 3 ) GLOBAL_UNCERTAINTY_ASSIGNED_CONTEXT ( ( #3032 ) ) GLOBAL_UNIT_ASSIGNED_CONTEXT ( ( #1558, #10697, #3141 ) ) REPRESENTATION_CONTEXT ( 'NONE', 'WORKASPACE' ) );
#156 = CARTESIAN_POINT ( 'NONE',  ( -0.7182825874325383664, -7.703812483605563108E-17, 1.100000000000000089 ) ) ;
#157 = CARTESIAN_POINT ( 'NONE',  ( 5.300000000000000711, -2.768682383288471271, 1.700000000000000178 ) ) ;
#158 = SURFACE_SIDE_STYLE ('',( #8369 ) ) ;
#159 = DIRECTION ( 'NONE',  ( -0.000000000000000000, 1.000000000000000000, -0.000000000000000000 ) ) ;
#160 = DIRECTION ( 'NONE',  ( 0.000000000000000000, 1.000000000000000000, 0.000000000000000000 ) ) ;
#161 =( LENGTH_UNIT ( ) NAMED_UNIT ( * ) SI_UNIT ( .MILLI., .METRE. ) );
#162 = DIRECTION ( 'NONE',  ( 0.000000000000000000, 1.000000000000000000, 0.000000000000000000 ) ) ;
#163 = AXIS2_PLACEMENT_3D ( 'NONE', #2005, #9569, #8827 ) ;
#164 = EDGE_LOOP ( 'NONE', ( #4690, #3027, #6586, #7346 ) ) ;
#165 = EDGE_CURVE ( 'NONE', #11613, #1377, #712, .T. ) ;
#166 = MECHANICAL_DESIGN_GEOMETRIC_PRESENTATION_REPRESENTATION (  '', ( #2866 ), #9486 ) ;
#167 = ORIENTED_EDGE ( 'NONE', *, *, #9608, .F. ) ;
#168 = VECTOR ( 'NONE', #5629, 1000.000000000000000 ) ;
#169 = DIRECTION ( 'NONE',  ( 0.000000000000000000, -1.000000000000000000, 0.000000000000000000 ) ) ;
#170 = FACE_BOUND ( 'NONE', #895, .T. ) ;
#171 = LINE ( 'NONE', #3927, #9011 ) ;
#172 = ORIENTED_EDGE ( 'NONE', *, *, #6189, .T. ) ;
#174 = VECTOR ( 'NONE', #9259, 1000.000000000000000 ) ;
#173 = FACE_OUTER_BOUND ( 'NONE', #7226, .T. ) ;
#175 = DIRECTION ( 'NONE',  ( 0.000000000000000000, 0.000000000000000000, -1.000000000000000000 ) ) ;
#176 = CARTESIAN_POINT ( 'NONE',  ( -5.692492299719079440, 0.000000000000000000, 1.500000000000000000 ) ) ;
#177 = DIRECTION ( 'NONE',  ( 1.000000000000000000, 0.000000000000000000, 0.000000000000000000 ) ) ;
#178 = ORIENTED_EDGE ( 'NONE', *, *, #3452, .F. ) ;
#179 = VECTOR ( 'NONE', #2800, 1000.000000000000000 ) ;
#180 =( GEOMETRIC_REPRESENTATION_CONTEXT ( 3 ) GLOBAL_UNCERTAINTY_ASSIGNED_CONTEXT ( ( #7441 ) ) GLOBAL_UNIT_ASSIGNED_CONTEXT ( ( #4521, #6209, #3475 ) ) REPRESENTATION_CONTEXT ( 'NONE', 'WORKASPACE' ) );
#181 = AXIS2_PLACEMENT_3D ( 'NONE', #9611, #9439, #6869 ) ;
#182 = EDGE_CURVE ( 'NONE', #11189, #8363, #1871, .T. ) ;
#183 = CARTESIAN_POINT ( 'NONE',  ( 0.000000000000000000, -2.288776141202243153, 1.500000000000000000 ) ) ;
#184 = CARTESIAN_POINT ( 'NONE',  ( -1.050000000000002709, -1.999999999999997335, 1.000000000000000000 ) ) ;
#185 = ORIENTED_EDGE ( 'NONE', *, *, #5570, .F. ) ;
#186 =( GEOMETRIC_REPRESENTATION_CONTEXT ( 3 ) GLOBAL_UNCERTAINTY_ASSIGNED_CONTEXT ( ( #1443 ) ) GLOBAL_UNIT_ASSIGNED_CONTEXT ( ( #6547, #5639, #5697 ) ) REPRESENTATION_CONTEXT ( 'NONE', 'WORKASPACE' ) );
#187 = VERTEX_POINT ( 'NONE', #1144 ) ;
#188 = FACE_OUTER_BOUND ( 'NONE', #7309, .T. ) ;
#189 = LINE ( 'NONE', #2905, #527 ) ;
#190 = LINE ( 'NONE', #3144, #1788 ) ;
#191 = AXIS2_PLACEMENT_3D ( 'NONE', #10820, #2471, #9182 ) ;
#192 = DIRECTION ( 'NONE',  ( 0.000000000000000000, -1.000000000000000000, 0.000000000000000000 ) ) ;
#193 = CARTESIAN_POINT ( 'NONE',  ( 0.4999999999999970579, -2.799999999999997158, 1.000000000000000000 ) ) ;
#194 = DIRECTION ( 'NONE',  ( 1.000000000000000000, 0.000000000000000000, 0.000000000000000000 ) ) ;
#195 = EDGE_LOOP ( 'NONE', ( #4377, #8419, #7981, #7372 ) ) ;
#196 = VECTOR ( 'NONE', #3733, 1000.000000000000000 ) ;
#197 = VERTEX_POINT ( 'NONE', #9484 ) ;
#198 = ORIENTED_EDGE ( 'NONE', *, *, #10322, .F. ) ;
#199 =( NAMED_UNIT ( * ) SI_UNIT ( $, .STERADIAN. ) SOLID_ANGLE_UNIT ( ) );
#200 = EDGE_CURVE ( 'NONE', #6631, #5185, #4786, .T. ) ;
#201 = ORIENTED_EDGE ( 'NONE', *, *, #10861, .T. ) ;
#202 = DIRECTION ( 'NONE',  ( 0.000000000000000000, -0.000000000000000000, 1.000000000000000000 ) ) ;
#203 = DIRECTION ( 'NONE',  ( -0.000000000000000000, -0.000000000000000000, -1.000000000000000000 ) ) ;
#204 = PRESENTATION_STYLE_ASSIGNMENT (( #3784 ) ) ;
#205 = PRESENTATION_LAYER_ASSIGNMENT (  '', '', ( #11265 ) ) ;
#206 = CARTESIAN_POINT ( 'NONE',  ( 3.200000000000001066, -2.468682383288471449, 1.800000000000000266 ) ) ;
#207 = AXIS2_PLACEMENT_3D ( 'NONE', #4130, #4015, #6759 ) ;
#208 = CARTESIAN_POINT ( 'NONE',  ( 1.571213910048264051, 2.295341782195420954, 0.000000000000000000 ) ) ;
#209 = ADVANCED_FACE ( 'NONE', ( #3025 ), #7726, .F. ) ;
#210 = CARTESIAN_POINT ( 'NONE',  ( 0.7544731550261016828, -1.389077535132158481, 1.500000000000000000 ) ) ;
#211 = LINE ( 'NONE', #3907, #4298 ) ;
#212 = CARTESIAN_POINT ( 'NONE',  ( -1.285447166564339883, 0.000000000000000000, 1.000000000000000000 ) ) ;
#213 = ORIENTED_EDGE ( 'NONE', *, *, #2013, .T. ) ;
#214 = EDGE_LOOP ( 'NONE', ( #1763, #7138, #2881, #6279 ) ) ;
#215 = AXIS2_PLACEMENT_3D ( 'NONE', #4044, #1318, #11419 ) ;
#216 = DIRECTION ( 'NONE',  ( 0.000000000000000000, -0.000000000000000000, 1.000000000000000000 ) ) ;
#217 = CARTESIAN_POINT ( 'NONE',  ( -3.999999999999995559, -2.999999999999996891, 1.000000000000000000 ) ) ;
#218 = FILL_AREA_STYLE ('',( #11462 ) ) ;
#219 = DIRECTION ( 'NONE',  ( 1.000000000000000000, 0.000000000000000000, 0.000000000000000000 ) ) ;
#220 = CARTESIAN_POINT ( 'NONE',  ( -1.950000000000002842, -5.999999999999997335, 1.200000000000000178 ) ) ;
#221 = FACE_OUTER_BOUND ( 'NONE', #4302, .T. ) ;
#222 = AXIS2_PLACEMENT_3D ( 'NONE', #9594, #10684, #11598 ) ;
#223 = SURFACE_STYLE_USAGE ( .BOTH. , #9698 ) ;
#224 = DIRECTION ( 'NONE',  ( -1.000000000000000000, 0.000000000000000000, 0.000000000000000000 ) ) ;
#225 = EDGE_CURVE ( 'NONE', #10931, #7746, #6351, .T. ) ;
#226 = VERTEX_POINT ( 'NONE', #3758 ) ;
#227 = EDGE_CURVE ( 'NONE', #2610, #9842, #6873, .T. ) ;
#228 = COLOUR_RGB ( '',1.000000000000000000, 1.000000000000000000, 1.000000000000000000 ) ;
#229 = ORIENTED_EDGE ( 'NONE', *, *, #3196, .F. ) ;
#230 = CARTESIAN_POINT ( 'NONE',  ( 0.000000000000000000, 0.000000000000000000, 1.200000000000000178 ) ) ;
#231 = FACE_BOUND ( 'NONE', #4232, .T. ) ;
#232 = VERTEX_POINT ( 'NONE', #11185 ) ;
#233 = PRESENTATION_LAYER_ASSIGNMENT (  '', '', ( #11105 ) ) ;
#234 = EDGE_CURVE ( 'NONE', #8980, #6192, #11302, .T. ) ;
#235 = PLANE ( 'NONE',  #215 ) ;
#236 = CARTESIAN_POINT ( 'NONE',  ( 0.9999999999999895639, -2.999999999999996891, 1.200000000000000178 ) ) ;
#237 =( GEOMETRIC_REPRESENTATION_CONTEXT ( 3 ) GLOBAL_UNCERTAINTY_ASSIGNED_CONTEXT ( ( #1601 ) ) GLOBAL_UNIT_ASSIGNED_CONTEXT ( ( #5215, #8938, #4483 ) ) REPRESENTATION_CONTEXT ( 'NONE', 'WORKASPACE' ) );
#238 = DIRECTION ( 'NONE',  ( 0.000000000000000000, 0.000000000000000000, 1.000000000000000000 ) ) ;
#239 = ORIENTED_EDGE ( 'NONE', *, *, #9347, .F. ) ;
#240 = VECTOR ( 'NONE', #8577, 1000.000000000000000 ) ;
#241 = FILL_AREA_STYLE ('',( #8569 ) ) ;
#242 = DIRECTION ( 'NONE',  ( 1.000000000000000000, 0.000000000000000000, 0.000000000000000000 ) ) ;
#243 = ORIENTED_EDGE ( 'NONE', *, *, #8267, .F. ) ;
#244 = VERTEX_POINT ( 'NONE', #6615 ) ;
#245 =( LENGTH_UNIT ( ) NAMED_UNIT ( * ) SI_UNIT ( .MILLI., .METRE. ) );
#246 = SURFACE_STYLE_USAGE ( .BOTH. , #5030 ) ;
#247 = DIRECTION ( 'NONE',  ( -0.000000000000000000, -0.000000000000000000, 1.000000000000000000 ) ) ;
#248 = CARTESIAN_POINT ( 'NONE',  ( -2.500000000000003109, -5.999999999999997335, 1.200000000000000178 ) ) ;
#249 = ADVANCED_FACE ( 'NONE', ( #3883 ), #3997, .F. ) ;
#250 = CYLINDRICAL_SURFACE ( 'NONE', #802, 0.09999999999999982514 ) ;
#251 = LINE ( 'NONE', #3945, #11736 ) ;
#252 = EDGE_CURVE ( 'NONE', #11093, #5648, #10281, .T. ) ;
#253 = VERTEX_POINT ( 'NONE', #2048 ) ;
#254 = ORIENTED_EDGE ( 'NONE', *, *, #6794, .T. ) ;
#255 = ORIENTED_EDGE ( 'NONE', *, *, #358, .T. ) ;
#256 = EDGE_LOOP ( 'NONE', ( #2041, #3374, #5679, #1338 ) ) ;
#257 = CARTESIAN_POINT ( 'NONE',  ( -4.729934648285827770, 2.295341782195420954, 1.000000000000000000 ) ) ;
#258 = VERTEX_POINT ( 'NONE', #1925 ) ;
#259 = CARTESIAN_POINT ( 'NONE',  ( -1.714552833435666335, 0.000000000000000000, 1.000000000000000000 ) ) ;
#260 = AXIS2_PLACEMENT_3D ( 'NONE', #3934, #238, #3079 ) ;
#261 = DIRECTION ( 'NONE',  ( 0.000000000000000000, -0.000000000000000000, 1.000000000000000000 ) ) ;
#262 = PLANE ( 'NONE',  #4648 ) ;
#263 = DIRECTION ( 'NONE',  ( -0.000000000000000000, -0.000000000000000000, -1.000000000000000000 ) ) ;
#264 =( NAMED_UNIT ( * ) SI_UNIT ( $, .STERADIAN. ) SOLID_ANGLE_UNIT ( ) );
#265 = EDGE_CURVE ( 'NONE', #1854, #6645, #3588, .T. ) ;
#266 = DIRECTION ( 'NONE',  ( 0.000000000000000000, -0.000000000000000000, 1.000000000000000000 ) ) ;
#267 = ORIENTED_EDGE ( 'NONE', *, *, #9825, .F. ) ;
#268 = EDGE_CURVE ( 'NONE', #1219, #7504, #5651, .T. ) ;
#269 = ORIENTED_EDGE ( 'NONE', *, *, #5907, .F. ) ;
#270 = FILL_AREA_STYLE_COLOUR ( '', #10394 ) ;
#271 = CARTESIAN_POINT ( 'NONE',  ( 3.300000000000000711, -2.468682383288471449, 1.800000000000000266 ) ) ;
#272 = CARTESIAN_POINT ( 'NONE',  ( -0.000000000000000000, 2.147362469743642865, 1.000000000000000000 ) ) ;
#273 = DIRECTION ( 'NONE',  ( 0.000000000000000000, 0.000000000000000000, 1.000000000000000000 ) ) ;
#274 = DIRECTION ( 'NONE',  ( 0.000000000000000000, 0.000000000000000000, 1.000000000000000000 ) ) ;
#275 = EDGE_CURVE ( 'NONE', #4497, #9829, #2035, .T. ) ;
#276 = DIRECTION ( 'NONE',  ( 1.000000000000000000, 0.000000000000000000, 0.000000000000000000 ) ) ;
#277 = CARTESIAN_POINT ( 'NONE',  ( -1.050000000000002709, -5.999999999999997335, 1.200000000000000178 ) ) ;
#278 = SURFACE_STYLE_FILL_AREA ( #7573 ) ;
#279 =( LENGTH_UNIT ( ) NAMED_UNIT ( * ) SI_UNIT ( .MILLI., .METRE. ) );
#280 = SURFACE_STYLE_FILL_AREA ( #4887 ) ;
#281 = ORIENTED_EDGE ( 'NONE', *, *, #4622, .F. ) ;
#282 = STYLED_ITEM ( 'NONE', ( #10483 ), #4421 ) ;
#283 = EDGE_LOOP ( 'NONE', ( #2112, #6892, #3833, #3214 ) ) ;
#284 = AXIS2_PLACEMENT_3D ( 'NONE', #6402, #3597, #734 ) ;
#285 = CIRCLE ( 'NONE', #7270, 0.1494257208329539954 ) ;
#286 = DIRECTION ( 'NONE',  ( 1.000000000000000000, -0.000000000000000000, 0.000000000000000000 ) ) ;
#287 = FACE_BOUND ( 'NONE', #9897, .T. ) ;
#288 = SURFACE_SIDE_STYLE ('',( #6917 ) ) ;
#289 = EDGE_LOOP ( 'NONE', ( #1140, #9315, #732, #6500 ) ) ;
#290 = CARTESIAN_POINT ( 'NONE',  ( -0.5000000000000026645, -1.499999999999997335, 1.200000000000000178 ) ) ;
#291 = AXIS2_PLACEMENT_3D ( 'NONE', #5045, #433, #1455 ) ;
#292 =( GEOMETRIC_REPRESENTATION_CONTEXT ( 3 ) GLOBAL_UNCERTAINTY_ASSIGNED_CONTEXT ( ( #5957 ) ) GLOBAL_UNIT_ASSIGNED_CONTEXT ( ( #4383, #6328, #2533 ) ) REPRESENTATION_CONTEXT ( 'NONE', 'WORKASPACE' ) );
#293 = DIRECTION ( 'NONE',  ( -0.000000000000000000, -0.000000000000000000, -1.000000000000000000 ) ) ;
#294 = CARTESIAN_POINT ( 'NONE',  ( -0.3000000000000025424, -1.999999999999997335, 1.200000000000000178 ) ) ;
#295 = FILL_AREA_STYLE_COLOUR ( '', #1791 ) ;
#296 = VERTEX_POINT ( 'NONE', #4846 ) ;
#297 = PRESENTATION_LAYER_ASSIGNMENT (  '', '', ( #11553 ) ) ;
#298 = AXIS2_PLACEMENT_3D ( 'NONE', #4364, #10920, #10994 ) ;
#299 = STYLED_ITEM ( 'NONE', ( #1441 ), #11354 ) ;
#300 =( NAMED_UNIT ( * ) PLANE_ANGLE_UNIT ( ) SI_UNIT ( $, .RADIAN. ) );
#301 = ADVANCED_FACE ( 'NONE', ( #10338 ), #11245, .F. ) ;
#302 = ORIENTED_EDGE ( 'NONE', *, *, #8350, .F. ) ;
#303 = ORIENTED_EDGE ( 'NONE', *, *, #9608, .T. ) ;
#304 = VECTOR ( 'NONE', #9023, 1000.000000000000000 ) ;
#305 =( NAMED_UNIT ( * ) PLANE_ANGLE_UNIT ( ) SI_UNIT ( $, .RADIAN. ) );
#306 = AXIS2_PLACEMENT_3D ( 'NONE', #6674, #956, #4727 ) ;
#307 = LINE ( 'NONE', #7668, #3136 ) ;
#308 = CARTESIAN_POINT ( 'NONE',  ( -0.3000000000000025424, -5.999999999999997335, 1.200000000000000178 ) ) ;
#309 = DIRECTION ( 'NONE',  ( -1.084202172485506406E-15, -1.000000000000000000, -0.000000000000000000 ) ) ;
#310 = CARTESIAN_POINT ( 'NONE',  ( -0.000000000000000000, 5.837225230594265568, 1.000000000000000000 ) ) ;
#311 = AXIS2_PLACEMENT_3D ( 'NONE', #6274, #9273, #2679 ) ;
#312 = ORIENTED_EDGE ( 'NONE', *, *, #4121, .T. ) ;
#313 = ORIENTED_EDGE ( 'NONE', *, *, #1549, .F. ) ;
#314 = ORIENTED_EDGE ( 'NONE', *, *, #11840, .F. ) ;
#315 = ADVANCED_FACE ( 'NONE', ( #6333 ), #2538, .F. ) ;
#316 = COLOUR_RGB ( '',1.000000000000000000, 1.000000000000000000, 0.5019607843137254832 ) ;
#317 = ORIENTED_EDGE ( 'NONE', *, *, #10696, .F. ) ;
#318 = VECTOR ( 'NONE', #3221, 1000.000000000000000 ) ;
#319 = EDGE_CURVE ( 'NONE', #10112, #7196, #6517, .T. ) ;
#320 = MECHANICAL_DESIGN_GEOMETRIC_PRESENTATION_REPRESENTATION (  '', ( #11191 ), #2827 ) ;
#321 = FACE_OUTER_BOUND ( 'NONE', #5293, .T. ) ;
#322 = VERTEX_POINT ( 'NONE', #1760 ) ;
#323 = FACE_OUTER_BOUND ( 'NONE', #7730, .T. ) ;
#324 = SURFACE_STYLE_FILL_AREA ( #8651 ) ;
#325 = SURFACE_STYLE_USAGE ( .BOTH. , #10595 ) ;
#326 = LINE ( 'NONE', #1172, #7078 ) ;
#327 = CARTESIAN_POINT ( 'NONE',  ( 0.000000000000000000, -2.188776141202243508, 1.399999999999999911 ) ) ;
#328 = FILL_AREA_STYLE ('',( #11456 ) ) ;
#329 = ORIENTED_EDGE ( 'NONE', *, *, #4139, .T. ) ;
#330 = ORIENTED_EDGE ( 'NONE', *, *, #5455, .T. ) ;
#331 = EDGE_CURVE ( 'NONE', #7579, #7939, #9075, .T. ) ;
#332 = DIRECTION ( 'NONE',  ( 0.000000000000000000, -1.000000000000000000, 0.000000000000000000 ) ) ;
#333 = PLANE ( 'NONE',  #1281 ) ;
#334 =( LENGTH_UNIT ( ) NAMED_UNIT ( * ) SI_UNIT ( .MILLI., .METRE. ) );
#335 = SURFACE_STYLE_USAGE ( .BOTH. , #9755 ) ;
#336 = CARTESIAN_POINT ( 'NONE',  ( -3.758619850013732222, 2.147362469743642865, 0.000000000000000000 ) ) ;
#337 = SURFACE_STYLE_USAGE ( .BOTH. , #7766 ) ;
#338 = ADVANCED_FACE ( 'NONE', ( #3470 ), #2604, .F. ) ;
#339 = CARTESIAN_POINT ( 'NONE',  ( 5.100000000000001421, -2.468682383288471449, 1.700000000000000178 ) ) ;
#340 = VECTOR ( 'NONE', #11124, 1000.000000000000000 ) ;
#341 = LINE ( 'NONE', #1185, #10013 ) ;
#342 = LINE ( 'NONE', #2207, #8133 ) ;
#343 = DIRECTION ( 'NONE',  ( 0.000000000000000000, 0.000000000000000000, 1.000000000000000000 ) ) ;
#344 = EDGE_CURVE ( 'NONE', #4392, #7536, #7182, .T. ) ;
#345 = ORIENTED_EDGE ( 'NONE', *, *, #6260, .F. ) ;
#346 = EDGE_LOOP ( 'NONE', ( #10293, #6070, #2236, #4000 ) ) ;
#347 = LINE ( 'NONE', #10504, #6977 ) ;
#348 = LINE ( 'NONE', #6970, #2904 ) ;
#349 = DIRECTION ( 'NONE',  ( 0.000000000000000000, -0.000000000000000000, 1.000000000000000000 ) ) ;
#350 = VERTEX_POINT ( 'NONE', #3586 ) ;
#351 = EDGE_CURVE ( 'NONE', #9530, #2512, #7310, .T. ) ;
#352 =( NAMED_UNIT ( * ) SI_UNIT ( $, .STERADIAN. ) SOLID_ANGLE_UNIT ( ) );
#353 = DIRECTION ( 'NONE',  ( -1.084202172485506406E-15, 1.000000000000000000, 0.000000000000000000 ) ) ;
#354 = CARTESIAN_POINT ( 'NONE',  ( 0.6206396308812188733, 2.295341782195420954, 1.000000000000000000 ) ) ;
#355 = VECTOR ( 'NONE', #3506, 1000.000000000000000 ) ;
#356 = ADVANCED_FACE ( 'NONE', ( #9153 ), #9881, .F. ) ;
#357 = ORIENTED_EDGE ( 'NONE', *, *, #9994, .T. ) ;
#358 = EDGE_CURVE ( 'NONE', #4536, #4309, #6683, .T. ) ;
#359 = CIRCLE ( 'NONE', #10651, 0.5000000000000004441 ) ;
#360 = PRESENTATION_STYLE_ASSIGNMENT (( #7788 ) ) ;
#361 = COLOUR_RGB ( '',1.000000000000000000, 1.000000000000000000, 1.000000000000000000 ) ;
#362 = PRESENTATION_LAYER_ASSIGNMENT (  '', '', ( #8896 ) ) ;
#363 =( NAMED_UNIT ( * ) PLANE_ANGLE_UNIT ( ) SI_UNIT ( $, .RADIAN. ) );
#364 = ORIENTED_EDGE ( 'NONE', *, *, #8815, .F. ) ;
#365 = ORIENTED_EDGE ( 'NONE', *, *, #11294, .T. ) ;
#366 =( NAMED_UNIT ( * ) SI_UNIT ( $, .STERADIAN. ) SOLID_ANGLE_UNIT ( ) );
#367 = PLANE ( 'NONE',  #1049 ) ;
#368 = DIRECTION ( 'NONE',  ( -0.000000000000000000, -0.000000000000000000, -1.000000000000000000 ) ) ;
#369 = CARTESIAN_POINT ( 'NONE',  ( -4.016593218723101266, 0.000000000000000000, 1.500000000000000000 ) ) ;
#370 = CIRCLE ( 'NONE', #8338, 0.4000000000000001887 ) ;
#371 = CARTESIAN_POINT ( 'NONE',  ( 0.000000000000000000, 0.000000000000000000, 1.200000000000000178 ) ) ;
#372 = CARTESIAN_POINT ( 'NONE',  ( 3.500000000000001332, -4.768682383288472160, 1.700000000000000178 ) ) ;
#373 = ORIENTED_EDGE ( 'NONE', *, *, #10870, .F. ) ;
#374 = PRESENTATION_LAYER_ASSIGNMENT (  '', '', ( #1909 ) ) ;
#375 = EDGE_CURVE ( 'NONE', #7344, #6480, #3774, .T. ) ;
#376 = VERTEX_POINT ( 'NONE', #4407 ) ;
#377 = ADVANCED_FACE ( 'NONE', ( #6159, #10795 ), #3426, .T. ) ;
#378 = ORIENTED_EDGE ( 'NONE', *, *, #1397, .F. ) ;
#379 = CIRCLE ( 'NONE', #8335, 0.1000000000000000472 ) ;
#380 = MECHANICAL_DESIGN_GEOMETRIC_PRESENTATION_REPRESENTATION (  '', ( #5617 ), #8893 ) ;
#381 = DIRECTION ( 'NONE',  ( -0.000000000000000000, -0.000000000000000000, -1.000000000000000000 ) ) ;
#382 = ORIENTED_EDGE ( 'NONE', *, *, #2251, .F. ) ;
#383 = LINE ( 'NONE', #6881, #1517 ) ;
#384 = EDGE_CURVE ( 'NONE', #9149, #7297, #2983, .T. ) ;
#385 = DIRECTION ( 'NONE',  ( 0.000000000000000000, -0.000000000000000000, 1.000000000000000000 ) ) ;
#386 = LINE ( 'NONE', #3960, #9447 ) ;
#387 = LINE ( 'NONE', #11271, #787 ) ;
#388 = STYLED_ITEM ( 'NONE', ( #11171 ), #6558 ) ;
#389 = EDGE_LOOP ( 'NONE', ( #609, #1906, #2946, #7503 ) ) ;
#390 = EDGE_LOOP ( 'NONE', ( #11418, #3818, #2452, #11489 ) ) ;
#391 = DIRECTION ( 'NONE',  ( -0.000000000000000000, -0.000000000000000000, -1.000000000000000000 ) ) ;
#392 = CARTESIAN_POINT ( 'NONE',  ( 0.000000000000000000, 0.000000000000000000, 1.100000000000000089 ) ) ;
#393 = DIRECTION ( 'NONE',  ( -0.000000000000000000, -0.000000000000000000, -1.000000000000000000 ) ) ;
#394 = CARTESIAN_POINT ( 'NONE',  ( -0.5000000000000026645, -1.499999999999997335, 1.200000000000000178 ) ) ;
#395 = FACE_OUTER_BOUND ( 'NONE', #1430, .T. ) ;
#396 = DIRECTION ( 'NONE',  ( 1.000000000000000000, 0.000000000000000000, 0.000000000000000000 ) ) ;
#397 = LINE ( 'NONE', #4213, #1352 ) ;
#398 = CARTESIAN_POINT ( 'NONE',  ( -3.230000000000000426, -7.994982302604838331, 0.000000000000000000 ) ) ;
#399 = FACE_BOUND ( 'NONE', #11369, .T. ) ;
#400 =( NAMED_UNIT ( * ) SI_UNIT ( $, .STERADIAN. ) SOLID_ANGLE_UNIT ( ) );
#401 = EDGE_CURVE ( 'NONE', #7939, #6451, #8180, .T. ) ;
#402 = ORIENTED_EDGE ( 'NONE', *, *, #4299, .F. ) ;
#403 = EDGE_LOOP ( 'NONE', ( #8787, #5077, #6294, #1609 ) ) ;
#404 = DIRECTION ( 'NONE',  ( 0.000000000000000000, 0.000000000000000000, -1.000000000000000000 ) ) ;
#405 =( NAMED_UNIT ( * ) PLANE_ANGLE_UNIT ( ) SI_UNIT ( $, .RADIAN. ) );
#406 = VERTEX_POINT ( 'NONE', #8244 ) ;
#407 = VECTOR ( 'NONE', #6667, 1000.000000000000000 ) ;
#408 = DIRECTION ( 'NONE',  ( 0.000000000000000000, -0.000000000000000000, -1.000000000000000000 ) ) ;
#409 = CARTESIAN_POINT ( 'NONE',  ( -2.500000000000003109, -1.999999999999997335, 1.000000000000000000 ) ) ;
#410 = CARTESIAN_POINT ( 'NONE',  ( -3.702035936607396049, 8.469867354517257141, 1.100000000000000089 ) ) ;
#411 = ORIENTED_EDGE ( 'NONE', *, *, #8447, .F. ) ;
#412 = VECTOR ( 'NONE', #8186, 1000.000000000000000 ) ;
#413 = EDGE_CURVE ( 'NONE', #7284, #5642, #11829, .T. ) ;
#414 = DIRECTION ( 'NONE',  ( -0.000000000000000000, 0.000000000000000000, 1.000000000000000000 ) ) ;
#415 = EDGE_CURVE ( 'NONE', #2194, #9240, #3608, .T. ) ;
#416 = AXIS2_PLACEMENT_3D ( 'NONE', #1371, #3125, #404 ) ;
#417 = EDGE_LOOP ( 'NONE', ( #11331, #7728, #8926, #5377 ) ) ;
#418 = ORIENTED_EDGE ( 'NONE', *, *, #6994, .F. ) ;
#419 = DIRECTION ( 'NONE',  ( 1.000000000000000000, 0.000000000000000000, 0.000000000000000000 ) ) ;
#420 = CARTESIAN_POINT ( 'NONE',  ( -6.000000000000000000, -8.999999999999998224, 0.000000000000000000 ) ) ;
#421 = DIRECTION ( 'NONE',  ( -1.000000000000000000, 0.000000000000000000, 0.000000000000000000 ) ) ;
#422 = DIRECTION ( 'NONE',  ( 0.000000000000000000, -1.000000000000000000, 0.000000000000000000 ) ) ;
#423 = CARTESIAN_POINT ( 'NONE',  ( 0.4999999999999972800, -3.899999999999997247, 1.200000000000000178 ) ) ;
#424 = LINE ( 'NONE', #10755, #1914 ) ;
#425 = ORIENTED_EDGE ( 'NONE', *, *, #3135, .T. ) ;
#426 = STYLED_ITEM ( 'NONE', ( #4810 ), #2851 ) ;
#427 = EDGE_CURVE ( 'NONE', #10803, #8876, #5306, .T. ) ;
#428 = ORIENTED_EDGE ( 'NONE', *, *, #2402, .F. ) ;
#429 = VECTOR ( 'NONE', #462, 1000.000000000000000 ) ;
#430 = EDGE_LOOP ( 'NONE', ( #7116, #6692, #9470, #9376 ) ) ;
#431 = CARTESIAN_POINT ( 'NONE',  ( 3.100000000000000977, -2.768682383288471271, 1.700000000000000178 ) ) ;
#432 = EDGE_LOOP ( 'NONE', ( #6041, #5330, #2064, #9826 ) ) ;
#433 = DIRECTION ( 'NONE',  ( 0.000000000000000000, 1.000000000000000000, -0.000000000000000000 ) ) ;
#434 = CARTESIAN_POINT ( 'NONE',  ( 0.4999999999999913403, -3.349999999999997424, 1.000000000000000000 ) ) ;
#435 = CARTESIAN_POINT ( 'NONE',  ( -5.120595553590371551, -7.994982302604838331, 1.100000000000000089 ) ) ;
#436 = CARTESIAN_POINT ( 'NONE',  ( -0.2854471665643398826, 0.000000000000000000, 1.500000000000000000 ) ) ;
#437 = VECTOR ( 'NONE', #2115, 1000.000000000000000 ) ;
#438 = SURFACE_STYLE_USAGE ( .BOTH. , #8766 ) ;
#439 = FACE_BOUND ( 'NONE', #9346, .T. ) ;
#440 = ORIENTED_EDGE ( 'NONE', *, *, #6673, .F. ) ;
#441 = AXIS2_PLACEMENT_3D ( 'NONE', #12032, #4770, #3740 ) ;
#442 = ORIENTED_EDGE ( 'NONE', *, *, #7092, .F. ) ;
#443 = VECTOR ( 'NONE', #829, 1000.000000000000000 ) ;
#444 = CARTESIAN_POINT ( 'NONE',  ( -0.5000000000000026645, -6.499999999999997335, 1.000000000000000000 ) ) ;
#445 = SURFACE_SIDE_STYLE ('',( #9808 ) ) ;
#446 = CARTESIAN_POINT ( 'NONE',  ( -4.502035936607396316, 0.000000000000000000, 1.100000000000000089 ) ) ;
#447 = CYLINDRICAL_SURFACE ( 'NONE', #11540, 0.5000000000000004441 ) ;
#448 = LINE ( 'NONE', #3116, #9541 ) ;
#449 = SURFACE_STYLE_FILL_AREA ( #8900 ) ;
#450 = SURFACE_SIDE_STYLE ('',( #5065 ) ) ;
#451 = DIRECTION ( 'NONE',  ( 1.000000000000000000, 0.000000000000000000, 0.000000000000000000 ) ) ;
#452 = DIRECTION ( 'NONE',  ( -0.000000000000000000, -0.000000000000000000, -1.000000000000000000 ) ) ;
#453 = MECHANICAL_DESIGN_GEOMETRIC_PRESENTATION_REPRESENTATION (  '', ( #8615 ), #10927 ) ;
#454 = VERTEX_POINT ( 'NONE', #9036 ) ;
#455 = ORIENTED_EDGE ( 'NONE', *, *, #11001, .F. ) ;
#456 = DIRECTION ( 'NONE',  ( 1.072532262148024225E-16, -1.000000000000000000, 0.000000000000000000 ) ) ;
#457 = VECTOR ( 'NONE', #11159, 1000.000000000000000 ) ;
#458 = DIRECTION ( 'NONE',  ( 1.000000000000000000, 0.000000000000000000, 0.000000000000000000 ) ) ;
#459 = EDGE_CURVE ( 'NONE', #4248, #8811, #1721, .T. ) ;
#460 = CARTESIAN_POINT ( 'NONE',  ( -2.497642652873966362, 8.869867354517255720, 1.100000000000000089 ) ) ;
#461 = EDGE_LOOP ( 'NONE', ( #8195, #7094, #5273, #2410 ) ) ;
#462 = DIRECTION ( 'NONE',  ( 0.000000000000000000, 1.000000000000000000, -0.000000000000000000 ) ) ;
#463 = PRODUCT_DEFINITION_CONTEXT ( 'detailed design', #2991, 'design' ) ;
#464 = ORIENTED_EDGE ( 'NONE', *, *, #11703, .T. ) ;
#465 = PRESENTATION_LAYER_ASSIGNMENT (  '', '', ( #8818 ) ) ;
#466 = AXIS2_PLACEMENT_3D ( 'NONE', #8366, #8423, #7508 ) ;
#467 = ADVANCED_FACE ( 'NONE', ( #5363 ), #11896, .F. ) ;
#468 = CARTESIAN_POINT ( 'NONE',  ( 1.699899111776168814, 2.147362469743642865, 1.000000000000000000 ) ) ;
#469 = AXIS2_PLACEMENT_3D ( 'NONE', #11505, #540, #2473 ) ;
#470 = ORIENTED_EDGE ( 'NONE', *, *, #11201, .F. ) ;
#471 = VERTEX_POINT ( 'NONE', #6648 ) ;
#472 = SURFACE_STYLE_USAGE ( .BOTH. , #4111 ) ;
#473 = CARTESIAN_POINT ( 'NONE',  ( -2.097642652873966007, 0.000000000000000000, 1.000000000000000000 ) ) ;
#474 = SURFACE_STYLE_USAGE ( .BOTH. , #11720 ) ;
#475 =( NAMED_UNIT ( * ) PLANE_ANGLE_UNIT ( ) SI_UNIT ( $, .RADIAN. ) );
#476 = EDGE_CURVE ( 'NONE', #9830, #1377, #5747, .T. ) ;
#477 = LINE ( 'NONE', #7273, #3185 ) ;
#478 = STYLED_ITEM ( 'NONE', ( #4580 ), #3560 ) ;
#479 = UNCERTAINTY_MEASURE_WITH_UNIT (LENGTH_MEASURE( 1.000000000000000082E-05 ), #5474, 'distance_accuracy_value', 'NONE');
#480 = ORIENTED_EDGE ( 'NONE', *, *, #8835, .T. ) ;
#481 = EDGE_CURVE ( 'NONE', #1580, #9107, #285, .T. ) ;
#482 = VECTOR ( 'NONE', #3199, 1000.000000000000000 ) ;
#483 = STYLED_ITEM ( 'NONE', ( #6567 ), #11259 ) ;
#484 = STYLED_ITEM ( 'NONE', ( #49 ), #10618 ) ;
#485 = ORIENTED_EDGE ( 'NONE', *, *, #10454, .T. ) ;
#486 = EDGE_LOOP ( 'NONE', ( #2809, #8131, #10619, #9952 ) ) ;
#487 = CARTESIAN_POINT ( 'NONE',  ( -2.897642652873967162, 8.869867354517255720, 1.000000000000000000 ) ) ;
#488 = PRESENTATION_LAYER_ASSIGNMENT (  '', '', ( #4172 ) ) ;
#489 = CARTESIAN_POINT ( 'NONE',  ( 5.219581602308915436, 0.000000000000000000, 1.500000000000000000 ) ) ;
#490 = EDGE_LOOP ( 'NONE', ( #8743, #7385, #9285, #10016 ) ) ;
#491 = DIRECTION ( 'NONE',  ( -0.000000000000000000, -0.000000000000000000, -1.000000000000000000 ) ) ;
#492 = AXIS2_PLACEMENT_3D ( 'NONE', #4212, #10894, #7874 ) ;
#493 = AXIS2_PLACEMENT_3D ( 'NONE', #7259, #92, #6466 ) ;
#494 = PRESENTATION_LAYER_ASSIGNMENT (  '', '', ( #3194 ) ) ;
#495 = CARTESIAN_POINT ( 'NONE',  ( -4.516593218723101266, 1.550099785732223845, 1.000000000000000000 ) ) ;
#496 = DIRECTION ( 'NONE',  ( -1.602379359961721150E-16, 1.000000000000000000, 0.000000000000000000 ) ) ;
#497 = SURFACE_SIDE_STYLE ('',( #9797 ) ) ;
#498 = PRESENTATION_STYLE_ASSIGNMENT (( #11737 ) ) ;
#499 =( NAMED_UNIT ( * ) SI_UNIT ( $, .STERADIAN. ) SOLID_ANGLE_UNIT ( ) );
#500 = VERTEX_POINT ( 'NONE', #217 ) ;
#501 = ORIENTED_EDGE ( 'NONE', *, *, #7126, .F. ) ;
#502 = STYLED_ITEM ( 'NONE', ( #11072 ), #11186 ) ;
#503 = UNCERTAINTY_MEASURE_WITH_UNIT (LENGTH_MEASURE( 1.000000000000000082E-05 ), #3789, 'distance_accuracy_value', 'NONE');
#504 = CARTESIAN_POINT ( 'NONE',  ( -2.714552833435666113, -0.6974844531661972269, 1.399999999999999911 ) ) ;
#505 = FILL_AREA_STYLE ('',( #8897 ) ) ;
#506 = CARTESIAN_POINT ( 'NONE',  ( -1.960000000000000409, -7.994982302604838331, 1.100000000000000089 ) ) ;
#507 = SURFACE_STYLE_USAGE ( .BOTH. , #1591 ) ;
#508 =( LENGTH_UNIT ( ) NAMED_UNIT ( * ) SI_UNIT ( .MILLI., .METRE. ) );
#509 = DIRECTION ( 'NONE',  ( -0.000000000000000000, -0.000000000000000000, 1.000000000000000000 ) ) ;
#510 = CARTESIAN_POINT ( 'NONE',  ( 2.671213910048264584, 2.295341782195420954, -29.20000000000000284 ) ) ;
#511 = PRESENTATION_STYLE_ASSIGNMENT (( #2435 ) ) ;
#512 = SURFACE_SIDE_STYLE ('',( #3233 ) ) ;
#513 = LINE ( 'NONE', #8961, #1645 ) ;
#514 = ORIENTED_EDGE ( 'NONE', *, *, #5302, .T. ) ;
#515 = ADVANCED_FACE ( 'NONE', ( #7633 ), #10182, .F. ) ;
#516 = ORIENTED_EDGE ( 'NONE', *, *, #7401, .F. ) ;
#517 = SURFACE_STYLE_FILL_AREA ( #9822 ) ;
#518 = CARTESIAN_POINT ( 'NONE',  ( -1.960000000000000409, -7.994982302604838331, 1.100000000000000089 ) ) ;
#519 = DIRECTION ( 'NONE',  ( -0.000000000000000000, 0.000000000000000000, -1.000000000000000000 ) ) ;
#520 = ORIENTED_EDGE ( 'NONE', *, *, #8585, .F. ) ;
#521 = DIRECTION ( 'NONE',  ( -0.000000000000000000, -0.000000000000000000, -1.000000000000000000 ) ) ;
#522 = DIRECTION ( 'NONE',  ( 1.000000000000000000, 0.000000000000000000, 0.000000000000000000 ) ) ;
#523 = CARTESIAN_POINT ( 'NONE',  ( -4.516593218723101266, 0.5500997857322237339, 1.399999999999999911 ) ) ;
#524 = EDGE_CURVE ( 'NONE', #6131, #10931, #42, .T. ) ;
#525 = EDGE_LOOP ( 'NONE', ( #8919, #6363, #3667, #2092 ) ) ;
#526 = VECTOR ( 'NONE', #5395, 1000.000000000000000 ) ;
#527 = VECTOR ( 'NONE', #7478, 1000.000000000000000 ) ;
#528 = ORIENTED_EDGE ( 'NONE', *, *, #5844, .F. ) ;
#529 = ORIENTED_EDGE ( 'NONE', *, *, #6081, .F. ) ;
#530 =( GEOMETRIC_REPRESENTATION_CONTEXT ( 3 ) GLOBAL_UNCERTAINTY_ASSIGNED_CONTEXT ( ( #8283 ) ) GLOBAL_UNIT_ASSIGNED_CONTEXT ( ( #7653, #7721, #10334 ) ) REPRESENTATION_CONTEXT ( 'NONE', 'WORKASPACE' ) );
#531 = EDGE_LOOP ( 'NONE', ( #2982, #9713, #9593, #3980 ) ) ;
#532 = CARTESIAN_POINT ( 'NONE',  ( 0.000000000000000000, 0.000000000000000000, 1.800000000000000266 ) ) ;
#533 = SURFACE_STYLE_FILL_AREA ( #2348 ) ;
#534 = ORIENTED_EDGE ( 'NONE', *, *, #8675, .T. ) ;
#535 = AXIS2_PLACEMENT_3D ( 'NONE', #6527, #1769, #1832 ) ;
#536 = CIRCLE ( 'NONE', #7370, 0.6205955535903713294 ) ;
#537 = EDGE_LOOP ( 'NONE', ( #2073, #580, #5820, #9527 ) ) ;
#538 = LINE ( 'NONE', #4251, #5776 ) ;
#539 = ORIENTED_EDGE ( 'NONE', *, *, #10582, .T. ) ;
#540 = DIRECTION ( 'NONE',  ( -0.000000000000000000, -0.000000000000000000, -1.000000000000000000 ) ) ;
#541 = CIRCLE ( 'NONE', #5199, 0.1494257208329542175 ) ;
#542 = CARTESIAN_POINT ( 'NONE',  ( -4.879360369118781904, 2.295341782195420954, 0.000000000000000000 ) ) ;
#543 = PLANE ( 'NONE',  #9880 ) ;
#544 = AXIS2_PLACEMENT_3D ( 'NONE', #4661, #7641, #10259 ) ;
#545 = CARTESIAN_POINT ( 'NONE',  ( -0.6900000000000005018, -7.994982302604838331, 1.000000000000000000 ) ) ;
#546 = CARTESIAN_POINT ( 'NONE',  ( -3.500000000000003109, -5.999999999999997335, 1.000000000000000000 ) ) ;
#547 =( NAMED_UNIT ( * ) SI_UNIT ( $, .STERADIAN. ) SOLID_ANGLE_UNIT ( ) );
#548 = ORIENTED_EDGE ( 'NONE', *, *, #2278, .T. ) ;
#549 = COLOUR_RGB ( '',1.000000000000000000, 1.000000000000000000, 0.000000000000000000 ) ;
#550 = VECTOR ( 'NONE', #675, 1000.000000000000000 ) ;
#551 = VERTEX_POINT ( 'NONE', #2077 ) ;
#552 = EDGE_CURVE ( 'NONE', #2464, #11890, #3569, .T. ) ;
#553 = COLOUR_RGB ( '',1.000000000000000000, 1.000000000000000000, 0.000000000000000000 ) ;
#554 = LINE ( 'NONE', #5232, #11549 ) ;
#555 = SURFACE_STYLE_FILL_AREA ( #5294 ) ;
#556 = EDGE_CURVE ( 'NONE', #10750, #9554, #3855, .T. ) ;
#557 = CARTESIAN_POINT ( 'NONE',  ( 1.850000000000000089, -7.994982302604838331, 1.100000000000000089 ) ) ;
#558 =( GEOMETRIC_REPRESENTATION_CONTEXT ( 3 ) GLOBAL_UNCERTAINTY_ASSIGNED_CONTEXT ( ( #8391 ) ) GLOBAL_UNIT_ASSIGNED_CONTEXT ( ( #700, #7100, #9831 ) ) REPRESENTATION_CONTEXT ( 'NONE', 'WORKASPACE' ) );
#559 = LINE ( 'NONE', #6272, #3664 ) ;
#560 = FILL_AREA_STYLE_COLOUR ( '', #10977 ) ;
#561 = CIRCLE ( 'NONE', #8322, 0.1000000000000000472 ) ;
#562 = CARTESIAN_POINT ( 'NONE',  ( 0.4999999999999970024, -1.999999999999997335, 1.000000000000000000 ) ) ;
#563 = VERTEX_POINT ( 'NONE', #1179 ) ;
#564 = EDGE_CURVE ( 'NONE', #5115, #11975, #12022, .T. ) ;
#565 = ORIENTED_EDGE ( 'NONE', *, *, #11362, .F. ) ;
#566 = FILL_AREA_STYLE_COLOUR ( '', #10208 ) ;
#567 = LINE ( 'NONE', #1540, #10863 ) ;
#568 = CARTESIAN_POINT ( 'NONE',  ( -5.028786089951736038, 2.295341782195420954, 0.000000000000000000 ) ) ;
#569 = SURFACE_STYLE_USAGE ( .BOTH. , #1487 ) ;
#570 = ORIENTED_EDGE ( 'NONE', *, *, #2104, .F. ) ;
#571 = CARTESIAN_POINT ( 'NONE',  ( 0.6413801499862683553, 2.147362469743642865, 1.000000000000000888 ) ) ;
#572 = CARTESIAN_POINT ( 'NONE',  ( -3.500000000000003109, -3.549999999999997602, 1.000000000000000000 ) ) ;
#573 = VECTOR ( 'NONE', #8231, 1000.000000000000000 ) ;
#574 = EDGE_CURVE ( 'NONE', #11234, #6805, #1902, .T. ) ;
#575 = ORIENTED_EDGE ( 'NONE', *, *, #2722, .T. ) ;
#576 = ORIENTED_EDGE ( 'NONE', *, *, #11631, .T. ) ;
#577 = COLOUR_RGB ( '',1.000000000000000000, 1.000000000000000000, 0.000000000000000000 ) ;
#578 = DIRECTION ( 'NONE',  ( -0.000000000000000000, -0.000000000000000000, 1.000000000000000000 ) ) ;
#579 = ORIENTED_EDGE ( 'NONE', *, *, #710, .T. ) ;
#580 = ORIENTED_EDGE ( 'NONE', *, *, #2190, .F. ) ;
#581 = PLANE ( 'NONE',  #4310 ) ;
#582 = CYLINDRICAL_SURFACE ( 'NONE', #4799, 0.5000000000000008882 ) ;
#583 = CARTESIAN_POINT ( 'NONE',  ( -0.5000000000000026645, -1.999999999999997335, 1.200000000000000178 ) ) ;
#584 = SURFACE_STYLE_USAGE ( .BOTH. , #5268 ) ;
#585 = UNCERTAINTY_MEASURE_WITH_UNIT (LENGTH_MEASURE( 1.000000000000000082E-05 ), #1045, 'distance_accuracy_value', 'NONE');
#586 = EDGE_LOOP ( 'NONE', ( #2033, #6114, #8278, #5896 ) ) ;
#587 = AXIS2_PLACEMENT_3D ( 'NONE', #6476, #6595, #5632 ) ;
#588 = EDGE_LOOP ( 'NONE', ( #3924, #2398, #9957, #5951 ) ) ;
#589 = VECTOR ( 'NONE', #7371, 1000.000000000000000 ) ;
#590 = ORIENTED_EDGE ( 'NONE', *, *, #9669, .F. ) ;
#591 = CARTESIAN_POINT ( 'NONE',  ( -5.192492299719079440, -4.811223858797751163, 1.500000000000000000 ) ) ;
#592 = EDGE_CURVE ( 'NONE', #10479, #6587, #7700, .T. ) ;
#593 = VERTEX_POINT ( 'NONE', #4024 ) ;
#594 = DIRECTION ( 'NONE',  ( -0.000000000000000000, -0.000000000000000000, -1.000000000000000000 ) ) ;
#595 = EDGE_CURVE ( 'NONE', #7614, #5212, #5931, .T. ) ;
#596 = CIRCLE ( 'NONE', #11878, 0.6205955535903713294 ) ;
#597 =( LENGTH_UNIT ( ) NAMED_UNIT ( * ) SI_UNIT ( .MILLI., .METRE. ) );
#598 = PLANE ( 'NONE',  #7926 ) ;
#599 = CARTESIAN_POINT ( 'NONE',  ( 4.389999999999999680, -7.994982302604838331, 1.100000000000000089 ) ) ;
#600 = FACE_BOUND ( 'NONE', #5572, .T. ) ;
#601 = FILL_AREA_STYLE ('',( #5169 ) ) ;
#602 = VECTOR ( 'NONE', #10206, 1000.000000000000000 ) ;
#603 = ORIENTED_EDGE ( 'NONE', *, *, #5403, .T. ) ;
#604 = ORIENTED_EDGE ( 'NONE', *, *, #10134, .F. ) ;
#605 = VECTOR ( 'NONE', #3579, 1000.000000000000000 ) ;
#606 = UNCERTAINTY_MEASURE_WITH_UNIT (LENGTH_MEASURE( 1.000000000000000082E-05 ), #8337, 'distance_accuracy_value', 'NONE');
#607 = EDGE_CURVE ( 'NONE', #8863, #3755, #6088, .T. ) ;
#608 = FILL_AREA_STYLE_COLOUR ( '', #5127 ) ;
#609 = ORIENTED_EDGE ( 'NONE', *, *, #9729, .T. ) ;
#610 = VECTOR ( 'NONE', #8014, 1000.000000000000000 ) ;
#611 = PLANE ( 'NONE',  #3289 ) ;
#612 = LINE ( 'NONE', #6270, #550 ) ;
#613 = CARTESIAN_POINT ( 'NONE',  ( -4.000000000000003553, -5.199999999999997513, 1.200000000000000178 ) ) ;
#614 = LINE ( 'NONE', #736, #10302 ) ;
#615 = PLANE ( 'NONE',  #11561 ) ;
#616 = LINE ( 'NONE', #3232, #3591 ) ;
#617 = PRESENTATION_LAYER_ASSIGNMENT (  '', '', ( #5093 ) ) ;
#618 = CARTESIAN_POINT ( 'NONE',  ( -2.497642652873966362, 0.000000000000000000, 1.100000000000000089 ) ) ;
#619 = EDGE_CURVE ( 'NONE', #4190, #7833, #1297, .T. ) ;
#620 = EDGE_CURVE ( 'NONE', #6501, #11291, #8603, .T. ) ;
#621 = CARTESIAN_POINT ( 'NONE',  ( 0.4999999999999975020, -4.999999999999997335, 1.200000000000000178 ) ) ;
#622 = EDGE_LOOP ( 'NONE', ( #1820, #8301, #9178, #11914 ) ) ;
#623 = PRESENTATION_LAYER_ASSIGNMENT (  '', '', ( #11123 ) ) ;
#624 = VERTEX_POINT ( 'NONE', #504 ) ;
#625 = DIRECTION ( 'NONE',  ( -1.668003342285391551E-16, 1.000000000000000000, 0.000000000000000000 ) ) ;
#626 = EDGE_CURVE ( 'NONE', #1176, #5246, #9807, .T. ) ;
#627 = CARTESIAN_POINT ( 'NONE',  ( 0.4999999999999970024, -1.999999999999997335, 1.800000000000000044 ) ) ;
#628 =( NAMED_UNIT ( * ) PLANE_ANGLE_UNIT ( ) SI_UNIT ( $, .RADIAN. ) );
#629 = FACE_OUTER_BOUND ( 'NONE', #8686, .T. ) ;
#630 = LINE ( 'NONE', #8971, #7455 ) ;
#631 = VERTEX_POINT ( 'NONE', #5867 ) ;
#632 = CARTESIAN_POINT ( 'NONE',  ( -2.150000000000003464, -5.999999999999997335, 1.000000000000000000 ) ) ;
#633 = PRESENTATION_LAYER_ASSIGNMENT (  '', '', ( #4529 ) ) ;
#634 = CARTESIAN_POINT ( 'NONE',  ( -3.999999999999995559, -2.999999999999996891, 1.200000000000000178 ) ) ;
#635 = DIRECTION ( 'NONE',  ( 0.000000000000000000, -1.000000000000000000, 0.000000000000000000 ) ) ;
#636 =( NAMED_UNIT ( * ) PLANE_ANGLE_UNIT ( ) SI_UNIT ( $, .RADIAN. ) );
#637 = ORIENTED_EDGE ( 'NONE', *, *, #1607, .T. ) ;
#638 = VERTEX_POINT ( 'NONE', #8839 ) ;
#639 = COLOUR_RGB ( '',0.9882352941176471006, 0.7372549019607843590, 0.5176470588235293491 ) ;
#640 = LINE ( 'NONE', #4424, #7170 ) ;
#641 = ORIENTED_EDGE ( 'NONE', *, *, #6172, .T. ) ;
#642 = ORIENTED_EDGE ( 'NONE', *, *, #9861, .T. ) ;
#643 = DIRECTION ( 'NONE',  ( 4.336808689942017736E-16, -1.000000000000000000, 0.000000000000000000 ) ) ;
#644 = DIRECTION ( 'NONE',  ( 0.000000000000000000, 0.000000000000000000, -1.000000000000000000 ) ) ;
#645 = FILL_AREA_STYLE ('',( #10868 ) ) ;
#646 = VECTOR ( 'NONE', #3365, 1000.000000000000000 ) ;
#647 = ORIENTED_EDGE ( 'NONE', *, *, #5156, .F. ) ;
#648 = EDGE_CURVE ( 'NONE', #10636, #2139, #5926, .T. ) ;
#649 = ORIENTED_EDGE ( 'NONE', *, *, #9657, .T. ) ;
#650 = STYLED_ITEM ( 'NONE', ( #10239 ), #4347 ) ;
#651 = DIRECTION ( 'NONE',  ( 0.000000000000000000, 1.000000000000000000, 0.000000000000000000 ) ) ;
#652 = CARTESIAN_POINT ( 'NONE',  ( 5.455872757806901063, 3.106906106631963649, 1.100000000000000089 ) ) ;
#653 = AXIS2_PLACEMENT_3D ( 'NONE', #11216, #2867, #8487 ) ;
#654 = ORIENTED_EDGE ( 'NONE', *, *, #3604, .F. ) ;
#655 = LINE ( 'NONE', #4316, #5179 ) ;
#656 = LINE ( 'NONE', #4381, #3730 ) ;
#657 = SURFACE_STYLE_FILL_AREA ( #718 ) ;
#658 =( GEOMETRIC_REPRESENTATION_CONTEXT ( 3 ) GLOBAL_UNCERTAINTY_ASSIGNED_CONTEXT ( ( #5229 ) ) GLOBAL_UNIT_ASSIGNED_CONTEXT ( ( #5975, #1570, #4127 ) ) REPRESENTATION_CONTEXT ( 'NONE', 'WORKASPACE' ) );
#659 = CIRCLE ( 'NONE', #7471, 0.1494257208329542175 ) ;
#660 =( LENGTH_UNIT ( ) NAMED_UNIT ( * ) SI_UNIT ( .MILLI., .METRE. ) );
#661 = FACE_BOUND ( 'NONE', #10835, .T. ) ;
#662 = EDGE_CURVE ( 'NONE', #9556, #1219, #11460, .T. ) ;
#663 = CARTESIAN_POINT ( 'NONE',  ( -3.499999999999995115, -2.999999999999996891, 1.000000000000000000 ) ) ;
#664 = ORIENTED_EDGE ( 'NONE', *, *, #11811, .T. ) ;
#665 = CARTESIAN_POINT ( 'NONE',  ( 3.000000000000000888, -2.268682383288471271, 1.700000000000000178 ) ) ;
#666 = AXIS2_PLACEMENT_3D ( 'NONE', #19, #4568, #723 ) ;
#667 = EDGE_CURVE ( 'NONE', #3100, #1611, #1470, .T. ) ;
#668 = ORIENTED_EDGE ( 'NONE', *, *, #5086, .F. ) ;
#669 = VECTOR ( 'NONE', #8417, 1000.000000000000000 ) ;
#670 = MECHANICAL_DESIGN_GEOMETRIC_PRESENTATION_REPRESENTATION (  '', ( #7283 ), #10583 ) ;
#671 = CARTESIAN_POINT ( 'NONE',  ( -3.500000000000003109, -2.999999999999997335, 1.000000000000000000 ) ) ;
#672 = ORIENTED_EDGE ( 'NONE', *, *, #9728, .T. ) ;
#673 = LINE ( 'NONE', #4393, #11164 ) ;
#674 = DIRECTION ( 'NONE',  ( -0.000000000000000000, -0.000000000000000000, 1.000000000000000000 ) ) ;
#675 = DIRECTION ( 'NONE',  ( 1.000000000000000000, 0.000000000000000000, 0.000000000000000000 ) ) ;
#676 = DIRECTION ( 'NONE',  ( -0.000000000000000000, 0.000000000000000000, 1.000000000000000000 ) ) ;
#677 = CARTESIAN_POINT ( 'NONE',  ( -2.897642652873967162, 8.869867354517255720, 1.100000000000000089 ) ) ;
#678 = FACE_OUTER_BOUND ( 'NONE', #4594, .T. ) ;
#679 = FILL_AREA_STYLE_COLOUR ( '', #7096 ) ;
#680 = SURFACE_STYLE_USAGE ( .BOTH. , #512 ) ;
#681 = CIRCLE ( 'NONE', #8856, 0.1000000000000000472 ) ;
#682 = ORIENTED_EDGE ( 'NONE', *, *, #2377, .F. ) ;
#683 = ADVANCED_FACE ( 'NONE', ( #3113 ), #11401, .F. ) ;
#684 = ORIENTED_EDGE ( 'NONE', *, *, #7526, .T. ) ;
#685 =( GEOMETRIC_REPRESENTATION_CONTEXT ( 3 ) GLOBAL_UNCERTAINTY_ASSIGNED_CONTEXT ( ( #4140 ) ) GLOBAL_UNIT_ASSIGNED_CONTEXT ( ( #7128, #7009, #10836 ) ) REPRESENTATION_CONTEXT ( 'NONE', 'WORKASPACE' ) );
#686 = CARTESIAN_POINT ( 'NONE',  ( 0.6206396308812188733, 2.295341782195420954, 0.000000000000000000 ) ) ;
#687 = CARTESIAN_POINT ( 'NONE',  ( 2.392975979834980560, -1.142788338085890087, 1.399999999999999911 ) ) ;
#688 = DIRECTION ( 'NONE',  ( -0.000000000000000000, -0.000000000000000000, 1.000000000000000000 ) ) ;
#689 = SURFACE_STYLE_FILL_AREA ( #8001 ) ;
#690 = ORIENTED_EDGE ( 'NONE', *, *, #6289, .F. ) ;
#691 = DIRECTION ( 'NONE',  ( 1.000000000000000000, 0.000000000000000000, 0.000000000000000000 ) ) ;
#692 = EDGE_CURVE ( 'NONE', #8814, #4225, #2994, .T. ) ;
#693 = LINE ( 'NONE', #5312, #3785 ) ;
#694 = CARTESIAN_POINT ( 'NONE',  ( 2.245494030506276051, 2.856906106631964093, 0.000000000000000000 ) ) ;
#695 = FILL_AREA_STYLE_COLOUR ( '', #999 ) ;
#696 = ORIENTED_EDGE ( 'NONE', *, *, #10870, .T. ) ;
#697 = VERTEX_POINT ( 'NONE', #444 ) ;
#698 = EDGE_LOOP ( 'NONE', ( #3111, #10864, #213, #5802 ) ) ;
#699 = EDGE_CURVE ( 'NONE', #9245, #4965, #5117, .T. ) ;
#700 =( LENGTH_UNIT ( ) NAMED_UNIT ( * ) SI_UNIT ( .MILLI., .METRE. ) );
#701 = VERTEX_POINT ( 'NONE', #7870 ) ;
#702 = VERTEX_POINT ( 'NONE', #11579 ) ;
#703 = FACE_OUTER_BOUND ( 'NONE', #195, .T. ) ;
#704 = EDGE_CURVE ( 'NONE', #11291, #8194, #7279, .T. ) ;
#705 = CARTESIAN_POINT ( 'NONE',  ( -2.658619850013732133, 2.147362469743642865, 1.000000000000000888 ) ) ;
#706 = VECTOR ( 'NONE', #1808, 1000.000000000000000 ) ;
#707 = CARTESIAN_POINT ( 'NONE',  ( 3.300000000000000711, -2.468682383288471449, 1.800000000000000266 ) ) ;
#708 = UNCERTAINTY_MEASURE_WITH_UNIT (LENGTH_MEASURE( 1.000000000000000082E-05 ), #8294, 'distance_accuracy_value', 'NONE');
#709 = ORIENTED_EDGE ( 'NONE', *, *, #8995, .T. ) ;
#710 = EDGE_CURVE ( 'NONE', #8318, #5765, #10043, .T. ) ;
#711 = ORIENTED_EDGE ( 'NONE', *, *, #11871, .T. ) ;
#712 = LINE ( 'NONE', #4434, #11785 ) ;
#713 = MECHANICAL_DESIGN_GEOMETRIC_PRESENTATION_REPRESENTATION (  '', ( #2265 ), #3238 ) ;
#714 = DIRECTION ( 'NONE',  ( -0.000000000000000000, 0.000000000000000000, 1.000000000000000000 ) ) ;
#715 = ORIENTED_EDGE ( 'NONE', *, *, #2125, .F. ) ;
#716 = FILL_AREA_STYLE_COLOUR ( '', #1940 ) ;
#717 = EDGE_CURVE ( 'NONE', #7908, #7853, #1439, .T. ) ;
#718 = FILL_AREA_STYLE ('',( #5343 ) ) ;
#719 = AXIS2_PLACEMENT_3D ( 'NONE', #545, #4988, #4075 ) ;
#720 = EDGE_CURVE ( 'NONE', #8162, #11317, #9014, .T. ) ;
#721 = LINE ( 'NONE', #8092, #5557 ) ;
#722 = LINE ( 'NONE', #7821, #7156 ) ;
#723 = DIRECTION ( 'NONE',  ( 1.000000000000000000, 0.000000000000000000, 0.000000000000000000 ) ) ;
#724 = VECTOR ( 'NONE', #5646, 1000.000000000000000 ) ;
#725 = DIRECTION ( 'NONE',  ( 1.000000000000000000, 0.000000000000000000, 0.000000000000000000 ) ) ;
#726 = ADVANCED_FACE ( 'NONE', ( #4449 ), #6205, .T. ) ;
#727 = EDGE_LOOP ( 'NONE', ( #2657, #642, #9601, #4797, #4919, #4969 ) ) ;
#728 = EDGE_LOOP ( 'NONE', ( #1416, #9252, #6061, #9701 ) ) ;
#729 = AXIS2_PLACEMENT_3D ( 'NONE', #8866, #414, #8802 ) ;
#730 = PRESENTATION_STYLE_ASSIGNMENT (( #7983 ) ) ;
#731 = EDGE_CURVE ( 'NONE', #258, #10914, #8895, .T. ) ;
#732 = ORIENTED_EDGE ( 'NONE', *, *, #3720, .T. ) ;
#733 = SURFACE_STYLE_USAGE ( .BOTH. , #7251 ) ;
#734 = DIRECTION ( 'NONE',  ( 1.000000000000000000, 0.000000000000000000, 0.000000000000000000 ) ) ;
#735 = CARTESIAN_POINT ( 'NONE',  ( -2.580595553590371516, -7.994982302604838331, 1.100000000000000089 ) ) ;
#736 = CARTESIAN_POINT ( 'NONE',  ( -1.050000000000002709, -5.999999999999997335, 1.000000000000000000 ) ) ;
#737 = CARTESIAN_POINT ( 'NONE',  ( -4.000000000000003553, -4.999999999999997335, 1.200000000000000178 ) ) ;
#738 = CARTESIAN_POINT ( 'NONE',  ( -3.302035936607394362, -4.815388332950267844E-16, 1.100000000000000089 ) ) ;
#739 = VECTOR ( 'NONE', #7555, 1000.000000000000000 ) ;
#740 = FILL_AREA_STYLE_COLOUR ( '', #5942 ) ;
#741 = VECTOR ( 'NONE', #2201, 1000.000000000000000 ) ;
#742 = ORIENTED_EDGE ( 'NONE', *, *, #1223, .F. ) ;
#743 = VECTOR ( 'NONE', #11377, 1000.000000000000000 ) ;
#744 = ORIENTED_EDGE ( 'NONE', *, *, #9506, .T. ) ;
#745 = VECTOR ( 'NONE', #9473, 1000.000000000000000 ) ;
#746 = CARTESIAN_POINT ( 'NONE',  ( -2.150000000000003020, -5.999999999999997335, 1.000000000000000000 ) ) ;
#747 = CYLINDRICAL_SURFACE ( 'NONE', #1464, 0.1494257208329542175 ) ;
#748 = CARTESIAN_POINT ( 'NONE',  ( 5.000000000000000888, -5.068682383288471982, 1.700000000000000178 ) ) ;
#749 = DIRECTION ( 'NONE',  ( 0.000000000000000000, -0.000000000000000000, -1.000000000000000000 ) ) ;
#750 = DIRECTION ( 'NONE',  ( 1.000000000000000000, -0.000000000000000000, -0.000000000000000000 ) ) ;
#751 = ORIENTED_EDGE ( 'NONE', *, *, #2462, .F. ) ;
#753 = CIRCLE ( 'NONE', #5998, 0.5000000000000004441 ) ;
#752 = CARTESIAN_POINT ( 'NONE',  ( 2.841380149986267867, 2.147362469743642865, -29.20000000000000284 ) ) ;
#754 = EDGE_CURVE ( 'NONE', #2237, #8987, #554, .T. ) ;
#755 = FACE_OUTER_BOUND ( 'NONE', #5269, .T. ) ;
#756 = ADVANCED_FACE ( 'NONE', ( #11691 ), #10778, .F. ) ;
#757 = DIRECTION ( 'NONE',  ( -0.000000000000000000, -0.000000000000000000, -1.000000000000000000 ) ) ;
#758 = DIRECTION ( 'NONE',  ( -1.000000000000000000, 0.000000000000000000, 0.000000000000000000 ) ) ;
#759 = SURFACE_STYLE_USAGE ( .BOTH. , #9782 ) ;
#760 = ORIENTED_EDGE ( 'NONE', *, *, #9109, .T. ) ;
#761 = VERTEX_POINT ( 'NONE', #671 ) ;
#762 = ORIENTED_EDGE ( 'NONE', *, *, #2775, .F. ) ;
#763 = CIRCLE ( 'NONE', #8737, 0.5000000000000008882 ) ;
#764 = ORIENTED_EDGE ( 'NONE', *, *, #7278, .T. ) ;
#765 = AXIS2_PLACEMENT_3D ( 'NONE', #8911, #11898, #1723 ) ;
#766 = ORIENTED_EDGE ( 'NONE', *, *, #8220, .T. ) ;
#767 = LINE ( 'NONE', #9900, #3792 ) ;
#768 = CARTESIAN_POINT ( 'NONE',  ( 0.4999999999999948930, -4.649999999999996803, 1.200000000000000178 ) ) ;
#769 = ORIENTED_EDGE ( 'NONE', *, *, #55, .F. ) ;
#770 = ADVANCED_FACE ( 'NONE', ( #8952 ), #4326, .F. ) ;
#771 = VECTOR ( 'NONE', #12006, 1000.000000000000000 ) ;
#772 = ORIENTED_EDGE ( 'NONE', *, *, #1024, .T. ) ;
#773 = DIRECTION ( 'NONE',  ( 0.000000000000000000, -1.000000000000000000, 0.000000000000000000 ) ) ;
#774 = VERTEX_POINT ( 'NONE', #10888 ) ;
#775 = PLANE ( 'NONE',  #10193 ) ;
#776 = CARTESIAN_POINT ( 'NONE',  ( 3.192975979834980826, 0.000000000000000000, 1.500000000000000000 ) ) ;
#777 = CARTESIAN_POINT ( 'NONE',  ( 4.800000000000000711, -4.768682383288472160, 1.700000000000000178 ) ) ;
#778 = CARTESIAN_POINT ( 'NONE',  ( 3.300000000000001155, -5.068682383288471982, 1.800000000000000266 ) ) ;
#779 = CARTESIAN_POINT ( 'NONE',  ( 0.000000000000000000, 0.000000000000000000, 1.800000000000000044 ) ) ;
#780 = DIRECTION ( 'NONE',  ( -1.000000000000000000, 0.000000000000000000, 0.000000000000000000 ) ) ;
#781 = DIRECTION ( 'NONE',  ( 1.000000000000000000, 0.000000000000000000, 0.000000000000000000 ) ) ;
#782 =( LENGTH_UNIT ( ) NAMED_UNIT ( * ) SI_UNIT ( .MILLI., .METRE. ) );
#783 = ORIENTED_EDGE ( 'NONE', *, *, #9937, .T. ) ;
#784 =( LENGTH_UNIT ( ) NAMED_UNIT ( * ) SI_UNIT ( .MILLI., .METRE. ) );
#785 = EDGE_LOOP ( 'NONE', ( #11739, #6963, #6240, #8771 ) ) ;
#786 = VECTOR ( 'NONE', #7572, 1000.000000000000000 ) ;
#787 = VECTOR ( 'NONE', #2192, 1000.000000000000000 ) ;
#788 = DIRECTION ( 'NONE',  ( -0.000000000000000000, -0.000000000000000000, -1.000000000000000000 ) ) ;
#789 = ORIENTED_EDGE ( 'NONE', *, *, #11011, .F. ) ;
#790 = DIRECTION ( 'NONE',  ( -0.000000000000000000, 0.000000000000000000, -1.000000000000000000 ) ) ;
#791 = CARTESIAN_POINT ( 'NONE',  ( 0.6206396308812188733, 2.295341782195420954, -29.20000000000000284 ) ) ;
#792 = AXIS2_PLACEMENT_3D ( 'NONE', #2217, #7830, #5075 ) ;
#793 = SURFACE_SIDE_STYLE ('',( #9205 ) ) ;
#794 = CARTESIAN_POINT ( 'NONE',  ( -4.879360369118781904, 2.295341782195420954, -29.20000000000000284 ) ) ;
#795 = FACE_OUTER_BOUND ( 'NONE', #4543, .T. ) ;
#796 = CARTESIAN_POINT ( 'NONE',  ( -2.700000000000003286, -1.999999999999997335, 1.200000000000000178 ) ) ;
#797 =( LENGTH_UNIT ( ) NAMED_UNIT ( * ) SI_UNIT ( .MILLI., .METRE. ) );
#798 = ADVANCED_FACE ( 'NONE', ( #11744 ), #1585, .F. ) ;
#799 = DIRECTION ( 'NONE',  ( -0.000000000000000000, -0.000000000000000000, 1.000000000000000000 ) ) ;
#800 = CARTESIAN_POINT ( 'NONE',  ( 3.920639630881218807, 2.295341782195420954, 1.000000000000000000 ) ) ;
#801 = ORIENTED_EDGE ( 'NONE', *, *, #5439, .T. ) ;
#802 = AXIS2_PLACEMENT_3D ( 'NONE', #10226, #1089, #8522 ) ;
#803 = ORIENTED_EDGE ( 'NONE', *, *, #7831, .F. ) ;
#804 = DIRECTION ( 'NONE',  ( 0.000000000000000000, 0.000000000000000000, -1.000000000000000000 ) ) ;
#805 = LINE ( 'NONE', #5562, #6913 ) ;
#806 = DIRECTION ( 'NONE',  ( 0.000000000000000000, 0.000000000000000000, 1.000000000000000000 ) ) ;
#807 = FILL_AREA_STYLE ('',( #10970 ) ) ;
#808 = SURFACE_SIDE_STYLE ('',( #1845 ) ) ;
#809 = VERTEX_POINT ( 'NONE', #2793 ) ;
#810 = CARTESIAN_POINT ( 'NONE',  ( 5.955872757806901063, 0.000000000000000000, 1.000000000000000000 ) ) ;
#811 = DIRECTION ( 'NONE',  ( -0.000000000000000000, -0.000000000000000000, 1.000000000000000000 ) ) ;
#812 = CARTESIAN_POINT ( 'NONE',  ( 2.820639630881218718, 2.295341782195420954, -29.20000000000000284 ) ) ;
#813 =( NAMED_UNIT ( * ) SI_UNIT ( $, .STERADIAN. ) SOLID_ANGLE_UNIT ( ) );
#814 = CARTESIAN_POINT ( 'NONE',  ( 0.000000000000000000, 0.000000000000000000, 1.500000000000000000 ) ) ;
#815 = AXIS2_PLACEMENT_3D ( 'NONE', #8636, #10576, #4974 ) ;
#816 = ORIENTED_EDGE ( 'NONE', *, *, #2250, .F. ) ;
#817 = VERTEX_POINT ( 'NONE', #11320 ) ;
#818 = ADVANCED_FACE ( 'NONE', ( #11139 ), #9448, .T. ) ;
#819 = VERTEX_POINT ( 'NONE', #4578 ) ;
#820 =( GEOMETRIC_REPRESENTATION_CONTEXT ( 3 ) GLOBAL_UNCERTAINTY_ASSIGNED_CONTEXT ( ( #4266 ) ) GLOBAL_UNIT_ASSIGNED_CONTEXT ( ( #11588, #6215, #920 ) ) REPRESENTATION_CONTEXT ( 'NONE', 'WORKASPACE' ) );
#821 = ADVANCED_FACE ( 'NONE', ( #2730 ), #10297, .F. ) ;
#822 = SURFACE_STYLE_USAGE ( .BOTH. , #9168 ) ;
#823 = CYLINDRICAL_SURFACE ( 'NONE', #11883, 0.6205955535903713294 ) ;
#824 = ORIENTED_EDGE ( 'NONE', *, *, #10929, .F. ) ;
#825 = ORIENTED_EDGE ( 'NONE', *, *, #11050, .T. ) ;
#826 = CARTESIAN_POINT ( 'NONE',  ( 3.119999999999999662, -7.994982302604838331, 0.000000000000000000 ) ) ;
#827 = SURFACE_STYLE_FILL_AREA ( #949 ) ;
#828 = FACE_OUTER_BOUND ( 'NONE', #1975, .T. ) ;
#829 = DIRECTION ( 'NONE',  ( 0.000000000000000000, 1.000000000000000000, 0.000000000000000000 ) ) ;
#830 = UNCERTAINTY_MEASURE_WITH_UNIT (LENGTH_MEASURE( 1.000000000000000082E-05 ), #4763, 'distance_accuracy_value', 'NONE');
#831 = ORIENTED_EDGE ( 'NONE', *, *, #10354, .T. ) ;
#832 = STYLED_ITEM ( 'NONE', ( #2640 ), #9394 ) ;
#833 = SURFACE_SIDE_STYLE ('',( #5466 ) ) ;
#834 = DIRECTION ( 'NONE',  ( 0.000000000000000000, 1.000000000000000000, 0.000000000000000000 ) ) ;
#835 = ORIENTED_EDGE ( 'NONE', *, *, #8049, .F. ) ;
#836 = EDGE_CURVE ( 'NONE', #1879, #8751, #907, .T. ) ;
#837 = VERTEX_POINT ( 'NONE', #8408 ) ;
#838 = PRESENTATION_STYLE_ASSIGNMENT (( #8087 ) ) ;
#839 = AXIS2_PLACEMENT_3D ( 'NONE', #6049, #8859, #519 ) ;
#840 = CARTESIAN_POINT ( 'NONE',  ( 3.292975979834980471, -1.142788338085890087, 1.399999999999999911 ) ) ;
#841 = DIRECTION ( 'NONE',  ( -0.000000000000000000, -0.000000000000000000, -1.000000000000000000 ) ) ;
#842 = EDGE_CURVE ( 'NONE', #3755, #8556, #1762, .T. ) ;
#843 = CARTESIAN_POINT ( 'NONE',  ( 0.000000000000000000, 0.1572116619141101512, 1.399999999999999911 ) ) ;
#844 = DIRECTION ( 'NONE',  ( 1.000000000000000000, 0.000000000000000000, 0.000000000000000000 ) ) ;
#845 =( NAMED_UNIT ( * ) SI_UNIT ( $, .STERADIAN. ) SOLID_ANGLE_UNIT ( ) );
#846 = PRESENTATION_STYLE_ASSIGNMENT (( #5475 ) ) ;
#847 = MECHANICAL_DESIGN_GEOMETRIC_PRESENTATION_REPRESENTATION (  '', ( #8242 ), #3371 ) ;
#848 = ORIENTED_EDGE ( 'NONE', *, *, #842, .T. ) ;
#849 = CIRCLE ( 'NONE', #4148, 0.1000000000000000472 ) ;
#850 = ORIENTED_EDGE ( 'NONE', *, *, #8984, .F. ) ;
#851 = VECTOR ( 'NONE', #332, 1000.000000000000000 ) ;
#852 = EDGE_CURVE ( 'NONE', #8, #11318, #3776, .T. ) ;
#853 = ORIENTED_EDGE ( 'NONE', *, *, #6185, .T. ) ;
#854 = CARTESIAN_POINT ( 'NONE',  ( -4.500000000000000888, -7.994982302604838331, 0.000000000000000000 ) ) ;
#855 = CARTESIAN_POINT ( 'NONE',  ( 3.000000000000000888, -2.768682383288471271, 1.600000000000000089 ) ) ;
#856 = PRESENTATION_LAYER_ASSIGNMENT (  '', '', ( #3570 ) ) ;
#857 = CARTESIAN_POINT ( 'NONE',  ( -4.102035936607395961, 8.869867354517255720, 1.100000000000000089 ) ) ;
#858 = DIRECTION ( 'NONE',  ( 0.000000000000000000, -1.000000000000000000, 0.000000000000000000 ) ) ;
#859 = DIRECTION ( 'NONE',  ( -0.000000000000000000, -0.000000000000000000, -1.000000000000000000 ) ) ;
#860 = EDGE_CURVE ( 'NONE', #1014, #4339, #7011, .T. ) ;
#861 = CARTESIAN_POINT ( 'NONE',  ( 0.9999999999999935607, -4.099999999999996980, 1.200000000000000178 ) ) ;
#862 = PRESENTATION_LAYER_ASSIGNMENT (  '', '', ( #6296 ) ) ;
#863 = CARTESIAN_POINT ( 'NONE',  ( -3.879404446409629337, -7.994982302604838331, 1.000000000000000000 ) ) ;
#864 = COLOUR_RGB ( '',1.000000000000000000, 1.000000000000000000, 0.000000000000000000 ) ;
#865 = ORIENTED_EDGE ( 'NONE', *, *, #6230, .T. ) ;
#866 = EDGE_CURVE ( 'NONE', #4620, #4517, #7548, .T. ) ;
#867 = AXIS2_PLACEMENT_3D ( 'NONE', #11522, #6840, #9523 ) ;
#868 = ORIENTED_EDGE ( 'NONE', *, *, #8730, .F. ) ;
#869 = COLOUR_RGB ( '',1.000000000000000000, 1.000000000000000000, 0.000000000000000000 ) ;
#870 = CARTESIAN_POINT ( 'NONE',  ( 1.254473155026101017, 5.440410080016174972E-16, 1.500000000000000000 ) ) ;
#871 = AXIS2_PLACEMENT_3D ( 'NONE', #7204, #6967, #1604 ) ;
#872 = CARTESIAN_POINT ( 'NONE',  ( -4.500000000000000888, -7.994982302604838331, 1.100000000000000089 ) ) ;
#873 = LINE ( 'NONE', #1905, #8032 ) ;
#874 = ORIENTED_EDGE ( 'NONE', *, *, #662, .T. ) ;
#875 = DIRECTION ( 'NONE',  ( 1.000000000000000000, 0.000000000000000000, 0.000000000000000000 ) ) ;
#876 = CARTESIAN_POINT ( 'NONE',  ( 5.219581602308915436, 0.1572116619141101512, 1.399999999999999911 ) ) ;
#877 = FILL_AREA_STYLE_COLOUR ( '', #8213 ) ;
#878 = DIRECTION ( 'NONE',  ( -0.000000000000000000, -0.000000000000000000, 1.000000000000000000 ) ) ;
#879 = EDGE_CURVE ( 'NONE', #232, #7157, #7492, .T. ) ;
#880 = ORIENTED_EDGE ( 'NONE', *, *, #888, .T. ) ;
#881 = VECTOR ( 'NONE', #7142, 1000.000000000000000 ) ;
#882 = VERTEX_POINT ( 'NONE', #11080 ) ;
#883 = MECHANICAL_DESIGN_GEOMETRIC_PRESENTATION_REPRESENTATION (  '', ( #9823 ), #7502 ) ;
#884 = MECHANICAL_DESIGN_GEOMETRIC_PRESENTATION_REPRESENTATION (  '', ( #502 ), #292 ) ;
#885 = DIRECTION ( 'NONE',  ( -0.000000000000000000, -0.000000000000000000, -1.000000000000000000 ) ) ;
#886 = SURFACE_STYLE_FILL_AREA ( #8879 ) ;
#887 = ORIENTED_EDGE ( 'NONE', *, *, #6883, .F. ) ;
#888 = EDGE_CURVE ( 'NONE', #2103, #3743, #11260, .T. ) ;
#889 = CARTESIAN_POINT ( 'NONE',  ( 0.000000000000000000, 0.000000000000000000, 1.200000000000000178 ) ) ;
#890 = FILL_AREA_STYLE_COLOUR ( '', #9383 ) ;
#891 = EDGE_LOOP ( 'NONE', ( #6217, #10958, #9944, #6544 ) ) ;
#892 = FILL_AREA_STYLE_COLOUR ( '', #3427 ) ;
#893 = CARTESIAN_POINT ( 'NONE',  ( 0.000000000000000000, 8.869867354517255720, 1.100000000000000089 ) ) ;
#894 = ORIENTED_EDGE ( 'NONE', *, *, #4506, .T. ) ;
#895 = EDGE_LOOP ( 'NONE', ( #442, #2967, #10567, #8560 ) ) ;
#896 = FACE_OUTER_BOUND ( 'NONE', #8868, .T. ) ;
#897 = CARTESIAN_POINT ( 'NONE',  ( 2.292975979834980471, -1.142788338085890087, 1.500000000000000000 ) ) ;
#898 = DIRECTION ( 'NONE',  ( 0.000000000000000000, 0.000000000000000000, -1.000000000000000000 ) ) ;
#899 = EDGE_CURVE ( 'NONE', #5477, #882, #10883, .T. ) ;
#900 = LINE ( 'NONE', #1696, #5523 ) ;
#901 = LINE ( 'NONE', #6625, #1703 ) ;
#902 = FILL_AREA_STYLE ('',( #9261 ) ) ;
#903 = ORIENTED_EDGE ( 'NONE', *, *, #5991, .F. ) ;
#904 = SURFACE_STYLE_FILL_AREA ( #6450 ) ;
#905 = AXIS2_PLACEMENT_3D ( 'NONE', #7000, #3460, #5047 ) ;
#906 = ORIENTED_EDGE ( 'NONE', *, *, #5037, .T. ) ;
#907 = LINE ( 'NONE', #8530, #5059 ) ;
#908 = ORIENTED_EDGE ( 'NONE', *, *, #5086, .T. ) ;
#909 = CARTESIAN_POINT ( 'NONE',  ( -0.7182825874325390325, 5.837225230594265568, 1.100000000000000089 ) ) ;
#910 = VECTOR ( 'NONE', #8297, 1000.000000000000000 ) ;
#911 = LINE ( 'NONE', #29, #10871 ) ;
#912 = CARTESIAN_POINT ( 'NONE',  ( 5.705872757806901063, 2.856906106631964093, 1.100000000000000089 ) ) ;
#913 = CARTESIAN_POINT ( 'NONE',  ( -3.500000000000003109, -1.999999999999997335, 1.000000000000000000 ) ) ;
#914 = CARTESIAN_POINT ( 'NONE',  ( 5.955872757806901063, 3.106906106631963649, 1.000000000000000000 ) ) ;
#915 =( LENGTH_UNIT ( ) NAMED_UNIT ( * ) SI_UNIT ( .MILLI., .METRE. ) );
#916 = VECTOR ( 'NONE', #5031, 1000.000000000000000 ) ;
#917 = CARTESIAN_POINT ( 'NONE',  ( -1.310595553590371720, -7.994982302604838331, 1.100000000000000089 ) ) ;
#918 = ADVANCED_FACE ( 'NONE', ( #4744 ), #9267, .F. ) ;
#919 = FACE_OUTER_BOUND ( 'NONE', #56, .T. ) ;
#920 =( NAMED_UNIT ( * ) SI_UNIT ( $, .STERADIAN. ) SOLID_ANGLE_UNIT ( ) );
#921 = CARTESIAN_POINT ( 'NONE',  ( -1.050000000000002709, -1.999999999999997335, 1.200000000000000178 ) ) ;
#922 = ORIENTED_EDGE ( 'NONE', *, *, #7108, .T. ) ;
#923 = ADVANCED_FACE ( 'NONE', ( #5913 ), #6939, .F. ) ;
#924 = ORIENTED_EDGE ( 'NONE', *, *, #9201, .T. ) ;
#925 = AXIS2_PLACEMENT_3D ( 'NONE', #9066, #714, #2656 ) ;
#926 =( GEOMETRIC_REPRESENTATION_CONTEXT ( 3 ) GLOBAL_UNCERTAINTY_ASSIGNED_CONTEXT ( ( #5583 ) ) GLOBAL_UNIT_ASSIGNED_CONTEXT ( ( #4104, #8684, #4046 ) ) REPRESENTATION_CONTEXT ( 'NONE', 'WORKASPACE' ) );
#927 = EDGE_CURVE ( 'NONE', #8291, #1731, #6232, .T. ) ;
#928 = FILL_AREA_STYLE ('',( #7567 ) ) ;
#929 = SURFACE_STYLE_USAGE ( .BOTH. , #4596 ) ;
#930 = CARTESIAN_POINT ( 'NONE',  ( -1.400000000000002798, -1.499999999999997335, 1.200000000000000178 ) ) ;
#931 = DIRECTION ( 'NONE',  ( 1.000000000000000000, 0.000000000000000000, 0.000000000000000000 ) ) ;
#932 = FACE_BOUND ( 'NONE', #5253, .T. ) ;
#933 = VERTEX_POINT ( 'NONE', #1284 ) ;
#934 = CARTESIAN_POINT ( 'NONE',  ( 0.4999999999999972800, -4.099999999999996092, 1.000000000000000000 ) ) ;
#935 = VECTOR ( 'NONE', #5353, 1000.000000000000000 ) ;
#936 = FILL_AREA_STYLE_COLOUR ( '', #7687 ) ;
#937 = LINE ( 'NONE', #2759, #6851 ) ;
#938 = VECTOR ( 'NONE', #4031, 1000.000000000000000 ) ;
#939 = EDGE_CURVE ( 'NONE', #8193, #2610, #3952, .T. ) ;
#940 = CARTESIAN_POINT ( 'NONE',  ( -4.516593218723101266, 1.450099785732223756, 1.500000000000000000 ) ) ;
#941 = ORIENTED_EDGE ( 'NONE', *, *, #8503, .F. ) ;
#942 = ORIENTED_EDGE ( 'NONE', *, *, #10471, .T. ) ;
#943 = MECHANICAL_DESIGN_GEOMETRIC_PRESENTATION_REPRESENTATION (  '', ( #7767 ), #1217 ) ;
#944 = MECHANICAL_DESIGN_GEOMETRIC_PRESENTATION_REPRESENTATION (  '', ( #6181 ), #10286 ) ;
#945 = VECTOR ( 'NONE', #194, 1000.000000000000000 ) ;
#946 = CARTESIAN_POINT ( 'NONE',  ( 5.999999999999997335, 9.000000000000001776, 1.000000000000000000 ) ) ;
#947 = DIRECTION ( 'NONE',  ( -1.084202172485506406E-15, -1.000000000000000000, -0.000000000000000000 ) ) ;
#948 = ORIENTED_EDGE ( 'NONE', *, *, #11342, .T. ) ;
#949 = FILL_AREA_STYLE ('',( #1862 ) ) ;
#950 = CARTESIAN_POINT ( 'NONE',  ( -3.702035936607396049, 8.469867354517257141, 1.100000000000000089 ) ) ;
#951 = VECTOR ( 'NONE', #9054, 1000.000000000000000 ) ;
#952 = SURFACE_STYLE_FILL_AREA ( #8204 ) ;
#953 = UNCERTAINTY_MEASURE_WITH_UNIT (LENGTH_MEASURE( 1.000000000000000082E-05 ), #1432, 'distance_accuracy_value', 'NONE');
#954 = ORIENTED_EDGE ( 'NONE', *, *, #4776, .F. ) ;
#955 = CIRCLE ( 'NONE', #8922, 0.6205955535903713294 ) ;
#956 = DIRECTION ( 'NONE',  ( -1.000000000000000000, 0.000000000000000000, 0.000000000000000000 ) ) ;
#957 = DIRECTION ( 'NONE',  ( 0.000000000000000000, -1.000000000000000000, 0.000000000000000000 ) ) ;
#958 = ORIENTED_EDGE ( 'NONE', *, *, #4726, .T. ) ;
#959 = EDGE_LOOP ( 'NONE', ( #6120, #8889, #2439, #11856 ) ) ;
#960 = FACE_OUTER_BOUND ( 'NONE', #11875, .T. ) ;
#961 = PRESENTATION_STYLE_ASSIGNMENT (( #9311 ) ) ;
#962 = CARTESIAN_POINT ( 'NONE',  ( -2.700000000000003286, -1.999999999999997335, 1.200000000000000178 ) ) ;
#963 = CARTESIAN_POINT ( 'NONE',  ( -3.999999999999995559, -2.999999999999996891, 1.000000000000000000 ) ) ;
#964 = DIRECTION ( 'NONE',  ( -0.000000000000000000, -0.000000000000000000, 1.000000000000000000 ) ) ;
#965 = VERTEX_POINT ( 'NONE', #3273 ) ;
#966 = VERTEX_POINT ( 'NONE', #431 ) ;
#967 = ORIENTED_EDGE ( 'NONE', *, *, #7604, .F. ) ;
#968 = EDGE_CURVE ( 'NONE', #10750, #4494, #8701, .T. ) ;
#969 = EDGE_CURVE ( 'NONE', #2606, #8193, #9620, .T. ) ;
#970 = VECTOR ( 'NONE', #2591, 1000.000000000000000 ) ;
#971 =( LENGTH_UNIT ( ) NAMED_UNIT ( * ) SI_UNIT ( .MILLI., .METRE. ) );
#972 = ORIENTED_EDGE ( 'NONE', *, *, #11001, .T. ) ;
#973 = LINE ( 'NONE', #9204, #573 ) ;
#974 = DIRECTION ( 'NONE',  ( 0.000000000000000000, 1.000000000000000000, 0.000000000000000000 ) ) ;
#975 = SURFACE_SIDE_STYLE ('',( #12007 ) ) ;
#976 = SURFACE_SIDE_STYLE ('',( #5551 ) ) ;
#977 = PLANE ( 'NONE',  #1695 ) ;
#978 = FILL_AREA_STYLE ('',( #8359 ) ) ;
#979 = CARTESIAN_POINT ( 'NONE',  ( 2.292975979834980471, 0.000000000000000000, 1.399999999999999911 ) ) ;
#980 = VERTEX_POINT ( 'NONE', #257 ) ;
#981 = VECTOR ( 'NONE', #1668, 1000.000000000000000 ) ;
#982 = ORIENTED_EDGE ( 'NONE', *, *, #6445, .T. ) ;
#983 = EDGE_CURVE ( 'NONE', #3150, #6571, #8757, .T. ) ;
#984 = UNCERTAINTY_MEASURE_WITH_UNIT (LENGTH_MEASURE( 1.000000000000000082E-05 ), #784, 'distance_accuracy_value', 'NONE');
#985 = CIRCLE ( 'NONE', #2924, 0.6205955535903713294 ) ;
#986 = DIRECTION ( 'NONE',  ( 1.000000000000000000, 0.000000000000000000, 0.000000000000000000 ) ) ;
#987 = DIRECTION ( 'NONE',  ( -1.000000000000000000, 0.000000000000000000, 0.000000000000000000 ) ) ;
#988 = EDGE_LOOP ( 'NONE', ( #2794, #604, #6786, #11662 ) ) ;
#989 = EDGE_CURVE ( 'NONE', #4951, #6713, #4125, .T. ) ;
#990 = EDGE_CURVE ( 'NONE', #406, #4055, #985, .T. ) ;
#991 = CARTESIAN_POINT ( 'NONE',  ( -1.600000000000002975, -1.499999999999997335, 1.200000000000000178 ) ) ;
#992 = FILL_AREA_STYLE_COLOUR ( '', #10003 ) ;
#993 = FACE_OUTER_BOUND ( 'NONE', #7971, .T. ) ;
#994 = AXIS2_PLACEMENT_3D ( 'NONE', #11028, #799, #10307 ) ;
#995 = PLANE ( 'NONE',  #4938 ) ;
#996 = VERTEX_POINT ( 'NONE', #6755 ) ;
#997 = PRESENTATION_LAYER_ASSIGNMENT (  '', '', ( #11117 ) ) ;
#998 = ORIENTED_EDGE ( 'NONE', *, *, #4156, .T. ) ;
#999 = COLOUR_RGB ( '',0.7960784313725489669, 0.8235294117647058432, 0.9372549019607843146 ) ;
#1000 = SURFACE_STYLE_USAGE ( .BOTH. , #3747 ) ;
#1001 = PLANE ( 'NONE',  #10333 ) ;
#1002 = CARTESIAN_POINT ( 'NONE',  ( 4.719581602308915436, 0.000000000000000000, 1.000000000000000000 ) ) ;
#1003 = ORIENTED_EDGE ( 'NONE', *, *, #3679, .T. ) ;
#1004 = DIRECTION ( 'NONE',  ( -0.000000000000000000, -0.000000000000000000, -1.000000000000000000 ) ) ;
#1005 = AXIS2_PLACEMENT_3D ( 'NONE', #2419, #6257, #10936 ) ;
#1006 = CARTESIAN_POINT ( 'NONE',  ( 0.000000000000000000, 2.147362469743642865, -29.20000000000000284 ) ) ;
#1007 = CARTESIAN_POINT ( 'NONE',  ( -1.714552833435666335, -0.6974844531661972269, 1.000000000000000000 ) ) ;
#1008 = CARTESIAN_POINT ( 'NONE',  ( 3.200000000000001066, -2.568682383288471538, 1.800000000000000266 ) ) ;
#1009 = ORIENTED_EDGE ( 'NONE', *, *, #1181, .T. ) ;
#1010 = MECHANICAL_DESIGN_GEOMETRIC_PRESENTATION_REPRESENTATION (  '', ( #4707 ), #6452 ) ;
#1011 = DIRECTION ( 'NONE',  ( 0.000000000000000000, -0.000000000000000000, -1.000000000000000000 ) ) ;
#1012 = CARTESIAN_POINT ( 'NONE',  ( -4.516593218723101266, 0.6500997857322237117, 1.399999999999999911 ) ) ;
#1013 = ORIENTED_EDGE ( 'NONE', *, *, #1469, .T. ) ;
#1014 = VERTEX_POINT ( 'NONE', #2127 ) ;
#1015 = DIRECTION ( 'NONE',  ( 1.000000000000000000, 0.000000000000000000, 0.000000000000000000 ) ) ;
#1016 = CARTESIAN_POINT ( 'NONE',  ( -5.313812213263914508, 2.656906106631963915, 1.100000000000000089 ) ) ;
#1017 =( NAMED_UNIT ( * ) SI_UNIT ( $, .STERADIAN. ) SOLID_ANGLE_UNIT ( ) );
#1018 = DIRECTION ( 'NONE',  ( 1.458308881367818673E-16, -1.000000000000000000, 0.000000000000000000 ) ) ;
#1019 = AXIS2_PLACEMENT_3D ( 'NONE', #4717, #1793, #10204 ) ;
#1020 = DIRECTION ( 'NONE',  ( -0.000000000000000000, -0.000000000000000000, -1.000000000000000000 ) ) ;
#1021 = CARTESIAN_POINT ( 'NONE',  ( -0.3854471665643398604, -0.6974844531661972269, 1.500000000000000000 ) ) ;
#1022 = DIRECTION ( 'NONE',  ( -1.000000000000000000, 0.000000000000000000, -0.000000000000000000 ) ) ;
#1023 = EDGE_CURVE ( 'NONE', #10659, #837, #11615, .T. ) ;
#1024 = EDGE_CURVE ( 'NONE', #11257, #4620, #2183, .T. ) ;
#1025 = ORIENTED_EDGE ( 'NONE', *, *, #4816, .F. ) ;
#1026 = EDGE_LOOP ( 'NONE', ( #1555, #5631, #11197, #1076 ) ) ;
#1027 = ORIENTED_EDGE ( 'NONE', *, *, #2810, .F. ) ;
#1028 = VECTOR ( 'NONE', #8618, 1000.000000000000000 ) ;
#1029 = DIRECTION ( 'NONE',  ( 1.000000000000000000, 0.000000000000000000, 0.000000000000000000 ) ) ;
#1030 = EDGE_LOOP ( 'NONE', ( #7546, #9969, #8742, #3669 ) ) ;
#1031 = DIRECTION ( 'NONE',  ( -0.000000000000000000, -0.000000000000000000, 1.000000000000000000 ) ) ;
#1032 = FILL_AREA_STYLE ('',( #3717 ) ) ;
#1033 = SURFACE_SIDE_STYLE ('',( #324 ) ) ;
#1034 = ADVANCED_FACE ( 'NONE', ( #321 ), #11503, .F. ) ;
#1035 = DIRECTION ( 'NONE',  ( -0.000000000000000000, 0.000000000000000000, -1.000000000000000000 ) ) ;
#1036 = PRESENTATION_LAYER_ASSIGNMENT (  '', '', ( #650 ) ) ;
#1037 = LINE ( 'NONE', #9572, #4957 ) ;
#1038 = LINE ( 'NONE', #11511, #7610 ) ;
#1039 = DIRECTION ( 'NONE',  ( 1.000000000000000000, 0.000000000000000000, 0.000000000000000000 ) ) ;
#1040 = AXIS2_PLACEMENT_3D ( 'NONE', #3418, #3353, #7131 ) ;
#1041 = ADVANCED_FACE ( 'NONE', ( #7745 ), #6875, .F. ) ;
#1042 = EDGE_LOOP ( 'NONE', ( #5453, #9480, #2847, #8554 ) ) ;
#1043 = PRESENTATION_LAYER_ASSIGNMENT (  '', '', ( #7855 ) ) ;
#1044 = ORIENTED_EDGE ( 'NONE', *, *, #8304, .T. ) ;
#1045 =( LENGTH_UNIT ( ) NAMED_UNIT ( * ) SI_UNIT ( .MILLI., .METRE. ) );
#1046 = ADVANCED_FACE ( 'NONE', ( #10990 ), #4254, .F. ) ;
#1047 = MANIFOLD_SOLID_BREP ( 'Cut-Extrude4', #11209 ) ;
#1048 = DIRECTION ( 'NONE',  ( 0.000000000000000000, -1.000000000000000000, 0.000000000000000000 ) ) ;
#1049 = AXIS2_PLACEMENT_3D ( 'NONE', #10520, #7901, #1151 ) ;
#1050 =( NAMED_UNIT ( * ) PLANE_ANGLE_UNIT ( ) SI_UNIT ( $, .RADIAN. ) );
#1051 = DIRECTION ( 'NONE',  ( 1.000000000000000000, -0.000000000000000000, 0.000000000000000000 ) ) ;
#1052 = CARTESIAN_POINT ( 'NONE',  ( -0.3000000000000025424, -1.999999999999997335, 1.000000000000000000 ) ) ;
#1053 = DIRECTION ( 'NONE',  ( -0.000000000000000000, -0.000000000000000000, -1.000000000000000000 ) ) ;
#1054 = VECTOR ( 'NONE', #7248, 1000.000000000000000 ) ;
#1055 = CARTESIAN_POINT ( 'NONE',  ( -5.192492299719079440, -3.088776141202243419, 1.500000000000000000 ) ) ;
#1056 = SURFACE_SIDE_STYLE ('',( #1120 ) ) ;
#1057 = COLOUR_RGB ( '',0.7960784313725489669, 0.8235294117647058432, 0.9372549019607843146 ) ;
#1058 = CARTESIAN_POINT ( 'NONE',  ( 0.4999999999999976130, -5.999999999999997335, 1.800000000000000044 ) ) ;
#1059 = DIRECTION ( 'NONE',  ( 1.000000000000000000, 0.000000000000000000, 0.000000000000000000 ) ) ;
#1060 =( NAMED_UNIT ( * ) PLANE_ANGLE_UNIT ( ) SI_UNIT ( $, .RADIAN. ) );
#1061 = EDGE_CURVE ( 'NONE', #11368, #9982, #6075, .T. ) ;
#1062 = PRESENTATION_LAYER_ASSIGNMENT (  '', '', ( #2396 ) ) ;
#1063 = EDGE_LOOP ( 'NONE', ( #10443, #10248, #9673, #6378 ) ) ;
#1064 = ORIENTED_EDGE ( 'NONE', *, *, #9681, .T. ) ;
#1065 = AXIS2_PLACEMENT_3D ( 'NONE', #7485, #10292, #5663 ) ;
#1066 = PLANE ( 'NONE',  #2687 ) ;
#1067 = CIRCLE ( 'NONE', #298, 0.6205955535903713294 ) ;
#1068 = CIRCLE ( 'NONE', #2608, 0.1000000000000000472 ) ;
#1069 = AXIS2_PLACEMENT_3D ( 'NONE', #6406, #8298, #5553 ) ;
#1070 = DIRECTION ( 'NONE',  ( 1.000000000000000000, 0.000000000000000000, 0.000000000000000000 ) ) ;
#1071 = ORIENTED_EDGE ( 'NONE', *, *, #8964, .F. ) ;
#1072 = CARTESIAN_POINT ( 'NONE',  ( -4.902035936607395783, 5.496005818493205908, 1.100000000000000089 ) ) ;
#1073 = CARTESIAN_POINT ( 'NONE',  ( 5.100000000000001421, -4.968682383288471449, 1.700000000000000178 ) ) ;
#1074 = LINE ( 'NONE', #1200, #2954 ) ;
#1075 = PRESENTATION_LAYER_ASSIGNMENT (  '', '', ( #3600 ) ) ;
#1076 = ORIENTED_EDGE ( 'NONE', *, *, #9706, .T. ) ;
#1077 = PRESENTATION_LAYER_ASSIGNMENT (  '', '', ( #10796 ) ) ;
#1078 = AXIS2_PLACEMENT_3D ( 'NONE', #1292, #8709, #8481 ) ;
#1079 = EDGE_CURVE ( 'NONE', #11286, #4620, #10080, .T. ) ;
#1080 = DIRECTION ( 'NONE',  ( 1.000000000000000000, 0.000000000000000000, 0.000000000000000000 ) ) ;
#1081 = DIRECTION ( 'NONE',  ( 0.000000000000000000, 0.000000000000000000, 1.000000000000000000 ) ) ;
#1082 = ADVANCED_FACE ( 'NONE', ( #3690 ), #823, .T. ) ;
#1083 = ORIENTED_EDGE ( 'NONE', *, *, #5361, .T. ) ;
#1084 = ORIENTED_EDGE ( 'NONE', *, *, #8480, .T. ) ;
#1085 = PRESENTATION_STYLE_ASSIGNMENT (( #9548 ) ) ;
#1086 = LINE ( 'NONE', #11372, #7520 ) ;
#1087 = DIRECTION ( 'NONE',  ( -0.000000000000000000, -0.000000000000000000, 1.000000000000000000 ) ) ;
#1088 = EDGE_CURVE ( 'NONE', #5492, #2163, #8617, .T. ) ;
#1089 = DIRECTION ( 'NONE',  ( 0.000000000000000000, 0.000000000000000000, -1.000000000000000000 ) ) ;
#1090 = DIRECTION ( 'NONE',  ( 0.000000000000000000, -0.000000000000000000, -1.000000000000000000 ) ) ;
#1091 = ORIENTED_EDGE ( 'NONE', *, *, #5275, .T. ) ;
#1092 = VERTEX_POINT ( 'NONE', #10268 ) ;
#1093 = ORIENTED_EDGE ( 'NONE', *, *, #939, .F. ) ;
#1094 = CARTESIAN_POINT ( 'NONE',  ( -0.000000000000000000, 2.147362469743642865, 0.000000000000000000 ) ) ;
#1095 = ADVANCED_FACE ( 'NONE', ( #4956 ), #2095, .F. ) ;
#1096 = ORIENTED_EDGE ( 'NONE', *, *, #6763, .F. ) ;
#1097 = DIRECTION ( 'NONE',  ( 0.000000000000000000, 1.000000000000000000, 0.000000000000000000 ) ) ;
#1098 = DIRECTION ( 'NONE',  ( 1.000000000000000000, 0.000000000000000000, 0.000000000000000000 ) ) ;
#1099 = EDGE_CURVE ( 'NONE', #8329, #5115, #3987, .T. ) ;
#1100 =( NAMED_UNIT ( * ) SI_UNIT ( $, .STERADIAN. ) SOLID_ANGLE_UNIT ( ) );
#1101 = DIRECTION ( 'NONE',  ( -0.000000000000000000, -0.000000000000000000, -1.000000000000000000 ) ) ;
#1102 = ADVANCED_FACE ( 'NONE', ( #1131, #8558, #231, #3872, #2039, #170, #287, #3926, #3748, #7457, #7715, #7584, #11416, #11351, #11289, #11174, #1973, #2944, #8502, #2155, #115, #1915, #3073, #7522, #9352, #6664, #10385, #4894, #8679, #6790, #3012, #2828 ), #1001, .T. ) ;
#1103 = DIRECTION ( 'NONE',  ( -0.000000000000000000, -0.000000000000000000, -1.000000000000000000 ) ) ;
#1104 = FILL_AREA_STYLE ('',( #10539 ) ) ;
#1105 = CARTESIAN_POINT ( 'NONE',  ( 5.010595553590371232, -7.994982302604838331, 1.100000000000000089 ) ) ;
#1106 = VECTOR ( 'NONE', #126, 1000.000000000000000 ) ;
#1107 = DIRECTION ( 'NONE',  ( 1.084202172485504434E-16, 1.000000000000000000, -0.000000000000000000 ) ) ;
#1108 = ORIENTED_EDGE ( 'NONE', *, *, #4979, .F. ) ;
#1109 = ORIENTED_EDGE ( 'NONE', *, *, #9996, .T. ) ;
#1110 = EDGE_CURVE ( 'NONE', #7269, #10479, #348, .T. ) ;
#1111 = DIRECTION ( 'NONE',  ( 1.000000000000000000, 0.000000000000000000, 0.000000000000000000 ) ) ;
#1112 = DIRECTION ( 'NONE',  ( -0.000000000000000000, 0.000000000000000000, 1.000000000000000000 ) ) ;
#1113 = VECTOR ( 'NONE', #11118, 1000.000000000000000 ) ;
#1114 =( NAMED_UNIT ( * ) SI_UNIT ( $, .STERADIAN. ) SOLID_ANGLE_UNIT ( ) );
#1115 = CARTESIAN_POINT ( 'NONE',  ( -4.016593218723101266, 0.6500997857322237117, 1.500000000000000000 ) ) ;
#1116 = DIRECTION ( 'NONE',  ( 1.000000000000000000, 0.000000000000000000, 0.000000000000000000 ) ) ;
#1117 = FILL_AREA_STYLE_COLOUR ( '', #4932 ) ;
#1118 = LINE ( 'NONE', #5872, #4370 ) ;
#1119 = PLANE ( 'NONE',  #6622 ) ;
#1120 = SURFACE_STYLE_FILL_AREA ( #11281 ) ;
#1121 = DIRECTION ( 'NONE',  ( -0.000000000000000000, 0.000000000000000000, 1.000000000000000000 ) ) ;
#1122 = CARTESIAN_POINT ( 'NONE',  ( -2.580595553590371516, -7.994982302604838331, 1.100000000000000089 ) ) ;
#1123 = FILL_AREA_STYLE_COLOUR ( '', #4576 ) ;
#1124 = STYLED_ITEM ( 'NONE', ( #5735 ), #1867 ) ;
#1125 = ORIENTED_EDGE ( 'NONE', *, *, #3278, .F. ) ;
#1126 = EDGE_CURVE ( 'NONE', #3773, #8, #8732, .T. ) ;
#1127 = VERTEX_POINT ( 'NONE', #568 ) ;
#1128 = ADVANCED_FACE ( 'NONE', ( #1315 ), #9885, .F. ) ;
#1129 = STYLED_ITEM ( 'NONE', ( #2020 ), #1366 ) ;
#1130 = DIRECTION ( 'NONE',  ( 1.445602896647339410E-16, -1.000000000000000000, 0.000000000000000000 ) ) ;
#1132 = EDGE_CURVE ( 'NONE', #7746, #10931, #4469, .T. ) ;
#1131 = FACE_BOUND ( 'NONE', #588, .T. ) ;
#1133 = FACE_OUTER_BOUND ( 'NONE', #5997, .T. ) ;
#1134 = ORIENTED_EDGE ( 'NONE', *, *, #6011, .T. ) ;
#1136 = VECTOR ( 'NONE', #1697, 1000.000000000000000 ) ;
#1135 = LINE ( 'NONE', #10332, #11079 ) ;
#1137 = DIRECTION ( 'NONE',  ( 0.000000000000000000, 0.000000000000000000, 1.000000000000000000 ) ) ;
#1138 = FACE_OUTER_BOUND ( 'NONE', #1328, .T. ) ;
#1139 = LINE ( 'NONE', #7592, #5493 ) ;
#1140 = ORIENTED_EDGE ( 'NONE', *, *, #11542, .F. ) ;
#1141 = STYLED_ITEM ( 'NONE', ( #2976 ), #8672 ) ;
#1142 = AXIS2_PLACEMENT_3D ( 'NONE', #4695, #1946, #5549 ) ;
#1143 = AXIS2_PLACEMENT_3D ( 'NONE', #6125, #2289, #5209 ) ;
#1144 = CARTESIAN_POINT ( 'NONE',  ( -0.8500000000000026423, -1.499999999999997335, 1.000000000000000000 ) ) ;
#1145 = ADVANCED_FACE ( 'NONE', ( #7024 ), #10739, .F. ) ;
#1146 = DIRECTION ( 'NONE',  ( 1.668003342285391304E-16, -1.000000000000000000, 0.000000000000000000 ) ) ;
#1147 = ORIENTED_EDGE ( 'NONE', *, *, #9260, .T. ) ;
#1148 = COLOUR_RGB ( '',1.000000000000000000, 1.000000000000000000, 0.5019607843137254832 ) ;
#1149 = VERTEX_POINT ( 'NONE', #1421 ) ;
#1150 = CARTESIAN_POINT ( 'NONE',  ( -4.000000000000000000, -4.099999999999996980, 1.200000000000000178 ) ) ;
#1151 = DIRECTION ( 'NONE',  ( 0.000000000000000000, -0.000000000000000000, -1.000000000000000000 ) ) ;
#1152 = PLANE ( 'NONE',  #8115 ) ;
#1153 =( NAMED_UNIT ( * ) PLANE_ANGLE_UNIT ( ) SI_UNIT ( $, .RADIAN. ) );
#1154 = EDGE_CURVE ( 'NONE', #4875, #4497, #1955, .T. ) ;
#1155 = CIRCLE ( 'NONE', #191, 0.5000000000000004441 ) ;
#1156 = CARTESIAN_POINT ( 'NONE',  ( 1.200595553590371178, -7.994982302604838331, 1.100000000000000089 ) ) ;
#1157 = CARTESIAN_POINT ( 'NONE',  ( -2.729999999999999538, -7.994982302604838331, 0.000000000000000000 ) ) ;
#1158 = CARTESIAN_POINT ( 'NONE',  ( -0.000000000000000000, 8.469867354517257141, 1.000000000000000000 ) ) ;
#1159 = ORIENTED_EDGE ( 'NONE', *, *, #9303, .F. ) ;
#1160 = EDGE_LOOP ( 'NONE', ( #10677, #7114, #11761, #72 ) ) ;
#1161 = VECTOR ( 'NONE', #987, 1000.000000000000000 ) ;
#1162 = ORIENTED_EDGE ( 'NONE', *, *, #1088, .T. ) ;
#1163 = ORIENTED_EDGE ( 'NONE', *, *, #3024, .F. ) ;
#1164 = CARTESIAN_POINT ( 'NONE',  ( 0.4999999999999970024, -1.999999999999997335, 1.800000000000000044 ) ) ;
#1165 = ORIENTED_EDGE ( 'NONE', *, *, #6800, .T. ) ;
#1166 = PLANE ( 'NONE',  #9612 ) ;
#1167 = FACE_OUTER_BOUND ( 'NONE', #8002, .T. ) ;
#1168 =( NAMED_UNIT ( * ) SI_UNIT ( $, .STERADIAN. ) SOLID_ANGLE_UNIT ( ) );
#1169 = VECTOR ( 'NONE', #11263, 1000.000000000000000 ) ;
#1170 = DIRECTION ( 'NONE',  ( -1.000000000000000000, 0.000000000000000000, 0.000000000000000000 ) ) ;
#1171 = FILL_AREA_STYLE ('',( #4751 ) ) ;
#1172 = CARTESIAN_POINT ( 'NONE',  ( -0.5000000000000026645, -6.499999999999997335, 1.000000000000000000 ) ) ;
#1173 = LINE ( 'NONE', #1293, #4496 ) ;
#1174 = LINE ( 'NONE', #212, #4186 ) ;
#1175 = EDGE_LOOP ( 'NONE', ( #9268, #5664, #3121, #2576 ) ) ;
#1176 = VERTEX_POINT ( 'NONE', #5130 ) ;
#1177 = VECTOR ( 'NONE', #9565, 1000.000000000000000 ) ;
#1178 = DIRECTION ( 'NONE',  ( 1.000000000000000000, 0.000000000000000000, 0.000000000000000000 ) ) ;
#1179 = CARTESIAN_POINT ( 'NONE',  ( -3.500000000000003109, -5.999999999999997335, 1.800000000000000044 ) ) ;
#1180 = DIRECTION ( 'NONE',  ( 0.000000000000000000, 1.000000000000000000, -0.000000000000000000 ) ) ;
#1181 = EDGE_CURVE ( 'NONE', #7215, #9533, #6161, .T. ) ;
#1182 = DIRECTION ( 'NONE',  ( -4.336808689942025625E-15, -1.000000000000000000, -0.000000000000000000 ) ) ;
#1183 = CARTESIAN_POINT ( 'NONE',  ( -5.692492299719079440, 0.000000000000000000, 1.500000000000000000 ) ) ;
#1184 = CARTESIAN_POINT ( 'NONE',  ( -0.3000000000000025424, -6.499999999999997335, 1.200000000000000178 ) ) ;
#1185 = CARTESIAN_POINT ( 'NONE',  ( -3.499999999999995115, -2.799999999999997158, 1.000000000000000000 ) ) ;
#1186 = AXIS2_PLACEMENT_3D ( 'NONE', #2023, #9224, #1961 ) ;
#1187 = PRESENTATION_STYLE_ASSIGNMENT (( #223 ) ) ;
#1188 = CARTESIAN_POINT ( 'NONE',  ( 0.9999999999999935607, -4.099999999999996980, 1.000000000000000000 ) ) ;
#1189 = VERTEX_POINT ( 'NONE', #10622 ) ;
#1190 = ADVANCED_FACE ( 'NONE', ( #11595 ), #3364, .T. ) ;
#1191 = VECTOR ( 'NONE', #1029, 1000.000000000000000 ) ;
#1192 = ORIENTED_EDGE ( 'NONE', *, *, #8255, .F. ) ;
#1193 = LINE ( 'NONE', #5883, #11638 ) ;
#1194 = CARTESIAN_POINT ( 'NONE',  ( -3.499999999999996891, -3.549999999999997158, 1.200000000000000178 ) ) ;
#1195 = DIRECTION ( 'NONE',  ( -1.084202172485504434E-16, -1.000000000000000000, 0.000000000000000000 ) ) ;
#1196 = ORIENTED_EDGE ( 'NONE', *, *, #6949, .F. ) ;
#1197 = DIRECTION ( 'NONE',  ( -0.000000000000000000, -0.000000000000000000, 1.000000000000000000 ) ) ;
#1198 = CARTESIAN_POINT ( 'NONE',  ( 5.300000000000000711, -4.768682383288472160, 1.700000000000000178 ) ) ;
#1199 = CARTESIAN_POINT ( 'NONE',  ( -1.050000000000002709, -1.499999999999997335, 1.000000000000000000 ) ) ;
#1200 = CARTESIAN_POINT ( 'NONE',  ( -0.000000000000000000, 8.469867354517257141, 1.000000000000000000 ) ) ;
#1201 = ADVANCED_FACE ( 'NONE', ( #9824 ), #10681, .T. ) ;
#1202 = UNCERTAINTY_MEASURE_WITH_UNIT (LENGTH_MEASURE( 1.000000000000000082E-05 ), #11683, 'distance_accuracy_value', 'NONE');
#1203 = EDGE_LOOP ( 'NONE', ( #9719, #539, #10474, #329 ) ) ;
#1204 = EDGE_CURVE ( 'NONE', #11066, #4289, #4223, .T. ) ;
#1205 = VECTOR ( 'NONE', #4684, 1000.000000000000000 ) ;
#1206 = DIRECTION ( 'NONE',  ( -0.000000000000000000, -0.000000000000000000, 1.000000000000000000 ) ) ;
#1207 = AXIS2_PLACEMENT_3D ( 'NONE', #1006, #5515, #8441 ) ;
#1208 = ORIENTED_EDGE ( 'NONE', *, *, #1646, .F. ) ;
#1209 = ORIENTED_EDGE ( 'NONE', *, *, #2250, .T. ) ;
#1210 = LINE ( 'NONE', #4791, #9030 ) ;
#1211 = CARTESIAN_POINT ( 'NONE',  ( -0.3854471665643398604, -1.197484453166197227, 1.500000000000000000 ) ) ;
#1212 = FILL_AREA_STYLE_COLOUR ( '', #2451 ) ;
#1213 = COLOUR_RGB ( '',0.9882352941176471006, 0.7372549019607843590, 0.5176470588235293491 ) ;
#1214 = CARTESIAN_POINT ( 'NONE',  ( 0.000000000000000000, 0.000000000000000000, 1.200000000000000178 ) ) ;
#1215 = CARTESIAN_POINT ( 'NONE',  ( -1.697642652873964986, -2.475687358074928420E-16, 1.100000000000000089 ) ) ;
#1216 = ORIENTED_EDGE ( 'NONE', *, *, #5069, .T. ) ;
#1217 =( GEOMETRIC_REPRESENTATION_CONTEXT ( 3 ) GLOBAL_UNCERTAINTY_ASSIGNED_CONTEXT ( ( #9725 ) ) GLOBAL_UNIT_ASSIGNED_CONTEXT ( ( #597, #6137, #4317 ) ) REPRESENTATION_CONTEXT ( 'NONE', 'WORKASPACE' ) );
#1218 = VERTEX_POINT ( 'NONE', #3307 ) ;
#1219 = VERTEX_POINT ( 'NONE', #1486 ) ;
#1220 = ORIENTED_EDGE ( 'NONE', *, *, #9571, .T. ) ;
#1221 = EDGE_CURVE ( 'NONE', #11121, #774, #10267, .T. ) ;
#1222 = CARTESIAN_POINT ( 'NONE',  ( -3.779360369118781371, 2.295341782195420954, 1.000000000000000000 ) ) ;
#1223 = EDGE_CURVE ( 'NONE', #3153, #10690, #1724, .T. ) ;
#1224 = ORIENTED_EDGE ( 'NONE', *, *, #4506, .F. ) ;
#1225 = CARTESIAN_POINT ( 'NONE',  ( -0.000000000000000000, 8.869867354517255720, 1.000000000000000000 ) ) ;
#1226 = CARTESIAN_POINT ( 'NONE',  ( 1.254473155026101683, -1.489077535132158570, 1.399999999999999911 ) ) ;
#1227 = PRESENTATION_STYLE_ASSIGNMENT (( #9566 ) ) ;
#1228 = SURFACE_STYLE_FILL_AREA ( #5920 ) ;
#1229 = PLANE ( 'NONE',  #1078 ) ;
#1230 = DIRECTION ( 'NONE',  ( 0.000000000000000000, 1.000000000000000000, -0.000000000000000000 ) ) ;
#1231 = DIRECTION ( 'NONE',  ( -1.000000000000000000, 1.084202172485504434E-16, 0.000000000000000000 ) ) ;
#1232 = ORIENTED_EDGE ( 'NONE', *, *, #11777, .T. ) ;
#1233 = AXIS2_PLACEMENT_3D ( 'NONE', #1956, #9397, #7442 ) ;
#1234 = ORIENTED_EDGE ( 'NONE', *, *, #7752, .F. ) ;
#1235 = EDGE_CURVE ( 'NONE', #9763, #2015, #10063, .T. ) ;
#1236 = CARTESIAN_POINT ( 'NONE',  ( -2.150000000000003020, -6.499999999999997335, 1.200000000000000178 ) ) ;
#1237 = DIRECTION ( 'NONE',  ( 1.000000000000000000, 0.000000000000000000, 0.000000000000000000 ) ) ;
#1238 = LINE ( 'NONE', #10665, #7783 ) ;
#1239 = ADVANCED_FACE ( 'NONE', ( #629 ), #11766, .F. ) ;
#1240 = DIRECTION ( 'NONE',  ( -0.000000000000000000, 0.000000000000000000, 1.000000000000000000 ) ) ;
#1241 = DIRECTION ( 'NONE',  ( 0.000000000000000000, 1.000000000000000000, -0.000000000000000000 ) ) ;
#1242 = CYLINDRICAL_SURFACE ( 'NONE', #492, 0.5000000000000008882 ) ;
#1243 = DIRECTION ( 'NONE',  ( -0.000000000000000000, -1.000000000000000000, -0.000000000000000000 ) ) ;
#1244 = AXIS2_PLACEMENT_3D ( 'NONE', #3735, #2630, #9097 ) ;
#1245 = CARTESIAN_POINT ( 'NONE',  ( 0.9999999999999915623, -3.549999999999997158, 1.000000000000000000 ) ) ;
#1246 = SURFACE_STYLE_USAGE ( .BOTH. , #2147 ) ;
#1247 = FACE_OUTER_BOUND ( 'NONE', #3650, .T. ) ;
#1248 = CARTESIAN_POINT ( 'NONE',  ( -4.016593218723101266, 0.5500997857322237339, 1.399999999999999911 ) ) ;
#1249 = EDGE_CURVE ( 'NONE', #4237, #10528, #1779, .T. ) ;
#1250 = ORIENTED_EDGE ( 'NONE', *, *, #11414, .F. ) ;
#1251 = AXIS2_PLACEMENT_3D ( 'NONE', #613, #1947, #10119 ) ;
#1252 = ORIENTED_EDGE ( 'NONE', *, *, #319, .F. ) ;
#1253 = VECTOR ( 'NONE', #391, 1000.000000000000000 ) ;
#1254 = CYLINDRICAL_SURFACE ( 'NONE', #2898, 0.1999999999999996503 ) ;
#1255 = PRESENTATION_LAYER_ASSIGNMENT (  '', '', ( #478 ) ) ;
#1256 = CYLINDRICAL_SURFACE ( 'NONE', #10166, 0.1804541357933973911 ) ;
#1257 = ORIENTED_EDGE ( 'NONE', *, *, #9669, .T. ) ;
#1258 = ADVANCED_FACE ( 'NONE', ( #11832 ), #4344, .F. ) ;
#1259 = MECHANICAL_DESIGN_GEOMETRIC_PRESENTATION_REPRESENTATION (  '', ( #4555 ), #658 ) ;
#1260 = LINE ( 'NONE', #5887, #9174 ) ;
#1261 = FILL_AREA_STYLE ('',( #10564 ) ) ;
#1262 = CARTESIAN_POINT ( 'NONE',  ( -3.500000000000003109, -1.999999999999997335, 1.000000000000000000 ) ) ;
#1263 = VERTEX_POINT ( 'NONE', #7267 ) ;
#1264 = VECTOR ( 'NONE', #1039, 1000.000000000000000 ) ;
#1265 =( NAMED_UNIT ( * ) PLANE_ANGLE_UNIT ( ) SI_UNIT ( $, .RADIAN. ) );
#1266 = ADVANCED_FACE ( 'NONE', ( #3489 ), #2564, .T. ) ;
#1267 = SURFACE_SIDE_STYLE ('',( #11487 ) ) ;
#1268 = ORIENTED_EDGE ( 'NONE', *, *, #11715, .T. ) ;
#1269 = VERTEX_POINT ( 'NONE', #2082 ) ;
#1270 = DIRECTION ( 'NONE',  ( -1.000000000000000000, 0.000000000000000000, 0.000000000000000000 ) ) ;
#1271 = VECTOR ( 'NONE', #3428, 1000.000000000000000 ) ;
#1272 = CARTESIAN_POINT ( 'NONE',  ( 0.9999999999999915623, -3.549999999999997158, 1.200000000000000178 ) ) ;
#1273 = MECHANICAL_DESIGN_GEOMETRIC_PRESENTATION_REPRESENTATION (  '', ( #6708 ), #4954 ) ;
#1274 = DIRECTION ( 'NONE',  ( -0.000000000000000000, -0.000000000000000000, -1.000000000000000000 ) ) ;
#1275 = SURFACE_STYLE_USAGE ( .BOTH. , #9609 ) ;
#1276 = CARTESIAN_POINT ( 'NONE',  ( 6.000000000000000888, -8.999999999999998224, 0.000000000000000000 ) ) ;
#1277 = CARTESIAN_POINT ( 'NONE',  ( -0.3182825874325389548, 8.469867354517257141, 1.000000000000000000 ) ) ;
#1278 =( GEOMETRIC_REPRESENTATION_CONTEXT ( 3 ) GLOBAL_UNCERTAINTY_ASSIGNED_CONTEXT ( ( #9244 ) ) GLOBAL_UNIT_ASSIGNED_CONTEXT ( ( #3298, #8846, #10786 ) ) REPRESENTATION_CONTEXT ( 'NONE', 'WORKASPACE' ) );
#1279 = EDGE_LOOP ( 'NONE', ( #1917, #5101, #11352, #6176 ) ) ;
#1280 = VERTEX_POINT ( 'NONE', #7635 ) ;
#1281 = AXIS2_PLACEMENT_3D ( 'NONE', #6835, #1298, #4999 ) ;
#1282 = ORIENTED_EDGE ( 'NONE', *, *, #3651, .T. ) ;
#1283 = COLOUR_RGB ( '',0.9882352941176471006, 0.7372549019607843590, 0.5176470588235293491 ) ;
#1284 = CARTESIAN_POINT ( 'NONE',  ( -3.500000000000003109, -4.099999999999996092, 1.200000000000000178 ) ) ;
#1285 = ORIENTED_EDGE ( 'NONE', *, *, #10379, .F. ) ;
#1286 =( LENGTH_UNIT ( ) NAMED_UNIT ( * ) SI_UNIT ( .MILLI., .METRE. ) );
#1287 = DIRECTION ( 'NONE',  ( 0.000000000000000000, 1.000000000000000000, 0.000000000000000000 ) ) ;
#1288 = ADVANCED_FACE ( 'NONE', ( #11336 ), #9283, .F. ) ;
#1289 = PLANE ( 'NONE',  #6884 ) ;
#1290 = FILL_AREA_STYLE ('',( #7689 ) ) ;
#1291 = CARTESIAN_POINT ( 'NONE',  ( -2.097642652873966007, 5.496005818493205908, 1.100000000000000089 ) ) ;
#1292 = CARTESIAN_POINT ( 'NONE',  ( -1.950000000000002842, -5.999999999999997335, 1.200000000000000178 ) ) ;
#1293 = CARTESIAN_POINT ( 'NONE',  ( -3.500000000000003109, -1.999999999999997335, 1.000000000000000000 ) ) ;
#1294 = SURFACE_SIDE_STYLE ('',( #7812 ) ) ;
#1295 = VERTEX_POINT ( 'NONE', #3970 ) ;
#1296 = EDGE_LOOP ( 'NONE', ( #7813, #2839, #3161, #8142 ) ) ;
#1297 = LINE ( 'NONE', #10663, #1821 ) ;
#1298 = DIRECTION ( 'NONE',  ( 0.000000000000000000, 0.000000000000000000, -1.000000000000000000 ) ) ;
#1299 = EDGE_CURVE ( 'NONE', #10112, #9763, #6651, .T. ) ;
#1300 = DIRECTION ( 'NONE',  ( 0.000000000000000000, 1.000000000000000000, -0.000000000000000000 ) ) ;
#1301 = CARTESIAN_POINT ( 'NONE',  ( -0.000000000000000000, 2.147362469743642865, 1.000000000000000000 ) ) ;
#1302 =( LENGTH_UNIT ( ) NAMED_UNIT ( * ) SI_UNIT ( .MILLI., .METRE. ) );
#1303 = LINE ( 'NONE', #3296, #4682 ) ;
#1304 = VECTOR ( 'NONE', #2713, 1000.000000000000000 ) ;
#1305 = MECHANICAL_DESIGN_GEOMETRIC_PRESENTATION_REPRESENTATION (  '', ( #11210 ), #9472 ) ;
#1306 = DIRECTION ( 'NONE',  ( -1.000000000000000000, -1.084202172485506603E-15, 0.000000000000000000 ) ) ;
#1307 = DIRECTION ( 'NONE',  ( 0.000000000000000000, 0.000000000000000000, -1.000000000000000000 ) ) ;
#1308 = EDGE_CURVE ( 'NONE', #6110, #3327, #1904, .T. ) ;
#1309 = CARTESIAN_POINT ( 'NONE',  ( -1.050000000000002709, -6.499999999999997335, 1.000000000000000000 ) ) ;
#1310 = ORIENTED_EDGE ( 'NONE', *, *, #5890, .T. ) ;
#1311 = EDGE_CURVE ( 'NONE', #3593, #6756, #359, .T. ) ;
#1312 = ORIENTED_EDGE ( 'NONE', *, *, #11867, .F. ) ;
#1313 = AXIS2_PLACEMENT_3D ( 'NONE', #4241, #9722, #10753 ) ;
#1314 = PRESENTATION_STYLE_ASSIGNMENT (( #2215 ) ) ;
#1315 = FACE_OUTER_BOUND ( 'NONE', #2631, .T. ) ;
#1316 = CARTESIAN_POINT ( 'NONE',  ( 0.9999999999999933387, -3.899999999999997247, 1.200000000000000178 ) ) ;
#1317 = EDGE_LOOP ( 'NONE', ( #5161, #11030 ) ) ;
#1318 = DIRECTION ( 'NONE',  ( 0.000000000000000000, 1.000000000000000000, 0.000000000000000000 ) ) ;
#1319 = EDGE_CURVE ( 'NONE', #2308, #9056, #45, .T. ) ;
#1320 = AXIS2_PLACEMENT_3D ( 'NONE', #10715, #6196, #9915 ) ;
#1321 = CARTESIAN_POINT ( 'NONE',  ( 0.5799999999999997380, -7.994982302604838331, 1.000000000000000000 ) ) ;
#1322 = UNCERTAINTY_MEASURE_WITH_UNIT (LENGTH_MEASURE( 1.000000000000000082E-05 ), #4569, 'distance_accuracy_value', 'NONE');
#1323 = ORIENTED_EDGE ( 'NONE', *, *, #4530, .T. ) ;
#1324 = VECTOR ( 'NONE', #8489, 1000.000000000000000 ) ;
#1325 = COLOUR_RGB ( '',1.000000000000000000, 1.000000000000000000, 0.5019607843137254832 ) ;
#1326 = CIRCLE ( 'NONE', #11034, 0.5000000000000008882 ) ;
#1327 =( LENGTH_UNIT ( ) NAMED_UNIT ( * ) SI_UNIT ( .MILLI., .METRE. ) );
#1328 = EDGE_LOOP ( 'NONE', ( #8924, #7923, #9801, #2425 ) ) ;
#1329 = ORIENTED_EDGE ( 'NONE', *, *, #1883, .T. ) ;
#1330 = CARTESIAN_POINT ( 'NONE',  ( -2.700000000000003286, -1.999999999999997335, 1.000000000000000000 ) ) ;
#1331 = CARTESIAN_POINT ( 'NONE',  ( -5.192492299719079440, -3.088776141202243419, 1.399999999999999911 ) ) ;
#1332 =( LENGTH_UNIT ( ) NAMED_UNIT ( * ) SI_UNIT ( .MILLI., .METRE. ) );
#1333 = CIRCLE ( 'NONE', #5400, 0.1999999999999996503 ) ;
#1334 = DIRECTION ( 'NONE',  ( 1.000000000000000000, 0.000000000000000000, 0.000000000000000000 ) ) ;
#1335 =( NAMED_UNIT ( * ) SI_UNIT ( $, .STERADIAN. ) SOLID_ANGLE_UNIT ( ) );
#1336 = ORIENTED_EDGE ( 'NONE', *, *, #5406, .F. ) ;
#1337 = ORIENTED_EDGE ( 'NONE', *, *, #5156, .T. ) ;
#1338 = ORIENTED_EDGE ( 'NONE', *, *, #2775, .T. ) ;
#1339 =( GEOMETRIC_REPRESENTATION_CONTEXT ( 3 ) GLOBAL_UNCERTAINTY_ASSIGNED_CONTEXT ( ( #6555 ) ) GLOBAL_UNIT_ASSIGNED_CONTEXT ( ( #4867, #8591, #264 ) ) REPRESENTATION_CONTEXT ( 'NONE', 'WORKASPACE' ) );
#1340 = STYLED_ITEM ( 'NONE', ( #9838 ), #5771 ) ;
#1341 = ORIENTED_EDGE ( 'NONE', *, *, #9500, .F. ) ;
#1342 = DIRECTION ( 'NONE',  ( 1.000000000000000000, 0.000000000000000000, 0.000000000000000000 ) ) ;
#1343 = DIRECTION ( 'NONE',  ( 0.000000000000000000, -0.000000000000000000, 1.000000000000000000 ) ) ;
#1344 =( LENGTH_UNIT ( ) NAMED_UNIT ( * ) SI_UNIT ( .MILLI., .METRE. ) );
#1345 = SURFACE_STYLE_USAGE ( .BOTH. , #11622 ) ;
#1346 = SURFACE_STYLE_FILL_AREA ( #9680 ) ;
#1347 = FILL_AREA_STYLE ('',( #8945 ) ) ;
#1348 = LINE ( 'NONE', #10716, #3205 ) ;
#1349 = EDGE_LOOP ( 'NONE', ( #5201, #3408, #2394, #6142 ) ) ;
#1350 = EDGE_CURVE ( 'NONE', #9894, #11959, #10495, .T. ) ;
#1351 = EDGE_LOOP ( 'NONE', ( #11723, #2482, #5259, #9231 ) ) ;
#1352 = VECTOR ( 'NONE', #7820, 1000.000000000000000 ) ;
#1353 = VECTOR ( 'NONE', #9219, 1000.000000000000000 ) ;
#1354 = DIRECTION ( 'NONE',  ( -0.000000000000000000, 0.000000000000000000, 1.000000000000000000 ) ) ;
#1355 = DIRECTION ( 'NONE',  ( 0.000000000000000000, -0.000000000000000000, -1.000000000000000000 ) ) ;
#1356 = DIRECTION ( 'NONE',  ( -1.000000000000000000, 0.000000000000000000, 0.000000000000000000 ) ) ;
#1357 = DIRECTION ( 'NONE',  ( 0.000000000000000000, 1.000000000000000000, 0.000000000000000000 ) ) ;
#1358 = DIRECTION ( 'NONE',  ( 0.000000000000000000, 1.000000000000000000, -0.000000000000000000 ) ) ;
#1359 = LINE ( 'NONE', #5063, #9131 ) ;
#1360 = PRESENTATION_LAYER_ASSIGNMENT (  '', '', ( #4498 ) ) ;
#1361 = FILL_AREA_STYLE ('',( #560 ) ) ;
#1362 = FACE_OUTER_BOUND ( 'NONE', #5264, .T. ) ;
#1363 =( LENGTH_UNIT ( ) NAMED_UNIT ( * ) SI_UNIT ( .MILLI., .METRE. ) );
#1364 = CYLINDRICAL_SURFACE ( 'NONE', #9438, 0.09999999999999982514 ) ;
#1365 = EDGE_LOOP ( 'NONE', ( #7593, #7744 ) ) ;
#1366 = ADVANCED_FACE ( 'NONE', ( #3734, #932 ), #8606, .T. ) ;
#1367 = VECTOR ( 'NONE', #3969, 1000.000000000000000 ) ;
#1368 = EDGE_LOOP ( 'NONE', ( #3561, #8526, #7693, #3287 ) ) ;
#1369 = EDGE_CURVE ( 'NONE', #11188, #8473, #3858, .T. ) ;
#1370 = DIRECTION ( 'NONE',  ( -0.000000000000000000, -0.000000000000000000, -1.000000000000000000 ) ) ;
#1371 = CARTESIAN_POINT ( 'NONE',  ( -1.050000000000002709, -1.999999999999997335, 1.200000000000000178 ) ) ;
#1372 = ORIENTED_EDGE ( 'NONE', *, *, #9973, .T. ) ;
#1373 = AXIS2_PLACEMENT_3D ( 'NONE', #1226, #9623, #1287 ) ;
#1374 =( LENGTH_UNIT ( ) NAMED_UNIT ( * ) SI_UNIT ( .MILLI., .METRE. ) );
#1375 = DIRECTION ( 'NONE',  ( -0.000000000000000000, -0.000000000000000000, 1.000000000000000000 ) ) ;
#1376 = MECHANICAL_DESIGN_GEOMETRIC_PRESENTATION_REPRESENTATION (  '', ( #3314 ), #3710 ) ;
#1377 = VERTEX_POINT ( 'NONE', #11158 ) ;
#1378 = AXIS2_PLACEMENT_3D ( 'NONE', #8374, #10257, #2935 ) ;
#1379 = ORIENTED_EDGE ( 'NONE', *, *, #5196, .T. ) ;
#1380 = ORIENTED_EDGE ( 'NONE', *, *, #3859, .F. ) ;
#1381 = FILL_AREA_STYLE_COLOUR ( '', #5331 ) ;
#1382 = FACE_OUTER_BOUND ( 'NONE', #6998, .T. ) ;
#1383 = CARTESIAN_POINT ( 'NONE',  ( -1.960000000000000409, -7.994982302604838331, 0.000000000000000000 ) ) ;
#1384 = CARTESIAN_POINT ( 'NONE',  ( -1.600000000000002975, -1.999999999999997335, 1.000000000000000000 ) ) ;
#1385 = CARTESIAN_POINT ( 'NONE',  ( -1.297642652873966185, 8.869867354517255720, 1.000000000000000000 ) ) ;
#1386 = ORIENTED_EDGE ( 'NONE', *, *, #6521, .F. ) ;
#1387 = EDGE_LOOP ( 'NONE', ( #7219, #783, #3729, #11769 ) ) ;
#1388 = VERTEX_POINT ( 'NONE', #6537 ) ;
#1389 = MECHANICAL_DESIGN_GEOMETRIC_PRESENTATION_REPRESENTATION (  '', ( #7426 ), #2354 ) ;
#1390 = CARTESIAN_POINT ( 'NONE',  ( -2.500000000000003109, -1.499999999999997335, 1.000000000000000000 ) ) ;
#1391 = PLANE ( 'NONE',  #5796 ) ;
#1392 = SURFACE_STYLE_USAGE ( .BOTH. , #5973 ) ;
#1393 = ORIENTED_EDGE ( 'NONE', *, *, #3189, .T. ) ;
#1394 = DIRECTION ( 'NONE',  ( 1.084202172485504434E-16, -1.000000000000000000, 0.000000000000000000 ) ) ;
#1395 = CARTESIAN_POINT ( 'NONE',  ( 3.200000000000001066, -2.468682383288471449, 1.800000000000000266 ) ) ;
#1396 = SURFACE_STYLE_FILL_AREA ( #3045 ) ;
#1397 = EDGE_CURVE ( 'NONE', #8406, #6602, #541, .T. ) ;
#1398 = EDGE_CURVE ( 'NONE', #3035, #7939, #8426, .T. ) ;
#1399 = SURFACE_STYLE_USAGE ( .BOTH. , #497 ) ;
#1400 = SURFACE_SIDE_STYLE ('',( #6028 ) ) ;
#1401 = DIRECTION ( 'NONE',  ( 0.000000000000000000, -1.000000000000000000, 0.000000000000000000 ) ) ;
#1402 = ORIENTED_EDGE ( 'NONE', *, *, #5545, .F. ) ;
#1403 = MECHANICAL_DESIGN_GEOMETRIC_PRESENTATION_REPRESENTATION (  '', ( #3142 ), #6058 ) ;
#1404 = ORIENTED_EDGE ( 'NONE', *, *, #9482, .F. ) ;
#1405 = AXIS2_PLACEMENT_3D ( 'NONE', #5889, #9597, #4047 ) ;
#1406 = DIRECTION ( 'NONE',  ( 1.000000000000000000, 0.000000000000000000, 0.000000000000000000 ) ) ;
#1407 = ADVANCED_FACE ( 'NONE', ( #8548 ), #7511, .F. ) ;
#1408 = LINE ( 'NONE', #6090, #2024 ) ;
#1409 = LINE ( 'NONE', #2545, #8934 ) ;
#1410 = FILL_AREA_STYLE_COLOUR ( '', #5518 ) ;
#1411 = CARTESIAN_POINT ( 'NONE',  ( 0.000000000000000000, 0.000000000000000000, 1.200000000000000178 ) ) ;
#1412 = DIRECTION ( 'NONE',  ( 1.000000000000000000, -0.000000000000000000, -0.000000000000000000 ) ) ;
#1413 = FACE_OUTER_BOUND ( 'NONE', #3713, .T. ) ;
#1414 = DIRECTION ( 'NONE',  ( 1.000000000000000000, 0.000000000000000000, 0.000000000000000000 ) ) ;
#1415 = MECHANICAL_DESIGN_GEOMETRIC_PRESENTATION_REPRESENTATION (  '', ( #76 ), #8420 ) ;
#1416 = ORIENTED_EDGE ( 'NONE', *, *, #9374, .T. ) ;
#1417 = ORIENTED_EDGE ( 'NONE', *, *, #717, .F. ) ;
#1418 = CARTESIAN_POINT ( 'NONE',  ( -0.7182825874325383664, -7.703812483605563108E-17, 1.100000000000000089 ) ) ;
#1419 = STYLED_ITEM ( 'NONE', ( #6971 ), #9562 ) ;
#1420 = DIRECTION ( 'NONE',  ( -1.000000000000000000, -0.000000000000000000, -0.000000000000000000 ) ) ;
#1421 = CARTESIAN_POINT ( 'NONE',  ( 2.693302080695410439, 3.056906106631963826, 1.100000000000000089 ) ) ;
#1422 = CARTESIAN_POINT ( 'NONE',  ( -3.999999999999997335, -3.349999999999997424, 1.200000000000000178 ) ) ;
#1423 = ORIENTED_EDGE ( 'NONE', *, *, #9344, .T. ) ;
#1424 = CARTESIAN_POINT ( 'NONE',  ( 1.254473155026102127, -2.289077535132158836, 1.500000000000000000 ) ) ;
#1425 = DIRECTION ( 'NONE',  ( -0.000000000000000000, -0.000000000000000000, -1.000000000000000000 ) ) ;
#1426 = DIRECTION ( 'NONE',  ( 1.000000000000000000, 0.000000000000000000, 0.000000000000000000 ) ) ;
#1427 = COLOUR_RGB ( '',0.9882352941176471006, 0.7372549019607843590, 0.5176470588235293491 ) ;
#1428 = ORIENTED_EDGE ( 'NONE', *, *, #9729, .F. ) ;
#1429 = STYLED_ITEM ( 'NONE', ( #7765 ), #9762 ) ;
#1430 = EDGE_LOOP ( 'NONE', ( #4095, #4679, #1704, #11850 ) ) ;
#1431 = MECHANICAL_DESIGN_GEOMETRIC_PRESENTATION_REPRESENTATION (  '', ( #10788 ), #8250 ) ;
#1432 =( LENGTH_UNIT ( ) NAMED_UNIT ( * ) SI_UNIT ( .MILLI., .METRE. ) );
#1433 = MECHANICAL_DESIGN_GEOMETRIC_PRESENTATION_REPRESENTATION (  '', ( #2396 ), #5321 ) ;
#1434 = ORIENTED_EDGE ( 'NONE', *, *, #11827, .T. ) ;
#1435 = VERTEX_POINT ( 'NONE', #2870 ) ;
#1436 = DIRECTION ( 'NONE',  ( 1.000000000000000000, 0.000000000000000000, 0.000000000000000000 ) ) ;
#1437 =( GEOMETRIC_REPRESENTATION_CONTEXT ( 3 ) GLOBAL_UNCERTAINTY_ASSIGNED_CONTEXT ( ( #11788 ) ) GLOBAL_UNIT_ASSIGNED_CONTEXT ( ( #7794, #2228, #4972 ) ) REPRESENTATION_CONTEXT ( 'NONE', 'WORKASPACE' ) );
#1438 = CARTESIAN_POINT ( 'NONE',  ( 5.200000000000001066, -2.768682383288471271, 1.700000000000000178 ) ) ;
#1439 = CIRCLE ( 'NONE', #101, 0.6205955535903713294 ) ;
#1440 = PRESENTATION_STYLE_ASSIGNMENT (( #10698 ) ) ;
#1441 = PRESENTATION_STYLE_ASSIGNMENT (( #759 ) ) ;
#1442 = CARTESIAN_POINT ( 'NONE',  ( 0.000000000000000000, 2.147362469743642865, -29.20000000000000284 ) ) ;
#1443 = UNCERTAINTY_MEASURE_WITH_UNIT (LENGTH_MEASURE( 1.000000000000000082E-05 ), #6547, 'distance_accuracy_value', 'NONE');
#1444 = ORIENTED_EDGE ( 'NONE', *, *, #6171, .T. ) ;
#1445 = ADVANCED_FACE ( 'NONE', ( #7764 ), #8664, .T. ) ;
#1446 = VECTOR ( 'NONE', #419, 1000.000000000000000 ) ;
#1447 = MECHANICAL_DESIGN_GEOMETRIC_PRESENTATION_REPRESENTATION (  '', ( #483 ), #11961 ) ;
#1448 = EDGE_LOOP ( 'NONE', ( #6073, #3257, #4896, #8149, #8796, #3455, #6600, #10676, #11539, #7841, #9138, #3182, #2716, #7897, #3267, #11668, #7155, #9733, #7980, #514, #5305, #3366, #2438, #5468 ) ) ;
#1449 = EDGE_CURVE ( 'NONE', #10919, #2291, #7935, .T. ) ;
#1450 = ORIENTED_EDGE ( 'NONE', *, *, #7406, .T. ) ;
#1451 = SURFACE_STYLE_USAGE ( .BOTH. , #6074 ) ;
#1452 = PRESENTATION_LAYER_ASSIGNMENT (  '', '', ( #6706 ) ) ;
#1453 =( NAMED_UNIT ( * ) PLANE_ANGLE_UNIT ( ) SI_UNIT ( $, .RADIAN. ) );
#1454 = ORIENTED_EDGE ( 'NONE', *, *, #11016, .F. ) ;
#1455 = DIRECTION ( 'NONE',  ( 0.000000000000000000, 0.000000000000000000, 1.000000000000000000 ) ) ;
#1456 =( LENGTH_UNIT ( ) NAMED_UNIT ( * ) SI_UNIT ( .MILLI., .METRE. ) );
#1457 = MECHANICAL_DESIGN_GEOMETRIC_PRESENTATION_REPRESENTATION (  '', ( #8659 ), #2224 ) ;
#1458 = VECTOR ( 'NONE', #8416, 1000.000000000000000 ) ;
#1459 = CARTESIAN_POINT ( 'NONE',  ( 5.219581602308915436, -0.8427883380858899320, 1.000000000000000000 ) ) ;
#1460 = CARTESIAN_POINT ( 'NONE',  ( -4.000000000000000000, -4.099999999999996980, 1.200000000000000178 ) ) ;
#1461 = EDGE_CURVE ( 'NONE', #7405, #6183, #5060, .T. ) ;
#1462 = DIRECTION ( 'NONE',  ( 0.000000000000000000, 0.000000000000000000, 1.000000000000000000 ) ) ;
#1463 = DIRECTION ( 'NONE',  ( 1.000000000000000000, 0.000000000000000000, 0.000000000000000000 ) ) ;
#1464 = AXIS2_PLACEMENT_3D ( 'NONE', #3542, #2748, #9154 ) ;
#1465 = ORIENTED_EDGE ( 'NONE', *, *, #7468, .F. ) ;
#1466 = AXIS2_PLACEMENT_3D ( 'NONE', #7003, #9979, #1878 ) ;
#1467 = EDGE_LOOP ( 'NONE', ( #1404, #1617, #9202, #178 ) ) ;
#1468 = VECTOR ( 'NONE', #5799, 1000.000000000000000 ) ;
#1469 = EDGE_CURVE ( 'NONE', #4773, #1492, #370, .T. ) ;
#1470 = LINE ( 'NONE', #8774, #8259 ) ;
#1471 = ADVANCED_FACE ( 'NONE', ( #11635 ), #3294, .T. ) ;
#1472 = CARTESIAN_POINT ( 'NONE',  ( -1.400000000000002798, -1.499999999999997335, 1.200000000000000178 ) ) ;
#1473 = CARTESIAN_POINT ( 'NONE',  ( -5.313812213263914508, 2.147362469743642865, 1.000000000000000000 ) ) ;
#1474 = FILL_AREA_STYLE ('',( #9810 ) ) ;
#1475 = DIRECTION ( 'NONE',  ( -0.000000000000000000, -0.000000000000000000, 1.000000000000000000 ) ) ;
#1476 = DIRECTION ( 'NONE',  ( -0.000000000000000000, 0.000000000000000000, 1.000000000000000000 ) ) ;
#1477 = CARTESIAN_POINT ( 'NONE',  ( -3.779360369118781371, 2.295341782195420954, -29.20000000000000284 ) ) ;
#1478 = LINE ( 'NONE', #1594, #304 ) ;
#1479 = FILL_AREA_STYLE_COLOUR ( '', #9249 ) ;
#1480 = LINE ( 'NONE', #3481, #9183 ) ;
#1481 = DIRECTION ( 'NONE',  ( 0.000000000000000000, 1.000000000000000000, 0.000000000000000000 ) ) ;
#1482 = VERTEX_POINT ( 'NONE', #4272 ) ;
#1483 = ORIENTED_EDGE ( 'NONE', *, *, #1598, .T. ) ;
#1484 = CARTESIAN_POINT ( 'NONE',  ( 0.000000000000000000, 5.496005818493205908, 1.100000000000000089 ) ) ;
#1485 = CARTESIAN_POINT ( 'NONE',  ( -2.679360369118781726, 2.295341782195420954, 0.000000000000000000 ) ) ;
#1486 = CARTESIAN_POINT ( 'NONE',  ( 0.9999999999999976685, -5.199999999999997513, 1.200000000000000178 ) ) ;
#1487 = SURFACE_SIDE_STYLE ('',( #3308 ) ) ;
#1488 = ORIENTED_EDGE ( 'NONE', *, *, #879, .F. ) ;
#1489 = LINE ( 'NONE', #9707, #6038 ) ;
#1490 = EDGE_LOOP ( 'NONE', ( #2180, #9776, #5590, #11047 ) ) ;
#1491 = STYLED_ITEM ( 'NONE', ( #10100 ), #4553 ) ;
#1492 = VERTEX_POINT ( 'NONE', #7987 ) ;
#1493 = EDGE_CURVE ( 'NONE', #8935, #809, #8720, .T. ) ;
#1494 = ADVANCED_FACE ( 'NONE', ( #3228 ), #4085, .T. ) ;
#1495 = VERTEX_POINT ( 'NONE', #857 ) ;
#1496 = ORIENTED_EDGE ( 'NONE', *, *, #10213, .F. ) ;
#1497 = CARTESIAN_POINT ( 'NONE',  ( 3.769404446409628573, -7.994982302604838331, 1.100000000000000089 ) ) ;
#1498 = B_SPLINE_CURVE_WITH_KNOTS ( 'NONE', 3,
 ( #468, #6861, #6804, #3084 ),
 .UNSPECIFIED., .F., .F.,
 ( 4, 4 ),
 ( 0.000000000000000000, 1.000000000000000000 ),
 .UNSPECIFIED. ) ;
#1499 = VERTEX_POINT ( 'NONE', #9929 ) ;
#1500 =( GEOMETRIC_REPRESENTATION_CONTEXT ( 3 ) GLOBAL_UNCERTAINTY_ASSIGNED_CONTEXT ( ( #1954 ) ) GLOBAL_UNIT_ASSIGNED_CONTEXT ( ( #8592, #4928, #2135 ) ) REPRESENTATION_CONTEXT ( 'NONE', 'WORKASPACE' ) );
#1501 = AXIS2_PLACEMENT_3D ( 'NONE', #10930, #6319, #2587 ) ;
#1502 = ADVANCED_FACE ( 'NONE', ( #2674 ), #11884, .F. ) ;
#1503 = VECTOR ( 'NONE', #3548, 1000.000000000000000 ) ;
#1504 = EDGE_CURVE ( 'NONE', #11700, #10125, #2287, .T. ) ;
#1505 = ORIENTED_EDGE ( 'NONE', *, *, #626, .T. ) ;
#1506 = VERTEX_POINT ( 'NONE', #4582 ) ;
#1507 = SURFACE_SIDE_STYLE ('',( #11560 ) ) ;
#1508 = EDGE_CURVE ( 'NONE', #6234, #2126, #9141, .T. ) ;
#1509 = VERTEX_POINT ( 'NONE', #3417 ) ;
#1510 = VECTOR ( 'NONE', #6223, 1000.000000000000000 ) ;
#1511 = CARTESIAN_POINT ( 'NONE',  ( -4.102035936607395961, 5.837225230594265568, 1.100000000000000089 ) ) ;
#1512 = FILL_AREA_STYLE ('',( #3338 ) ) ;
#1513 = LINE ( 'NONE', #4203, #6157 ) ;
#1514 = DIRECTION ( 'NONE',  ( -0.000000000000000000, -0.000000000000000000, 1.000000000000000000 ) ) ;
#1515 = CARTESIAN_POINT ( 'NONE',  ( 0.000000000000000000, 0.000000000000000000, 0.000000000000000000 ) ) ;
#1516 = ORIENTED_EDGE ( 'NONE', *, *, #1099, .T. ) ;
#1517 = VECTOR ( 'NONE', #11733, 1000.000000000000000 ) ;
#1518 = EDGE_CURVE ( 'NONE', #9422, #1092, #2547, .T. ) ;
#1519 = VECTOR ( 'NONE', #11144, 1000.000000000000000 ) ;
#1520 = ORIENTED_EDGE ( 'NONE', *, *, #3344, .T. ) ;
#1521 = CIRCLE ( 'NONE', #10078, 0.1494257208329539954 ) ;
#1522 =( NAMED_UNIT ( * ) PLANE_ANGLE_UNIT ( ) SI_UNIT ( $, .RADIAN. ) );
#1523 = VERTEX_POINT ( 'NONE', #7189 ) ;
#1524 = CARTESIAN_POINT ( 'NONE',  ( 0.000000000000000000, 2.147362469743642865, -29.20000000000000284 ) ) ;
#1525 = FILL_AREA_STYLE_COLOUR ( '', #2507 ) ;
#1526 = LINE ( 'NONE', #9019, #3863 ) ;
#1527 = DIRECTION ( 'NONE',  ( 0.000000000000000000, 1.000000000000000000, 0.000000000000000000 ) ) ;
#1528 = CARTESIAN_POINT ( 'NONE',  ( 0.4999999999999891753, -2.999999999999996891, 1.200000000000000178 ) ) ;
#1529 = CIRCLE ( 'NONE', #5027, 0.1000000000000000472 ) ;
#1530 = DIRECTION ( 'NONE',  ( 1.000000000000000000, 0.000000000000000000, 0.000000000000000000 ) ) ;
#1531 = SURFACE_SIDE_STYLE ('',( #449 ) ) ;
#1532 = DIRECTION ( 'NONE',  ( 0.000000000000000000, 0.000000000000000000, -1.000000000000000000 ) ) ;
#1533 = VECTOR ( 'NONE', #8333, 1000.000000000000000 ) ;
#1534 = PLANE ( 'NONE',  #6314 ) ;
#1535 = EDGE_LOOP ( 'NONE', ( #1234, #11644, #3559, #2097 ) ) ;
#1536 = ORIENTED_EDGE ( 'NONE', *, *, #9387, .T. ) ;
#1537 = AXIS2_PLACEMENT_3D ( 'NONE', #2254, #9580, #9754 ) ;
#1538 = CARTESIAN_POINT ( 'NONE',  ( 3.200000000000001066, -2.468682383288471449, 1.800000000000000266 ) ) ;
#1539 = FACE_OUTER_BOUND ( 'NONE', #1448, .T. ) ;
#1540 = CARTESIAN_POINT ( 'NONE',  ( -0.000000000000000000, 5.496005818493205908, 1.000000000000000000 ) ) ;
#1541 = SURFACE_STYLE_USAGE ( .BOTH. , #5014 ) ;
#1542 = LINE ( 'NONE', #11705, #646 ) ;
#1543 = ORIENTED_EDGE ( 'NONE', *, *, #10779, .T. ) ;
#1544 = DIRECTION ( 'NONE',  ( -0.000000000000000000, -0.000000000000000000, -1.000000000000000000 ) ) ;
#1545 = DIRECTION ( 'NONE',  ( -0.000000000000000000, 0.000000000000000000, 1.000000000000000000 ) ) ;
#1546 = DIRECTION ( 'NONE',  ( -0.000000000000000000, 0.000000000000000000, -1.000000000000000000 ) ) ;
#1547 = AXIS2_PLACEMENT_3D ( 'NONE', #8647, #8703, #10591 ) ;
#1548 = LINE ( 'NONE', #10855, #8197 ) ;
#1549 = EDGE_CURVE ( 'NONE', #11066, #1499, #612, .T. ) ;
#1550 = ORIENTED_EDGE ( 'NONE', *, *, #5403, .F. ) ;
#1551 = ORIENTED_EDGE ( 'NONE', *, *, #2395, .T. ) ;
#1552 = AXIS2_PLACEMENT_3D ( 'NONE', #10711, #2359, #11678 ) ;
#1553 = ORIENTED_EDGE ( 'NONE', *, *, #7201, .T. ) ;
#1554 = ADVANCED_FACE ( 'NONE', ( #3657 ), #7315, .F. ) ;
#1555 = ORIENTED_EDGE ( 'NONE', *, *, #5236, .T. ) ;
#1556 = DIRECTION ( 'NONE',  ( -1.000000000000000000, -0.000000000000000000, -0.000000000000000000 ) ) ;
#1557 = DIRECTION ( 'NONE',  ( 0.000000000000000000, -0.000000000000000000, 1.000000000000000000 ) ) ;
#1558 =( LENGTH_UNIT ( ) NAMED_UNIT ( * ) SI_UNIT ( .MILLI., .METRE. ) );
#1559 = FACE_OUTER_BOUND ( 'NONE', #9410, .T. ) ;
#1560 = SURFACE_STYLE_FILL_AREA ( #6015 ) ;
#1561 = EDGE_CURVE ( 'NONE', #5185, #11718, #4330, .T. ) ;
#1562 = UNCERTAINTY_MEASURE_WITH_UNIT (LENGTH_MEASURE( 1.000000000000000082E-05 ), #4345, 'distance_accuracy_value', 'NONE');
#1563 = ORIENTED_EDGE ( 'NONE', *, *, #375, .F. ) ;
#1564 = AXIS2_PLACEMENT_3D ( 'NONE', #3614, #9159, #7333 ) ;
#1565 = ORIENTED_EDGE ( 'NONE', *, *, #6410, .F. ) ;
#1566 = COLOUR_RGB ( '',1.000000000000000000, 1.000000000000000000, 0.000000000000000000 ) ;
#1567 = VERTEX_POINT ( 'NONE', #3596 ) ;
#1568 = CARTESIAN_POINT ( 'NONE',  ( 0.9999999999999893419, -2.799999999999997158, 1.200000000000000178 ) ) ;
#1569 = ORIENTED_EDGE ( 'NONE', *, *, #6780, .T. ) ;
#1570 =( NAMED_UNIT ( * ) PLANE_ANGLE_UNIT ( ) SI_UNIT ( $, .RADIAN. ) );
#1571 =( NAMED_UNIT ( * ) PLANE_ANGLE_UNIT ( ) SI_UNIT ( $, .RADIAN. ) );
#1572 = DIRECTION ( 'NONE',  ( 1.000000000000000000, 0.000000000000000000, 0.000000000000000000 ) ) ;
#1573 = AXIS2_PLACEMENT_3D ( 'NONE', #2305, #3283, #2365 ) ;
#1574 = CARTESIAN_POINT ( 'NONE',  ( -2.500000000000003109, -1.999999999999997335, 1.200000000000000178 ) ) ;
#1575 = PLANE ( 'NONE',  #3920 ) ;
#1576 = EDGE_CURVE ( 'NONE', #2698, #9113, #1651, .T. ) ;
#1577 = FACE_BOUND ( 'NONE', #9614, .T. ) ;
#1578 = CARTESIAN_POINT ( 'NONE',  ( 0.000000000000000000, 0.000000000000000000, 1.500000000000000000 ) ) ;
#1579 = COLOUR_RGB ( '',0.7960784313725489669, 0.8235294117647058432, 0.9372549019607843146 ) ;
#1580 = VERTEX_POINT ( 'NONE', #6148 ) ;
#1581 = ORIENTED_EDGE ( 'NONE', *, *, #11755, .F. ) ;
#1582 = VECTOR ( 'NONE', #2055, 1000.000000000000000 ) ;
#1583 = UNCERTAINTY_MEASURE_WITH_UNIT (LENGTH_MEASURE( 1.000000000000000082E-05 ), #1852, 'distance_accuracy_value', 'NONE');
#1584 = EDGE_CURVE ( 'NONE', #4067, #8144, #11021, .T. ) ;
#1585 = PLANE ( 'NONE',  #5258 ) ;
#1586 = ORIENTED_EDGE ( 'NONE', *, *, #5940, .T. ) ;
#1587 = CARTESIAN_POINT ( 'NONE',  ( 0.000000000000000000, -1.197484453166197227, 1.500000000000000000 ) ) ;
#1588 = AXIS2_PLACEMENT_3D ( 'NONE', #2531, #9849, #9914 ) ;
#1589 = LINE ( 'NONE', #9017, #2311 ) ;
#1590 = CARTESIAN_POINT ( 'NONE',  ( 0.000000000000000000, 8.869867354517255720, 1.100000000000000089 ) ) ;
#1591 = SURFACE_SIDE_STYLE ('',( #9930 ) ) ;
#1592 = CARTESIAN_POINT ( 'NONE',  ( -2.714552833435666113, -1.197484453166197227, 1.000000000000000000 ) ) ;
#1593 = LINE ( 'NONE', #4457, #5615 ) ;
#1594 = CARTESIAN_POINT ( 'NONE',  ( -3.500000000000003109, -1.999999999999997335, 1.000000000000000000 ) ) ;
#1595 =( NAMED_UNIT ( * ) PLANE_ANGLE_UNIT ( ) SI_UNIT ( $, .RADIAN. ) );
#1596 =( NAMED_UNIT ( * ) PLANE_ANGLE_UNIT ( ) SI_UNIT ( $, .RADIAN. ) );
#1597 = ORIENTED_EDGE ( 'NONE', *, *, #11815, .F. ) ;
#1598 = EDGE_CURVE ( 'NONE', #882, #10507, #1526, .T. ) ;
#1599 = VECTOR ( 'NONE', #9420, 1000.000000000000000 ) ;
#1600 = EDGE_LOOP ( 'NONE', ( #5172, #138, #9318, #3585 ) ) ;
#1601 = UNCERTAINTY_MEASURE_WITH_UNIT (LENGTH_MEASURE( 1.000000000000000082E-05 ), #5215, 'distance_accuracy_value', 'NONE');
#1602 = ADVANCED_FACE ( 'NONE', ( #7252 ), #10949, .F. ) ;
#1603 = DIRECTION ( 'NONE',  ( -0.000000000000000000, -0.000000000000000000, -1.000000000000000000 ) ) ;
#1604 = DIRECTION ( 'NONE',  ( -0.000000000000000000, 0.000000000000000000, -1.000000000000000000 ) ) ;
#1605 = ORIENTED_EDGE ( 'NONE', *, *, #10965, .T. ) ;
#1606 = CARTESIAN_POINT ( 'NONE',  ( -4.016593218723101266, 0.000000000000000000, 1.500000000000000000 ) ) ;
#1607 = EDGE_CURVE ( 'NONE', #7157, #4296, #8355, .T. ) ;
#1608 = PRESENTATION_STYLE_ASSIGNMENT (( #1729 ) ) ;
#1609 = ORIENTED_EDGE ( 'NONE', *, *, #9687, .T. ) ;
#1610 = ORIENTED_EDGE ( 'NONE', *, *, #9262, .F. ) ;
#1611 = VERTEX_POINT ( 'NONE', #7620 ) ;
#1612 = CIRCLE ( 'NONE', #1621, 0.1494257208329539954 ) ;
#1613 = EDGE_CURVE ( 'NONE', #8734, #8362, #1333, .T. ) ;
#1614 = EDGE_CURVE ( 'NONE', #5833, #5246, #8535, .T. ) ;
#1615 = CARTESIAN_POINT ( 'NONE',  ( -2.700000000000003286, -5.999999999999997335, 1.200000000000000178 ) ) ;
#1616 = ORIENTED_EDGE ( 'NONE', *, *, #9613, .T. ) ;
#1617 = ORIENTED_EDGE ( 'NONE', *, *, #9825, .T. ) ;
#1618 = EDGE_CURVE ( 'NONE', #9077, #6372, #3903, .T. ) ;
#1619 = FACE_OUTER_BOUND ( 'NONE', #150, .T. ) ;
#1620 = FACE_OUTER_BOUND ( 'NONE', #2322, .T. ) ;
#1621 = AXIS2_PLACEMENT_3D ( 'NONE', #4042, #7649, #3074 ) ;
#1622 = FACE_OUTER_BOUND ( 'NONE', #10859, .T. ) ;
#1623 = ORIENTED_EDGE ( 'NONE', *, *, #9687, .F. ) ;
#1624 = VECTOR ( 'NONE', #6471, 1000.000000000000000 ) ;
#1625 = ADVANCED_FACE ( 'NONE', ( #7496 ), #8477, .F. ) ;
#1626 = ORIENTED_EDGE ( 'NONE', *, *, #2121, .F. ) ;
#1627 = CARTESIAN_POINT ( 'NONE',  ( -1.714552833435666335, -1.197484453166197227, 1.500000000000000000 ) ) ;
#1628 =( GEOMETRIC_REPRESENTATION_CONTEXT ( 3 ) GLOBAL_UNCERTAINTY_ASSIGNED_CONTEXT ( ( #8273 ) ) GLOBAL_UNIT_ASSIGNED_CONTEXT ( ( #5296, #4146, #11636 ) ) REPRESENTATION_CONTEXT ( 'NONE', 'WORKASPACE' ) );
#1629 = LINE ( 'NONE', #5337, #2694 ) ;
#1630 = MECHANICAL_DESIGN_GEOMETRIC_PRESENTATION_REPRESENTATION (  '', ( #6296 ), #9423 ) ;
#1631 = ORIENTED_EDGE ( 'NONE', *, *, #11562, .T. ) ;
#1632 =( NAMED_UNIT ( * ) PLANE_ANGLE_UNIT ( ) SI_UNIT ( $, .RADIAN. ) );
#1633 = VECTOR ( 'NONE', #5218, 1000.000000000000000 ) ;
#1634 = SURFACE_SIDE_STYLE ('',( #5221 ) ) ;
#1635 = LINE ( 'NONE', #4624, #5876 ) ;
#1637 = LINE ( 'NONE', #3465, #10986 ) ;
#1636 = VECTOR ( 'NONE', #2939, 1000.000000000000000 ) ;
#1638 =( GEOMETRIC_REPRESENTATION_CONTEXT ( 3 ) GLOBAL_UNCERTAINTY_ASSIGNED_CONTEXT ( ( #5329 ) ) GLOBAL_UNIT_ASSIGNED_CONTEXT ( ( #3018, #8005, #10854 ) ) REPRESENTATION_CONTEXT ( 'NONE', 'WORKASPACE' ) );
#1639 = EDGE_CURVE ( 'NONE', #4773, #2015, #1715, .T. ) ;
#1640 = ORIENTED_EDGE ( 'NONE', *, *, #7718, .F. ) ;
#1641 = DIRECTION ( 'NONE',  ( 1.000000000000000000, 0.000000000000000000, 0.000000000000000000 ) ) ;
#1642 = CIRCLE ( 'NONE', #8457, 0.1494257208329539954 ) ;
#1643 = EDGE_LOOP ( 'NONE', ( #2622, #1666, #10981, #10999 ) ) ;
#1644 = VECTOR ( 'NONE', #1556, 1000.000000000000000 ) ;
#1645 = VECTOR ( 'NONE', #8902, 1000.000000000000000 ) ;
#1646 = EDGE_CURVE ( 'NONE', #2862, #7344, #6700, .T. ) ;
#1647 = FILL_AREA_STYLE_COLOUR ( '', #9232 ) ;
#1648 = VERTEX_POINT ( 'NONE', #2855 ) ;
#1649 = FACE_OUTER_BOUND ( 'NONE', #4729, .T. ) ;
#1650 = CARTESIAN_POINT ( 'NONE',  ( -2.150000000000003020, -6.499999999999997335, 1.200000000000000178 ) ) ;
#1651 = LINE ( 'NONE', #11748, #9110 ) ;
#1652 = CARTESIAN_POINT ( 'NONE',  ( 2.292975979834980471, -0.04278833808588945742, 1.000000000000000000 ) ) ;
#1653 = DIRECTION ( 'NONE',  ( 1.000000000000000000, 0.000000000000000000, 0.000000000000000000 ) ) ;
#1654 = DIRECTION ( 'NONE',  ( 1.000000000000000000, 0.000000000000000000, 0.000000000000000000 ) ) ;
#1655 = CYLINDRICAL_SURFACE ( 'NONE', #4051, 0.5000000000000008882 ) ;
#1656 = CARTESIAN_POINT ( 'NONE',  ( 5.000000000000000888, -4.968682383288471449, 1.700000000000000178 ) ) ;
#1657 = AXIS2_PLACEMENT_3D ( 'NONE', #3166, #1048, #2079 ) ;
#1658 = DIRECTION ( 'NONE',  ( 0.000000000000000000, -0.000000000000000000, -1.000000000000000000 ) ) ;
#1659 =( GEOMETRIC_REPRESENTATION_CONTEXT ( 3 ) GLOBAL_UNCERTAINTY_ASSIGNED_CONTEXT ( ( #6922 ) ) GLOBAL_UNIT_ASSIGNED_CONTEXT ( ( #782, #2666, #8161 ) ) REPRESENTATION_CONTEXT ( 'NONE', 'WORKASPACE' ) );
#1660 = VERTEX_POINT ( 'NONE', #6581 ) ;
#1661 = EDGE_LOOP ( 'NONE', ( #6481, #11610 ) ) ;
#1662 = DIRECTION ( 'NONE',  ( 0.000000000000000000, 1.000000000000000000, -0.000000000000000000 ) ) ;
#1663 =( LENGTH_UNIT ( ) NAMED_UNIT ( * ) SI_UNIT ( .MILLI., .METRE. ) );
#1664 = DIRECTION ( 'NONE',  ( 0.000000000000000000, 0.000000000000000000, -1.000000000000000000 ) ) ;
#1665 = DIRECTION ( 'NONE',  ( 0.000000000000000000, -0.000000000000000000, 1.000000000000000000 ) ) ;
#1666 = ORIENTED_EDGE ( 'NONE', *, *, #1884, .F. ) ;
#1667 = ADVANCED_FACE ( 'NONE', ( #4640 ), #262, .F. ) ;
#1668 = DIRECTION ( 'NONE',  ( 0.000000000000000000, -1.000000000000000000, 0.000000000000000000 ) ) ;
#1669 =( LENGTH_UNIT ( ) NAMED_UNIT ( * ) SI_UNIT ( .MILLI., .METRE. ) );
#1670 = DIRECTION ( 'NONE',  ( 1.000000000000000000, 0.000000000000000000, 0.000000000000000000 ) ) ;
#1671 = ORIENTED_EDGE ( 'NONE', *, *, #3361, .F. ) ;
#1672 = ORIENTED_EDGE ( 'NONE', *, *, #6053, .T. ) ;
#1673 = ORIENTED_EDGE ( 'NONE', *, *, #990, .F. ) ;
#1674 = ADVANCED_FACE ( 'NONE', ( #5673 ), #6636, .F. ) ;
#1675 = DIRECTION ( 'NONE',  ( 1.000000000000000000, 0.000000000000000000, 0.000000000000000000 ) ) ;
#1676 = VERTEX_POINT ( 'NONE', #10170 ) ;
#1677 = ORIENTED_EDGE ( 'NONE', *, *, #5441, .F. ) ;
#1678 = CARTESIAN_POINT ( 'NONE',  ( -1.339404446409629079, -7.994982302604838331, 1.000000000000000000 ) ) ;
#1679 = CARTESIAN_POINT ( 'NONE',  ( -3.500000000000003109, -1.999999999999997335, 1.000000000000000000 ) ) ;
#1680 = LINE ( 'NONE', #1863, #1892 ) ;
#1681 = PLANE ( 'NONE',  #8798 ) ;
#1682 = CIRCLE ( 'NONE', #8687, 0.5000000000000000000 ) ;
#1683 = DIRECTION ( 'NONE',  ( 1.000000000000000000, 0.000000000000000000, -0.000000000000000000 ) ) ;
#1684 = UNCERTAINTY_MEASURE_WITH_UNIT (LENGTH_MEASURE( 1.000000000000000082E-05 ), #3168, 'distance_accuracy_value', 'NONE');
#1685 = ORIENTED_EDGE ( 'NONE', *, *, #10, .F. ) ;
#1686 = ORIENTED_EDGE ( 'NONE', *, *, #4143, .F. ) ;
#1687 = DIRECTION ( 'NONE',  ( 0.000000000000000000, -1.000000000000000000, 0.000000000000000000 ) ) ;
#1688 = DIRECTION ( 'NONE',  ( 1.000000000000000000, 0.000000000000000000, 0.000000000000000000 ) ) ;
#1689 = EDGE_CURVE ( 'NONE', #8048, #4346, #2002, .T. ) ;
#1690 = ORIENTED_EDGE ( 'NONE', *, *, #8605, .T. ) ;
#1691 = DIRECTION ( 'NONE',  ( 0.000000000000000000, -1.000000000000000000, 0.000000000000000000 ) ) ;
#1692 =( NAMED_UNIT ( * ) SI_UNIT ( $, .STERADIAN. ) SOLID_ANGLE_UNIT ( ) );
#1693 = CARTESIAN_POINT ( 'NONE',  ( -4.016593218723101266, 1.450099785732223756, 1.500000000000000000 ) ) ;
#1694 = LINE ( 'NONE', #9071, #6644 ) ;
#1695 = AXIS2_PLACEMENT_3D ( 'NONE', #90, #8537, #1035 ) ;
#1696 = CARTESIAN_POINT ( 'NONE',  ( 0.9999999999999952260, -4.649999999999996803, 1.200000000000000178 ) ) ;
#1697 = DIRECTION ( 'NONE',  ( -1.000000000000000000, -0.000000000000000000, -0.000000000000000000 ) ) ;
#1698 = AXIS2_PLACEMENT_3D ( 'NONE', #3682, #11772, #10137 ) ;
#1699 = ORIENTED_EDGE ( 'NONE', *, *, #11362, .T. ) ;
#1700 = CARTESIAN_POINT ( 'NONE',  ( 3.500000000000001332, -4.768682383288472160, 1.000000000000000000 ) ) ;
#1701 = ORIENTED_EDGE ( 'NONE', *, *, #7802, .F. ) ;
#1702 = COLOUR_RGB ( '',0.000000000000000000, 0.000000000000000000, 0.000000000000000000 ) ;
#1703 = VECTOR ( 'NONE', #8639, 1000.000000000000000 ) ;
#1704 = ORIENTED_EDGE ( 'NONE', *, *, #1823, .T. ) ;
#1705 = FILL_AREA_STYLE ('',( #10045 ) ) ;
#1706 = CARTESIAN_POINT ( 'NONE',  ( 0.7700653517141731186, 2.295341782195420954, 0.000000000000000000 ) ) ;
#1707 = DIRECTION ( 'NONE',  ( -1.000000000000000000, -1.084834357360921627E-16, 0.000000000000000000 ) ) ;
#1708 = DIRECTION ( 'NONE',  ( 1.458308881367818673E-16, -1.000000000000000000, 0.000000000000000000 ) ) ;
#1709 =( NAMED_UNIT ( * ) SI_UNIT ( $, .STERADIAN. ) SOLID_ANGLE_UNIT ( ) );
#1710 = CARTESIAN_POINT ( 'NONE',  ( 0.000000000000000000, 8.469867354517257141, 1.100000000000000089 ) ) ;
#1711 = FACE_OUTER_BOUND ( 'NONE', #10042, .T. ) ;
#1712 = LINE ( 'NONE', #2802, #6519 ) ;
#1713 = MECHANICAL_DESIGN_GEOMETRIC_PRESENTATION_REPRESENTATION (  '', ( #8721 ), #3469 ) ;
#1714 = SURFACE_STYLE_USAGE ( .BOTH. , #11091 ) ;
#1715 = CIRCLE ( 'NONE', #1142, 0.1000000000000000472 ) ;
#1716 = EDGE_CURVE ( 'NONE', #6286, #4778, #2798, .T. ) ;
#1717 = ORIENTED_EDGE ( 'NONE', *, *, #11485, .T. ) ;
#1718 = ORIENTED_EDGE ( 'NONE', *, *, #852, .F. ) ;
#1719 = PRESENTATION_STYLE_ASSIGNMENT (( #3798 ) ) ;
#1720 = VECTOR ( 'NONE', #4955, 1000.000000000000000 ) ;
#1721 = LINE ( 'NONE', #2688, #8820 ) ;
#1722 = DIRECTION ( 'NONE',  ( 0.000000000000000000, 0.000000000000000000, 1.000000000000000000 ) ) ;
#1723 = DIRECTION ( 'NONE',  ( 0.000000000000000000, -0.000000000000000000, -1.000000000000000000 ) ) ;
#1724 = LINE ( 'NONE', #6355, #2093 ) ;
#1725 = CARTESIAN_POINT ( 'NONE',  ( 0.000000000000000000, -2.188776141202243508, 1.500000000000000000 ) ) ;
#1726 = VERTEX_POINT ( 'NONE', #5608 ) ;
#1728 = VECTOR ( 'NONE', #6132, 1000.000000000000000 ) ;
#1727 = LINE ( 'NONE', #11836, #2524 ) ;
#1729 = SURFACE_STYLE_USAGE ( .BOTH. , #2569 ) ;
#1730 = SURFACE_SIDE_STYLE ('',( #6478 ) ) ;
#1731 = VERTEX_POINT ( 'NONE', #9322 ) ;
#1732 = AXIS2_PLACEMENT_3D ( 'NONE', #5367, #9096, #10968 ) ;
#1733 = ORIENTED_EDGE ( 'NONE', *, *, #4687, .T. ) ;
#1734 = ORIENTED_EDGE ( 'NONE', *, *, #7839, .F. ) ;
#1735 = EDGE_CURVE ( 'NONE', #6666, #7780, #7686, .T. ) ;
#1736 = ADVANCED_FACE ( 'NONE', ( #6760 ), #1655, .F. ) ;
#1737 = SURFACE_STYLE_USAGE ( .BOTH. , #3749 ) ;
#1738 = EDGE_LOOP ( 'NONE', ( #8114, #5699, #8755, #7136 ) ) ;
#1739 = VERTEX_POINT ( 'NONE', #11953 ) ;
#1740 = CARTESIAN_POINT ( 'NONE',  ( 3.000000000000001332, -4.768682383288472160, 1.600000000000000089 ) ) ;
#1741 = DIRECTION ( 'NONE',  ( 1.000000000000000000, 0.000000000000000000, 0.000000000000000000 ) ) ;
#1742 =( NAMED_UNIT ( * ) PLANE_ANGLE_UNIT ( ) SI_UNIT ( $, .RADIAN. ) );
#1743 = FILL_AREA_STYLE_COLOUR ( '', #553 ) ;
#1744 = ORIENTED_EDGE ( 'NONE', *, *, #8091, .T. ) ;
#1745 = AXIS2_PLACEMENT_3D ( 'NONE', #6856, #5886, #2387 ) ;
#1746 = CARTESIAN_POINT ( 'NONE',  ( 3.500000000000000888, -2.768682383288471271, 1.600000000000000089 ) ) ;
#1747 = DIRECTION ( 'NONE',  ( -0.000000000000000000, 0.000000000000000000, 1.000000000000000000 ) ) ;
#1748 = ORIENTED_EDGE ( 'NONE', *, *, #5530, .F. ) ;
#1749 = ORIENTED_EDGE ( 'NONE', *, *, #11050, .F. ) ;
#1750 = FILL_AREA_STYLE_COLOUR ( '', #7077 ) ;
#1751 = VECTOR ( 'NONE', #5311, 1000.000000000000000 ) ;
#1752 = CARTESIAN_POINT ( 'NONE',  ( -3.999999999999997335, -3.549999999999997158, 1.200000000000000178 ) ) ;
#1753 = CARTESIAN_POINT ( 'NONE',  ( -0.5000000000000026645, -5.999999999999997335, 1.200000000000000178 ) ) ;
#1754 = CARTESIAN_POINT ( 'NONE',  ( -4.879360369118781904, 2.295341782195420954, 0.000000000000000000 ) ) ;
#1755 = CARTESIAN_POINT ( 'NONE',  ( 3.292975979834980471, -0.04278833808588956150, 1.399999999999999911 ) ) ;
#1756 = FACE_OUTER_BOUND ( 'NONE', #7474, .T. ) ;
#1757 = SURFACE_SIDE_STYLE ('',( #3584 ) ) ;
#1758 = MECHANICAL_DESIGN_GEOMETRIC_PRESENTATION_REPRESENTATION (  '', ( #2336 ), #5861 ) ;
#1759 = ORIENTED_EDGE ( 'NONE', *, *, #7564, .T. ) ;
#1760 = CARTESIAN_POINT ( 'NONE',  ( -1.600000000000002975, -6.499999999999997335, 1.000000000000000000 ) ) ;
#1761 = ORIENTED_EDGE ( 'NONE', *, *, #11827, .F. ) ;
#1762 = LINE ( 'NONE', #137, #5653 ) ;
#1763 = ORIENTED_EDGE ( 'NONE', *, *, #5852, .T. ) ;
#1764 = CYLINDRICAL_SURFACE ( 'NONE', #10395, 0.5000000000000004441 ) ;
#1765 = LINE ( 'NONE', #86, #11857 ) ;
#1766 = ADVANCED_FACE ( 'NONE', ( #1711 ), #7192, .T. ) ;
#1767 = CARTESIAN_POINT ( 'NONE',  ( 2.292975979834980471, 0.4572116619141102234, 1.500000000000000000 ) ) ;
#1768 = FILL_AREA_STYLE ('',( #10171 ) ) ;
#1769 = DIRECTION ( 'NONE',  ( -0.000000000000000000, 0.000000000000000000, 1.000000000000000000 ) ) ;
#1770 = CARTESIAN_POINT ( 'NONE',  ( 3.000000000000000888, -2.768682383288471271, 1.700000000000000178 ) ) ;
#1771 = DIRECTION ( 'NONE',  ( 1.000000000000000000, 0.000000000000000000, 0.000000000000000000 ) ) ;
#1772 = DIRECTION ( 'NONE',  ( -0.000000000000000000, -0.000000000000000000, 1.000000000000000000 ) ) ;
#1773 = ORIENTED_EDGE ( 'NONE', *, *, #6439, .F. ) ;
#1774 = VECTOR ( 'NONE', #422, 1000.000000000000000 ) ;
#1775 = ORIENTED_EDGE ( 'NONE', *, *, #9296, .T. ) ;
#1776 = EDGE_CURVE ( 'NONE', #244, #5833, #10121, .T. ) ;
#1777 = SURFACE_SIDE_STYLE ('',( #11964 ) ) ;
#1778 = DIRECTION ( 'NONE',  ( -0.000000000000000000, 0.000000000000000000, 1.000000000000000000 ) ) ;
#1779 = LINE ( 'NONE', #9156, #1510 ) ;
#1780 = CARTESIAN_POINT ( 'NONE',  ( 5.100000000000001421, -2.468682383288471449, 1.800000000000000266 ) ) ;
#1781 = ORIENTED_EDGE ( 'NONE', *, *, #268, .F. ) ;
#1782 = AXIS2_PLACEMENT_3D ( 'NONE', #2149, #8671, #343 ) ;
#1783 = DIRECTION ( 'NONE',  ( -0.000000000000000000, -0.000000000000000000, 1.000000000000000000 ) ) ;
#1784 = SURFACE_STYLE_FILL_AREA ( #4601 ) ;
#1785 = CYLINDRICAL_SURFACE ( 'NONE', #11612, 0.1000000000000000472 ) ;
#1786 = DIRECTION ( 'NONE',  ( 1.000000000000000000, 0.000000000000000000, 0.000000000000000000 ) ) ;
#1787 = DIRECTION ( 'NONE',  ( 1.000000000000000000, 0.000000000000000000, 0.000000000000000000 ) ) ;
#1788 = VECTOR ( 'NONE', #2173, 1000.000000000000000 ) ;
#1789 = EDGE_LOOP ( 'NONE', ( #4920, #3575, #3639, #4691 ) ) ;
#1790 = VERTEX_POINT ( 'NONE', #9209 ) ;
#1791 = COLOUR_RGB ( '',1.000000000000000000, 1.000000000000000000, 0.000000000000000000 ) ;
#1792 = CARTESIAN_POINT ( 'NONE',  ( 2.841380149986267867, 2.147362469743642865, 0.000000000000000000 ) ) ;
#1793 = DIRECTION ( 'NONE',  ( -0.000000000000000000, 0.000000000000000000, 1.000000000000000000 ) ) ;
#1794 = ORIENTED_EDGE ( 'NONE', *, *, #11345, .F. ) ;
#1795 = PLANE ( 'NONE',  #1207 ) ;
#1796 = DIRECTION ( 'NONE',  ( -0.000000000000000000, -0.000000000000000000, 1.000000000000000000 ) ) ;
#1797 =( LENGTH_UNIT ( ) NAMED_UNIT ( * ) SI_UNIT ( .MILLI., .METRE. ) );
#1798 = DIRECTION ( 'NONE',  ( -1.000000000000000000, -0.000000000000000000, -0.000000000000000000 ) ) ;
#1799 = UNCERTAINTY_MEASURE_WITH_UNIT (LENGTH_MEASURE( 1.000000000000000082E-05 ), #11587, 'distance_accuracy_value', 'NONE');
#1800 = EDGE_LOOP ( 'NONE', ( #470, #1616, #2367, #8516, #8860, #8007 ) ) ;
#1801 = COLOUR_RGB ( '',1.000000000000000000, 1.000000000000000000, 0.5019607843137254832 ) ;
#1802 = DIRECTION ( 'NONE',  ( 0.000000000000000000, -0.000000000000000000, -1.000000000000000000 ) ) ;
#1803 = EDGE_CURVE ( 'NONE', #10164, #10097, #9272, .T. ) ;
#1804 = LINE ( 'NONE', #4435, #4229 ) ;
#1805 = ORIENTED_EDGE ( 'NONE', *, *, #8304, .F. ) ;
#1806 = ORIENTED_EDGE ( 'NONE', *, *, #124, .F. ) ;
#1807 = VECTOR ( 'NONE', #6665, 1000.000000000000000 ) ;
#1808 = DIRECTION ( 'NONE',  ( -1.000000000000000000, -1.084834357360921627E-16, 0.000000000000000000 ) ) ;
#1809 = SURFACE_STYLE_USAGE ( .BOTH. , #3764 ) ;
#1810 = EDGE_CURVE ( 'NONE', #10919, #6286, #8319, .T. ) ;
#1811 = DIRECTION ( 'NONE',  ( 1.000000000000000000, -0.000000000000000000, 0.000000000000000000 ) ) ;
#1812 = DIRECTION ( 'NONE',  ( -0.000000000000000000, -0.000000000000000000, -1.000000000000000000 ) ) ;
#1813 = LINE ( 'NONE', #5534, #174 ) ;
#1814 = PRESENTATION_STYLE_ASSIGNMENT (( #12000 ) ) ;
#1815 = EDGE_CURVE ( 'NONE', #10419, #11825, #5489, .T. ) ;
#1816 = MECHANICAL_DESIGN_GEOMETRIC_PRESENTATION_REPRESENTATION (  '', ( #282 ), #96 ) ;
#1817 = ORIENTED_EDGE ( 'NONE', *, *, #11991, .F. ) ;
#1818 = FILL_AREA_STYLE_COLOUR ( '', #5541 ) ;
#1819 = VECTOR ( 'NONE', #6957, 1000.000000000000000 ) ;
#1820 = ORIENTED_EDGE ( 'NONE', *, *, #5956, .T. ) ;
#1821 = VECTOR ( 'NONE', #7761, 1000.000000000000000 ) ;
#1822 = DIRECTION ( 'NONE',  ( 0.000000000000000000, 0.000000000000000000, -1.000000000000000000 ) ) ;
#1823 = EDGE_CURVE ( 'NONE', #5961, #8396, #3661, .T. ) ;
#1824 = ORIENTED_EDGE ( 'NONE', *, *, #10029, .T. ) ;
#1825 = FILL_AREA_STYLE_COLOUR ( '', #864 ) ;
#1826 = CARTESIAN_POINT ( 'NONE',  ( 5.999999999999997335, 9.000000000000001776, 0.000000000000000000 ) ) ;
#1827 = AXIS2_PLACEMENT_3D ( 'NONE', #4975, #10578, #10909 ) ;
#1828 = DIRECTION ( 'NONE',  ( 1.000000000000000000, 0.000000000000000000, 0.000000000000000000 ) ) ;
#1829 = CARTESIAN_POINT ( 'NONE',  ( -0.2854471665643398826, 0.000000000000000000, 1.399999999999999911 ) ) ;
#1830 = CARTESIAN_POINT ( 'NONE',  ( -5.313812213263914508, 2.147362469743642865, 1.100000000000000089 ) ) ;
#1831 = FILL_AREA_STYLE ('',( #8479 ) ) ;
#1832 = DIRECTION ( 'NONE',  ( 1.000000000000000000, 0.000000000000000000, 0.000000000000000000 ) ) ;
#1833 = LINE ( 'NONE', #5425, #5949 ) ;
#1834 = FILL_AREA_STYLE ('',( #5426 ) ) ;
#1835 = DIRECTION ( 'NONE',  ( 1.445602896647339410E-16, -1.000000000000000000, 0.000000000000000000 ) ) ;
#1836 = ORIENTED_EDGE ( 'NONE', *, *, #103, .F. ) ;
#1837 = VECTOR ( 'NONE', #643, 1000.000000000000000 ) ;
#1838 = AXIS2_PLACEMENT_3D ( 'NONE', #6989, #4117, #1334 ) ;
#1839 = EDGE_LOOP ( 'NONE', ( #8352, #8867, #8851, #11229 ) ) ;
#1840 = VECTOR ( 'NONE', #811, 1000.000000000000000 ) ;
#1841 = UNCERTAINTY_MEASURE_WITH_UNIT (LENGTH_MEASURE( 1.000000000000000082E-05 ), #12025, 'distance_accuracy_value', 'NONE');
#1842 = EDGE_CURVE ( 'NONE', #1676, #8083, #2738, .T. ) ;
#1843 = LINE ( 'NONE', #5366, #5946 ) ;
#1844 = FACE_OUTER_BOUND ( 'NONE', #6057, .T. ) ;
#1845 = SURFACE_STYLE_FILL_AREA ( #10187 ) ;
#1846 = EDGE_LOOP ( 'NONE', ( #11989, #425, #11055, #10572 ) ) ;
#1847 = VECTOR ( 'NONE', #2108, 1000.000000000000000 ) ;
#1848 = DIRECTION ( 'NONE',  ( -0.000000000000000000, 0.000000000000000000, 1.000000000000000000 ) ) ;
#1849 = VECTOR ( 'NONE', #6409, 1000.000000000000000 ) ;
#1850 = AXIS2_PLACEMENT_3D ( 'NONE', #4929, #3107, #2136 ) ;
#1851 = SURFACE_SIDE_STYLE ('',( #2758 ) ) ;
#1852 =( LENGTH_UNIT ( ) NAMED_UNIT ( * ) SI_UNIT ( .MILLI., .METRE. ) );
#1853 = SURFACE_SIDE_STYLE ('',( #9162 ) ) ;
#1854 = VERTEX_POINT ( 'NONE', #917 ) ;
#1855 = VECTOR ( 'NONE', #9398, 1000.000000000000000 ) ;
#1856 = ORIENTED_EDGE ( 'NONE', *, *, #3977, .F. ) ;
#1857 = AXIS2_PLACEMENT_3D ( 'NONE', #9391, #1772, #5491 ) ;
#1858 = CIRCLE ( 'NONE', #8280, 0.1494257208329542175 ) ;
#1859 = LINE ( 'NONE', #7456, #745 ) ;
#1860 = FILL_AREA_STYLE_COLOUR ( '', #8227 ) ;
#1861 = ORIENTED_EDGE ( 'NONE', *, *, #7679, .T. ) ;
#1862 = FILL_AREA_STYLE_COLOUR ( '', #1579 ) ;
#1863 = CARTESIAN_POINT ( 'NONE',  ( -0.000000000000000000, 2.147362469743642865, 0.000000000000000000 ) ) ;
#1864 = CARTESIAN_POINT ( 'NONE',  ( -3.500000000000003997, -5.199999999999997513, 1.200000000000000178 ) ) ;
#1865 = ORIENTED_EDGE ( 'NONE', *, *, #8975, .T. ) ;
#1866 = EDGE_CURVE ( 'NONE', #2957, #4783, #10241, .T. ) ;
#1867 = ADVANCED_FACE ( 'NONE', ( #2551 ), #977, .T. ) ;
#1868 = PRESENTATION_STYLE_ASSIGNMENT (( #10873 ) ) ;
#1869 = DIRECTION ( 'NONE',  ( -1.000000000000000000, 0.000000000000000000, 0.000000000000000000 ) ) ;
#1870 = VERTEX_POINT ( 'NONE', #3905 ) ;
#1871 = CIRCLE ( 'NONE', #5364, 0.1000000000000000472 ) ;
#1872 = ORIENTED_EDGE ( 'NONE', *, *, #9861, .F. ) ;
#1873 = LINE ( 'NONE', #3578, #11907 ) ;
#1874 = DIRECTION ( 'NONE',  ( 1.000000000000000000, 0.000000000000000000, 0.000000000000000000 ) ) ;
#1875 = DIRECTION ( 'NONE',  ( -0.000000000000000000, -0.000000000000000000, -1.000000000000000000 ) ) ;
#1876 = LINE ( 'NONE', #11999, #1136 ) ;
#1877 = ADVANCED_FACE ( 'NONE', ( #2977 ), #143, .F. ) ;
#1878 = DIRECTION ( 'NONE',  ( -1.000000000000000000, 0.000000000000000000, 0.000000000000000000 ) ) ;
#1879 = VERTEX_POINT ( 'NONE', #3846 ) ;
#1880 = VERTEX_POINT ( 'NONE', #9388 ) ;
#1881 = CIRCLE ( 'NONE', #10264, 0.1000000000000000472 ) ;
#1882 = ORIENTED_EDGE ( 'NONE', *, *, #11833, .F. ) ;
#1883 = EDGE_CURVE ( 'NONE', #11305, #3138, #6703, .T. ) ;
#1884 = EDGE_CURVE ( 'NONE', #6469, #837, #3106, .T. ) ;
#1885 = CARTESIAN_POINT ( 'NONE',  ( 4.389999999999999680, -7.994982302604838331, 0.000000000000000000 ) ) ;
#1886 = ORIENTED_EDGE ( 'NONE', *, *, #5025, .T. ) ;
#1887 = VECTOR ( 'NONE', #10174, 1000.000000000000000 ) ;
#1888 = CARTESIAN_POINT ( 'NONE',  ( 0.000000000000000000, 0.000000000000000000, 1.200000000000000178 ) ) ;
#1889 = DIRECTION ( 'NONE',  ( -1.000000000000000000, 0.000000000000000000, 0.000000000000000000 ) ) ;
#1890 = CARTESIAN_POINT ( 'NONE',  ( -0.3000000000000025424, -1.499999999999997335, 1.200000000000000178 ) ) ;
#1891 = CARTESIAN_POINT ( 'NONE',  ( 0.000000000000000000, 0.000000000000000000, 1.500000000000000000 ) ) ;
#1892 = VECTOR ( 'NONE', #7409, 1000.000000000000000 ) ;
#1893 = DIRECTION ( 'NONE',  ( -0.000000000000000000, -0.000000000000000000, -1.000000000000000000 ) ) ;
#1894 = CARTESIAN_POINT ( 'NONE',  ( 5.000000000000000888, -2.568682383288471538, 1.800000000000000266 ) ) ;
#1895 = FACE_OUTER_BOUND ( 'NONE', #3963, .T. ) ;
#1896 = EDGE_CURVE ( 'NONE', #2046, #11477, #3053, .T. ) ;
#1897 = VERTEX_POINT ( 'NONE', #1291 ) ;
#1898 = COLOUR_RGB ( '',1.000000000000000000, 1.000000000000000000, 0.000000000000000000 ) ;
#1899 = ORIENTED_EDGE ( 'NONE', *, *, #11724, .T. ) ;
#1900 = PRESENTATION_LAYER_ASSIGNMENT (  '', '', ( #8126 ) ) ;
#1901 = CYLINDRICAL_SURFACE ( 'NONE', #2962, 0.5000000000000000000 ) ;
#1902 = LINE ( 'NONE', #2747, #851 ) ;
#1903 = CARTESIAN_POINT ( 'NONE',  ( 4.800000000000000711, -2.268682383288471271, 1.600000000000000089 ) ) ;
#1904 = LINE ( 'NONE', #9521, #4034 ) ;
#1905 = CARTESIAN_POINT ( 'NONE',  ( 5.041380149986268933, 2.147362469743642865, -29.20000000000000284 ) ) ;
#1906 = ORIENTED_EDGE ( 'NONE', *, *, #1776, .F. ) ;
#1907 = CARTESIAN_POINT ( 'NONE',  ( 3.500000000000001332, -4.768682383288472160, 1.700000000000000178 ) ) ;
#1908 =( NAMED_UNIT ( * ) SI_UNIT ( $, .STERADIAN. ) SOLID_ANGLE_UNIT ( ) );
#1909 = STYLED_ITEM ( 'NONE', ( #6477 ), #5334 ) ;
#1910 =( LENGTH_UNIT ( ) NAMED_UNIT ( * ) SI_UNIT ( .MILLI., .METRE. ) );
#1911 = VERTEX_POINT ( 'NONE', #2069 ) ;
#1912 = VERTEX_POINT ( 'NONE', #8415 ) ;
#1913 = VECTOR ( 'NONE', #6094, 1000.000000000000000 ) ;
#1914 = VECTOR ( 'NONE', #9902, 1000.000000000000000 ) ;
#1915 = FACE_BOUND ( 'NONE', #2636, .T. ) ;
#1916 = DIRECTION ( 'NONE',  ( -0.000000000000000000, -1.000000000000000000, -0.000000000000000000 ) ) ;
#1917 = ORIENTED_EDGE ( 'NONE', *, *, #6189, .F. ) ;
#1918 = CARTESIAN_POINT ( 'NONE',  ( -0.6900000000000005018, -7.994982302604838331, 0.000000000000000000 ) ) ;
#1919 = EDGE_CURVE ( 'NONE', #3376, #3755, #6639, .T. ) ;
#1920 = EDGE_CURVE ( 'NONE', #3743, #6691, #10056, .T. ) ;
#1921 = DIRECTION ( 'NONE',  ( -0.000000000000000000, -0.000000000000000000, -1.000000000000000000 ) ) ;
#1922 = CARTESIAN_POINT ( 'NONE',  ( -3.500000000000003109, -5.999999999999997335, 1.800000000000000044 ) ) ;
#1923 = AXIS2_PLACEMENT_3D ( 'NONE', #4161, #10445, #11530 ) ;
#1924 = ORIENTED_EDGE ( 'NONE', *, *, #9303, .T. ) ;
#1925 = CARTESIAN_POINT ( 'NONE',  ( -3.499999999999997335, -3.349999999999997424, 1.200000000000000178 ) ) ;
#1926 = ADVANCED_FACE ( 'NONE', ( #8708 ), #598, .F. ) ;
#1927 = DIRECTION ( 'NONE',  ( 0.000000000000000000, 0.000000000000000000, 1.000000000000000000 ) ) ;
#1928 = ORIENTED_EDGE ( 'NONE', *, *, #7320, .F. ) ;
#1929 = ORIENTED_EDGE ( 'NONE', *, *, #9922, .T. ) ;
#1930 = EDGE_CURVE ( 'NONE', #9829, #5097, #9483, .T. ) ;
#1931 = CARTESIAN_POINT ( 'NONE',  ( 0.000000000000000000, -4.911223858797751696, 1.500000000000000000 ) ) ;
#1932 = CARTESIAN_POINT ( 'NONE',  ( 5.955872757806901063, 2.606906106631963649, 1.100000000000000089 ) ) ;
#1933 = DIRECTION ( 'NONE',  ( -0.000000000000000000, -0.000000000000000000, 1.000000000000000000 ) ) ;
#1934 = DIRECTION ( 'NONE',  ( -0.000000000000000000, -0.000000000000000000, 1.000000000000000000 ) ) ;
#1935 = CYLINDRICAL_SURFACE ( 'NONE', #2034, 0.1000000000000000472 ) ;
#1936 = AXIS2_PLACEMENT_3D ( 'NONE', #3042, #11507, #1098 ) ;
#1937 = ORIENTED_EDGE ( 'NONE', *, *, #5934, .F. ) ;
#1938 = ORIENTED_EDGE ( 'NONE', *, *, #4890, .T. ) ;
#1939 = ORIENTED_EDGE ( 'NONE', *, *, #4720, .F. ) ;
#1940 = COLOUR_RGB ( '',1.000000000000000000, 1.000000000000000000, 0.000000000000000000 ) ;
#1941 = DIRECTION ( 'NONE',  ( 0.000000000000000000, -1.000000000000000000, 0.000000000000000000 ) ) ;
#1942 = ORIENTED_EDGE ( 'NONE', *, *, #8325, .T. ) ;
#1943 = LINE ( 'NONE', #1225, #6891 ) ;
#1944 = CARTESIAN_POINT ( 'NONE',  ( 3.620000000000000551, -7.994982302604838331, 0.000000000000000000 ) ) ;
#1945 = ADVANCED_FACE ( 'NONE', ( #2420 ), #4133, .F. ) ;
#1946 = DIRECTION ( 'NONE',  ( 1.000000000000000000, 0.000000000000000000, -0.000000000000000000 ) ) ;
#1947 = DIRECTION ( 'NONE',  ( 1.000000000000000000, 0.000000000000000000, 0.000000000000000000 ) ) ;
#1948 = DIRECTION ( 'NONE',  ( 0.000000000000000000, 1.000000000000000000, 0.000000000000000000 ) ) ;
#1949 = PRESENTATION_STYLE_ASSIGNMENT (( #4870 ) ) ;
#1950 = DIRECTION ( 'NONE',  ( 0.000000000000000000, 1.000000000000000000, 0.000000000000000000 ) ) ;
#1951 = ORIENTED_EDGE ( 'NONE', *, *, #5361, .F. ) ;
#1952 = AXIS2_PLACEMENT_3D ( 'NONE', #1907, #1848, #3680 ) ;
#1953 = ORIENTED_EDGE ( 'NONE', *, *, #5439, .F. ) ;
#1954 = UNCERTAINTY_MEASURE_WITH_UNIT (LENGTH_MEASURE( 1.000000000000000082E-05 ), #8592, 'distance_accuracy_value', 'NONE');
#1955 = CIRCLE ( 'NONE', #8767, 0.1494257208329539954 ) ;
#1956 = CARTESIAN_POINT ( 'NONE',  ( -4.500000000000000888, -7.994982302604838331, 1.100000000000000089 ) ) ;
#1957 =( NAMED_UNIT ( * ) SI_UNIT ( $, .STERADIAN. ) SOLID_ANGLE_UNIT ( ) );
#1958 = DIRECTION ( 'NONE',  ( 0.000000000000000000, 0.000000000000000000, 1.000000000000000000 ) ) ;
#1959 = DIRECTION ( 'NONE',  ( -1.626303258728256651E-16, 1.000000000000000000, -0.000000000000000000 ) ) ;
#1960 = CARTESIAN_POINT ( 'NONE',  ( 1.254473155026101017, 5.440410080016174972E-16, 1.000000000000000000 ) ) ;
#1961 = DIRECTION ( 'NONE',  ( -1.000000000000000000, 0.000000000000000000, 0.000000000000000000 ) ) ;
#1962 =( NAMED_UNIT ( * ) PLANE_ANGLE_UNIT ( ) SI_UNIT ( $, .RADIAN. ) );
#1963 = AXIS2_PLACEMENT_3D ( 'NONE', #11395, #10361, #8482 ) ;
#1964 = DIRECTION ( 'NONE',  ( -1.000000000000000000, -1.445602896647346312E-16, 0.000000000000000000 ) ) ;
#1965 = EDGE_CURVE ( 'NONE', #3953, #2089, #4227, .T. ) ;
#1966 = LINE ( 'NONE', #10071, #7869 ) ;
#1967 = VERTEX_POINT ( 'NONE', #11682 ) ;
#1968 = VECTOR ( 'NONE', #8202, 1000.000000000000000 ) ;
#1969 = EDGE_CURVE ( 'NONE', #3911, #7188, #9742, .T. ) ;
#1970 = VERTEX_POINT ( 'NONE', #8026 ) ;
#1971 = STYLED_ITEM ( 'NONE', ( #3204 ), #2428 ) ;
#1972 = EDGE_CURVE ( 'NONE', #8144, #4289, #2478, .T. ) ;
#1973 = FACE_BOUND ( 'NONE', #728, .T. ) ;
#1974 = CARTESIAN_POINT ( 'NONE',  ( -0.3182825874325388438, 5.496005818493205908, 1.100000000000000089 ) ) ;
#1975 = EDGE_LOOP ( 'NONE', ( #1536, #6620, #5099, #4138 ) ) ;
#1976 = DIRECTION ( 'NONE',  ( 1.000000000000000000, 0.000000000000000000, -0.000000000000000000 ) ) ;
#1977 = SURFACE_STYLE_USAGE ( .BOTH. , #11178 ) ;
#1978 = DIRECTION ( 'NONE',  ( -0.000000000000000000, -0.000000000000000000, -1.000000000000000000 ) ) ;
#1979 = LINE ( 'NONE', #6798, #7240 ) ;
#1980 = ORIENTED_EDGE ( 'NONE', *, *, #3192, .T. ) ;
#1981 = AXIS2_PLACEMENT_3D ( 'NONE', #6597, #11106, #10191 ) ;
#1982 = EDGE_CURVE ( 'NONE', #9953, #631, #1513, .T. ) ;
#1983 = CIRCLE ( 'NONE', #3540, 0.09999999999999982514 ) ;
#1984 = EDGE_CURVE ( 'NONE', #11643, #4863, #11734, .T. ) ;
#1985 = EDGE_CURVE ( 'NONE', #4120, #3852, #3281, .T. ) ;
#1986 = CARTESIAN_POINT ( 'NONE',  ( 0.4999999999999970579, -2.799999999999997158, 1.200000000000000178 ) ) ;
#1987 = ORIENTED_EDGE ( 'NONE', *, *, #2190, .T. ) ;
#1988 = ORIENTED_EDGE ( 'NONE', *, *, #8675, .F. ) ;
#1989 = CYLINDRICAL_SURFACE ( 'NONE', #9280, 0.1000000000000000472 ) ;
#1990 = DIRECTION ( 'NONE',  ( 0.000000000000000000, 0.000000000000000000, 1.000000000000000000 ) ) ;
#1991 = DIRECTION ( 'NONE',  ( -0.000000000000000000, 1.000000000000000000, -0.000000000000000000 ) ) ;
#1992 = CARTESIAN_POINT ( 'NONE',  ( -6.000000000000002665, 9.000000000000001776, 1.000000000000000000 ) ) ;
#1993 = EDGE_CURVE ( 'NONE', #6183, #10720, #4995, .T. ) ;
#1994 = VERTEX_POINT ( 'NONE', #8884 ) ;
#1995 = ORIENTED_EDGE ( 'NONE', *, *, #11015, .T. ) ;
#1996 = EDGE_LOOP ( 'NONE', ( #4323, #7883, #8268, #10831, #10002, #684 ) ) ;
#1997 = AXIS2_PLACEMENT_3D ( 'NONE', #11403, #7512, #2143 ) ;
#1998 = DIRECTION ( 'NONE',  ( 0.000000000000000000, -0.000000000000000000, -1.000000000000000000 ) ) ;
#1999 = ORIENTED_EDGE ( 'NONE', *, *, #1969, .T. ) ;
#2000 = CARTESIAN_POINT ( 'NONE',  ( 0.000000000000000000, -0.8427883380858899320, 1.500000000000000000 ) ) ;
#2001 = SURFACE_SIDE_STYLE ('',( #10538 ) ) ;
#2002 = LINE ( 'NONE', #7433, #1519 ) ;
#2003 = CARTESIAN_POINT ( 'NONE',  ( -2.714552833435666113, -0.6974844531661972269, 1.500000000000000000 ) ) ;
#2004 = EDGE_CURVE ( 'NONE', #1218, #376, #2853, .T. ) ;
#2005 = CARTESIAN_POINT ( 'NONE',  ( -1.579360369118781637, 2.295341782195420954, 0.000000000000000000 ) ) ;
#2006 =( GEOMETRIC_REPRESENTATION_CONTEXT ( 3 ) GLOBAL_UNCERTAINTY_ASSIGNED_CONTEXT ( ( #7228 ) ) GLOBAL_UNIT_ASSIGNED_CONTEXT ( ( #508, #3295, #7014 ) ) REPRESENTATION_CONTEXT ( 'NONE', 'WORKASPACE' ) );
#2007 = DIRECTION ( 'NONE',  ( -0.000000000000000000, -0.000000000000000000, -1.000000000000000000 ) ) ;
#2008 = CARTESIAN_POINT ( 'NONE',  ( 0.000000000000000000, -1.489077535132158570, 1.500000000000000000 ) ) ;
#2009 =( LENGTH_UNIT ( ) NAMED_UNIT ( * ) SI_UNIT ( .MILLI., .METRE. ) );
#2010 = PRESENTATION_LAYER_ASSIGNMENT (  '', '', ( #1429 ) ) ;
#2011 = VERTEX_POINT ( 'NONE', #7861 ) ;
#2012 = MECHANICAL_DESIGN_GEOMETRIC_PRESENTATION_REPRESENTATION (  '', ( #5123 ), #3964 ) ;
#2013 = EDGE_CURVE ( 'NONE', #7112, #1731, #7977, .T. ) ;
#2014 = EDGE_CURVE ( 'NONE', #1648, #10342, #9091, .T. ) ;
#2015 = VERTEX_POINT ( 'NONE', #5531 ) ;
#2016 = DIRECTION ( 'NONE',  ( -0.000000000000000000, -0.000000000000000000, -1.000000000000000000 ) ) ;
#2017 = FACE_OUTER_BOUND ( 'NONE', #3524, .T. ) ;
#2018 = VECTOR ( 'NONE', #2284, 1000.000000000000000 ) ;
#2019 = LINE ( 'NONE', #1115, #5830 ) ;
#2020 = PRESENTATION_STYLE_ASSIGNMENT (( #9337 ) ) ;
#2021 = PLANE ( 'NONE',  #11728 ) ;
#2022 = CARTESIAN_POINT ( 'NONE',  ( 0.000000000000000000, 5.837225230594265568, 1.100000000000000089 ) ) ;
#2023 = CARTESIAN_POINT ( 'NONE',  ( 3.192975979834980826, -0.6427883380858901985, 1.399999999999999911 ) ) ;
#2024 = VECTOR ( 'NONE', #5118, 1000.000000000000000 ) ;
#2025 = FILL_AREA_STYLE_COLOUR ( '', #4815 ) ;
#2026 = CARTESIAN_POINT ( 'NONE',  ( -2.679360369118781726, 2.295341782195420954, -29.20000000000000284 ) ) ;
#2027 =( NAMED_UNIT ( * ) SI_UNIT ( $, .STERADIAN. ) SOLID_ANGLE_UNIT ( ) );
#2028 = COLOUR_RGB ( '',1.000000000000000000, 1.000000000000000000, 0.5019607843137254832 ) ;
#2029 = CIRCLE ( 'NONE', #5533, 0.6205955535903713294 ) ;
#2030 = COLOUR_RGB ( '',1.000000000000000000, 1.000000000000000000, 0.000000000000000000 ) ;
#2031 = ORIENTED_EDGE ( 'NONE', *, *, #6980, .F. ) ;
#2032 = EDGE_CURVE ( 'NONE', #9077, #10636, #10881, .T. ) ;
#2033 = ORIENTED_EDGE ( 'NONE', *, *, #5623, .F. ) ;
#2034 = AXIS2_PLACEMENT_3D ( 'NONE', #9373, #1022, #4738 ) ;
#2035 = CIRCLE ( 'NONE', #7694, 0.1494257208329539954 ) ;
#2036 = EDGE_CURVE ( 'NONE', #8277, #10298, #9560, .T. ) ;
#2037 = DIRECTION ( 'NONE',  ( 1.000000000000000000, 0.000000000000000000, 0.000000000000000000 ) ) ;
#2038 = MECHANICAL_DESIGN_GEOMETRIC_PRESENTATION_REPRESENTATION (  '', ( #8849 ), #4174 ) ;
#2039 = FACE_BOUND ( 'NONE', #1535, .T. ) ;
#2040 = STYLED_ITEM ( 'NONE', ( #4766 ), #10717 ) ;
#2041 = ORIENTED_EDGE ( 'NONE', *, *, #5559, .F. ) ;
#2042 = CARTESIAN_POINT ( 'NONE',  ( -1.960000000000000409, -7.994982302604838331, 1.000000000000000000 ) ) ;
#2043 = PRESENTATION_STYLE_ASSIGNMENT (( #10390 ) ) ;
#2044 = LINE ( 'NONE', #5768, #8887 ) ;
#2045 = CARTESIAN_POINT ( 'NONE',  ( -0.000000000000000000, 2.147362469743642865, 1.000000000000000000 ) ) ;
#2046 = VERTEX_POINT ( 'NONE', #3464 ) ;
#2047 = AXIS2_PLACEMENT_3D ( 'NONE', #2925, #9512, #6887 ) ;
#2048 = CARTESIAN_POINT ( 'NONE',  ( 3.200000000000001066, -2.568682383288471538, 1.800000000000000266 ) ) ;
#2049 = CARTESIAN_POINT ( 'NONE',  ( -1.285447166564339883, -0.6974844531661972269, 1.399999999999999911 ) ) ;
#2050 = ORIENTED_EDGE ( 'NONE', *, *, #3413, .F. ) ;
#2051 = VERTEX_POINT ( 'NONE', #2532 ) ;
#2052 = FILL_AREA_STYLE_COLOUR ( '', #3184 ) ;
#2053 = CARTESIAN_POINT ( 'NONE',  ( -0.7182825874325383664, -7.703812483605563108E-17, 1.000000000000000000 ) ) ;
#2054 = CARTESIAN_POINT ( 'NONE',  ( -1.728786089951735994, 2.295341782195420954, 1.000000000000000000 ) ) ;
#2055 = DIRECTION ( 'NONE',  ( -0.000000000000000000, -0.000000000000000000, -1.000000000000000000 ) ) ;
#2056 = DIRECTION ( 'NONE',  ( 1.000000000000000000, 0.000000000000000000, 0.000000000000000000 ) ) ;
#2057 = DIRECTION ( 'NONE',  ( 1.445602896647339163E-16, -1.000000000000000000, 0.000000000000000000 ) ) ;
#2058 = ORIENTED_EDGE ( 'NONE', *, *, #4831, .T. ) ;
#2059 = EDGE_LOOP ( 'NONE', ( #3761, #4412, #3603, #1794 ) ) ;
#2060 = ORIENTED_EDGE ( 'NONE', *, *, #1126, .F. ) ;
#2061 = VERTEX_POINT ( 'NONE', #6446 ) ;
#2062 = EDGE_CURVE ( 'NONE', #1263, #2380, #1694, .T. ) ;
#2063 = DIRECTION ( 'NONE',  ( 0.000000000000000000, 1.000000000000000000, -0.000000000000000000 ) ) ;
#2064 = ORIENTED_EDGE ( 'NONE', *, *, #7213, .F. ) ;
#2065 = CARTESIAN_POINT ( 'NONE',  ( -1.950000000000002842, -1.999999999999997335, 1.000000000000000000 ) ) ;
#2066 = SURFACE_STYLE_USAGE ( .BOTH. , #2001 ) ;
#2067 =( NAMED_UNIT ( * ) PLANE_ANGLE_UNIT ( ) SI_UNIT ( $, .RADIAN. ) );
#2068 = SURFACE_STYLE_FILL_AREA ( #1290 ) ;
#2069 = CARTESIAN_POINT ( 'NONE',  ( -1.814552833435666201, -0.6974844531661972269, 1.500000000000000000 ) ) ;
#2070 = CARTESIAN_POINT ( 'NONE',  ( 0.7544731550261015718, 8.180014337612921424E-17, 1.000000000000000000 ) ) ;
#2071 = LINE ( 'NONE', #6642, #9555 ) ;
#2072 = PRESENTATION_LAYER_ASSIGNMENT (  '', '', ( #4991 ) ) ;
#2073 = ORIENTED_EDGE ( 'NONE', *, *, #4038, .F. ) ;
#2074 = ORIENTED_EDGE ( 'NONE', *, *, #1735, .F. ) ;
#2075 = UNCERTAINTY_MEASURE_WITH_UNIT (LENGTH_MEASURE( 1.000000000000000082E-05 ), #6108, 'distance_accuracy_value', 'NONE');
#2076 = CARTESIAN_POINT ( 'NONE',  ( -4.000000000000000000, -4.099999999999996980, 1.200000000000000178 ) ) ;
#2077 = CARTESIAN_POINT ( 'NONE',  ( 0.07999999999999890532, -7.994982302604838331, 0.000000000000000000 ) ) ;
#2078 = CIRCLE ( 'NONE', #10451, 0.1000000000000002554 ) ;
#2079 = DIRECTION ( 'NONE',  ( 0.000000000000000000, -0.000000000000000000, -1.000000000000000000 ) ) ;
#2080 = CARTESIAN_POINT ( 'NONE',  ( -2.097642652873966007, 8.469867354517257141, 1.100000000000000089 ) ) ;
#2081 = EDGE_CURVE ( 'NONE', #4800, #6224, #11799, .T. ) ;
#2082 = CARTESIAN_POINT ( 'NONE',  ( -0.5000000000000026645, -5.999999999999997335, 1.200000000000000178 ) ) ;
#2083 = SURFACE_STYLE_USAGE ( .BOTH. , #2203 ) ;
#2084 = LINE ( 'NONE', #11585, #4860 ) ;
#2085 = ADVANCED_FACE ( 'NONE', ( #7306 ), #11133, .T. ) ;
#2086 =( NAMED_UNIT ( * ) PLANE_ANGLE_UNIT ( ) SI_UNIT ( $, .RADIAN. ) );
#2087 = PRESENTATION_STYLE_ASSIGNMENT (( #10439 ) ) ;
#2088 = VECTOR ( 'NONE', #496, 1000.000000000000000 ) ;
#2089 = VERTEX_POINT ( 'NONE', #11008 ) ;
#2090 = VECTOR ( 'NONE', #1146, 1000.000000000000000 ) ;
#2091 = STYLED_ITEM ( 'NONE', ( #4230 ), #5040 ) ;
#2092 = ORIENTED_EDGE ( 'NONE', *, *, #1866, .T. ) ;
#2093 = VECTOR ( 'NONE', #5435, 1000.000000000000000 ) ;
#2094 = DIRECTION ( 'NONE',  ( 0.000000000000000000, -1.000000000000000000, 0.000000000000000000 ) ) ;
#2095 = CYLINDRICAL_SURFACE ( 'NONE', #8192, 0.1494257208329539954 ) ;
#2096 = CARTESIAN_POINT ( 'NONE',  ( -3.302035936607395250, 5.496005818493205908, 1.000000000000000000 ) ) ;
#2097 = ORIENTED_EDGE ( 'NONE', *, *, #9393, .F. ) ;
#2099 = STYLED_ITEM ( 'NONE', ( #9977 ), #5344 ) ;
#2098 = PLANE ( 'NONE',  #6218 ) ;
#2100 = LINE ( 'NONE', #236, #6056 ) ;
#2101 = DIRECTION ( 'NONE',  ( 0.000000000000000000, 0.000000000000000000, 1.000000000000000000 ) ) ;
#2102 = DIRECTION ( 'NONE',  ( 0.000000000000000000, 0.000000000000000000, 1.000000000000000000 ) ) ;
#2103 = VERTEX_POINT ( 'NONE', #6258 ) ;
#2104 = EDGE_CURVE ( 'NONE', #4265, #11102, #1635, .T. ) ;
#2105 = VECTOR ( 'NONE', #10422, 1000.000000000000000 ) ;
#2106 =( GEOMETRIC_REPRESENTATION_CONTEXT ( 3 ) GLOBAL_UNCERTAINTY_ASSIGNED_CONTEXT ( ( #6069 ) ) GLOBAL_UNIT_ASSIGNED_CONTEXT ( ( #6687, #6749, #7607 ) ) REPRESENTATION_CONTEXT ( 'NONE', 'WORKASPACE' ) );
#2107 = ADVANCED_FACE ( 'NONE', ( #11868 ), #1575, .T. ) ;
#2108 = DIRECTION ( 'NONE',  ( 0.000000000000000000, 1.000000000000000000, 0.000000000000000000 ) ) ;
#2109 = DIRECTION ( 'NONE',  ( 0.000000000000000000, 0.000000000000000000, -1.000000000000000000 ) ) ;
#2110 = EDGE_LOOP ( 'NONE', ( #10556, #4858, #5760, #4043 ) ) ;
#2111 = VECTOR ( 'NONE', #2885, 1000.000000000000000 ) ;
#2112 = ORIENTED_EDGE ( 'NONE', *, *, #9878, .T. ) ;
#2113 = CARTESIAN_POINT ( 'NONE',  ( -0.6900000000000005018, -7.994982302604838331, 1.100000000000000089 ) ) ;
#2114 = LINE ( 'NONE', #3030, #11413 ) ;
#2115 = DIRECTION ( 'NONE',  ( -0.000000000000000000, -0.000000000000000000, -1.000000000000000000 ) ) ;
#2116 = MECHANICAL_DESIGN_GEOMETRIC_PRESENTATION_REPRESENTATION (  '', ( #6761 ), #7750 ) ;
#2117 = CARTESIAN_POINT ( 'NONE',  ( -2.497642652873966362, 8.869867354517255720, 1.100000000000000089 ) ) ;
#2118 = FACE_OUTER_BOUND ( 'NONE', #7079, .T. ) ;
#2119 = CARTESIAN_POINT ( 'NONE',  ( -2.828786089951735416, 2.295341782195420954, -29.20000000000000284 ) ) ;
#2120 = ORIENTED_EDGE ( 'NONE', *, *, #3083, .F. ) ;
#2121 = EDGE_CURVE ( 'NONE', #9909, #11613, #2721, .T. ) ;
#2122 = VERTEX_POINT ( 'NONE', #4382 ) ;
#2123 = AXIS2_PLACEMENT_3D ( 'NONE', #7143, #806, #8118 ) ;
#2124 = EDGE_LOOP ( 'NONE', ( #5155, #11774, #5190, #641 ) ) ;
#2125 = EDGE_CURVE ( 'NONE', #6292, #3773, #10035, .T. ) ;
#2126 = VERTEX_POINT ( 'NONE', #4563 ) ;
#2127 = CARTESIAN_POINT ( 'NONE',  ( 2.245494030506276051, 2.856906106631964093, 1.100000000000000089 ) ) ;
#2128 = ORIENTED_EDGE ( 'NONE', *, *, #7354, .F. ) ;
#2129 = CARTESIAN_POINT ( 'NONE',  ( 5.020639630881219340, 2.295341782195420954, 0.000000000000000000 ) ) ;
#2130 = EDGE_CURVE ( 'NONE', #1269, #7996, #10102, .T. ) ;
#2131 = FACE_OUTER_BOUND ( 'NONE', #2642, .T. ) ;
#2132 = CARTESIAN_POINT ( 'NONE',  ( 5.781782254347279881, 8.469867354517257141, 1.100000000000000089 ) ) ;
#2133 =( NAMED_UNIT ( * ) PLANE_ANGLE_UNIT ( ) SI_UNIT ( $, .RADIAN. ) );
#2134 = MECHANICAL_DESIGN_GEOMETRIC_PRESENTATION_REPRESENTATION (  '', ( #6607 ), #7587 ) ;
#2135 =( NAMED_UNIT ( * ) SI_UNIT ( $, .STERADIAN. ) SOLID_ANGLE_UNIT ( ) );
#2136 = DIRECTION ( 'NONE',  ( 1.000000000000000000, 0.000000000000000000, 0.000000000000000000 ) ) ;
#2137 = CARTESIAN_POINT ( 'NONE',  ( 2.392975979834980560, 0.4572116619141102234, 1.399999999999999911 ) ) ;
#2138 = ORIENTED_EDGE ( 'NONE', *, *, #3881, .F. ) ;
#2139 = VERTEX_POINT ( 'NONE', #9190 ) ;
#2140 = EDGE_CURVE ( 'NONE', #10026, #10164, #11997, .T. ) ;
#2141 = DIRECTION ( 'NONE',  ( -0.000000000000000000, -0.000000000000000000, -1.000000000000000000 ) ) ;
#2142 = SURFACE_STYLE_FILL_AREA ( #5870 ) ;
#2143 = DIRECTION ( 'NONE',  ( -1.000000000000000000, 0.000000000000000000, 0.000000000000000000 ) ) ;
#2144 = CARTESIAN_POINT ( 'NONE',  ( -0.000000000000000000, 2.147362469743642865, 0.000000000000000000 ) ) ;
#2145 = CARTESIAN_POINT ( 'NONE',  ( 0.000000000000000000, 2.606906106631963649, 1.100000000000000089 ) ) ;
#2146 =( NAMED_UNIT ( * ) PLANE_ANGLE_UNIT ( ) SI_UNIT ( $, .RADIAN. ) );
#2147 = SURFACE_SIDE_STYLE ('',( #7878 ) ) ;
#2148 = VECTOR ( 'NONE', #9403, 1000.000000000000000 ) ;
#2149 = CARTESIAN_POINT ( 'NONE',  ( -1.297642652873966185, 0.000000000000000000, 1.100000000000000089 ) ) ;
#2150 = ORIENTED_EDGE ( 'NONE', *, *, #5879, .F. ) ;
#2151 = EDGE_CURVE ( 'NONE', #7579, #7614, #7605, .T. ) ;
#2152 = VECTOR ( 'NONE', #2413, 1000.000000000000000 ) ;
#2153 = ORIENTED_EDGE ( 'NONE', *, *, #1896, .F. ) ;
#2154 = CARTESIAN_POINT ( 'NONE',  ( 4.719581602308915436, 0.05721166191411014568, 1.399999999999999911 ) ) ;
#2155 = FACE_BOUND ( 'NONE', #7039, .T. ) ;
#2156 = DIRECTION ( 'NONE',  ( 0.000000000000000000, -0.000000000000000000, 1.000000000000000000 ) ) ;
#2157 = ORIENTED_EDGE ( 'NONE', *, *, #6266, .T. ) ;
#2158 = CARTESIAN_POINT ( 'NONE',  ( 3.620000000000000551, -7.994982302604838331, 1.100000000000000089 ) ) ;
#2159 = DIRECTION ( 'NONE',  ( -1.000000000000000000, 0.000000000000000000, 0.000000000000000000 ) ) ;
#2160 = DIRECTION ( 'NONE',  ( -1.000000000000000000, 0.000000000000000000, 0.000000000000000000 ) ) ;
#2161 = LINE ( 'NONE', #7722, #6857 ) ;
#2162 = AXIS2_PLACEMENT_3D ( 'NONE', #1321, #1137, #9652 ) ;
#2163 = VERTEX_POINT ( 'NONE', #4005 ) ;
#2164 = VECTOR ( 'NONE', #1991, 1000.000000000000000 ) ;
#2165 = ADVANCED_FACE ( 'NONE', ( #7480 ), #5715, .F. ) ;
#2166 = DIRECTION ( 'NONE',  ( -4.336808689942025625E-15, -1.000000000000000000, -0.000000000000000000 ) ) ;
#2167 = VECTOR ( 'NONE', #6443, 1000.000000000000000 ) ;
#2168 = CARTESIAN_POINT ( 'NONE',  ( -3.500000000000003109, -5.999999999999997335, 1.800000000000000044 ) ) ;
#2169 = EDGE_LOOP ( 'NONE', ( #5316, #9121, #2307, #11945 ) ) ;
#2170 = ORIENTED_EDGE ( 'NONE', *, *, #9731, .F. ) ;
#2171 = CARTESIAN_POINT ( 'NONE',  ( 4.800000000000000711, -5.168682383288471627, 1.700000000000000178 ) ) ;
#2172 = VECTOR ( 'NONE', #5300, 1000.000000000000000 ) ;
#2173 = DIRECTION ( 'NONE',  ( -1.000000000000000000, 0.000000000000000000, 0.000000000000000000 ) ) ;
#2174 = CARTESIAN_POINT ( 'NONE',  ( -1.050000000000002709, -5.999999999999997335, 1.200000000000000178 ) ) ;
#2175 = DIRECTION ( 'NONE',  ( 0.000000000000000000, 0.000000000000000000, 1.000000000000000000 ) ) ;
#2176 = LINE ( 'NONE', #6931, #11052 ) ;
#2177 = ORIENTED_EDGE ( 'NONE', *, *, #5507, .T. ) ;
#2178 = VECTOR ( 'NONE', #11070, 1000.000000000000000 ) ;
#2179 = EDGE_LOOP ( 'NONE', ( #9496, #128, #1806, #11717, #6614, #4008, #4604, #8996, #11439, #5427, #2170, #6440, #5144, #903, #418, #3088, #7907, #8225, #10884, #9198, #5287, #2120, #3539, #1718, #7261, #109, #24, #11258, #7391, #9166, #11616, #11835, #1196, #4599, #345, #5849, #769, #4952, #9377, #10453, #6304, #9317, #3007, #5589, #229, #10256, #2031, #10098, #4857, #6562, #2768, #1677, #9501, #10413, #10472, #5723, #4048, #6740, #4970, #1108, #2577, #4081, #5789, #2414, #6767, #4023, #7040, #5398, #528, #9784, #8099, #5197, #9730, #5908, #302, #4419, #565, #8013, #5084, #6170, #4205, #7868, #6996, #2406 ) ) ;
#2180 = ORIENTED_EDGE ( 'NONE', *, *, #4284, .F. ) ;
#2181 = EDGE_CURVE ( 'NONE', #2380, #2542, #3944, .T. ) ;
#2182 = ORIENTED_EDGE ( 'NONE', *, *, #5455, .F. ) ;
#2183 = LINE ( 'NONE', #4921, #3505 ) ;
#2184 = EDGE_CURVE ( 'NONE', #9879, #3015, #5660, .T. ) ;
#2185 = VERTEX_POINT ( 'NONE', #7735 ) ;
#2186 = CIRCLE ( 'NONE', #7045, 0.5000000000000004441 ) ;
#2187 = CARTESIAN_POINT ( 'NONE',  ( -2.700000000000003286, -1.999999999999997335, 1.200000000000000178 ) ) ;
#2188 = PLANE ( 'NONE',  #8908 ) ;
#2189 =( NAMED_UNIT ( * ) PLANE_ANGLE_UNIT ( ) SI_UNIT ( $, .RADIAN. ) );
#2190 = EDGE_CURVE ( 'NONE', #11893, #4756, #2743, .T. ) ;
#2191 = SURFACE_SIDE_STYLE ('',( #3906 ) ) ;
#2192 = DIRECTION ( 'NONE',  ( 1.000000000000000000, 0.000000000000000000, 0.000000000000000000 ) ) ;
#2193 = DIRECTION ( 'NONE',  ( 1.000000000000000000, 0.000000000000000000, 0.000000000000000000 ) ) ;
#2194 = VERTEX_POINT ( 'NONE', #10406 ) ;
#2195 = AXIS2_PLACEMENT_3D ( 'NONE', #9353, #2704, #11054 ) ;
#2196 = ORIENTED_EDGE ( 'NONE', *, *, #1061, .T. ) ;
#2197 = UNCERTAINTY_MEASURE_WITH_UNIT (LENGTH_MEASURE( 1.000000000000000082E-05 ), #1332, 'distance_accuracy_value', 'NONE');
#2198 = EDGE_CURVE ( 'NONE', #1492, #12015, #4504, .T. ) ;
#2199 = DIRECTION ( 'NONE',  ( -0.000000000000000000, -0.000000000000000000, -1.000000000000000000 ) ) ;
#2200 = LINE ( 'NONE', #4880, #3099 ) ;
#2201 = DIRECTION ( 'NONE',  ( 1.000000000000000000, 0.000000000000000000, 0.000000000000000000 ) ) ;
#2202 = LINE ( 'NONE', #9522, #4725 ) ;
#2203 = SURFACE_SIDE_STYLE ('',( #10436 ) ) ;
#2204 = CARTESIAN_POINT ( 'NONE',  ( 5.505872757806901774, 2.856906106631964093, 1.100000000000000089 ) ) ;
#2205 = PRESENTATION_LAYER_ASSIGNMENT (  '', '', ( #7061 ) ) ;
#2206 = DIRECTION ( 'NONE',  ( -1.000000000000000000, 0.000000000000000000, 0.000000000000000000 ) ) ;
#2207 = CARTESIAN_POINT ( 'NONE',  ( -3.499999999999995115, -2.799999999999997158, 1.200000000000000178 ) ) ;
#2208 = DIRECTION ( 'NONE',  ( 1.000000000000000000, 0.000000000000000000, -0.000000000000000000 ) ) ;
#2209 =( NAMED_UNIT ( * ) PLANE_ANGLE_UNIT ( ) SI_UNIT ( $, .RADIAN. ) );
#2210 = ORIENTED_EDGE ( 'NONE', *, *, #989, .T. ) ;
#2211 = AXIS2_PLACEMENT_3D ( 'NONE', #4456, #11950, #7497 ) ;
#2212 = ORIENTED_EDGE ( 'NONE', *, *, #3463, .F. ) ;
#2213 = VECTOR ( 'NONE', #10048, 1000.000000000000000 ) ;
#2214 = VECTOR ( 'NONE', #2930, 1000.000000000000000 ) ;
#2215 = SURFACE_STYLE_USAGE ( .BOTH. , #10558 ) ;
#2216 = VECTOR ( 'NONE', #11019, 1000.000000000000000 ) ;
#2217 = CARTESIAN_POINT ( 'NONE',  ( 3.119999999999999662, -7.994982302604838331, 1.100000000000000089 ) ) ;
#2218 = EDGE_LOOP ( 'NONE', ( #8583, #6032, #9634, #5775 ) ) ;
#2219 = CARTESIAN_POINT ( 'NONE',  ( -3.999999999999999112, -3.899999999999997247, 1.200000000000000178 ) ) ;
#2220 = AXIS2_PLACEMENT_3D ( 'NONE', #3826, #5656, #1015 ) ;
#2221 = PRESENTATION_LAYER_ASSIGNMENT (  '', '', ( #299 ) ) ;
#2222 = CARTESIAN_POINT ( 'NONE',  ( -1.459999999999999520, -7.994982302604838331, 0.000000000000000000 ) ) ;
#2223 = ORIENTED_EDGE ( 'NONE', *, *, #10742, .F. ) ;
#2224 =( GEOMETRIC_REPRESENTATION_CONTEXT ( 3 ) GLOBAL_UNCERTAINTY_ASSIGNED_CONTEXT ( ( #7529 ) ) GLOBAL_UNIT_ASSIGNED_CONTEXT ( ( #6216, #1596, #9027 ) ) REPRESENTATION_CONTEXT ( 'NONE', 'WORKASPACE' ) );
#2225 = PRESENTATION_STYLE_ASSIGNMENT (( #4968 ) ) ;
#2226 = EDGE_LOOP ( 'NONE', ( #6486, #9444, #11095, #7677 ) ) ;
#2227 = ORIENTED_EDGE ( 'NONE', *, *, #4776, .T. ) ;
#2228 =( NAMED_UNIT ( * ) PLANE_ANGLE_UNIT ( ) SI_UNIT ( $, .RADIAN. ) );
#2229 = CARTESIAN_POINT ( 'NONE',  ( -3.500000000000003109, -1.999999999999997335, 1.000000000000000000 ) ) ;
#2230 = ADVANCED_FACE ( 'NONE', ( #132 ), #250, .T. ) ;
#2232 = DIRECTION ( 'NONE',  ( -0.000000000000000000, 0.000000000000000000, -1.000000000000000000 ) ) ;
#2231 = AXIS2_PLACEMENT_3D ( 'NONE', #1578, #9009, #11685 ) ;
#2233 = LINE ( 'NONE', #9495, #6004 ) ;
#2234 = EDGE_CURVE ( 'NONE', #9530, #9685, #7669, .T. ) ;
#2235 = AXIS2_PLACEMENT_3D ( 'NONE', #10840, #5121, #7193 ) ;
#2236 = ORIENTED_EDGE ( 'NONE', *, *, #2826, .T. ) ;
#2237 = VERTEX_POINT ( 'NONE', #2117 ) ;
#2238 = VECTOR ( 'NONE', #6897, 1000.000000000000000 ) ;
#2239 = CARTESIAN_POINT ( 'NONE',  ( 4.719581602308915436, -0.8427883380858899320, 1.500000000000000000 ) ) ;
#2240 = AXIS2_PLACEMENT_3D ( 'NONE', #5284, #9006, #9853 ) ;
#2241 = SURFACE_STYLE_FILL_AREA ( #9735 ) ;
#2242 = ORIENTED_EDGE ( 'NONE', *, *, #4021, .T. ) ;
#2243 = FILL_AREA_STYLE ('',( #9737 ) ) ;
#2244 = ADVANCED_FACE ( 'NONE', ( #11374 ), #9312, .F. ) ;
#2245 = CYLINDRICAL_SURFACE ( 'NONE', #6352, 0.1000000000000000472 ) ;
#2246 = DIRECTION ( 'NONE',  ( -1.000000000000000000, 0.000000000000000000, 0.000000000000000000 ) ) ;
#2247 = PLANE ( 'NONE',  #10614 ) ;
#2248 = CARTESIAN_POINT ( 'NONE',  ( -3.779360369118781371, 2.295341782195420954, -29.20000000000000284 ) ) ;
#2249 = ORIENTED_EDGE ( 'NONE', *, *, #2130, .F. ) ;
#2250 = EDGE_CURVE ( 'NONE', #8962, #7661, #6747, .T. ) ;
#2251 = EDGE_CURVE ( 'NONE', #2011, #7284, #5845, .T. ) ;
#2252 = ORIENTED_EDGE ( 'NONE', *, *, #11461, .T. ) ;
#2253 = DIRECTION ( 'NONE',  ( 0.000000000000000000, -1.000000000000000000, 0.000000000000000000 ) ) ;
#2254 = CARTESIAN_POINT ( 'NONE',  ( 1.720639630881218185, 2.295341782195420954, 1.000000000000000000 ) ) ;
#2255 = DIRECTION ( 'NONE',  ( -0.000000000000000000, -0.000000000000000000, 1.000000000000000000 ) ) ;
#2256 = FACE_OUTER_BOUND ( 'NONE', #11018, .T. ) ;
#2257 = CARTESIAN_POINT ( 'NONE',  ( -2.700000000000003286, -1.499999999999997335, 1.200000000000000178 ) ) ;
#2258 = MECHANICAL_DESIGN_GEOMETRIC_PRESENTATION_REPRESENTATION (  '', ( #8098 ), #2407 ) ;
#2259 = MECHANICAL_DESIGN_GEOMETRIC_PRESENTATION_REPRESENTATION (  '', ( #7729 ), #8499 ) ;
#2260 = CARTESIAN_POINT ( 'NONE',  ( -0.5000000000000026645, -1.999999999999997335, 1.200000000000000178 ) ) ;
#2261 = FILL_AREA_STYLE_COLOUR ( '', #7491 ) ;
#2262 = SURFACE_STYLE_FILL_AREA ( #6782 ) ;
#2263 = ORIENTED_EDGE ( 'NONE', *, *, #2130, .T. ) ;
#2264 = VERTEX_POINT ( 'NONE', #6565 ) ;
#2265 = STYLED_ITEM ( 'NONE', ( #3324 ), #4767 ) ;
#2266 = DIRECTION ( 'NONE',  ( 0.000000000000000000, 0.000000000000000000, 1.000000000000000000 ) ) ;
#2267 =( NAMED_UNIT ( * ) PLANE_ANGLE_UNIT ( ) SI_UNIT ( $, .RADIAN. ) );
#2268 = CARTESIAN_POINT ( 'NONE',  ( 4.719581602308915436, -0.8427883380858899320, 1.399999999999999911 ) ) ;
#2269 = ORIENTED_EDGE ( 'NONE', *, *, #4050, .T. ) ;
#2270 = LINE ( 'NONE', #4101, #11876 ) ;
#2271 = CYLINDRICAL_SURFACE ( 'NONE', #5535, 0.6205955535903713294 ) ;
#2272 = DIRECTION ( 'NONE',  ( 0.000000000000000000, -0.000000000000000000, -1.000000000000000000 ) ) ;
#2273 = VECTOR ( 'NONE', #7091, 1000.000000000000000 ) ;
#2274 = ORIENTED_EDGE ( 'NONE', *, *, #10291, .F. ) ;
#2275 = AXIS2_PLACEMENT_3D ( 'NONE', #9943, #3611, #749 ) ;
#2276 = MECHANICAL_DESIGN_GEOMETRIC_PRESENTATION_REPRESENTATION (  '', ( #8126 ), #3672 ) ;
#2277 = COLOUR_RGB ( '',0.7960784313725489669, 0.8235294117647058432, 0.9372549019607843146 ) ;
#2278 = EDGE_CURVE ( 'NONE', #7284, #8031, #9370, .T. ) ;
#2279 = EDGE_CURVE ( 'NONE', #1149, #4067, #4912, .T. ) ;
#2280 = SURFACE_STYLE_USAGE ( .BOTH. , #11544 ) ;
#2281 = VERTEX_POINT ( 'NONE', #4735 ) ;
#2282 = ORIENTED_EDGE ( 'NONE', *, *, #4979, .T. ) ;
#2283 = CARTESIAN_POINT ( 'NONE',  ( -1.579360369118781637, 2.295341782195420954, 1.000000000000000000 ) ) ;
#2284 = DIRECTION ( 'NONE',  ( 0.000000000000000000, 1.000000000000000000, -0.000000000000000000 ) ) ;
#2285 =( NAMED_UNIT ( * ) SI_UNIT ( $, .STERADIAN. ) SOLID_ANGLE_UNIT ( ) );
#2286 = CARTESIAN_POINT ( 'NONE',  ( 1.720639630881218185, 2.295341782195420954, 0.000000000000000000 ) ) ;
#2287 = CIRCLE ( 'NONE', #8713, 0.09999999999999982514 ) ;
#2288 = DIRECTION ( 'NONE',  ( 1.000000000000000000, 0.000000000000000000, 0.000000000000000000 ) ) ;
#2289 = DIRECTION ( 'NONE',  ( -1.000000000000000000, 0.000000000000000000, -0.000000000000000000 ) ) ;
#2290 = UNCERTAINTY_MEASURE_WITH_UNIT (LENGTH_MEASURE( 1.000000000000000082E-05 ), #6596, 'distance_accuracy_value', 'NONE');
#2291 = VERTEX_POINT ( 'NONE', #8637 ) ;
#2292 = ORIENTED_EDGE ( 'NONE', *, *, #10742, .T. ) ;
#2293 = EDGE_CURVE ( 'NONE', #4431, #1495, #8461, .T. ) ;
#2294 = ORIENTED_EDGE ( 'NONE', *, *, #2331, .F. ) ;
#2295 = MECHANICAL_DESIGN_GEOMETRIC_PRESENTATION_REPRESENTATION (  '', ( #8920 ), #558 ) ;
#2296 = DIRECTION ( 'NONE',  ( -0.000000000000000000, -0.000000000000000000, -1.000000000000000000 ) ) ;
#2297 = COLOUR_RGB ( '',1.000000000000000000, 1.000000000000000000, 0.5019607843137254832 ) ;
#2298 = ORIENTED_EDGE ( 'NONE', *, *, #939, .T. ) ;
#2299 = LINE ( 'NONE', #8023, #1633 ) ;
#2300 = LINE ( 'NONE', #6023, #7801 ) ;
#2301 = DIRECTION ( 'NONE',  ( -0.000000000000000000, 0.000000000000000000, 1.000000000000000000 ) ) ;
#2302 = PLANE ( 'NONE',  #10475 ) ;
#2303 = CARTESIAN_POINT ( 'NONE',  ( -2.679360369118781726, 2.295341782195420954, 1.000000000000000000 ) ) ;
#2304 = CARTESIAN_POINT ( 'NONE',  ( 0.9999999999999933387, -3.899999999999997247, 1.200000000000000178 ) ) ;
#2305 = CARTESIAN_POINT ( 'NONE',  ( 5.020639630881219340, 2.295341782195420954, 0.000000000000000000 ) ) ;
#2306 = AXIS2_PLACEMENT_3D ( 'NONE', #11704, #4286, #4410 ) ;
#2307 = ORIENTED_EDGE ( 'NONE', *, *, #860, .T. ) ;
#2308 = VERTEX_POINT ( 'NONE', #11253 ) ;
#2309 = UNCERTAINTY_MEASURE_WITH_UNIT (LENGTH_MEASURE( 1.000000000000000082E-05 ), #1286, 'distance_accuracy_value', 'NONE');
#2310 = AXIS2_PLACEMENT_3D ( 'NONE', #8042, #10784, #2433 ) ;
#2311 = VECTOR ( 'NONE', #674, 1000.000000000000000 ) ;
#2312 = DIRECTION ( 'NONE',  ( 0.000000000000000000, 1.000000000000000000, -0.000000000000000000 ) ) ;
#2313 = DIRECTION ( 'NONE',  ( 0.000000000000000000, -0.000000000000000000, -1.000000000000000000 ) ) ;
#2314 = SURFACE_SIDE_STYLE ('',( #8663 ) ) ;
#2315 = CARTESIAN_POINT ( 'NONE',  ( -1.600000000000002975, -1.499999999999997335, 1.200000000000000178 ) ) ;
#2316 = FACE_OUTER_BOUND ( 'NONE', #4700, .T. ) ;
#2317 = LINE ( 'NONE', #7875, #11484 ) ;
#2318 = SURFACE_STYLE_USAGE ( .BOTH. , #450 ) ;
#2319 = PLANE ( 'NONE',  #6577 ) ;
#2320 = DIRECTION ( 'NONE',  ( -0.000000000000000000, -1.000000000000000000, -0.000000000000000000 ) ) ;
#2321 = SURFACE_STYLE_FILL_AREA ( #10675 ) ;
#2322 = EDGE_LOOP ( 'NONE', ( #908, #853, #5482, #529, #5052, #9765, #9670, #6563, #8336, #11140, #8753, #1581, #1516, #11740, #6219, #7657, #4978, #4936, #9442, #2212, #6792, #3236, #2150, #11429 ) ) ;
#2323 = VECTOR ( 'NONE', #4209, 1000.000000000000000 ) ;
#2324 = ORIENTED_EDGE ( 'NONE', *, *, #351, .F. ) ;
#2325 = LINE ( 'NONE', #4285, #881 ) ;
#2326 = DIRECTION ( 'NONE',  ( 1.000000000000000000, 0.000000000000000000, 0.000000000000000000 ) ) ;
#2327 = CARTESIAN_POINT ( 'NONE',  ( 0.000000000000000000, 1.450099785732223756, 1.399999999999999911 ) ) ;
#2328 =( LENGTH_UNIT ( ) NAMED_UNIT ( * ) SI_UNIT ( .MILLI., .METRE. ) );
#2329 = ORIENTED_EDGE ( 'NONE', *, *, #6280, .T. ) ;
#2330 = VECTOR ( 'NONE', #521, 1000.000000000000000 ) ;
#2331 = EDGE_CURVE ( 'NONE', #980, #11706, #8973, .T. ) ;
#2332 = CARTESIAN_POINT ( 'NONE',  ( -3.500000000000000888, -4.649999999999996803, 1.200000000000000178 ) ) ;
#2333 = CARTESIAN_POINT ( 'NONE',  ( 0.6206396308812188733, 2.295341782195420954, 0.000000000000000000 ) ) ;
#2334 = CARTESIAN_POINT ( 'NONE',  ( -1.579360369118781637, 2.295341782195420954, 0.000000000000000000 ) ) ;
#2335 = EDGE_CURVE ( 'NONE', #9647, #10283, #9493, .T. ) ;
#2336 = STYLED_ITEM ( 'NONE', ( #2 ), #1047 ) ;
#2337 = EDGE_LOOP ( 'NONE', ( #1282, #36, #10917, #924 ) ) ;
#2338 = VECTOR ( 'NONE', #11652, 1000.000000000000000 ) ;
#2339 = VECTOR ( 'NONE', #5800, 1000.000000000000000 ) ;
#2340 = PLANE ( 'NONE',  #729 ) ;
#2341 = STYLED_ITEM ( 'NONE', ( #3180 ), #1190 ) ;
#2342 = EDGE_LOOP ( 'NONE', ( #3098, #4056, #9598, #7741 ) ) ;
#2343 = ORIENTED_EDGE ( 'NONE', *, *, #1639, .F. ) ;
#2344 = CARTESIAN_POINT ( 'NONE',  ( 2.606402302093071111, 2.856906106631964093, 0.000000000000000000 ) ) ;
#2345 = DIRECTION ( 'NONE',  ( 0.000000000000000000, 0.000000000000000000, 1.000000000000000000 ) ) ;
#2346 = DIRECTION ( 'NONE',  ( 1.000000000000000000, 0.000000000000000000, -0.000000000000000000 ) ) ;
#2347 = CARTESIAN_POINT ( 'NONE',  ( 0.000000000000000000, 8.869867354517255720, 1.100000000000000089 ) ) ;
#2348 = FILL_AREA_STYLE ('',( #3207 ) ) ;
#2349 = EDGE_LOOP ( 'NONE', ( #7681, #11725, #6935, #5089 ) ) ;
#2350 = VECTOR ( 'NONE', #1018, 1000.000000000000000 ) ;
#2351 = EDGE_CURVE ( 'NONE', #10962, #2512, #3436, .T. ) ;
#2352 = EDGE_CURVE ( 'NONE', #7996, #697, #9724, .T. ) ;
#2353 = ORIENTED_EDGE ( 'NONE', *, *, #7802, .T. ) ;
#2354 =( GEOMETRIC_REPRESENTATION_CONTEXT ( 3 ) GLOBAL_UNCERTAINTY_ASSIGNED_CONTEXT ( ( #2650 ) ) GLOBAL_UNIT_ASSIGNED_CONTEXT ( ( #4428, #3562, #4721 ) ) REPRESENTATION_CONTEXT ( 'NONE', 'WORKASPACE' ) );
#2355 = ORIENTED_EDGE ( 'NONE', *, *, #11543, .F. ) ;
#2356 = AXIS2_PLACEMENT_3D ( 'NONE', #8494, #10139, #1786 ) ;
#2357 = ORIENTED_EDGE ( 'NONE', *, *, #2707, .T. ) ;
#2358 = DIRECTION ( 'NONE',  ( 0.000000000000000000, -1.000000000000000000, 0.000000000000000000 ) ) ;
#2359 = DIRECTION ( 'NONE',  ( -0.000000000000000000, -0.000000000000000000, 1.000000000000000000 ) ) ;
#2360 = DIRECTION ( 'NONE',  ( 1.000000000000000000, 0.000000000000000000, 0.000000000000000000 ) ) ;
#2361 = FILL_AREA_STYLE ('',( #10714 ) ) ;
#2362 = ADVANCED_FACE ( 'NONE', ( #2570 ), #9104, .F. ) ;
#2363 = CARTESIAN_POINT ( 'NONE',  ( 0.000000000000000000, 8.469867354517257141, 1.100000000000000089 ) ) ;
#2364 = VECTOR ( 'NONE', #6808, 1000.000000000000000 ) ;
#2365 = DIRECTION ( 'NONE',  ( 1.000000000000000000, 0.000000000000000000, 0.000000000000000000 ) ) ;
#2366 = SURFACE_STYLE_USAGE ( .BOTH. , #8888 ) ;
#2367 = ORIENTED_EDGE ( 'NONE', *, *, #6932, .T. ) ;
#2368 = VECTOR ( 'NONE', #3356, 1000.000000000000000 ) ;
#2369 = VERTEX_POINT ( 'NONE', #10639 ) ;
#2370 = CARTESIAN_POINT ( 'NONE',  ( -5.692492299719079440, -5.811223858797751163, 1.500000000000000000 ) ) ;
#2371 = DIRECTION ( 'NONE',  ( 1.000000000000000000, -0.000000000000000000, -0.000000000000000000 ) ) ;
#2372 = CARTESIAN_POINT ( 'NONE',  ( 5.999999999999997335, 9.000000000000001776, 1.000000000000000000 ) ) ;
#2373 = CYLINDRICAL_SURFACE ( 'NONE', #3171, 0.1494257208329542175 ) ;
#2374 = DIRECTION ( 'NONE',  ( 1.000000000000000000, 0.000000000000000000, 0.000000000000000000 ) ) ;
#2375 = DIRECTION ( 'NONE',  ( -0.000000000000000000, 0.000000000000000000, 1.000000000000000000 ) ) ;
#2376 = DIRECTION ( 'NONE',  ( -1.000000000000000000, 0.000000000000000000, 0.000000000000000000 ) ) ;
#2377 = EDGE_CURVE ( 'NONE', #8629, #11108, #5270, .T. ) ;
#2378 = DIRECTION ( 'NONE',  ( 0.000000000000000000, 1.000000000000000000, 0.000000000000000000 ) ) ;
#2379 = ADVANCED_FACE ( 'NONE', ( #9046 ), #4116, .T. ) ;
#2380 = VERTEX_POINT ( 'NONE', #11839 ) ;
#2381 = ORIENTED_EDGE ( 'NONE', *, *, #6932, .F. ) ;
#2382 = CARTESIAN_POINT ( 'NONE',  ( 0.9999999999999895639, -2.999999999999996891, 1.000000000000000000 ) ) ;
#2383 = STYLED_ITEM ( 'NONE', ( #3545 ), #9711 ) ;
#2384 = DIRECTION ( 'NONE',  ( 0.000000000000000000, 0.000000000000000000, 1.000000000000000000 ) ) ;
#2385 =( NAMED_UNIT ( * ) PLANE_ANGLE_UNIT ( ) SI_UNIT ( $, .RADIAN. ) );
#2386 = ORIENTED_EDGE ( 'NONE', *, *, #8314, .T. ) ;
#2387 = DIRECTION ( 'NONE',  ( -1.000000000000000000, 0.000000000000000000, -0.000000000000000000 ) ) ;
#2388 = PLANE ( 'NONE',  #108 ) ;
#2389 = FACE_OUTER_BOUND ( 'NONE', #9063, .T. ) ;
#2390 = EDGE_CURVE ( 'NONE', #1219, #471, #7152, .T. ) ;
#2391 = MECHANICAL_DESIGN_GEOMETRIC_PRESENTATION_REPRESENTATION (  '', ( #9785 ), #4145 ) ;
#2392 = ORIENTED_EDGE ( 'NONE', *, *, #9613, .F. ) ;
#2393 = CIRCLE ( 'NONE', #7464, 0.5000000000000008882 ) ;
#2394 = ORIENTED_EDGE ( 'NONE', *, *, #2722, .F. ) ;
#2395 = EDGE_CURVE ( 'NONE', #6398, #9909, #10525, .T. ) ;
#2396 = STYLED_ITEM ( 'NONE', ( #11862 ), #3797 ) ;
#2397 = ORIENTED_EDGE ( 'NONE', *, *, #6439, .T. ) ;
#2398 = ORIENTED_EDGE ( 'NONE', *, *, #7278, .F. ) ;
#2399 = PLANE ( 'NONE',  #9426 ) ;
#2400 = DIRECTION ( 'NONE',  ( 0.000000000000000000, 0.000000000000000000, 1.000000000000000000 ) ) ;
#2401 = SURFACE_STYLE_FILL_AREA ( #4304 ) ;
#2402 = EDGE_CURVE ( 'NONE', #3886, #4283, #1548, .T. ) ;
#2403 = CARTESIAN_POINT ( 'NONE',  ( 0.000000000000000000, 8.869867354517255720, 1.100000000000000089 ) ) ;
#2404 = MECHANICAL_DESIGN_GEOMETRIC_PRESENTATION_REPRESENTATION (  '', ( #478 ), #10580 ) ;
#2405 = UNCERTAINTY_MEASURE_WITH_UNIT (LENGTH_MEASURE( 1.000000000000000082E-05 ), #2710, 'distance_accuracy_value', 'NONE');
#2406 = ORIENTED_EDGE ( 'NONE', *, *, #11089, .F. ) ;
#2407 =( GEOMETRIC_REPRESENTATION_CONTEXT ( 3 ) GLOBAL_UNCERTAINTY_ASSIGNED_CONTEXT ( ( #9034 ) ) GLOBAL_UNIT_ASSIGNED_CONTEXT ( ( #7472, #300, #69 ) ) REPRESENTATION_CONTEXT ( 'NONE', 'WORKASPACE' ) );
#2408 = VECTOR ( 'NONE', #11974, 1000.000000000000000 ) ;
#2409 = EDGE_LOOP ( 'NONE', ( #10018, #10311, #6750, #1379 ) ) ;
#2410 = ORIENTED_EDGE ( 'NONE', *, *, #990, .T. ) ;
#2411 = SURFACE_STYLE_FILL_AREA ( #11614 ) ;
#2412 = PRESENTATION_LAYER_ASSIGNMENT (  '', '', ( #9243 ) ) ;
#2413 = DIRECTION ( 'NONE',  ( 1.000000000000000000, 1.084202172485504434E-16, 0.000000000000000000 ) ) ;
#2414 = ORIENTED_EDGE ( 'NONE', *, *, #9247, .F. ) ;
#2415 = DIRECTION ( 'NONE',  ( -0.000000000000000000, -0.000000000000000000, 1.000000000000000000 ) ) ;
#2416 = FACE_BOUND ( 'NONE', #10758, .T. ) ;
#2417 = STYLED_ITEM ( 'NONE', ( #6347 ), #11845 ) ;
#2418 = CIRCLE ( 'NONE', #1850, 0.5000000000000008882 ) ;
#2419 = CARTESIAN_POINT ( 'NONE',  ( -2.614552833435666468, 0.000000000000000000, 1.399999999999999911 ) ) ;
#2420 = FACE_OUTER_BOUND ( 'NONE', #11574, .T. ) ;
#2421 = DIRECTION ( 'NONE',  ( 1.000000000000000000, 0.000000000000000000, 0.000000000000000000 ) ) ;
#2422 =( NAMED_UNIT ( * ) PLANE_ANGLE_UNIT ( ) SI_UNIT ( $, .RADIAN. ) );
#2423 = VECTOR ( 'NONE', #10967, 1000.000000000000000 ) ;
#2424 = EDGE_LOOP ( 'NONE', ( #3701, #2153, #12003, #8249 ) ) ;
#2425 = ORIENTED_EDGE ( 'NONE', *, *, #8852, .T. ) ;
#2426 = UNCERTAINTY_MEASURE_WITH_UNIT (LENGTH_MEASURE( 1.000000000000000082E-05 ), #4061, 'distance_accuracy_value', 'NONE');
#2427 = DIRECTION ( 'NONE',  ( -1.000000000000000000, -0.000000000000000000, -0.000000000000000000 ) ) ;
#2428 = ADVANCED_FACE ( 'NONE', ( #5966 ), #11551, .F. ) ;
#2429 = FILL_AREA_STYLE_COLOUR ( '', #9233 ) ;
#2430 = DIRECTION ( 'NONE',  ( -0.000000000000000000, -0.000000000000000000, 1.000000000000000000 ) ) ;
#2431 = CARTESIAN_POINT ( 'NONE',  ( 0.4999999999999973910, -4.449999999999997513, 1.200000000000000178 ) ) ;
#2432 = SURFACE_STYLE_FILL_AREA ( #3354 ) ;
#2433 = DIRECTION ( 'NONE',  ( -1.000000000000000000, 0.000000000000000000, 0.000000000000000000 ) ) ;
#2434 =( NAMED_UNIT ( * ) PLANE_ANGLE_UNIT ( ) SI_UNIT ( $, .RADIAN. ) );
#2435 = SURFACE_STYLE_USAGE ( .BOTH. , #7990 ) ;
#2436 = CARTESIAN_POINT ( 'NONE',  ( -0.3000000000000025424, -5.999999999999997335, 1.200000000000000178 ) ) ;
#2437 = CARTESIAN_POINT ( 'NONE',  ( 0.000000000000000000, 2.147362469743642865, -29.20000000000000284 ) ) ;
#2438 = ORIENTED_EDGE ( 'NONE', *, *, #9576, .T. ) ;
#2439 = ORIENTED_EDGE ( 'NONE', *, *, #11892, .F. ) ;
#2440 = ADVANCED_FACE ( 'NONE', ( #6362 ), #6542, .F. ) ;
#2441 = FILL_AREA_STYLE ('',( #7263 ) ) ;
#2442 =( GEOMETRIC_REPRESENTATION_CONTEXT ( 3 ) GLOBAL_UNCERTAINTY_ASSIGNED_CONTEXT ( ( #6220 ) ) GLOBAL_UNIT_ASSIGNED_CONTEXT ( ( #11926, #4374, #4499 ) ) REPRESENTATION_CONTEXT ( 'NONE', 'WORKASPACE' ) );
#2444 = EDGE_CURVE ( 'NONE', #11533, #3345, #937, .T. ) ;
#2443 = DIRECTION ( 'NONE',  ( -1.000000000000000000, 0.000000000000000000, -0.000000000000000000 ) ) ;
#2445 = CARTESIAN_POINT ( 'NONE',  ( -0.3182825874325386217, -1.160385810094001064E-17, 1.100000000000000089 ) ) ;
#2446 = EDGE_LOOP ( 'NONE', ( #9064, #4122, #11501, #2583 ) ) ;
#2447 = CARTESIAN_POINT ( 'NONE',  ( -4.000000000000000888, -4.449999999999997513, 1.000000000000000000 ) ) ;
#2448 = PRESENTATION_STYLE_ASSIGNMENT (( #7150 ) ) ;
#2449 = DIRECTION ( 'NONE',  ( -0.000000000000000000, -0.000000000000000000, -1.000000000000000000 ) ) ;
#2450 = ORIENTED_EDGE ( 'NONE', *, *, #3046, .F. ) ;
#2451 = COLOUR_RGB ( '',0.9882352941176471006, 0.7372549019607843590, 0.5176470588235293491 ) ;
#2452 = ORIENTED_EDGE ( 'NONE', *, *, #58, .F. ) ;
#2453 = ADVANCED_FACE ( 'NONE', ( #10979 ), #7452, .T. ) ;
#2454 = LINE ( 'NONE', #5262, #10487 ) ;
#2455 = ORIENTED_EDGE ( 'NONE', *, *, #704, .T. ) ;
#2456 = AXIS2_PLACEMENT_3D ( 'NONE', #6375, #8139, #1741 ) ;
#2457 = ORIENTED_EDGE ( 'NONE', *, *, #3175, .T. ) ;
#2458 = CARTESIAN_POINT ( 'NONE',  ( -3.499999999999999112, -4.099999999999996980, 1.200000000000000178 ) ) ;
#2459 = FILL_AREA_STYLE_COLOUR ( '', #9570 ) ;
#2460 = DIRECTION ( 'NONE',  ( -0.000000000000000000, 0.000000000000000000, 1.000000000000000000 ) ) ;
#2461 = DIRECTION ( 'NONE',  ( 0.000000000000000000, -1.000000000000000000, 0.000000000000000000 ) ) ;
#2462 = EDGE_CURVE ( 'NONE', #2126, #638, #5692, .T. ) ;
#2463 =( NAMED_UNIT ( * ) PLANE_ANGLE_UNIT ( ) SI_UNIT ( $, .RADIAN. ) );
#2464 = VERTEX_POINT ( 'NONE', #4540 ) ;
#2465 = EDGE_CURVE ( 'NONE', #6480, #7344, #5480, .T. ) ;
#2466 = VECTOR ( 'NONE', #688, 1000.000000000000000 ) ;
#2467 = AXIS2_PLACEMENT_3D ( 'NONE', #8212, #9967, #1688 ) ;
#2468 = AXIS2_PLACEMENT_3D ( 'NONE', #11536, #3188, #10687 ) ;
#2469 = ORIENTED_EDGE ( 'NONE', *, *, #5415, .T. ) ;
#2470 = EDGE_LOOP ( 'NONE', ( #8405, #11929, #1951, #8229 ) ) ;
#2471 = DIRECTION ( 'NONE',  ( 0.000000000000000000, 0.000000000000000000, 1.000000000000000000 ) ) ;
#2472 = EDGE_LOOP ( 'NONE', ( #711, #9980, #2355, #3702 ) ) ;
#2473 = DIRECTION ( 'NONE',  ( -1.000000000000000000, 0.000000000000000000, 0.000000000000000000 ) ) ;
#2474 = DIRECTION ( 'NONE',  ( -0.000000000000000000, -1.000000000000000000, -0.000000000000000000 ) ) ;
#2475 = DIRECTION ( 'NONE',  ( 1.000000000000000000, -4.336808689942026413E-15, 0.000000000000000000 ) ) ;
#2476 = ADVANCED_FACE ( 'NONE', ( #4602, #399 ), #8725, .T. ) ;
#2477 = VECTOR ( 'NONE', #7483, 1000.000000000000000 ) ;
#2478 = LINE ( 'NONE', #5108, #2088 ) ;
#2479 = CARTESIAN_POINT ( 'NONE',  ( 5.000000000000000888, -5.068682383288471982, 1.800000000000000266 ) ) ;
#2480 = LINE ( 'NONE', #6084, #8067 ) ;
#2481 = ADVANCED_FACE ( 'NONE', ( #1247 ), #6845, .T. ) ;
#2482 = ORIENTED_EDGE ( 'NONE', *, *, #5911, .F. ) ;
#2483 = VERTEX_POINT ( 'NONE', #3064 ) ;
#2484 = AXIS2_PLACEMENT_3D ( 'NONE', #5034, #8749, #6068 ) ;
#2485 = EDGE_CURVE ( 'NONE', #8112, #7154, #5758, .T. ) ;
#2486 = ORIENTED_EDGE ( 'NONE', *, *, #3021, .T. ) ;
#2487 = PLANE ( 'NONE',  #4743 ) ;
#2488 =( LENGTH_UNIT ( ) NAMED_UNIT ( * ) SI_UNIT ( .MILLI., .METRE. ) );
#2489 = LINE ( 'NONE', #11583, #8443 ) ;
#2490 = DIRECTION ( 'NONE',  ( -0.000000000000000000, -0.000000000000000000, -1.000000000000000000 ) ) ;
#2491 = AXIS2_PLACEMENT_3D ( 'NONE', #2943, #10384, #2037 ) ;
#2492 = DIRECTION ( 'NONE',  ( -0.000000000000000000, -0.000000000000000000, -1.000000000000000000 ) ) ;
#2493 = CARTESIAN_POINT ( 'NONE',  ( 2.970065351714172408, 2.295341782195420954, 0.000000000000000000 ) ) ;
#2494 = LINE ( 'NONE', #4217, #6711 ) ;
#2495 = EDGE_LOOP ( 'NONE', ( #10123, #4353, #2780, #3210 ) ) ;
#2496 = ADVANCED_FACE ( 'NONE', ( #11525 ), #3173, .F. ) ;
#2497 = VERTEX_POINT ( 'NONE', #1122 ) ;
#2498 = CIRCLE ( 'NONE', #4664, 0.1000000000000000472 ) ;
#2499 =( NAMED_UNIT ( * ) PLANE_ANGLE_UNIT ( ) SI_UNIT ( $, .RADIAN. ) );
#2500 = LINE ( 'NONE', #6283, #10414 ) ;
#2501 = SURFACE_STYLE_USAGE ( .BOTH. , #3488 ) ;
#2502 = DIRECTION ( 'NONE',  ( -1.445602896647339410E-16, 1.000000000000000000, 0.000000000000000000 ) ) ;
#2503 = FACE_OUTER_BOUND ( 'NONE', #2337, .T. ) ;
#2504 = ORIENTED_EDGE ( 'NONE', *, *, #7596, .F. ) ;
#2505 = DIRECTION ( 'NONE',  ( -1.084202172485506406E-15, -1.000000000000000000, -0.000000000000000000 ) ) ;
#2506 = DIRECTION ( 'NONE',  ( 0.000000000000000000, 1.000000000000000000, 0.000000000000000000 ) ) ;
#2507 = COLOUR_RGB ( '',0.7960784313725489669, 0.8235294117647058432, 0.9372549019607843146 ) ;
#2508 = SURFACE_STYLE_FILL_AREA ( #8747 ) ;
#2509 = ADVANCED_FACE ( 'NONE', ( #6906 ), #10616, .F. ) ;
#2510 = EDGE_LOOP ( 'NONE', ( #3197, #570, #9951, #7060 ) ) ;
#2511 = EDGE_LOOP ( 'NONE', ( #5217, #1071 ) ) ;
#2512 = VERTEX_POINT ( 'NONE', #4032 ) ;
#2513 = CIRCLE ( 'NONE', #9343, 0.5000000000000008882 ) ;
#2514 = CARTESIAN_POINT ( 'NONE',  ( 1.850000000000000089, -7.994982302604838331, 0.000000000000000000 ) ) ;
#2515 = VERTEX_POINT ( 'NONE', #7771 ) ;
#2516 = ORIENTED_EDGE ( 'NONE', *, *, #1930, .F. ) ;
#2517 = LINE ( 'NONE', #9173, #6507 ) ;
#2518 = SURFACE_STYLE_USAGE ( .BOTH. , #9779 ) ;
#2519 = FACE_OUTER_BOUND ( 'NONE', #8496, .T. ) ;
#2520 = DIRECTION ( 'NONE',  ( -0.000000000000000000, 0.000000000000000000, 1.000000000000000000 ) ) ;
#2521 = PLANE ( 'NONE',  #7550 ) ;
#2522 = UNCERTAINTY_MEASURE_WITH_UNIT (LENGTH_MEASURE( 1.000000000000000082E-05 ), #9959, 'distance_accuracy_value', 'NONE');
#2523 = ORIENTED_EDGE ( 'NONE', *, *, #9918, .F. ) ;
#2524 = VECTOR ( 'NONE', #7086, 1000.000000000000000 ) ;
#2525 = ORIENTED_EDGE ( 'NONE', *, *, #8995, .F. ) ;
#2526 = AXIS2_PLACEMENT_3D ( 'NONE', #7680, #3040, #10418 ) ;
#2527 = PLANE ( 'NONE',  #3681 ) ;
#2528 = ORIENTED_EDGE ( 'NONE', *, *, #5717, .F. ) ;
#2529 = SURFACE_STYLE_FILL_AREA ( #6502 ) ;
#2530 = CARTESIAN_POINT ( 'NONE',  ( -5.192492299719079440, -5.711223858797751518, 1.500000000000000000 ) ) ;
#2531 = CARTESIAN_POINT ( 'NONE',  ( -3.779360369118781371, 2.295341782195420954, 0.000000000000000000 ) ) ;
#2532 = CARTESIAN_POINT ( 'NONE',  ( 0.4999999999999971689, -3.549999999999997602, 1.000000000000000000 ) ) ;
#2533 =( NAMED_UNIT ( * ) SI_UNIT ( $, .STERADIAN. ) SOLID_ANGLE_UNIT ( ) );
#2534 =( NAMED_UNIT ( * ) SI_UNIT ( $, .STERADIAN. ) SOLID_ANGLE_UNIT ( ) );
#2535 = CARTESIAN_POINT ( 'NONE',  ( 0.9999999999999895639, -2.999999999999996891, 1.000000000000000000 ) ) ;
#2536 = CIRCLE ( 'NONE', #2162, 0.6205955535903713294 ) ;
#2537 = ORIENTED_EDGE ( 'NONE', *, *, #1613, .T. ) ;
#2538 = CYLINDRICAL_SURFACE ( 'NONE', #6117, 0.5000000000000008882 ) ;
#2539 = ORIENTED_EDGE ( 'NONE', *, *, #10555, .T. ) ;
#2540 = ADVANCED_FACE ( 'NONE', ( #3120 ), #9993, .T. ) ;
#2541 =( LENGTH_UNIT ( ) NAMED_UNIT ( * ) SI_UNIT ( .MILLI., .METRE. ) );
#2542 = VERTEX_POINT ( 'NONE', #2436 ) ;
#2543 = DIRECTION ( 'NONE',  ( -0.000000000000000000, -0.000000000000000000, 1.000000000000000000 ) ) ;
#2544 = AXIS2_PLACEMENT_3D ( 'NONE', #1331, #7734, #1990 ) ;
#2545 = CARTESIAN_POINT ( 'NONE',  ( -0.000000000000000000, -1.197484453166197227, 1.000000000000000000 ) ) ;
#2546 = ADVANCED_FACE ( 'NONE', ( #8111 ), #9873, .F. ) ;
#2547 = LINE ( 'NONE', #11948, #935 ) ;
#2548 = FACE_OUTER_BOUND ( 'NONE', #5324, .T. ) ;
#2549 = CARTESIAN_POINT ( 'NONE',  ( -2.828786089951735416, 2.295341782195420954, 0.000000000000000000 ) ) ;
#2550 = DIRECTION ( 'NONE',  ( -0.000000000000000000, -0.000000000000000000, -1.000000000000000000 ) ) ;
#2551 = FACE_OUTER_BOUND ( 'NONE', #2349, .T. ) ;
#2552 = CARTESIAN_POINT ( 'NONE',  ( -4.016593218723101266, 0.5500997857322237339, 1.000000000000000000 ) ) ;
#2553 = MECHANICAL_DESIGN_GEOMETRIC_PRESENTATION_REPRESENTATION (  '', ( #8207 ), #4313 ) ;
#2554 = DIRECTION ( 'NONE',  ( -1.000000000000000000, 0.000000000000000000, 0.000000000000000000 ) ) ;
#2555 = CARTESIAN_POINT ( 'NONE',  ( -0.5000000000000026645, -1.999999999999997335, 1.000000000000000000 ) ) ;
#2556 = ORIENTED_EDGE ( 'NONE', *, *, #7752, .T. ) ;
#2557 = EDGE_CURVE ( 'NONE', #6030, #2764, #6275, .T. ) ;
#2558 = AXIS2_PLACEMENT_3D ( 'NONE', #6988, #8078, #6245 ) ;
#2559 = ORIENTED_EDGE ( 'NONE', *, *, #2774, .F. ) ;
#2560 = UNCERTAINTY_MEASURE_WITH_UNIT (LENGTH_MEASURE( 1.000000000000000082E-05 ), #6604, 'distance_accuracy_value', 'NONE');
#2561 = CARTESIAN_POINT ( 'NONE',  ( -4.016593218723101266, 0.000000000000000000, 1.000000000000000000 ) ) ;
#2562 = PLANE ( 'NONE',  #10983 ) ;
#2563 = PLANE ( 'NONE',  #1732 ) ;
#2564 = PLANE ( 'NONE',  #4625 ) ;
#2565 = EDGE_LOOP ( 'NONE', ( #1434, #8433, #1386, #5448 ) ) ;
#2566 = DIRECTION ( 'NONE',  ( 0.000000000000000000, -1.000000000000000000, 0.000000000000000000 ) ) ;
#2567 = PRESENTATION_LAYER_ASSIGNMENT (  '', '', ( #8615 ) ) ;
#2568 = DIRECTION ( 'NONE',  ( -0.000000000000000000, 0.000000000000000000, 1.000000000000000000 ) ) ;
#2569 = SURFACE_SIDE_STYLE ('',( #10068 ) ) ;
#2570 = FACE_OUTER_BOUND ( 'NONE', #11823, .T. ) ;
#2571 = ORIENTED_EDGE ( 'NONE', *, *, #8731, .F. ) ;
#2572 = ORIENTED_EDGE ( 'NONE', *, *, #3606, .F. ) ;
#2573 = EDGE_LOOP ( 'NONE', ( #9378, #3794, #4387, #10501 ) ) ;
#2574 = VECTOR ( 'NONE', #750, 1000.000000000000000 ) ;
#2575 = DIRECTION ( 'NONE',  ( -0.000000000000000000, -0.000000000000000000, -1.000000000000000000 ) ) ;
#2576 = ORIENTED_EDGE ( 'NONE', *, *, #2774, .T. ) ;
#2577 = ORIENTED_EDGE ( 'NONE', *, *, #2707, .F. ) ;
#2578 = FILL_AREA_STYLE ('',( #11057 ) ) ;
#2579 = PLANE ( 'NONE',  #5675 ) ;
#2580 = CARTESIAN_POINT ( 'NONE',  ( 3.620000000000000551, -7.994982302604838331, 0.000000000000000000 ) ) ;
#2581 = CIRCLE ( 'NONE', #8632, 0.1000000000000000472 ) ;
#2582 = DIRECTION ( 'NONE',  ( 0.000000000000000000, -1.000000000000000000, 0.000000000000000000 ) ) ;
#2583 = ORIENTED_EDGE ( 'NONE', *, *, #5774, .T. ) ;
#2584 = UNCERTAINTY_MEASURE_WITH_UNIT (LENGTH_MEASURE( 1.000000000000000082E-05 ), #10303, 'distance_accuracy_value', 'NONE');
#2585 = DIRECTION ( 'NONE',  ( -1.000000000000000000, -0.000000000000000000, 0.000000000000000000 ) ) ;
#2586 = VECTOR ( 'NONE', #6307, 1000.000000000000000 ) ;
#2587 = DIRECTION ( 'NONE',  ( 1.000000000000000000, 0.000000000000000000, 0.000000000000000000 ) ) ;
#2588 = AXIS2_PLACEMENT_3D ( 'NONE', #6337, #5292, #9136 ) ;
#2589 = ORIENTED_EDGE ( 'NONE', *, *, #2465, .T. ) ;
#2590 = CARTESIAN_POINT ( 'NONE',  ( 0.000000000000000000, 0.000000000000000000, 1.700000000000000178 ) ) ;
#2591 = DIRECTION ( 'NONE',  ( -0.000000000000000000, -0.000000000000000000, -1.000000000000000000 ) ) ;
#2592 = MECHANICAL_DESIGN_GEOMETRIC_PRESENTATION_REPRESENTATION (  '', ( #8446 ), #5725 ) ;
#2593 = EDGE_CURVE ( 'NONE', #5492, #5838, #8982, .T. ) ;
#2594 = FACE_OUTER_BOUND ( 'NONE', #8316, .T. ) ;
#2595 = DIRECTION ( 'NONE',  ( 0.000000000000000000, -0.000000000000000000, -1.000000000000000000 ) ) ;
#2596 = CARTESIAN_POINT ( 'NONE',  ( -1.050000000000002709, -6.499999999999997335, 1.200000000000000178 ) ) ;
#2598 = CARTESIAN_POINT ( 'NONE',  ( -4.000000000000000000, -7.994982302604838331, 1.100000000000000089 ) ) ;
#2597 = AXIS2_PLACEMENT_3D ( 'NONE', #10015, #7849, #1670 ) ;
#2599 = SURFACE_STYLE_USAGE ( .BOTH. , #11135 ) ;
#2600 = AXIS2_PLACEMENT_3D ( 'NONE', #398, #9405, #10613 ) ;
#2601 =( NAMED_UNIT ( * ) PLANE_ANGLE_UNIT ( ) SI_UNIT ( $, .RADIAN. ) );
#2602 = PRODUCT_CONTEXT ( 'NONE', #2763, 'mechanical' ) ;
#2603 = EDGE_LOOP ( 'NONE', ( #709, #5263, #9705, #2825 ) ) ;
#2604 = PLANE ( 'NONE',  #8045 ) ;
#2605 = STYLED_ITEM ( 'NONE', ( #8828 ), #2927 ) ;
#2606 = VERTEX_POINT ( 'NONE', #6154 ) ;
#2607 =( GEOMETRIC_REPRESENTATION_CONTEXT ( 3 ) GLOBAL_UNCERTAINTY_ASSIGNED_CONTEXT ( ( #8566 ) ) GLOBAL_UNIT_ASSIGNED_CONTEXT ( ( #245, #3139, #11547 ) ) REPRESENTATION_CONTEXT ( 'NONE', 'WORKASPACE' ) );
#2608 = AXIS2_PLACEMENT_3D ( 'NONE', #11699, #1414, #7993 ) ;
#2609 = EDGE_CURVE ( 'NONE', #2308, #9184, #1480, .T. ) ;
#2610 = VERTEX_POINT ( 'NONE', #11641 ) ;
#2611 = LINE ( 'NONE', #4637, #6495 ) ;
#2612 = CARTESIAN_POINT ( 'NONE',  ( 0.9999999999999950040, -4.449999999999997513, 1.200000000000000178 ) ) ;
#2613 = CARTESIAN_POINT ( 'NONE',  ( -2.679360369118781726, 2.295341782195420954, -29.20000000000000284 ) ) ;
#2614 = DIRECTION ( 'NONE',  ( 0.000000000000000000, 0.000000000000000000, -1.000000000000000000 ) ) ;
#2615 = LINE ( 'NONE', #8412, #8816 ) ;
#2616 = FACE_OUTER_BOUND ( 'NONE', #8129, .T. ) ;
#2617 = DIRECTION ( 'NONE',  ( -0.000000000000000000, -0.000000000000000000, -1.000000000000000000 ) ) ;
#2618 = MECHANICAL_DESIGN_GEOMETRIC_PRESENTATION_REPRESENTATION (  '', ( #6122 ), #10216 ) ;
#2619 = CARTESIAN_POINT ( 'NONE',  ( 0.7544731550261016828, -2.389077535132158481, 1.000000000000000000 ) ) ;
#2620 = EDGE_CURVE ( 'NONE', #9685, #9892, #8785, .T. ) ;
#2621 = LINE ( 'NONE', #3601, #7098 ) ;
#2622 = ORIENTED_EDGE ( 'NONE', *, *, #1023, .T. ) ;
#2623 = ADVANCED_FACE ( 'NONE', ( #9025 ), #11820, .F. ) ;
#2624 = ORIENTED_EDGE ( 'NONE', *, *, #2620, .T. ) ;
#2625 = SURFACE_STYLE_FILL_AREA ( #928 ) ;
#2626 = FILL_AREA_STYLE ('',( #10966 ) ) ;
#2627 = PRESENTATION_STYLE_ASSIGNMENT (( #4468 ) ) ;
#2628 = CARTESIAN_POINT ( 'NONE',  ( -1.429934648285827503, 2.295341782195420954, 0.000000000000000000 ) ) ;
#2629 = SURFACE_STYLE_USAGE ( .BOTH. , #7205 ) ;
#2630 = DIRECTION ( 'NONE',  ( 0.000000000000000000, 0.000000000000000000, 1.000000000000000000 ) ) ;
#2631 = EDGE_LOOP ( 'NONE', ( #5743, #5429, #3101, #3965 ) ) ;
#2632 = CARTESIAN_POINT ( 'NONE',  ( -1.600000000000002975, -5.999999999999997335, 1.200000000000000178 ) ) ;
#2633 = CARTESIAN_POINT ( 'NONE',  ( 5.905872757806901241, 2.856906106631964093, 1.100000000000000089 ) ) ;
#2634 = CARTESIAN_POINT ( 'NONE',  ( 3.292975979834980471, -0.6427883380858901985, 1.500000000000000000 ) ) ;
#2635 = ORIENTED_EDGE ( 'NONE', *, *, #11089, .T. ) ;
#2636 = EDGE_LOOP ( 'NONE', ( #1673, #2504 ) ) ;
#2637 = VERTEX_POINT ( 'NONE', #5241 ) ;
#2638 =( LENGTH_UNIT ( ) NAMED_UNIT ( * ) SI_UNIT ( .MILLI., .METRE. ) );
#2639 = DIRECTION ( 'NONE',  ( 0.000000000000000000, -1.000000000000000000, 0.000000000000000000 ) ) ;
#2640 = PRESENTATION_STYLE_ASSIGNMENT (( #10991 ) ) ;
#2641 = EDGE_LOOP ( 'NONE', ( #11048, #9214, #8165, #4480 ) ) ;
#2642 = EDGE_LOOP ( 'NONE', ( #10387, #603, #9843, #9539 ) ) ;
#2643 = CYLINDRICAL_SURFACE ( 'NONE', #3193, 0.5000000000000008882 ) ;
#2644 = LINE ( 'NONE', #5579, #602 ) ;
#2645 = LINE ( 'NONE', #4609, #9479 ) ;
#2646 =( NAMED_UNIT ( * ) SI_UNIT ( $, .STERADIAN. ) SOLID_ANGLE_UNIT ( ) );
#2647 = PRESENTATION_LAYER_ASSIGNMENT (  '', '', ( #10244 ) ) ;
#2648 = CIRCLE ( 'NONE', #10251, 0.5000000000000008882 ) ;
#2649 = LINE ( 'NONE', #3632, #4249 ) ;
#2650 = UNCERTAINTY_MEASURE_WITH_UNIT (LENGTH_MEASURE( 1.000000000000000082E-05 ), #4428, 'distance_accuracy_value', 'NONE');
#2651 = ORIENTED_EDGE ( 'NONE', *, *, #3097, .T. ) ;
#2652 = ADVANCED_FACE ( 'NONE', ( #6098 ), #7017, .F. ) ;
#2653 = EDGE_CURVE ( 'NONE', #5519, #9602, #7381, .T. ) ;
#2654 = LINE ( 'NONE', #6437, #7327 ) ;
#2655 = CIRCLE ( 'NONE', #10050, 0.6205955535903713294 ) ;
#2656 = DIRECTION ( 'NONE',  ( 1.000000000000000000, 0.000000000000000000, 0.000000000000000000 ) ) ;
#2657 = ORIENTED_EDGE ( 'NONE', *, *, #153, .F. ) ;
#2658 = ORIENTED_EDGE ( 'NONE', *, *, #10627, .T. ) ;
#2659 = SURFACE_SIDE_STYLE ('',( #9253 ) ) ;
#2660 =( NAMED_UNIT ( * ) SI_UNIT ( $, .STERADIAN. ) SOLID_ANGLE_UNIT ( ) );
#2661 = DIRECTION ( 'NONE',  ( 1.000000000000000000, 0.000000000000000000, 0.000000000000000000 ) ) ;
#2662 = VECTOR ( 'NONE', #1893, 1000.000000000000000 ) ;
#2663 = CARTESIAN_POINT ( 'NONE',  ( 3.300000000000000711, -2.568682383288471538, 1.800000000000000266 ) ) ;
#2664 =( NAMED_UNIT ( * ) PLANE_ANGLE_UNIT ( ) SI_UNIT ( $, .RADIAN. ) );
#2665 = EDGE_CURVE ( 'NONE', #11004, #9164, #3912, .T. ) ;
#2666 =( NAMED_UNIT ( * ) PLANE_ANGLE_UNIT ( ) SI_UNIT ( $, .RADIAN. ) );
#2667 = VERTEX_POINT ( 'NONE', #8360 ) ;
#2668 = ORIENTED_EDGE ( 'NONE', *, *, #7320, .T. ) ;
#2669 = PRESENTATION_LAYER_ASSIGNMENT (  '', '', ( #9291 ) ) ;
#2670 = STYLED_ITEM ( 'NONE', ( #11468 ), #5408 ) ;
#2671 = ORIENTED_EDGE ( 'NONE', *, *, #3757, .T. ) ;
#2672 = SURFACE_STYLE_FILL_AREA ( #1705 ) ;
#2673 = FACE_OUTER_BOUND ( 'NONE', #11545, .T. ) ;
#2674 = FACE_OUTER_BOUND ( 'NONE', #7662, .T. ) ;
#2675 = CARTESIAN_POINT ( 'NONE',  ( -6.000000000000002665, 9.000000000000001776, 1.000000000000000000 ) ) ;
#2676 = DIRECTION ( 'NONE',  ( -0.000000000000000000, -0.000000000000000000, -1.000000000000000000 ) ) ;
#2677 = CARTESIAN_POINT ( 'NONE',  ( -0.8500000000000026423, -1.999999999999997335, 1.200000000000000178 ) ) ;
#2678 = CARTESIAN_POINT ( 'NONE',  ( 5.781782254347279881, 8.869867354517255720, 1.100000000000000089 ) ) ;
#2679 = DIRECTION ( 'NONE',  ( 1.084202172485506603E-15, -1.000000000000000000, 0.000000000000000000 ) ) ;
#2680 = DIRECTION ( 'NONE',  ( 0.000000000000000000, 1.000000000000000000, 0.000000000000000000 ) ) ;
#2681 = STYLED_ITEM ( 'NONE', ( #204 ), #1667 ) ;
#2682 = VERTEX_POINT ( 'NONE', #861 ) ;
#2683 = MECHANICAL_DESIGN_GEOMETRIC_PRESENTATION_REPRESENTATION (  '', ( #6184 ), #2106 ) ;
#2684 = ADVANCED_FACE ( 'NONE', ( #1895 ), #12012, .F. ) ;
#2685 = EDGE_LOOP ( 'NONE', ( #8715, #2060, #715, #4451 ) ) ;
#2686 = FILL_AREA_STYLE ('',( #10127 ) ) ;
#2687 = AXIS2_PLACEMENT_3D ( 'NONE', #946, #7888, #10621 ) ;
#2688 = CARTESIAN_POINT ( 'NONE',  ( -5.692492299719079440, 0.000000000000000000, 1.000000000000000000 ) ) ;
#2689 = CARTESIAN_POINT ( 'NONE',  ( 2.820639630881218718, 2.295341782195420954, 1.000000000000000000 ) ) ;
#2690 = LINE ( 'NONE', #6416, #2699 ) ;
#2691 = DIRECTION ( 'NONE',  ( 0.000000000000000000, 0.000000000000000000, 1.000000000000000000 ) ) ;
#2692 = ORIENTED_EDGE ( 'NONE', *, *, #3977, .T. ) ;
#2694 = VECTOR ( 'NONE', #8998, 1000.000000000000000 ) ;
#2693 = LINE ( 'NONE', #6288, #7208 ) ;
#2695 = DIRECTION ( 'NONE',  ( -0.000000000000000000, -0.000000000000000000, 1.000000000000000000 ) ) ;
#2696 = SURFACE_STYLE_USAGE ( .BOTH. , #1730 ) ;
#2697 = DIRECTION ( 'NONE',  ( 0.000000000000000000, 0.000000000000000000, -1.000000000000000000 ) ) ;
#2698 = VERTEX_POINT ( 'NONE', #11888 ) ;
#2699 = VECTOR ( 'NONE', #5628, 1000.000000000000000 ) ;
#2700 = ORIENTED_EDGE ( 'NONE', *, *, #7885, .F. ) ;
#2701 = EDGE_CURVE ( 'NONE', #10630, #4237, #596, .T. ) ;
#2702 = DIRECTION ( 'NONE',  ( -1.000000000000000000, -0.000000000000000000, -0.000000000000000000 ) ) ;
#2703 = SURFACE_SIDE_STYLE ('',( #9293 ) ) ;
#2704 = DIRECTION ( 'NONE',  ( -0.000000000000000000, 0.000000000000000000, 1.000000000000000000 ) ) ;
#2705 = ORIENTED_EDGE ( 'NONE', *, *, #8611, .F. ) ;
#2706 = CIRCLE ( 'NONE', #1936, 0.6205955535903713294 ) ;
#2707 = EDGE_CURVE ( 'NONE', #471, #7565, #6346, .T. ) ;
#2708 = CARTESIAN_POINT ( 'NONE',  ( -2.700000000000003286, -5.999999999999997335, 1.000000000000000000 ) ) ;
#2709 = DIRECTION ( 'NONE',  ( 1.000000000000000000, 0.000000000000000000, 0.000000000000000000 ) ) ;
#2710 =( LENGTH_UNIT ( ) NAMED_UNIT ( * ) SI_UNIT ( .MILLI., .METRE. ) );
#2711 = EDGE_LOOP ( 'NONE', ( #10972, #2952, #5382, #1252 ) ) ;
#2712 = EDGE_CURVE ( 'NONE', #11108, #6602, #3537, .T. ) ;
#2713 = DIRECTION ( 'NONE',  ( -0.000000000000000000, -1.000000000000000000, -0.000000000000000000 ) ) ;
#2714 = DIRECTION ( 'NONE',  ( 0.000000000000000000, -0.000000000000000000, 1.000000000000000000 ) ) ;
#2715 = ORIENTED_EDGE ( 'NONE', *, *, #4982, .F. ) ;
#2716 = ORIENTED_EDGE ( 'NONE', *, *, #4911, .F. ) ;
#2717 = FILL_AREA_STYLE ('',( #5277 ) ) ;
#2718 = FACE_OUTER_BOUND ( 'NONE', #3484, .T. ) ;
#2719 = VECTOR ( 'NONE', #8914, 1000.000000000000000 ) ;
#2720 = CARTESIAN_POINT ( 'NONE',  ( 0.9999999999999935607, -4.099999999999996980, 1.200000000000000178 ) ) ;
#2721 = LINE ( 'NONE', #2596, #5680 ) ;
#2722 = EDGE_CURVE ( 'NONE', #8008, #933, #3724, .T. ) ;
#2723 =( NAMED_UNIT ( * ) SI_UNIT ( $, .STERADIAN. ) SOLID_ANGLE_UNIT ( ) );
#2724 = LINE ( 'NONE', #3768, #2477 ) ;
#2725 = CARTESIAN_POINT ( 'NONE',  ( 3.500000000000000888, -2.268682383288471271, 1.700000000000000178 ) ) ;
#2726 = EDGE_CURVE ( 'NONE', #7547, #11177, #7218, .T. ) ;
#2727 = ORIENTED_EDGE ( 'NONE', *, *, #619, .T. ) ;
#2728 = ORIENTED_EDGE ( 'NONE', *, *, #8215, .F. ) ;
#2729 = VECTOR ( 'NONE', #4078, 1000.000000000000000 ) ;
#2730 = FACE_OUTER_BOUND ( 'NONE', #7791, .T. ) ;
#2731 = ORIENTED_EDGE ( 'NONE', *, *, #1461, .F. ) ;
#2732 =( NAMED_UNIT ( * ) PLANE_ANGLE_UNIT ( ) SI_UNIT ( $, .RADIAN. ) );
#2733 = FACE_OUTER_BOUND ( 'NONE', #11381, .T. ) ;
#2734 = DIRECTION ( 'NONE',  ( 0.000000000000000000, 1.000000000000000000, 0.000000000000000000 ) ) ;
#2735 = SURFACE_STYLE_USAGE ( .BOTH. , #7190 ) ;
#2736 = CARTESIAN_POINT ( 'NONE',  ( 0.4999999999999931721, -3.899999999999997247, 1.200000000000000178 ) ) ;
#2737 = FACE_OUTER_BOUND ( 'NONE', #10872, .T. ) ;
#2738 = LINE ( 'NONE', #6463, #1887 ) ;
#2739 = CARTESIAN_POINT ( 'NONE',  ( -3.499999999999999112, -4.099999999999996980, 1.200000000000000178 ) ) ;
#2740 = DIRECTION ( 'NONE',  ( 1.000000000000000000, 0.000000000000000000, 0.000000000000000000 ) ) ;
#2741 = LINE ( 'NONE', #921, #10975 ) ;
#2742 = ORIENTED_EDGE ( 'NONE', *, *, #7167, .F. ) ;
#2743 = CIRCLE ( 'NONE', #6051, 0.6205955535903713294 ) ;
#2744 = EDGE_LOOP ( 'NONE', ( #3880, #4363, #3567, #11005 ) ) ;
#2745 =( GEOMETRIC_REPRESENTATION_CONTEXT ( 3 ) GLOBAL_UNCERTAINTY_ASSIGNED_CONTEXT ( ( #2522 ) ) GLOBAL_UNIT_ASSIGNED_CONTEXT ( ( #9959, #11782, #4488 ) ) REPRESENTATION_CONTEXT ( 'NONE', 'WORKASPACE' ) );
#2746 =( NAMED_UNIT ( * ) PLANE_ANGLE_UNIT ( ) SI_UNIT ( $, .RADIAN. ) );
#2747 = CARTESIAN_POINT ( 'NONE',  ( -1.185447166564339794, -1.197484453166197227, 1.500000000000000000 ) ) ;
#2748 = DIRECTION ( 'NONE',  ( -0.000000000000000000, -0.000000000000000000, 1.000000000000000000 ) ) ;
#2749 = CARTESIAN_POINT ( 'NONE',  ( -1.400000000000002798, -1.999999999999997335, 1.000000000000000000 ) ) ;
#2750 =( NAMED_UNIT ( * ) PLANE_ANGLE_UNIT ( ) SI_UNIT ( $, .RADIAN. ) );
#2751 = DIRECTION ( 'NONE',  ( -0.000000000000000000, -0.000000000000000000, -1.000000000000000000 ) ) ;
#2752 = ORIENTED_EDGE ( 'NONE', *, *, #1896, .T. ) ;
#2753 = AXIS2_PLACEMENT_3D ( 'NONE', #2026, #9526, #9467 ) ;
#2754 = FACE_OUTER_BOUND ( 'NONE', #7102, .T. ) ;
#2755 = EDGE_CURVE ( 'NONE', #6855, #6234, #2803, .T. ) ;
#2756 = PLANE ( 'NONE',  #8838 ) ;
#2757 = ADVANCED_FACE ( 'NONE', ( #10176 ), #6584, .F. ) ;
#2758 = SURFACE_STYLE_FILL_AREA ( #2819 ) ;
#2759 = CARTESIAN_POINT ( 'NONE',  ( -3.999999999999995559, -2.799999999999997158, 1.200000000000000178 ) ) ;
#2760 = CARTESIAN_POINT ( 'NONE',  ( -3.302035936607395694, 8.469867354517257141, 1.000000000000000000 ) ) ;
#2761 = VECTOR ( 'NONE', #3705, 1000.000000000000000 ) ;
#2762 = ORIENTED_EDGE ( 'NONE', *, *, #4646, .T. ) ;
#2763 = APPLICATION_CONTEXT ( 'automotive_design' ) ;
#2764 = VERTEX_POINT ( 'NONE', #2619 ) ;
#2765 = PLANE ( 'NONE',  #7368 ) ;
#2766 = PRESENTATION_STYLE_ASSIGNMENT (( #6133 ) ) ;
#2767 = EDGE_CURVE ( 'NONE', #7044, #322, #7319, .T. ) ;
#2768 = ORIENTED_EDGE ( 'NONE', *, *, #5302, .F. ) ;
#2769 = CARTESIAN_POINT ( 'NONE',  ( -0.2854471665643398826, -0.6974844531661972269, 1.399999999999999911 ) ) ;
#2770 = CARTESIAN_POINT ( 'NONE',  ( 0.6413801499862683553, 2.147362469743642865, 0.000000000000000000 ) ) ;
#2771 = CARTESIAN_POINT ( 'NONE',  ( 0.4999999999999929501, -4.099999999999996980, 1.200000000000000178 ) ) ;
#2772 = UNCERTAINTY_MEASURE_WITH_UNIT (LENGTH_MEASURE( 1.000000000000000082E-05 ), #2638, 'distance_accuracy_value', 'NONE');
#2773 = ORIENTED_EDGE ( 'NONE', *, *, #6336, .T. ) ;
#2774 = EDGE_CURVE ( 'NONE', #296, #2264, #387, .T. ) ;
#2775 = EDGE_CURVE ( 'NONE', #11344, #4256, #11680, .T. ) ;
#2776 = AXIS2_PLACEMENT_3D ( 'NONE', #6428, #6485, #6548 ) ;
#2777 = CYLINDRICAL_SURFACE ( 'NONE', #9895, 0.1494257208329539954 ) ;
#2778 = ORIENTED_EDGE ( 'NONE', *, *, #8549, .T. ) ;
#2779 = EDGE_CURVE ( 'NONE', #1499, #4980, #4872, .T. ) ;
#2780 = ORIENTED_EDGE ( 'NONE', *, *, #754, .T. ) ;
#2781 = DIRECTION ( 'NONE',  ( 1.000000000000000000, 0.000000000000000000, 0.000000000000000000 ) ) ;
#2782 = COLOUR_RGB ( '',0.7960784313725489669, 0.8235294117647058432, 0.9372549019607843146 ) ;
#2783 = PLANE ( 'NONE',  #6554 ) ;
#2784 = FILL_AREA_STYLE ('',( #7423 ) ) ;
#2785 =( NAMED_UNIT ( * ) SI_UNIT ( $, .STERADIAN. ) SOLID_ANGLE_UNIT ( ) );
#2786 = CARTESIAN_POINT ( 'NONE',  ( 0.000000000000000000, -4.811223858797751163, 1.500000000000000000 ) ) ;
#2787 = DIRECTION ( 'NONE',  ( 0.000000000000000000, 1.000000000000000000, 0.000000000000000000 ) ) ;
#2788 = ORIENTED_EDGE ( 'NONE', *, *, #7608, .F. ) ;
#2789 = FILL_AREA_STYLE_COLOUR ( '', #5141 ) ;
#2790 = STYLED_ITEM ( 'NONE', ( #8780 ), #9857 ) ;
#2791 = EDGE_LOOP ( 'NONE', ( #411, #3110, #4035, #11273 ) ) ;
#2792 = VECTOR ( 'NONE', #11262, 1000.000000000000000 ) ;
#2793 = CARTESIAN_POINT ( 'NONE',  ( -0.5000000000000026645, -1.499999999999997335, 1.000000000000000000 ) ) ;
#2794 = ORIENTED_EDGE ( 'NONE', *, *, #8302, .T. ) ;
#2795 = CARTESIAN_POINT ( 'NONE',  ( 3.500000000000001332, -5.268682383288471271, 1.700000000000000178 ) ) ;
#2796 = STYLED_ITEM ( 'NONE', ( #838 ), #3816 ) ;
#2797 = CIRCLE ( 'NONE', #1838, 0.1494257208329542175 ) ;
#2798 = LINE ( 'NONE', #10238, #3082 ) ;
#2799 = SURFACE_SIDE_STYLE ('',( #3718 ) ) ;
#2800 = DIRECTION ( 'NONE',  ( 1.000000000000000000, 0.000000000000000000, 0.000000000000000000 ) ) ;
#2801 = DIRECTION ( 'NONE',  ( -0.000000000000000000, -0.000000000000000000, -1.000000000000000000 ) ) ;
#2802 = CARTESIAN_POINT ( 'NONE',  ( -5.302035936607395250, -8.495872950595002875E-16, 1.100000000000000089 ) ) ;
#2803 = LINE ( 'NONE', #979, #10138 ) ;
#2804 = LINE ( 'NONE', #9329, #669 ) ;
#2805 = CIRCLE ( 'NONE', #9619, 0.1000000000000000472 ) ;
#2806 = EDGE_LOOP ( 'NONE', ( #10877, #5804, #2778, #5694 ) ) ;
#2807 = VECTOR ( 'NONE', #4883, 1000.000000000000000 ) ;
#2808 = MECHANICAL_DESIGN_GEOMETRIC_PRESENTATION_REPRESENTATION (  '', ( #4755 ), #7881 ) ;
#2809 = ORIENTED_EDGE ( 'NONE', *, *, #9529, .T. ) ;
#2810 = EDGE_CURVE ( 'NONE', #6234, #6545, #10337, .T. ) ;
#2811 =( LENGTH_UNIT ( ) NAMED_UNIT ( * ) SI_UNIT ( .MILLI., .METRE. ) );
#2812 = CARTESIAN_POINT ( 'NONE',  ( -1.400000000000003242, -1.999999999999997335, 1.000000000000000000 ) ) ;
#2813 = CARTESIAN_POINT ( 'NONE',  ( -5.313812213263914508, 0.000000000000000000, 1.000000000000000000 ) ) ;
#2814 = CIRCLE ( 'NONE', #11180, 0.09999999999999982514 ) ;
#2815 = LINE ( 'NONE', #9338, #2574 ) ;
#2816 = ORIENTED_EDGE ( 'NONE', *, *, #9760, .T. ) ;
#2817 = CARTESIAN_POINT ( 'NONE',  ( -5.192492299719079440, 0.000000000000000000, 1.000000000000000000 ) ) ;
#2818 = STYLED_ITEM ( 'NONE', ( #8029 ), #12013 ) ;
#2819 = FILL_AREA_STYLE ('',( #6725 ) ) ;
#2820 = CARTESIAN_POINT ( 'NONE',  ( 3.100000000000000533, 4.481368979606752318E-16, 1.600000000000000089 ) ) ;
#2821 = DIRECTION ( 'NONE',  ( -1.626303258728256651E-16, 1.000000000000000000, -0.000000000000000000 ) ) ;
#2822 = ORIENTED_EDGE ( 'NONE', *, *, #319, .T. ) ;
#2823 = EDGE_CURVE ( 'NONE', #6545, #11291, #5862, .T. ) ;
#2824 = MECHANICAL_DESIGN_GEOMETRIC_PRESENTATION_REPRESENTATION (  '', ( #9058 ), #685 ) ;
#2825 = ORIENTED_EDGE ( 'NONE', *, *, #11410, .T. ) ;
#2826 = EDGE_CURVE ( 'NONE', #2264, #4875, #1038, .T. ) ;
#2827 =( GEOMETRIC_REPRESENTATION_CONTEXT ( 3 ) GLOBAL_UNCERTAINTY_ASSIGNED_CONTEXT ( ( #1202 ) ) GLOBAL_UNIT_ASSIGNED_CONTEXT ( ( #11683, #4320, #6027 ) ) REPRESENTATION_CONTEXT ( 'NONE', 'WORKASPACE' ) );
#2828 = FACE_BOUND ( 'NONE', #2179, .T. ) ;
#2829 = VERTEX_POINT ( 'NONE', #5922 ) ;
#2830 = DIRECTION ( 'NONE',  ( 0.000000000000000000, -1.000000000000000000, 0.000000000000000000 ) ) ;
#2831 = PRESENTATION_STYLE_ASSIGNMENT (( #1977 ) ) ;
#2832 = CARTESIAN_POINT ( 'NONE',  ( -4.516593218723101266, 0.5500997857322237339, 1.500000000000000000 ) ) ;
#2833 = CARTESIAN_POINT ( 'NONE',  ( 1.349999999999999201, -7.994982302604838331, 0.000000000000000000 ) ) ;
#2834 = ORIENTED_EDGE ( 'NONE', *, *, #7450, .T. ) ;
#2835 = EDGE_CURVE ( 'NONE', #2061, #1660, #3160, .T. ) ;
#2836 = DIRECTION ( 'NONE',  ( -0.000000000000000000, 1.000000000000000000, -0.000000000000000000 ) ) ;
#2837 = EDGE_LOOP ( 'NONE', ( #1928, #4657, #4198, #1980, #7519, #10145 ) ) ;
#2838 = VECTOR ( 'NONE', #10928, 1000.000000000000000 ) ;
#2839 = ORIENTED_EDGE ( 'NONE', *, *, #6280, .F. ) ;
#2840 = DIRECTION ( 'NONE',  ( -0.000000000000000000, 0.000000000000000000, -1.000000000000000000 ) ) ;
#2841 = DIRECTION ( 'NONE',  ( 0.000000000000000000, 0.000000000000000000, 1.000000000000000000 ) ) ;
#2842 =( LENGTH_UNIT ( ) NAMED_UNIT ( * ) SI_UNIT ( .MILLI., .METRE. ) );
#2843 = EDGE_CURVE ( 'NONE', #2194, #7165, #10540, .T. ) ;
#2844 = DIRECTION ( 'NONE',  ( 1.000000000000000000, 0.000000000000000000, 0.000000000000000000 ) ) ;
#2845 = LINE ( 'NONE', #1157, #10222 ) ;
#2846 = FACE_OUTER_BOUND ( 'NONE', #2744, .T. ) ;
#2847 = ORIENTED_EDGE ( 'NONE', *, *, #2125, .T. ) ;
#2848 = ORIENTED_EDGE ( 'NONE', *, *, #481, .T. ) ;
#2849 = ORIENTED_EDGE ( 'NONE', *, *, #6709, .F. ) ;
#2850 =( NAMED_UNIT ( * ) PLANE_ANGLE_UNIT ( ) SI_UNIT ( $, .RADIAN. ) );
#2851 = ADVANCED_FACE ( 'NONE', ( #8595 ), #9629, .F. ) ;
#2852 = ORIENTED_EDGE ( 'NONE', *, *, #2620, .F. ) ;
#2853 = CIRCLE ( 'NONE', #719, 0.6205955535903713294 ) ;
#2854 = CARTESIAN_POINT ( 'NONE',  ( 0.9999999999999913403, -3.349999999999997424, 1.000000000000000000 ) ) ;
#2855 = CARTESIAN_POINT ( 'NONE',  ( 2.350000000000000977, -7.994982302604838331, 1.100000000000000089 ) ) ;
#2856 =( NAMED_UNIT ( * ) PLANE_ANGLE_UNIT ( ) SI_UNIT ( $, .RADIAN. ) );
#2857 = COLOUR_RGB ( '',1.000000000000000000, 1.000000000000000000, 0.5019607843137254832 ) ;
#2858 = SURFACE_STYLE_USAGE ( .BOTH. , #3787 ) ;
#2859 = EDGE_CURVE ( 'NONE', #4494, #7612, #2071, .T. ) ;
#2860 = CARTESIAN_POINT ( 'NONE',  ( 1.870065351714172541, 2.295341782195420954, -29.20000000000000284 ) ) ;
#2861 = LINE ( 'NONE', #6530, #1264 ) ;
#2862 = VERTEX_POINT ( 'NONE', #1105 ) ;
#2863 = EDGE_CURVE ( 'NONE', #2764, #9602, #211, .T. ) ;
#2864 = ORIENTED_EDGE ( 'NONE', *, *, #1299, .F. ) ;
#2865 = PRESENTATION_LAYER_ASSIGNMENT (  '', '', ( #5009 ) ) ;
#2866 = STYLED_ITEM ( 'NONE', ( #1608 ), #5184 ) ;
#2867 = DIRECTION ( 'NONE',  ( 0.000000000000000000, 0.000000000000000000, 1.000000000000000000 ) ) ;
#2868 = FILL_AREA_STYLE_COLOUR ( '', #316 ) ;
#2869 = FILL_AREA_STYLE ('',( #3801 ) ) ;
#2870 = CARTESIAN_POINT ( 'NONE',  ( 3.200000000000001510, -4.968682383288471449, 1.700000000000000178 ) ) ;
#2871 = CARTESIAN_POINT ( 'NONE',  ( 5.200000000000001066, 0.000000000000000000, 1.600000000000000089 ) ) ;
#2872 = FACE_OUTER_BOUND ( 'NONE', #6936, .T. ) ;
#2873 = PRESENTATION_LAYER_ASSIGNMENT (  '', '', ( #11241 ) ) ;
#2874 = DIRECTION ( 'NONE',  ( 0.000000000000000000, 1.000000000000000000, -0.000000000000000000 ) ) ;
#2875 = MECHANICAL_DESIGN_GEOMETRIC_PRESENTATION_REPRESENTATION (  '', ( #2681 ), #4439 ) ;
#2876 = SURFACE_STYLE_USAGE ( .BOTH. , #1851 ) ;
#2877 = EDGE_CURVE ( 'NONE', #80, #1189, #4930, .T. ) ;
#2878 = VECTOR ( 'NONE', #6905, 1000.000000000000000 ) ;
#2879 = PRESENTATION_STYLE_ASSIGNMENT (( #3867 ) ) ;
#2880 = EDGE_CURVE ( 'NONE', #9056, #3620, #1173, .T. ) ;
#2881 = ORIENTED_EDGE ( 'NONE', *, *, #5336, .T. ) ;
#2882 = EDGE_CURVE ( 'NONE', #6713, #11844, #8710, .T. ) ;
#2883 = EDGE_LOOP ( 'NONE', ( #11041, #11977, #7842, #9498 ) ) ;
#2884 = STYLED_ITEM ( 'NONE', ( #5460 ), #5836 ) ;
#2885 = DIRECTION ( 'NONE',  ( -0.000000000000000000, -0.000000000000000000, -1.000000000000000000 ) ) ;
#2886 = PRESENTATION_STYLE_ASSIGNMENT (( #8437 ) ) ;
#2887 = FILL_AREA_STYLE ('',( #9112 ) ) ;
#2888 = EDGE_LOOP ( 'NONE', ( #7158, #6948, #2457, #6912 ) ) ;
#2889 = ADVANCED_FACE ( 'NONE', ( #7863, #7979, #1577, #6083, #4135, #8886, #7002, #7121, #11684, #10598, #4321, #5168, #600, #439, #7921, #11572, #9008, #5050, #661, #9745, #9854 ), #8768, .F. ) ;
#2890 = DIRECTION ( 'NONE',  ( 0.000000000000000000, 0.000000000000000000, -1.000000000000000000 ) ) ;
#2891 = DIRECTION ( 'NONE',  ( 0.000000000000000000, -1.000000000000000000, 0.000000000000000000 ) ) ;
#2892 = FACE_BOUND ( 'NONE', #1661, .T. ) ;
#2893 = VECTOR ( 'NONE', #169, 1000.000000000000000 ) ;
#2894 = CARTESIAN_POINT ( 'NONE',  ( -3.500000000000003109, -5.999999999999997335, 1.000000000000000000 ) ) ;
#2895 = UNCERTAINTY_MEASURE_WITH_UNIT (LENGTH_MEASURE( 1.000000000000000082E-05 ), #10829, 'distance_accuracy_value', 'NONE');
#2896 = ORIENTED_EDGE ( 'NONE', *, *, #5131, .T. ) ;
#2897 = DIRECTION ( 'NONE',  ( -1.000000000000000000, 0.000000000000000000, 0.000000000000000000 ) ) ;
#2898 = AXIS2_PLACEMENT_3D ( 'NONE', #9037, #7999, #6106 ) ;
#2899 = EDGE_CURVE ( 'NONE', #7493, #3625, #6832, .T. ) ;
#2900 = DIRECTION ( 'NONE',  ( -0.000000000000000000, 0.000000000000000000, 1.000000000000000000 ) ) ;
#2901 = ORIENTED_EDGE ( 'NONE', *, *, #10809, .F. ) ;
#2902 = ORIENTED_EDGE ( 'NONE', *, *, #3368, .F. ) ;
#2903 = CARTESIAN_POINT ( 'NONE',  ( -1.285447166564339883, -1.197484453166197227, 1.399999999999999911 ) ) ;
#2904 = VECTOR ( 'NONE', #2443, 1000.000000000000000 ) ;
#2905 = CARTESIAN_POINT ( 'NONE',  ( -5.702035936607396494, 0.000000000000000000, 1.100000000000000089 ) ) ;
#2906 = DIRECTION ( 'NONE',  ( 0.000000000000000000, 0.000000000000000000, 1.000000000000000000 ) ) ;
#2907 = ADVANCED_FACE ( 'NONE', ( #9917 ), #4204, .F. ) ;
#2908 = CARTESIAN_POINT ( 'NONE',  ( -4.879360369118781904, 2.295341782195420954, 1.000000000000000000 ) ) ;
#2909 = FACE_OUTER_BOUND ( 'NONE', #5126, .T. ) ;
#2910 = FACE_OUTER_BOUND ( 'NONE', #2711, .T. ) ;
#2911 = EDGE_CURVE ( 'NONE', #7445, #11152, #5224, .T. ) ;
#2912 = VECTOR ( 'NONE', #8038, 1000.000000000000000 ) ;
#2913 = ORIENTED_EDGE ( 'NONE', *, *, #595, .T. ) ;
#2914 = ORIENTED_EDGE ( 'NONE', *, *, #5150, .T. ) ;
#2915 = ORIENTED_EDGE ( 'NONE', *, *, #4665, .T. ) ;
#2916 = CIRCLE ( 'NONE', #7594, 0.09999999999999982514 ) ;
#2917 = FILL_AREA_STYLE ('',( #4634 ) ) ;
#2918 = ORIENTED_EDGE ( 'NONE', *, *, #8835, .F. ) ;
#2919 =( NAMED_UNIT ( * ) PLANE_ANGLE_UNIT ( ) SI_UNIT ( $, .RADIAN. ) );
#2920 = CARTESIAN_POINT ( 'NONE',  ( -5.192492299719079440, -5.811223858797751163, 1.399999999999999911 ) ) ;
#2921 = FILL_AREA_STYLE ('',( #6824 ) ) ;
#2922 = DIRECTION ( 'NONE',  ( 1.000000000000000000, 0.000000000000000000, 0.000000000000000000 ) ) ;
#2923 = CARTESIAN_POINT ( 'NONE',  ( 5.041380149986268933, 2.147362469743642865, 1.000000000000000888 ) ) ;
#2924 = AXIS2_PLACEMENT_3D ( 'NONE', #11386, #6820, #6021 ) ;
#2925 = CARTESIAN_POINT ( 'NONE',  ( 1.254473155026101017, 5.440410080016174972E-16, 1.500000000000000000 ) ) ;
#2926 = ORIENTED_EDGE ( 'NONE', *, *, #11076, .T. ) ;
#2927 = ADVANCED_FACE ( 'NONE', ( #6140 ), #11802, .F. ) ;
#2928 = EDGE_LOOP ( 'NONE', ( #1216, #3028 ) ) ;
#2929 = VECTOR ( 'NONE', #11327, 1000.000000000000000 ) ;
#2930 = DIRECTION ( 'NONE',  ( -0.000000000000000000, -0.000000000000000000, 1.000000000000000000 ) ) ;
#2931 = LINE ( 'NONE', #2813, #196 ) ;
#2932 = CARTESIAN_POINT ( 'NONE',  ( 3.119999999999999662, -7.994982302604838331, 1.100000000000000089 ) ) ;
#2933 = DIRECTION ( 'NONE',  ( 0.000000000000000000, -1.000000000000000000, 0.000000000000000000 ) ) ;
#2934 = LINE ( 'NONE', #9693, #2807 ) ;
#2935 = DIRECTION ( 'NONE',  ( -1.000000000000000000, 0.000000000000000000, -0.000000000000000000 ) ) ;
#2936 = SURFACE_SIDE_STYLE ('',( #278 ) ) ;
#2937 = PRESENTATION_LAYER_ASSIGNMENT (  '', '', ( #7227 ) ) ;
#2938 = DIRECTION ( 'NONE',  ( 1.000000000000000000, -0.000000000000000000, 0.000000000000000000 ) ) ;
#2939 = DIRECTION ( 'NONE',  ( -0.000000000000000000, -0.000000000000000000, -1.000000000000000000 ) ) ;
#2940 = EDGE_LOOP ( 'NONE', ( #8789, #6202, #10363, #9899 ) ) ;
#2941 = VECTOR ( 'NONE', #11296, 1000.000000000000000 ) ;
#2942 = ORIENTED_EDGE ( 'NONE', *, *, #11294, .F. ) ;
#2943 = CARTESIAN_POINT ( 'NONE',  ( 2.425948166299673581, 2.856906106631964093, 0.000000000000000000 ) ) ;
#2944 = FACE_BOUND ( 'NONE', #4573, .T. ) ;
#2945 = DIRECTION ( 'NONE',  ( 1.000000000000000000, 0.000000000000000000, 0.000000000000000000 ) ) ;
#2946 = ORIENTED_EDGE ( 'NONE', *, *, #11703, .F. ) ;
#2947 = LINE ( 'NONE', #9128, #5650 ) ;
#2948 = AXIS2_PLACEMENT_3D ( 'NONE', #131, #10288, #9129 ) ;
#2949 = SURFACE_STYLE_FILL_AREA ( #7590 ) ;
#2950 = FACE_OUTER_BOUND ( 'NONE', #4514, .T. ) ;
#2951 = EDGE_CURVE ( 'NONE', #2163, #1911, #7308, .T. ) ;
#2952 = ORIENTED_EDGE ( 'NONE', *, *, #2036, .T. ) ;
#2953 = MECHANICAL_DESIGN_GEOMETRIC_PRESENTATION_REPRESENTATION (  '', ( #10736 ), #820 ) ;
#2954 = VECTOR ( 'NONE', #9538, 1000.000000000000000 ) ;
#2955 = FILL_AREA_STYLE ('',( #7595 ) ) ;
#2956 = LINE ( 'NONE', #9487, #8349 ) ;
#2957 = VERTEX_POINT ( 'NONE', #8287 ) ;
#2958 = ORIENTED_EDGE ( 'NONE', *, *, #4036, .F. ) ;
#2959 = CARTESIAN_POINT ( 'NONE',  ( -4.502035936607396316, 5.837225230594265568, 1.000000000000000000 ) ) ;
#2960 = DIRECTION ( 'NONE',  ( -1.000000000000000000, 0.000000000000000000, 0.000000000000000000 ) ) ;
#2961 = CARTESIAN_POINT ( 'NONE',  ( 3.941380149986268400, 2.147362469743642865, -29.20000000000000284 ) ) ;
#2962 = AXIS2_PLACEMENT_3D ( 'NONE', #4533, #804, #5495 ) ;
#2963 = DIRECTION ( 'NONE',  ( -0.000000000000000000, 0.000000000000000000, 1.000000000000000000 ) ) ;
#2964 = LINE ( 'NONE', #3832, #743 ) ;
#2965 = ORIENTED_EDGE ( 'NONE', *, *, #8447, .T. ) ;
#2966 = ORIENTED_EDGE ( 'NONE', *, *, #4292, .F. ) ;
#2967 = ORIENTED_EDGE ( 'NONE', *, *, #4890, .F. ) ;
#2968 = EDGE_CURVE ( 'NONE', #11317, #2122, #5536, .T. ) ;
#2969 = ORIENTED_EDGE ( 'NONE', *, *, #2877, .F. ) ;
#2970 = ADVANCED_FACE ( 'NONE', ( #1756 ), #79, .T. ) ;
#2971 = DIRECTION ( 'NONE',  ( 0.000000000000000000, -1.000000000000000000, 0.000000000000000000 ) ) ;
#2972 = ORIENTED_EDGE ( 'NONE', *, *, #7925, .T. ) ;
#2973 = SURFACE_STYLE_FILL_AREA ( #5856 ) ;
#2974 = CARTESIAN_POINT ( 'NONE',  ( -2.150000000000003020, -6.499999999999997335, 1.200000000000000178 ) ) ;
#2975 = DIRECTION ( 'NONE',  ( 0.000000000000000000, -0.000000000000000000, 1.000000000000000000 ) ) ;
#2976 = PRESENTATION_STYLE_ASSIGNMENT (( #9628 ) ) ;
#2977 = FACE_OUTER_BOUND ( 'NONE', #1643, .T. ) ;
#2978 = PRESENTATION_LAYER_ASSIGNMENT (  '', '', ( #8242 ) ) ;
#2979 = LINE ( 'NONE', #4989, #8068 ) ;
#2980 = PRESENTATION_STYLE_ASSIGNMENT (( #4992 ) ) ;
#2981 = VECTOR ( 'NONE', #10950, 1000.000000000000000 ) ;
#2982 = ORIENTED_EDGE ( 'NONE', *, *, #7844, .F. ) ;
#2983 = CIRCLE ( 'NONE', #11541, 0.1494257208329542175 ) ;
#2984 = ORIENTED_EDGE ( 'NONE', *, *, #1920, .F. ) ;
#2985 = VECTOR ( 'NONE', #3089, 1000.000000000000000 ) ;
#2986 = DIRECTION ( 'NONE',  ( 1.000000000000000000, 0.000000000000000000, 0.000000000000000000 ) ) ;
#2987 = DIRECTION ( 'NONE',  ( -1.000000000000000000, 0.000000000000000000, 0.000000000000000000 ) ) ;
#2988 = PLANE ( 'NONE',  #1657 ) ;
#2989 = PRESENTATION_LAYER_ASSIGNMENT (  '', '', ( #6693 ) ) ;
#2990 = CARTESIAN_POINT ( 'NONE',  ( 0.4999999999999970024, -1.999999999999997335, 1.000000000000000000 ) ) ;
#2991 = APPLICATION_CONTEXT ( 'automotive_design' ) ;
#2992 = DIRECTION ( 'NONE',  ( -0.000000000000000000, 0.000000000000000000, 1.000000000000000000 ) ) ;
#2993 = SURFACE_SIDE_STYLE ('',( #8550 ) ) ;
#2994 = CIRCLE ( 'NONE', #4558, 0.1494257208329539954 ) ;
#2995 = ADVANCED_FACE ( 'NONE', ( #6511 ), #4509, .T. ) ;
#2996 = CARTESIAN_POINT ( 'NONE',  ( 2.425948166299673581, 2.856906106631964093, 0.000000000000000000 ) ) ;
#2997 = LINE ( 'NONE', #277, #10963 ) ;
#2998 = VECTOR ( 'NONE', #1394, 1000.000000000000000 ) ;
#2999 = DIRECTION ( 'NONE',  ( -0.000000000000000000, -1.000000000000000000, -0.000000000000000000 ) ) ;
#3000 = SURFACE_SIDE_STYLE ('',( #6656 ) ) ;
#3001 = ADVANCED_FACE ( 'NONE', ( #2846 ), #1935, .T. ) ;
#3002 = PLANE ( 'NONE',  #11742 ) ;
#3003 = VECTOR ( 'NONE', #1436, 1000.000000000000000 ) ;
#3004 = CIRCLE ( 'NONE', #2597, 0.1494257208329542175 ) ;
#3005 = PRESENTATION_LAYER_ASSIGNMENT (  '', '', ( #484 ) ) ;
#3006 = ORIENTED_EDGE ( 'NONE', *, *, #3196, .T. ) ;
#3007 = ORIENTED_EDGE ( 'NONE', *, *, #7097, .F. ) ;
#3008 =( GEOMETRIC_REPRESENTATION_CONTEXT ( 3 ) GLOBAL_UNCERTAINTY_ASSIGNED_CONTEXT ( ( #6087 ) ) GLOBAL_UNIT_ASSIGNED_CONTEXT ( ( #8109, #11696, #3355 ) ) REPRESENTATION_CONTEXT ( 'NONE', 'WORKASPACE' ) );
#3009 = VECTOR ( 'NONE', #23, 1000.000000000000000 ) ;
#3010 = CARTESIAN_POINT ( 'NONE',  ( -5.692492299719079440, 0.000000000000000000, 1.000000000000000000 ) ) ;
#3011 = COLOUR_RGB ( '',1.000000000000000000, 1.000000000000000000, 1.000000000000000000 ) ;
#3012 = FACE_BOUND ( 'NONE', #7062, .T. ) ;
#3013 = AXIS2_PLACEMENT_3D ( 'NONE', #5736, #5676, #266 ) ;
#3014 = CARTESIAN_POINT ( 'NONE',  ( 0.4999999999999976130, -4.999999999999997335, 1.200000000000000178 ) ) ;
#3015 = VERTEX_POINT ( 'NONE', #3769 ) ;
#3016 = EDGE_CURVE ( 'NONE', #7165, #4297, #2805, .T. ) ;
#3017 = LINE ( 'NONE', #776, #407 ) ;
#3018 =( LENGTH_UNIT ( ) NAMED_UNIT ( * ) SI_UNIT ( .MILLI., .METRE. ) );
#3019 = FACE_OUTER_BOUND ( 'NONE', #10518, .T. ) ;
#3020 = DIRECTION ( 'NONE',  ( 1.000000000000000000, 0.000000000000000000, 0.000000000000000000 ) ) ;
#3021 = EDGE_CURVE ( 'NONE', #1739, #11128, #6904, .T. ) ;
#3022 = UNCERTAINTY_MEASURE_WITH_UNIT (LENGTH_MEASURE( 1.000000000000000082E-05 ), #797, 'distance_accuracy_value', 'NONE');
#3023 = ORIENTED_EDGE ( 'NONE', *, *, #11153, .T. ) ;
#3024 = EDGE_CURVE ( 'NONE', #3498, #1580, #1642, .T. ) ;
#3025 = FACE_OUTER_BOUND ( 'NONE', #486, .T. ) ;
#3026 = CARTESIAN_POINT ( 'NONE',  ( 2.820639630881218718, 2.295341782195420954, 0.000000000000000000 ) ) ;
#3027 = ORIENTED_EDGE ( 'NONE', *, *, #9274, .F. ) ;
#3028 = ORIENTED_EDGE ( 'NONE', *, *, #7505, .T. ) ;
#3029 = FILL_AREA_STYLE_COLOUR ( '', #10953 ) ;
#3030 = CARTESIAN_POINT ( 'NONE',  ( -3.928786089951735505, 2.295341782195420954, -29.20000000000000284 ) ) ;
#3031 = CARTESIAN_POINT ( 'NONE',  ( 3.941380149986268400, 2.147362469743642865, 0.000000000000000000 ) ) ;
#3032 = UNCERTAINTY_MEASURE_WITH_UNIT (LENGTH_MEASURE( 1.000000000000000082E-05 ), #1558, 'distance_accuracy_value', 'NONE');
#3033 = DIRECTION ( 'NONE',  ( -0.000000000000000000, -0.000000000000000000, -1.000000000000000000 ) ) ;
#3034 = DIRECTION ( 'NONE',  ( 1.000000000000000000, 0.000000000000000000, 0.000000000000000000 ) ) ;
#3035 = VERTEX_POINT ( 'NONE', #8043 ) ;
#3036 = ADVANCED_FACE ( 'NONE', ( #11752 ), #615, .T. ) ;
#3037 = ORIENTED_EDGE ( 'NONE', *, *, #1204, .T. ) ;
#3038 = EDGE_LOOP ( 'NONE', ( #11514, #10517 ) ) ;
#3039 = VERTEX_POINT ( 'NONE', #9872 ) ;
#3040 = DIRECTION ( 'NONE',  ( -0.000000000000000000, -0.000000000000000000, 1.000000000000000000 ) ) ;
#3041 = ORIENTED_EDGE ( 'NONE', *, *, #2198, .T. ) ;
#3042 = CARTESIAN_POINT ( 'NONE',  ( -4.500000000000000888, -7.994982302604838331, 1.000000000000000000 ) ) ;
#3043 = FILL_AREA_STYLE ('',( #11390 ) ) ;
#3044 =( NAMED_UNIT ( * ) SI_UNIT ( $, .STERADIAN. ) SOLID_ANGLE_UNIT ( ) );
#3045 = FILL_AREA_STYLE ('',( #3157 ) ) ;
#3046 = EDGE_CURVE ( 'NONE', #7853, #7908, #6310, .T. ) ;
#3047 = CARTESIAN_POINT ( 'NONE',  ( -1.400000000000002798, -5.999999999999997335, 1.000000000000000000 ) ) ;
#3048 = LINE ( 'NONE', #2070, #1468 ) ;
#3049 = PRESENTATION_LAYER_ASSIGNMENT (  '', '', ( #1491 ) ) ;
#3050 =( LENGTH_UNIT ( ) NAMED_UNIT ( * ) SI_UNIT ( .MILLI., .METRE. ) );
#3051 = VERTEX_POINT ( 'NONE', #6902 ) ;
#3052 = ORIENTED_EDGE ( 'NONE', *, *, #7075, .T. ) ;
#3053 = CIRCLE ( 'NONE', #11226, 0.1494257208329542175 ) ;
#3054 =( LENGTH_UNIT ( ) NAMED_UNIT ( * ) SI_UNIT ( .MILLI., .METRE. ) );
#3055 = COLOUR_RGB ( '',0.9882352941176471006, 0.7372549019607843590, 0.5176470588235293491 ) ;
#3056 = CARTESIAN_POINT ( 'NONE',  ( 5.219581602308915436, -0.7427883380858898432, 1.500000000000000000 ) ) ;
#3057 = SURFACE_STYLE_USAGE ( .BOTH. , #2314 ) ;
#3058 = CARTESIAN_POINT ( 'NONE',  ( -3.500000000000003109, -5.999999999999997335, 1.000000000000000000 ) ) ;
#3059 = DIRECTION ( 'NONE',  ( 1.000000000000000000, 0.000000000000000000, 0.000000000000000000 ) ) ;
#3060 =( NAMED_UNIT ( * ) PLANE_ANGLE_UNIT ( ) SI_UNIT ( $, .RADIAN. ) );
#3061 = DIRECTION ( 'NONE',  ( -0.000000000000000000, -0.000000000000000000, -1.000000000000000000 ) ) ;
#3062 =( NAMED_UNIT ( * ) SI_UNIT ( $, .STERADIAN. ) SOLID_ANGLE_UNIT ( ) );
#3063 = CARTESIAN_POINT ( 'NONE',  ( 3.292975979834980471, -0.6427883380858901985, 1.399999999999999911 ) ) ;
#3064 = CARTESIAN_POINT ( 'NONE',  ( 2.392975979834980560, -0.04278833808588946436, 1.500000000000000000 ) ) ;
#3065 = DIRECTION ( 'NONE',  ( -0.000000000000000000, 0.000000000000000000, -1.000000000000000000 ) ) ;
#3066 = AXIS2_PLACEMENT_3D ( 'NONE', #10051, #10895, #12010 ) ;
#3067 = EDGE_CURVE ( 'NONE', #8935, #232, #4334, .T. ) ;
#3068 = VERTEX_POINT ( 'NONE', #2493 ) ;
#3069 = VECTOR ( 'NONE', #6739, 1000.000000000000000 ) ;
#3070 = VECTOR ( 'NONE', #8977, 1000.000000000000000 ) ;
#3071 = ORIENTED_EDGE ( 'NONE', *, *, #7938, .T. ) ;
#3072 = CARTESIAN_POINT ( 'NONE',  ( -5.702035936607396494, 0.000000000000000000, 1.000000000000000000 ) ) ;
#3073 = FACE_BOUND ( 'NONE', #7026, .T. ) ;
#3074 = DIRECTION ( 'NONE',  ( 1.000000000000000000, 0.000000000000000000, 0.000000000000000000 ) ) ;
#3075 = EDGE_LOOP ( 'NONE', ( #2274, #9499, #6862, #9514 ) ) ;
#3076 =( GEOMETRIC_REPRESENTATION_CONTEXT ( 3 ) GLOBAL_UNCERTAINTY_ASSIGNED_CONTEXT ( ( #479 ) ) GLOBAL_UNIT_ASSIGNED_CONTEXT ( ( #5474, #5662, #845 ) ) REPRESENTATION_CONTEXT ( 'NONE', 'WORKASPACE' ) );
#3077 = CARTESIAN_POINT ( 'NONE',  ( -5.692492299719079440, -5.811223858797751163, 1.399999999999999911 ) ) ;
#3078 = FILL_AREA_STYLE ('',( #8442 ) ) ;
#3079 = DIRECTION ( 'NONE',  ( 1.000000000000000000, 0.000000000000000000, 0.000000000000000000 ) ) ;
#3080 = EDGE_CURVE ( 'NONE', #95, #3302, #10839, .T. ) ;
#3081 = ORIENTED_EDGE ( 'NONE', *, *, #8351, .F. ) ;
#3082 = VECTOR ( 'NONE', #1889, 1000.000000000000000 ) ;
#3083 = EDGE_CURVE ( 'NONE', #10097, #4120, #1478, .T. ) ;
#3084 = CARTESIAN_POINT ( 'NONE',  ( 1.741380149986267778, 2.147362469743642865, 1.000000000000000888 ) ) ;
#3085 = ADVANCED_FACE ( 'NONE', ( #6153 ), #5307, .F. ) ;
#3086 = ORIENTED_EDGE ( 'NONE', *, *, #10085, .F. ) ;
#3087 = CIRCLE ( 'NONE', #4833, 0.1494257208329539954 ) ;
#3088 = ORIENTED_EDGE ( 'NONE', *, *, #9529, .F. ) ;
#3089 = DIRECTION ( 'NONE',  ( -0.000000000000000000, -0.000000000000000000, -1.000000000000000000 ) ) ;
#3090 = DIRECTION ( 'NONE',  ( -0.000000000000000000, -0.000000000000000000, 1.000000000000000000 ) ) ;
#3091 = DIRECTION ( 'NONE',  ( 0.000000000000000000, 0.000000000000000000, -1.000000000000000000 ) ) ;
#3092 = VECTOR ( 'NONE', #957, 1000.000000000000000 ) ;
#3093 = DIRECTION ( 'NONE',  ( 0.000000000000000000, 1.000000000000000000, 0.000000000000000000 ) ) ;
#3094 = DIRECTION ( 'NONE',  ( -0.000000000000000000, -0.000000000000000000, 1.000000000000000000 ) ) ;
#3095 = CARTESIAN_POINT ( 'NONE',  ( -4.879360369118781904, 2.295341782195420954, 1.000000000000000000 ) ) ;
#3096 = EDGE_LOOP ( 'NONE', ( #647, #2537, #4445, #10900 ) ) ;
#3097 = EDGE_CURVE ( 'NONE', #9430, #2515, #9815, .T. ) ;
#3098 = ORIENTED_EDGE ( 'NONE', *, *, #7505, .F. ) ;
#3099 = VECTOR ( 'NONE', #8604, 1000.000000000000000 ) ;
#3100 = VERTEX_POINT ( 'NONE', #11830 ) ;
#3101 = ORIENTED_EDGE ( 'NONE', *, *, #8364, .T. ) ;
#3102 = DIRECTION ( 'NONE',  ( -0.000000000000000000, 0.000000000000000000, 1.000000000000000000 ) ) ;
#3103 = ORIENTED_EDGE ( 'NONE', *, *, #3097, .F. ) ;
#3104 = DIRECTION ( 'NONE',  ( 0.000000000000000000, 0.000000000000000000, -1.000000000000000000 ) ) ;
#3105 = AXIS2_PLACEMENT_3D ( 'NONE', #3656, #7314, #11020 ) ;
#3106 = LINE ( 'NONE', #10425, #12017 ) ;
#3107 = DIRECTION ( 'NONE',  ( -0.000000000000000000, 0.000000000000000000, 1.000000000000000000 ) ) ;
#3108 = DIRECTION ( 'NONE',  ( -0.000000000000000000, -0.000000000000000000, 1.000000000000000000 ) ) ;
#3109 = SURFACE_STYLE_USAGE ( .BOTH. , #11512 ) ;
#3110 = ORIENTED_EDGE ( 'NONE', *, *, #11398, .F. ) ;
#3111 = ORIENTED_EDGE ( 'NONE', *, *, #4639, .F. ) ;
#3112 = AXIS2_PLACEMENT_3D ( 'NONE', #7300, #2890, #11863 ) ;
#3113 = FACE_OUTER_BOUND ( 'NONE', #2603, .T. ) ;
#3114 =( NAMED_UNIT ( * ) SI_UNIT ( $, .STERADIAN. ) SOLID_ANGLE_UNIT ( ) );
#3115 = FILL_AREA_STYLE_COLOUR ( '', #2028 ) ;
#3116 = CARTESIAN_POINT ( 'NONE',  ( -2.150000000000003020, -1.999999999999997335, 1.000000000000000000 ) ) ;
#3117 = FILL_AREA_STYLE ('',( #9287 ) ) ;
#3118 = DIRECTION ( 'NONE',  ( -1.000000000000000000, 0.000000000000000000, 0.000000000000000000 ) ) ;
#3119 = VECTOR ( 'NONE', #7893, 1000.000000000000000 ) ;
#3120 = FACE_OUTER_BOUND ( 'NONE', #11306, .T. ) ;
#3121 = ORIENTED_EDGE ( 'NONE', *, *, #6712, .T. ) ;
#3122 = ORIENTED_EDGE ( 'NONE', *, *, #3618, .F. ) ;
#3123 = ADVANCED_FACE ( 'NONE', ( #1539 ), #2562, .F. ) ;
#3124 = SURFACE_STYLE_FILL_AREA ( #4893 ) ;
#3126 = EDGE_CURVE ( 'NONE', #7617, #4011, #4409, .T. ) ;
#3125 = DIRECTION ( 'NONE',  ( 1.000000000000000000, 0.000000000000000000, 0.000000000000000000 ) ) ;
#3127 = CARTESIAN_POINT ( 'NONE',  ( -4.502035936607396316, 8.869867354517255720, 1.100000000000000089 ) ) ;
#3128 = ORIENTED_EDGE ( 'NONE', *, *, #8436, .T. ) ;
#3129 = VECTOR ( 'NONE', #5285, 1000.000000000000000 ) ;
#3130 = DIRECTION ( 'NONE',  ( 1.000000000000000000, 0.000000000000000000, 0.000000000000000000 ) ) ;
#3131 = LINE ( 'NONE', #5955, #7031 ) ;
#3132 = CARTESIAN_POINT ( 'NONE',  ( -3.500000000000001332, -4.449999999999997513, 1.200000000000000178 ) ) ;
#3133 = CIRCLE ( 'NONE', #9939, 0.1804541357933973911 ) ;
#3134 = ORIENTED_EDGE ( 'NONE', *, *, #10629, .F. ) ;
#3135 = EDGE_CURVE ( 'NONE', #10298, #7291, #2325, .T. ) ;
#3136 = VECTOR ( 'NONE', #6866, 1000.000000000000000 ) ;
#3137 = ORIENTED_EDGE ( 'NONE', *, *, #11631, .F. ) ;
#3138 = VERTEX_POINT ( 'NONE', #5187 ) ;
#3139 =( NAMED_UNIT ( * ) PLANE_ANGLE_UNIT ( ) SI_UNIT ( $, .RADIAN. ) );
#3140 = CARTESIAN_POINT ( 'NONE',  ( -1.600100888223831230, 2.147362469743642865, -29.20000000000000284 ) ) ;
#3141 =( NAMED_UNIT ( * ) SI_UNIT ( $, .STERADIAN. ) SOLID_ANGLE_UNIT ( ) );
#3142 = STYLED_ITEM ( 'NONE', ( #1187 ), #2509 ) ;
#3143 = EDGE_CURVE ( 'NONE', #1176, #3510, #6046, .T. ) ;
#3144 = CARTESIAN_POINT ( 'NONE',  ( 0.000000000000000000, 5.837225230594265568, 1.000000000000000000 ) ) ;
#3145 = EDGE_CURVE ( 'NONE', #1127, #11706, #2500, .T. ) ;
#3146 = FILL_AREA_STYLE ('',( #8694 ) ) ;
#3147 = FILL_AREA_STYLE ('',( #10348 ) ) ;
#3148 = ORIENTED_EDGE ( 'NONE', *, *, #227, .T. ) ;
#3149 = AXIS2_PLACEMENT_3D ( 'NONE', #6180, #2346, #7903 ) ;
#3150 = VERTEX_POINT ( 'NONE', #4160 ) ;
#3151 = ORIENTED_EDGE ( 'NONE', *, *, #7844, .T. ) ;
#3152 = DIRECTION ( 'NONE',  ( 0.000000000000000000, -0.000000000000000000, -1.000000000000000000 ) ) ;
#3153 = VERTEX_POINT ( 'NONE', #5128 ) ;
#3154 = CARTESIAN_POINT ( 'NONE',  ( -4.902035936607394007, -1.615046105591286940E-15, 1.100000000000000089 ) ) ;
#3155 = FILL_AREA_STYLE_COLOUR ( '', #11075 ) ;
#3156 = SURFACE_STYLE_FILL_AREA ( #2921 ) ;
#3157 = FILL_AREA_STYLE_COLOUR ( '', #10075 ) ;
#3158 = FILL_AREA_STYLE ('',( #6026 ) ) ;
#3159 = CARTESIAN_POINT ( 'NONE',  ( -3.500000000000003997, -4.999999999999997335, 1.200000000000000178 ) ) ;
#3160 = LINE ( 'NONE', #8654, #2729 ) ;
#3161 = ORIENTED_EDGE ( 'NONE', *, *, #9983, .F. ) ;
#3162 = VECTOR ( 'NONE', #9221, 1000.000000000000000 ) ;
#3163 = EDGE_LOOP ( 'NONE', ( #8528, #4630, #82, #4512 ) ) ;
#3164 = UNCERTAINTY_MEASURE_WITH_UNIT (LENGTH_MEASURE( 1.000000000000000082E-05 ), #4401, 'distance_accuracy_value', 'NONE');
#3165 = CARTESIAN_POINT ( 'NONE',  ( 3.192975979834980826, 0.4572116619141102234, 1.500000000000000000 ) ) ;
#3166 = CARTESIAN_POINT ( 'NONE',  ( 3.200000000000001066, -2.468682383288471449, 1.800000000000000266 ) ) ;
#3167 =( NAMED_UNIT ( * ) SI_UNIT ( $, .STERADIAN. ) SOLID_ANGLE_UNIT ( ) );
#3168 =( LENGTH_UNIT ( ) NAMED_UNIT ( * ) SI_UNIT ( .MILLI., .METRE. ) );
#3169 = CARTESIAN_POINT ( 'NONE',  ( -3.779360369118781371, 2.295341782195420954, 0.000000000000000000 ) ) ;
#3170 = LINE ( 'NONE', #2257, #3483 ) ;
#3171 = AXIS2_PLACEMENT_3D ( 'NONE', #7988, #2255, #4086 ) ;
#3172 = CARTESIAN_POINT ( 'NONE',  ( -4.102035936607395961, 0.000000000000000000, 1.100000000000000089 ) ) ;
#3173 = CYLINDRICAL_SURFACE ( 'NONE', #2753, 0.1494257208329539954 ) ;
#3174 = ORIENTED_EDGE ( 'NONE', *, *, #1984, .T. ) ;
#3175 = EDGE_CURVE ( 'NONE', #10324, #4179, #7887, .T. ) ;
#3176 = EDGE_CURVE ( 'NONE', #8939, #6238, #4221, .T. ) ;
#3177 = ORIENTED_EDGE ( 'NONE', *, *, #8549, .F. ) ;
#3178 = VECTOR ( 'NONE', #4142, 1000.000000000000000 ) ;
#3179 = VECTOR ( 'NONE', #594, 1000.000000000000000 ) ;
#3180 = PRESENTATION_STYLE_ASSIGNMENT (( #1541 ) ) ;
#3181 = DIRECTION ( 'NONE',  ( 0.000000000000000000, 1.000000000000000000, 0.000000000000000000 ) ) ;
#3182 = ORIENTED_EDGE ( 'NONE', *, *, #2911, .T. ) ;
#3183 = FACE_OUTER_BOUND ( 'NONE', #3873, .T. ) ;
#3184 = COLOUR_RGB ( '',0.7960784313725489669, 0.8235294117647058432, 0.9372549019607843146 ) ;
#3185 = VECTOR ( 'NONE', #6868, 1000.000000000000000 ) ;
#3186 = CARTESIAN_POINT ( 'NONE',  ( -3.500000000000003997, -4.999999999999997335, 1.000000000000000000 ) ) ;
#3187 = VECTOR ( 'NONE', #6054, 1000.000000000000000 ) ;
#3188 = DIRECTION ( 'NONE',  ( -0.000000000000000000, -0.000000000000000000, -1.000000000000000000 ) ) ;
#3189 = EDGE_CURVE ( 'NONE', #966, #1388, #7082, .T. ) ;
#3190 = ORIENTED_EDGE ( 'NONE', *, *, #10373, .T. ) ;
#3191 = COLOUR_RGB ( '',1.000000000000000000, 1.000000000000000000, 0.5019607843137254832 ) ;
#3192 = EDGE_CURVE ( 'NONE', #2483, #6855, #2814, .T. ) ;
#3193 = AXIS2_PLACEMENT_3D ( 'NONE', #826, #5454, #8269 ) ;
#3194 = STYLED_ITEM ( 'NONE', ( #5490 ), #10918 ) ;
#3195 = DIRECTION ( 'NONE',  ( 1.000000000000000000, 0.000000000000000000, 0.000000000000000000 ) ) ;
#3196 = EDGE_CURVE ( 'NONE', #11992, #701, #9882, .T. ) ;
#3197 = ORIENTED_EDGE ( 'NONE', *, *, #3604, .T. ) ;
#3198 = ORIENTED_EDGE ( 'NONE', *, *, #1308, .F. ) ;
#3199 = DIRECTION ( 'NONE',  ( 0.000000000000000000, -1.000000000000000000, 0.000000000000000000 ) ) ;
#3200 = PRESENTATION_LAYER_ASSIGNMENT (  '', '', ( #6122 ) ) ;
#3201 =( NAMED_UNIT ( * ) PLANE_ANGLE_UNIT ( ) SI_UNIT ( $, .RADIAN. ) );
#3202 = FILL_AREA_STYLE ('',( #7963 ) ) ;
#3203 = CARTESIAN_POINT ( 'NONE',  ( -0.3854471665643398604, -0.6974844531661972269, 1.399999999999999911 ) ) ;
#3204 = PRESENTATION_STYLE_ASSIGNMENT (( #1275 ) ) ;
#3206 = CARTESIAN_POINT ( 'NONE',  ( -4.102035936607395961, 5.837225230594265568, 1.000000000000000000 ) ) ;
#3205 = VECTOR ( 'NONE', #8946, 1000.000000000000000 ) ;
#3207 = FILL_AREA_STYLE_COLOUR ( '', #4448 ) ;
#3208 = ORIENTED_EDGE ( 'NONE', *, *, #7723, .F. ) ;
#3209 = EDGE_CURVE ( 'NONE', #9556, #10031, #8969, .T. ) ;
#3210 = ORIENTED_EDGE ( 'NONE', *, *, #3786, .T. ) ;
#3211 = ORIENTED_EDGE ( 'NONE', *, *, #5623, .T. ) ;
#3212 = LINE ( 'NONE', #5214, #1728 ) ;
#3213 =( LENGTH_UNIT ( ) NAMED_UNIT ( * ) SI_UNIT ( .MILLI., .METRE. ) );
#3214 = ORIENTED_EDGE ( 'NONE', *, *, #9274, .T. ) ;
#3215 = CARTESIAN_POINT ( 'NONE',  ( -0.5000000000000026645, -1.999999999999997335, 1.200000000000000178 ) ) ;
#3216 = SURFACE_STYLE_FILL_AREA ( #8024 ) ;
#3217 = PRESENTATION_STYLE_ASSIGNMENT (( #7055 ) ) ;
#3218 = DIRECTION ( 'NONE',  ( 1.000000000000000000, 0.000000000000000000, 0.000000000000000000 ) ) ;
#3219 = DIRECTION ( 'NONE',  ( 1.000000000000000000, 0.000000000000000000, -0.000000000000000000 ) ) ;
#3220 = SURFACE_SIDE_STYLE ('',( #11623 ) ) ;
#3221 = DIRECTION ( 'NONE',  ( -0.000000000000000000, -0.000000000000000000, -1.000000000000000000 ) ) ;
#3222 = ORIENTED_EDGE ( 'NONE', *, *, #401, .T. ) ;
#3223 = EDGE_LOOP ( 'NONE', ( #10072, #8348, #1734, #9158 ) ) ;
#3224 = ADVANCED_FACE ( 'NONE', ( #7388 ), #3407, .T. ) ;
#3225 = CARTESIAN_POINT ( 'NONE',  ( -1.400000000000002798, -5.999999999999997335, 1.200000000000000178 ) ) ;
#3226 = PLANE ( 'NONE',  #8358 ) ;
#3227 = EDGE_CURVE ( 'NONE', #3948, #3302, #7488, .T. ) ;
#3228 = FACE_OUTER_BOUND ( 'NONE', #9766, .T. ) ;
#3229 = CARTESIAN_POINT ( 'NONE',  ( -2.700000000000003286, -1.999999999999997335, 1.000000000000000000 ) ) ;
#3230 = CARTESIAN_POINT ( 'NONE',  ( -1.339404446409629079, -7.994982302604838331, 1.100000000000000089 ) ) ;
#3231 = CARTESIAN_POINT ( 'NONE',  ( 4.800000000000000711, -2.268682383288471271, 1.600000000000000089 ) ) ;
#3232 = CARTESIAN_POINT ( 'NONE',  ( -2.497642652873966362, 0.000000000000000000, 1.100000000000000089 ) ) ;
#3233 = SURFACE_STYLE_FILL_AREA ( #5181 ) ;
#3234 = LINE ( 'NONE', #6962, #5542 ) ;
#3235 = EDGE_CURVE ( 'NONE', #10601, #8987, #1843, .T. ) ;
#3236 = ORIENTED_EDGE ( 'NONE', *, *, #7630, .T. ) ;
#3237 = ORIENTED_EDGE ( 'NONE', *, *, #1223, .T. ) ;
#3238 =( GEOMETRIC_REPRESENTATION_CONTEXT ( 3 ) GLOBAL_UNCERTAINTY_ASSIGNED_CONTEXT ( ( #4674 ) ) GLOBAL_UNIT_ASSIGNED_CONTEXT ( ( #5965, #10811, #7042 ) ) REPRESENTATION_CONTEXT ( 'NONE', 'WORKASPACE' ) );
#3239 = DIRECTION ( 'NONE',  ( -1.000000000000000000, -1.626303258728256651E-16, 0.000000000000000000 ) ) ;
#3240 = CARTESIAN_POINT ( 'NONE',  ( 5.020639630881219340, 2.295341782195420954, 0.000000000000000000 ) ) ;
#3241 = DIRECTION ( 'NONE',  ( -1.000000000000000000, 0.000000000000000000, 0.000000000000000000 ) ) ;
#3242 =( NAMED_UNIT ( * ) SI_UNIT ( $, .STERADIAN. ) SOLID_ANGLE_UNIT ( ) );
#3243 = VERTEX_POINT ( 'NONE', #2812 ) ;
#3244 = ADVANCED_FACE ( 'NONE', ( #11897 ), #3732, .F. ) ;
#3245 = LINE ( 'NONE', #4164, #7001 ) ;
#3246 = VECTOR ( 'NONE', #9326, 1000.000000000000000 ) ;
#3247 = ADVANCED_FACE ( 'NONE', ( #97 ), #747, .F. ) ;
#3248 = CARTESIAN_POINT ( 'NONE',  ( 4.389999999999999680, -7.994982302604838331, 0.000000000000000000 ) ) ;
#3249 = LINE ( 'NONE', #7951, #11810 ) ;
#3250 = AXIS2_PLACEMENT_3D ( 'NONE', #9226, #757, #9890 ) ;
#3251 = ADVANCED_FACE ( 'NONE', ( #4704 ), #11156, .F. ) ;
#3252 = EDGE_LOOP ( 'NONE', ( #5577, #2852, #312, #9906 ) ) ;
#3253 = AXIS2_PLACEMENT_3D ( 'NONE', #518, #11531, #3241 ) ;
#3254 = EDGE_CURVE ( 'NONE', #761, #10914, #805, .T. ) ;
#3255 = AXIS2_PLACEMENT_3D ( 'NONE', #10228, #8402, #3707 ) ;
#3256 = DIRECTION ( 'NONE',  ( 0.000000000000000000, -0.000000000000000000, -1.000000000000000000 ) ) ;
#3257 = ORIENTED_EDGE ( 'NONE', *, *, #7949, .F. ) ;
#3258 = ORIENTED_EDGE ( 'NONE', *, *, #4667, .F. ) ;
#3259 = DIRECTION ( 'NONE',  ( 0.000000000000000000, -0.000000000000000000, 1.000000000000000000 ) ) ;
#3260 = CARTESIAN_POINT ( 'NONE',  ( 3.300000000000001155, -5.068682383288471982, 1.800000000000000266 ) ) ;
#3261 = CARTESIAN_POINT ( 'NONE',  ( 5.455872757806901063, 3.106906106631963649, 1.100000000000000089 ) ) ;
#3262 = AXIS2_PLACEMENT_3D ( 'NONE', #6401, #2430, #10892 ) ;
#3263 = CARTESIAN_POINT ( 'NONE',  ( -1.950000000000002842, -5.999999999999997335, 1.000000000000000000 ) ) ;
#3264 = PLANE ( 'NONE',  #2484 ) ;
#3265 = UNCERTAINTY_MEASURE_WITH_UNIT (LENGTH_MEASURE( 1.000000000000000082E-05 ), #2842, 'distance_accuracy_value', 'NONE');
#3266 = EDGE_LOOP ( 'NONE', ( #1257, #3071 ) ) ;
#3267 = ORIENTED_EDGE ( 'NONE', *, *, #2184, .T. ) ;
#3268 = EDGE_CURVE ( 'NONE', #11152, #7215, #6590, .T. ) ;
#3269 = ORIENTED_EDGE ( 'NONE', *, *, #21, .T. ) ;
#3270 = VERTEX_POINT ( 'NONE', #930 ) ;
#3271 = CIRCLE ( 'NONE', #2491, 0.1804541357933973911 ) ;
#3272 = CARTESIAN_POINT ( 'NONE',  ( -1.600000000000002975, -1.999999999999997335, 1.200000000000000178 ) ) ;
#3273 = CARTESIAN_POINT ( 'NONE',  ( -1.600000000000002975, -5.999999999999997335, 1.000000000000000000 ) ) ;
#3274 = STYLED_ITEM ( 'NONE', ( #5159 ), #5954 ) ;
#3275 = ADVANCED_FACE ( 'NONE', ( #4654 ), #8367, .F. ) ;
#3276 = ORIENTED_EDGE ( 'NONE', *, *, #6568, .T. ) ;
#3277 = PLANE ( 'NONE',  #7274 ) ;
#3278 = EDGE_CURVE ( 'NONE', #1509, #5855, #7762, .T. ) ;
#3279 = DIRECTION ( 'NONE',  ( 0.000000000000000000, 1.000000000000000000, 0.000000000000000000 ) ) ;
#3280 = PLANE ( 'NONE',  #2948 ) ;
#3281 = LINE ( 'NONE', #3402, #9667 ) ;
#3282 = FACE_OUTER_BOUND ( 'NONE', #47, .T. ) ;
#3283 = DIRECTION ( 'NONE',  ( -0.000000000000000000, 0.000000000000000000, 1.000000000000000000 ) ) ;
#3284 = STYLED_ITEM ( 'NONE', ( #7389 ), #6893 ) ;
#3285 = LINE ( 'NONE', #8829, #3602 ) ;
#3286 = ORIENTED_EDGE ( 'NONE', *, *, #9973, .F. ) ;
#3287 = ORIENTED_EDGE ( 'NONE', *, *, #8840, .T. ) ;
#3288 = UNCERTAINTY_MEASURE_WITH_UNIT (LENGTH_MEASURE( 1.000000000000000082E-05 ), #3405, 'distance_accuracy_value', 'NONE');
#3289 = AXIS2_PLACEMENT_3D ( 'NONE', #11882, #4329, #6340 ) ;
#3290 = CARTESIAN_POINT ( 'NONE',  ( -2.679360369118781726, 2.295341782195420954, 0.000000000000000000 ) ) ;
#3291 = ADVANCED_FACE ( 'NONE', ( #6649 ), #2988, .F. ) ;
#3292 = CARTESIAN_POINT ( 'NONE',  ( 4.800000000000000711, -4.768682383288472160, 1.000000000000000000 ) ) ;
#3293 = CARTESIAN_POINT ( 'NONE',  ( -3.629934648285827237, 2.295341782195420954, 0.000000000000000000 ) ) ;
#3294 = CYLINDRICAL_SURFACE ( 'NONE', #12039, 0.6205955535903713294 ) ;
#3295 =( NAMED_UNIT ( * ) PLANE_ANGLE_UNIT ( ) SI_UNIT ( $, .RADIAN. ) );
#3296 = CARTESIAN_POINT ( 'NONE',  ( -0.5000000000000026645, -5.999999999999997335, 1.200000000000000178 ) ) ;
#3297 = SURFACE_SIDE_STYLE ('',( #5298 ) ) ;
#3298 =( LENGTH_UNIT ( ) NAMED_UNIT ( * ) SI_UNIT ( .MILLI., .METRE. ) );
#3299 = FILL_AREA_STYLE ('',( #8044 ) ) ;
#3300 = ADVANCED_FACE ( 'NONE', ( #10368 ), #10547, .F. ) ;
#3301 = DIRECTION ( 'NONE',  ( 1.000000000000000000, -0.000000000000000000, -0.000000000000000000 ) ) ;
#3302 = VERTEX_POINT ( 'NONE', #6717 ) ;
#3303 = CIRCLE ( 'NONE', #10879, 0.6205955535903713294 ) ;
#3304 = ORIENTED_EDGE ( 'NONE', *, *, #10929, .T. ) ;
#3305 = CARTESIAN_POINT ( 'NONE',  ( 2.392975979834980560, -0.04278833808588946436, 1.399999999999999911 ) ) ;
#3306 = FACE_OUTER_BOUND ( 'NONE', #2059, .T. ) ;
#3307 = CARTESIAN_POINT ( 'NONE',  ( -0.06940444640962922795, -7.994982302604838331, 1.000000000000000000 ) ) ;
#3308 = SURFACE_STYLE_FILL_AREA ( #7891 ) ;
#3309 = ORIENTED_EDGE ( 'NONE', *, *, #6081, .T. ) ;
#3310 = AXIS2_PLACEMENT_3D ( 'NONE', #10562, #408, #6111 ) ;
#3311 = LINE ( 'NONE', #290, #2338 ) ;
#3312 =( NAMED_UNIT ( * ) PLANE_ANGLE_UNIT ( ) SI_UNIT ( $, .RADIAN. ) );
#3313 = DIRECTION ( 'NONE',  ( -0.000000000000000000, 0.000000000000000000, 1.000000000000000000 ) ) ;
#3314 = STYLED_ITEM ( 'NONE', ( #9672 ), #1041 ) ;
#3315 = VERTEX_POINT ( 'NONE', #5868 ) ;
#3316 = ORIENTED_EDGE ( 'NONE', *, *, #3991, .F. ) ;
#3317 = VECTOR ( 'NONE', #10053, 1000.000000000000000 ) ;
#3318 = PRESENTATION_STYLE_ASSIGNMENT (( #7957 ) ) ;
#3319 = ORIENTED_EDGE ( 'NONE', *, *, #6833, .T. ) ;
#3320 = EDGE_LOOP ( 'NONE', ( #9133, #10709, #1761, #11012 ) ) ;
#3321 = CARTESIAN_POINT ( 'NONE',  ( 4.800000000000000711, -4.768682383288472160, 1.600000000000000089 ) ) ;
#3322 = DIRECTION ( 'NONE',  ( 0.000000000000000000, 1.000000000000000000, 0.000000000000000000 ) ) ;
#3323 = ADVANCED_FACE ( 'NONE', ( #8718, #2017 ), #4819, .T. ) ;
#3324 = PRESENTATION_STYLE_ASSIGNMENT (( #474 ) ) ;
#3325 = SURFACE_STYLE_FILL_AREA ( #645 ) ;
#3326 = CYLINDRICAL_SURFACE ( 'NONE', #1827, 0.1494257208329542175 ) ;
#3327 = VERTEX_POINT ( 'NONE', #3056 ) ;
#3328 = EDGE_CURVE ( 'NONE', #11893, #9589, #6772, .T. ) ;
#3329 = ORIENTED_EDGE ( 'NONE', *, *, #8209, .T. ) ;
#3330 = MECHANICAL_DESIGN_GEOMETRIC_PRESENTATION_REPRESENTATION (  '', ( #4510 ), #2745 ) ;
#3331 = CARTESIAN_POINT ( 'NONE',  ( -1.285447166564339883, -0.6974844531661972269, 1.000000000000000000 ) ) ;
#3332 = PRESENTATION_LAYER_ASSIGNMENT (  '', '', ( #4707 ) ) ;
#3333 =( NAMED_UNIT ( * ) SI_UNIT ( $, .STERADIAN. ) SOLID_ANGLE_UNIT ( ) );
#3334 = ORIENTED_EDGE ( 'NONE', *, *, #6031, .F. ) ;
#3335 = CARTESIAN_POINT ( 'NONE',  ( -2.500000000000003109, -1.499999999999997335, 1.200000000000000178 ) ) ;
#3336 =( LENGTH_UNIT ( ) NAMED_UNIT ( * ) SI_UNIT ( .MILLI., .METRE. ) );
#3337 = SURFACE_STYLE_FILL_AREA ( #4259 ) ;
#3338 = FILL_AREA_STYLE_COLOUR ( '', #11444 ) ;
#3339 =( LENGTH_UNIT ( ) NAMED_UNIT ( * ) SI_UNIT ( .MILLI., .METRE. ) );
#3340 = VECTOR ( 'NONE', #5659, 1000.000000000000000 ) ;
#3341 = LINE ( 'NONE', #8944, #6531 ) ;
#3342 = FILL_AREA_STYLE ('',( #6198 ) ) ;
#3343 = DIRECTION ( 'NONE',  ( -0.000000000000000000, -0.000000000000000000, -1.000000000000000000 ) ) ;
#3344 = EDGE_CURVE ( 'NONE', #2497, #8081, #6320, .T. ) ;
#3345 = VERTEX_POINT ( 'NONE', #4939 ) ;
#3346 = ADVANCED_FACE ( 'NONE', ( #8661 ), #333, .F. ) ;
#3347 = ORIENTED_EDGE ( 'NONE', *, *, #6574, .T. ) ;
#3348 = STYLED_ITEM ( 'NONE', ( #10060 ), #9331 ) ;
#3349 = SURFACE_SIDE_STYLE ('',( #8100 ) ) ;
#3350 = CARTESIAN_POINT ( 'NONE',  ( 5.505872757806901774, 2.856906106631964093, 0.000000000000000000 ) ) ;
#3351 = DIRECTION ( 'NONE',  ( 0.000000000000000000, 0.000000000000000000, 1.000000000000000000 ) ) ;
#3352 = DIRECTION ( 'NONE',  ( -0.000000000000000000, -0.000000000000000000, -1.000000000000000000 ) ) ;
#3353 = DIRECTION ( 'NONE',  ( -0.000000000000000000, -1.000000000000000000, -0.000000000000000000 ) ) ;
#3354 = FILL_AREA_STYLE ('',( #5177 ) ) ;
#3355 =( NAMED_UNIT ( * ) SI_UNIT ( $, .STERADIAN. ) SOLID_ANGLE_UNIT ( ) );
#3356 = DIRECTION ( 'NONE',  ( -0.000000000000000000, -0.000000000000000000, -1.000000000000000000 ) ) ;
#3357 = DIRECTION ( 'NONE',  ( 0.000000000000000000, 0.000000000000000000, 1.000000000000000000 ) ) ;
#3358 = ORIENTED_EDGE ( 'NONE', *, *, #10673, .T. ) ;
#3359 = ORIENTED_EDGE ( 'NONE', *, *, #7036, .T. ) ;
#3360 =( LENGTH_UNIT ( ) NAMED_UNIT ( * ) SI_UNIT ( .MILLI., .METRE. ) );
#3361 = EDGE_CURVE ( 'NONE', #10735, #9763, #4386, .T. ) ;
#3362 = AXIS2_PLACEMENT_3D ( 'NONE', #4472, #4535, #2691 ) ;
#3363 = FILL_AREA_STYLE_COLOUR ( '', #11267 ) ;
#3364 = CYLINDRICAL_SURFACE ( 'NONE', #3253, 0.6205955535903713294 ) ;
#3365 = DIRECTION ( 'NONE',  ( -0.000000000000000000, -0.000000000000000000, -1.000000000000000000 ) ) ;
#3366 = ORIENTED_EDGE ( 'NONE', *, *, #1061, .F. ) ;
#3367 = DIRECTION ( 'NONE',  ( -0.000000000000000000, -0.000000000000000000, -1.000000000000000000 ) ) ;
#3368 = EDGE_CURVE ( 'NONE', #3270, #3457, #9689, .T. ) ;
#3369 = SURFACE_SIDE_STYLE ('',( #3492 ) ) ;
#3370 = PRESENTATION_STYLE_ASSIGNMENT (( #11710 ) ) ;
#3371 =( GEOMETRIC_REPRESENTATION_CONTEXT ( 3 ) GLOBAL_UNCERTAINTY_ASSIGNED_CONTEXT ( ( #3568 ) ) GLOBAL_UNIT_ASSIGNED_CONTEXT ( ( #10423, #4866, #3044 ) ) REPRESENTATION_CONTEXT ( 'NONE', 'WORKASPACE' ) );
#3372 = ORIENTED_EDGE ( 'NONE', *, *, #574, .T. ) ;
#3373 = MECHANICAL_DESIGN_GEOMETRIC_PRESENTATION_REPRESENTATION (  '', ( #1429 ), #98 ) ;
#3374 = ORIENTED_EDGE ( 'NONE', *, *, #10648, .F. ) ;
#3375 = EDGE_CURVE ( 'NONE', #8048, #3911, #10724, .T. ) ;
#3376 = VERTEX_POINT ( 'NONE', #10664 ) ;
#3377 = ORIENTED_EDGE ( 'NONE', *, *, #10633, .T. ) ;
#3378 = PLANE ( 'NONE',  #10200 ) ;
#3379 = ADVANCED_FACE ( 'NONE', ( #5175 ), #2487, .F. ) ;
#3380 = CARTESIAN_POINT ( 'NONE',  ( 5.300000000000000711, -2.268682383288471271, 1.700000000000000178 ) ) ;
#3381 = SURFACE_STYLE_USAGE ( .BOTH. , #6987 ) ;
#3382 = CARTESIAN_POINT ( 'NONE',  ( -5.192492299719079440, -3.188776141202243508, 1.399999999999999911 ) ) ;
#3383 = DIRECTION ( 'NONE',  ( 0.000000000000000000, 1.000000000000000000, -0.000000000000000000 ) ) ;
#3384 = VECTOR ( 'NONE', #9016, 1000.000000000000000 ) ;
#3385 = UNCERTAINTY_MEASURE_WITH_UNIT (LENGTH_MEASURE( 1.000000000000000082E-05 ), #11036, 'distance_accuracy_value', 'NONE');
#3386 = VERTEX_POINT ( 'NONE', #8954 ) ;
#3387 = EDGE_CURVE ( 'NONE', #4010, #4339, #7871, .T. ) ;
#3388 =( GEOMETRIC_REPRESENTATION_CONTEXT ( 3 ) GLOBAL_UNCERTAINTY_ASSIGNED_CONTEXT ( ( #9540 ) ) GLOBAL_UNIT_ASSIGNED_CONTEXT ( ( #9402, #11916, #6177 ) ) REPRESENTATION_CONTEXT ( 'NONE', 'WORKASPACE' ) );
#3389 = VECTOR ( 'NONE', #452, 1000.000000000000000 ) ;
#3390 = MECHANICAL_DESIGN_GEOMETRIC_PRESENTATION_REPRESENTATION (  '', ( #5943 ), #7090 ) ;
#3391 = ORIENTED_EDGE ( 'NONE', *, *, #10027, .F. ) ;
#3392 = ORIENTED_EDGE ( 'NONE', *, *, #7198, .T. ) ;
#3393 = PLANE ( 'NONE',  #9122 ) ;
#3394 = VECTOR ( 'NONE', #10106, 1000.000000000000000 ) ;
#3395 = MECHANICAL_DESIGN_GEOMETRIC_PRESENTATION_REPRESENTATION (  '', ( #4172 ), #9246 ) ;
#3396 = ORIENTED_EDGE ( 'NONE', *, *, #3688, .T. ) ;
#3397 = LINE ( 'NONE', #9910, #3179 ) ;
#3398 = LINE ( 'NONE', #8941, #3893 ) ;
#3399 =( GEOMETRIC_REPRESENTATION_CONTEXT ( 3 ) GLOBAL_UNCERTAINTY_ASSIGNED_CONTEXT ( ( #4964 ) ) GLOBAL_UNIT_ASSIGNED_CONTEXT ( ( #5616, #8361, #7321 ) ) REPRESENTATION_CONTEXT ( 'NONE', 'WORKASPACE' ) );
#3400 = VECTOR ( 'NONE', #10175, 1000.000000000000000 ) ;
#3401 = CARTESIAN_POINT ( 'NONE',  ( 0.000000000000000000, 5.496005818493205908, 1.100000000000000089 ) ) ;
#3402 = CARTESIAN_POINT ( 'NONE',  ( -3.500000000000003109, -1.999999999999997335, 1.000000000000000000 ) ) ;
#3403 = EDGE_CURVE ( 'NONE', #10040, #11602, #9998, .T. ) ;
#3404 = PRESENTATION_STYLE_ASSIGNMENT (( #1399 ) ) ;
#3405 =( LENGTH_UNIT ( ) NAMED_UNIT ( * ) SI_UNIT ( .MILLI., .METRE. ) );
#3406 = DIRECTION ( 'NONE',  ( 1.000000000000000000, -0.000000000000000000, -0.000000000000000000 ) ) ;
#3407 = TOROIDAL_SURFACE ( 'NONE', #4376, 0.4000000000000000222, 0.1000000000000000056 ) ;
#3408 = ORIENTED_EDGE ( 'NONE', *, *, #10816, .F. ) ;
#3409 = ORIENTED_EDGE ( 'NONE', *, *, #10136, .T. ) ;
#3410 = VECTOR ( 'NONE', #4795, 1000.000000000000000 ) ;
#3411 = UNCERTAINTY_MEASURE_WITH_UNIT (LENGTH_MEASURE( 1.000000000000000082E-05 ), #6455, 'distance_accuracy_value', 'NONE');
#3412 = SURFACE_STYLE_FILL_AREA ( #9078 ) ;
#3413 = EDGE_CURVE ( 'NONE', #10179, #10756, #4208, .T. ) ;
#3414 = ORIENTED_EDGE ( 'NONE', *, *, #1646, .T. ) ;
#3415 = SURFACE_STYLE_USAGE ( .BOTH. , #445 ) ;
#3416 = LINE ( 'NONE', #7129, #7386 ) ;
#3417 = CARTESIAN_POINT ( 'NONE',  ( 3.300000000000000711, -2.468682383288471449, 1.700000000000000178 ) ) ;
#3418 = CARTESIAN_POINT ( 'NONE',  ( -1.814552833435666201, -1.197484453166197227, 1.399999999999999911 ) ) ;
#3419 = DIRECTION ( 'NONE',  ( 1.000000000000000000, 0.000000000000000000, 0.000000000000000000 ) ) ;
#3420 = FILL_AREA_STYLE_COLOUR ( '', #3191 ) ;
#3421 = FACE_OUTER_BOUND ( 'NONE', #9171, .T. ) ;
#3422 = DIRECTION ( 'NONE',  ( 0.000000000000000000, 1.000000000000000000, 0.000000000000000000 ) ) ;
#3423 = PLANE ( 'NONE',  #10791 ) ;
#3424 = ORIENTED_EDGE ( 'NONE', *, *, #6994, .T. ) ;
#3425 = ORIENTED_EDGE ( 'NONE', *, *, #105, .T. ) ;
#3426 = PLANE ( 'NONE',  #9223 ) ;
#3427 = COLOUR_RGB ( '',0.7960784313725489669, 0.8235294117647058432, 0.9372549019607843146 ) ;
#3428 = DIRECTION ( 'NONE',  ( 1.000000000000000000, 0.000000000000000000, 0.000000000000000000 ) ) ;
#3429 = LINE ( 'NONE', #5188, #3485 ) ;
#3430 = FILL_AREA_STYLE ('',( #5368 ) ) ;
#3431 = DIRECTION ( 'NONE',  ( -0.000000000000000000, -0.000000000000000000, -1.000000000000000000 ) ) ;
#3432 = ORIENTED_EDGE ( 'NONE', *, *, #2557, .T. ) ;
#3433 = LINE ( 'NONE', #810, #6425 ) ;
#3434 = CARTESIAN_POINT ( 'NONE',  ( -0.000000000000000000, 2.147362469743642865, 1.000000000000000000 ) ) ;
#3435 = FACE_OUTER_BOUND ( 'NONE', #4874, .T. ) ;
#3436 = LINE ( 'NONE', #3495, #7027 ) ;
#3437 = EDGE_LOOP ( 'NONE', ( #10488, #11442, #1250, #9559 ) ) ;
#3438 = VECTOR ( 'NONE', #3279, 1000.000000000000000 ) ;
#3439 = EDGE_LOOP ( 'NONE', ( #8696, #9106, #8057, #10278, #2864, #2822, #7438, #7336 ) ) ;
#3440 = VECTOR ( 'NONE', #6882, 1000.000000000000000 ) ;
#3441 = FILL_AREA_STYLE ('',( #10805 ) ) ;
#3442 = EDGE_LOOP ( 'NONE', ( #1465, #5391, #7850, #1084 ) ) ;
#3443 = VECTOR ( 'NONE', #11357, 1000.000000000000000 ) ;
#3444 = ORIENTED_EDGE ( 'NONE', *, *, #2293, .F. ) ;
#3445 = DIRECTION ( 'NONE',  ( 0.000000000000000000, 0.000000000000000000, 1.000000000000000000 ) ) ;
#3446 = ADVANCED_FACE ( 'NONE', ( #7928 ), #5986, .F. ) ;
#3447 = LINE ( 'NONE', #11917, #10339 ) ;
#3448 = CARTESIAN_POINT ( 'NONE',  ( 3.300000000000001155, -5.068682383288471982, 1.700000000000000178 ) ) ;
#3449 = PLANE ( 'NONE',  #3149 ) ;
#3450 = DIRECTION ( 'NONE',  ( 0.000000000000000000, -0.000000000000000000, -1.000000000000000000 ) ) ;
#3451 = EDGE_LOOP ( 'NONE', ( #5878, #6619, #254, #11397 ) ) ;
#3452 = EDGE_CURVE ( 'NONE', #11928, #6454, #673, .T. ) ;
#3453 = AXIS2_PLACEMENT_3D ( 'NONE', #872, #9220, #4471 ) ;
#3454 = AXIS2_PLACEMENT_3D ( 'NONE', #812, #2695, #7211 ) ;
#3455 = ORIENTED_EDGE ( 'NONE', *, *, #9770, .F. ) ;
#3456 = EDGE_CURVE ( 'NONE', #8083, #11643, #9752, .T. ) ;
#3457 = VERTEX_POINT ( 'NONE', #11692 ) ;
#3458 = VECTOR ( 'NONE', #8040, 1000.000000000000000 ) ;
#3459 =( NAMED_UNIT ( * ) SI_UNIT ( $, .STERADIAN. ) SOLID_ANGLE_UNIT ( ) );
#3460 = DIRECTION ( 'NONE',  ( 0.000000000000000000, 1.000000000000000000, 0.000000000000000000 ) ) ;
#3461 = FACE_OUTER_BOUND ( 'NONE', #5375, .T. ) ;
#3462 = STYLED_ITEM ( 'NONE', ( #9193 ), #5431 ) ;
#3463 = EDGE_CURVE ( 'NONE', #8939, #10704, #1408, .T. ) ;
#3464 = CARTESIAN_POINT ( 'NONE',  ( -0.3299346482858271923, 2.295341782195420954, 0.000000000000000000 ) ) ;
#3465 = CARTESIAN_POINT ( 'NONE',  ( -1.714552833435666335, -0.6974844531661972269, 1.500000000000000000 ) ) ;
#3466 = LINE ( 'NONE', #11524, #2878 ) ;
#3467 = CARTESIAN_POINT ( 'NONE',  ( 0.5998991117761693914, 2.147362469743642865, 0.000000000000000000 ) ) ;
#3468 = ORIENTED_EDGE ( 'NONE', *, *, #4169, .F. ) ;
#3469 =( GEOMETRIC_REPRESENTATION_CONTEXT ( 3 ) GLOBAL_UNCERTAINTY_ASSIGNED_CONTEXT ( ( #6933 ) ) GLOBAL_UNIT_ASSIGNED_CONTEXT ( ( #1344, #3958, #6944 ) ) REPRESENTATION_CONTEXT ( 'NONE', 'WORKASPACE' ) );
#3470 = FACE_OUTER_BOUND ( 'NONE', #1846, .T. ) ;
#3471 = PRESENTATION_LAYER_ASSIGNMENT (  '', '', ( #5617 ) ) ;
#3472 = VERTEX_POINT ( 'NONE', #3350 ) ;
#3473 = ORIENTED_EDGE ( 'NONE', *, *, #4123, .T. ) ;
#3474 = CARTESIAN_POINT ( 'NONE',  ( -0.8500000000000026423, -5.999999999999997335, 1.200000000000000178 ) ) ;
#3475 =( NAMED_UNIT ( * ) SI_UNIT ( $, .STERADIAN. ) SOLID_ANGLE_UNIT ( ) );
#3476 = LINE ( 'NONE', #9020, #10943 ) ;
#3477 = PRESENTATION_STYLE_ASSIGNMENT (( #11750 ) ) ;
#3478 = VECTOR ( 'NONE', #1420, 1000.000000000000000 ) ;
#3479 = DIRECTION ( 'NONE',  ( 1.000000000000000000, 0.000000000000000000, 0.000000000000000000 ) ) ;
#3480 =( NAMED_UNIT ( * ) SI_UNIT ( $, .STERADIAN. ) SOLID_ANGLE_UNIT ( ) );
#3481 = CARTESIAN_POINT ( 'NONE',  ( -1.600000000000002975, -1.999999999999997335, 1.200000000000000178 ) ) ;
#3482 = ORIENTED_EDGE ( 'NONE', *, *, #2755, .F. ) ;
#3483 = VECTOR ( 'NONE', #10612, 1000.000000000000000 ) ;
#3484 = EDGE_LOOP ( 'NONE', ( #5710, #4425, #7924, #649 ) ) ;
#3485 = VECTOR ( 'NONE', #8970, 1000.000000000000000 ) ;
#3486 = DIRECTION ( 'NONE',  ( -0.000000000000000000, -0.000000000000000000, -1.000000000000000000 ) ) ;
#3487 = VECTOR ( 'NONE', #9532, 1000.000000000000000 ) ;
#3488 = SURFACE_SIDE_STYLE ('',( #10848 ) ) ;
#3489 = FACE_OUTER_BOUND ( 'NONE', #7351, .T. ) ;
#3490 = ORIENTED_EDGE ( 'NONE', *, *, #10424, .F. ) ;
#3491 = FACE_OUTER_BOUND ( 'NONE', #1467, .T. ) ;
#3492 = SURFACE_STYLE_FILL_AREA ( #10685 ) ;
#3493 = CARTESIAN_POINT ( 'NONE',  ( 5.705872757806901063, 2.856906106631964093, 1.100000000000000089 ) ) ;
#3494 = CIRCLE ( 'NONE', #1547, 0.5000000000000008882 ) ;
#3495 = CARTESIAN_POINT ( 'NONE',  ( -0.000000000000000000, 8.869867354517255720, 1.000000000000000000 ) ) ;
#3496 = ORIENTED_EDGE ( 'NONE', *, *, #9760, .F. ) ;
#3497 = ORIENTED_EDGE ( 'NONE', *, *, #2004, .F. ) ;
#3498 = VERTEX_POINT ( 'NONE', #8841 ) ;
#3499 = ADVANCED_FACE ( 'NONE', ( #7064 ), #10780, .T. ) ;
#3500 = STYLED_ITEM ( 'NONE', ( #8735 ), #7725 ) ;
#3501 = DIRECTION ( 'NONE',  ( -0.000000000000000000, 0.000000000000000000, 1.000000000000000000 ) ) ;
#3502 = ORIENTED_EDGE ( 'NONE', *, *, #592, .F. ) ;
#3503 = ORIENTED_EDGE ( 'NONE', *, *, #11515, .T. ) ;
#3504 = SURFACE_STYLE_USAGE ( .BOTH. , #4764 ) ;
#3505 = VECTOR ( 'NONE', #8645, 1000.000000000000000 ) ;
#3506 = DIRECTION ( 'NONE',  ( -0.000000000000000000, -0.000000000000000000, 1.000000000000000000 ) ) ;
#3507 = SURFACE_SIDE_STYLE ('',( #3325 ) ) ;
#3508 = LINE ( 'NONE', #2771, #9888 ) ;
#3509 = UNCERTAINTY_MEASURE_WITH_UNIT (LENGTH_MEASURE( 1.000000000000000082E-05 ), #5875, 'distance_accuracy_value', 'NONE');
#3510 = VERTEX_POINT ( 'NONE', #909 ) ;
#3511 = AXIS2_PLACEMENT_3D ( 'NONE', #5255, #3547, #10973 ) ;
#3512 = ADVANCED_FACE ( 'NONE', ( #8353 ), #1764, .F. ) ;
#3513 = EDGE_LOOP ( 'NONE', ( #5139, #7076, #10180, #7804 ) ) ;
#3514 = CARTESIAN_POINT ( 'NONE',  ( 5.505872757806901774, 2.856906106631964093, 1.100000000000000089 ) ) ;
#3515 = CARTESIAN_POINT ( 'NONE',  ( -3.499999999999996891, -3.549999999999997158, 1.000000000000000000 ) ) ;
#3516 = EDGE_CURVE ( 'NONE', #258, #9547, #2611, .T. ) ;
#3517 = ORIENTED_EDGE ( 'NONE', *, *, #2462, .T. ) ;
#3518 = CARTESIAN_POINT ( 'NONE',  ( 2.693302080695410439, 0.000000000000000000, 1.000000000000000000 ) ) ;
#3519 = VECTOR ( 'NONE', #7258, 1000.000000000000000 ) ;
#3520 = DIRECTION ( 'NONE',  ( -0.000000000000000000, 0.000000000000000000, 1.000000000000000000 ) ) ;
#3521 = FILL_AREA_STYLE ('',( #6391 ) ) ;
#3522 = APPLICATION_PROTOCOL_DEFINITION ( 'draft international standard', 'automotive_design', 1998, #2763 ) ;
#3523 = PRESENTATION_LAYER_ASSIGNMENT (  '', '', ( #7426 ) ) ;
#3524 = EDGE_LOOP ( 'NONE', ( #7814, #4502, #6733, #6752, #2223, #1937, #2966, #6187, #3444, #5026, #134, #11861, #281, #9457, #5023, #11067, #8729, #7757, #8167, #8565, #8688, #5788, #7220, #4486, #3896, #10341, #942, #6175, #548, #9999, #15, #5527, #464, #6976 ) ) ;
#3525 = ORIENTED_EDGE ( 'NONE', *, *, #4340, .F. ) ;
#3526 = STYLED_ITEM ( 'NONE', ( #4443 ), #2107 ) ;
#3527 =( LENGTH_UNIT ( ) NAMED_UNIT ( * ) SI_UNIT ( .MILLI., .METRE. ) );
#3528 = ORIENTED_EDGE ( 'NONE', *, *, #275, .F. ) ;
#3529 = AXIS2_PLACEMENT_3D ( 'NONE', #11251, #8459, #2906 ) ;
#3530 = CARTESIAN_POINT ( 'NONE',  ( 1.080000000000000737, -7.994982302604838331, 1.100000000000000089 ) ) ;
#3531 = DIRECTION ( 'NONE',  ( 1.000000000000000000, 0.000000000000000000, 0.000000000000000000 ) ) ;
#3532 = CARTESIAN_POINT ( 'NONE',  ( -4.858619850013732311, 2.147362469743642865, 0.000000000000000000 ) ) ;
#3533 = CARTESIAN_POINT ( 'NONE',  ( 2.392975979834980560, -0.6427883380858903095, 1.500000000000000000 ) ) ;
#3534 = DIRECTION ( 'NONE',  ( -0.000000000000000000, -0.000000000000000000, -1.000000000000000000 ) ) ;
#3535 =( LENGTH_UNIT ( ) NAMED_UNIT ( * ) SI_UNIT ( .MILLI., .METRE. ) );
#3536 = LINE ( 'NONE', #3662, #5143 ) ;
#3537 = LINE ( 'NONE', #2860, #9360 ) ;
#3538 = FILL_AREA_STYLE_COLOUR ( '', #11575 ) ;
#3539 = ORIENTED_EDGE ( 'NONE', *, *, #9878, .F. ) ;
#3540 = AXIS2_PLACEMENT_3D ( 'NONE', #11298, #5703, #3020 ) ;
#3541 = ORIENTED_EDGE ( 'NONE', *, *, #7032, .T. ) ;
#3542 = CARTESIAN_POINT ( 'NONE',  ( -1.579360369118781637, 2.295341782195420954, -29.20000000000000284 ) ) ;
#3543 = LINE ( 'NONE', #8054, #6018 ) ;
#3544 = DIRECTION ( 'NONE',  ( -1.000000000000000000, 0.000000000000000000, 0.000000000000000000 ) ) ;
#3545 = PRESENTATION_STYLE_ASSIGNMENT (( #9284 ) ) ;
#3546 = ORIENTED_EDGE ( 'NONE', *, *, #8682, .T. ) ;
#3547 = DIRECTION ( 'NONE',  ( -0.000000000000000000, 0.000000000000000000, 1.000000000000000000 ) ) ;
#3548 = DIRECTION ( 'NONE',  ( -0.000000000000000000, -0.000000000000000000, -1.000000000000000000 ) ) ;
#3549 = EDGE_CURVE ( 'NONE', #3625, #10851, #9985, .T. ) ;
#3550 = CARTESIAN_POINT ( 'NONE',  ( 0.4999999999999971689, -3.349999999999996980, 1.200000000000000178 ) ) ;
#3551 = EDGE_CURVE ( 'NONE', #6587, #6169, #7373, .T. ) ;
#3552 = ORIENTED_EDGE ( 'NONE', *, *, #3126, .F. ) ;
#3553 = ORIENTED_EDGE ( 'NONE', *, *, #9770, .T. ) ;
#3554 = ORIENTED_EDGE ( 'NONE', *, *, #8836, .F. ) ;
#3555 = VECTOR ( 'NONE', #2751, 1000.000000000000000 ) ;
#3556 =( NAMED_UNIT ( * ) PLANE_ANGLE_UNIT ( ) SI_UNIT ( $, .RADIAN. ) );
#3557 = SURFACE_SIDE_STYLE ('',( #886 ) ) ;
#3558 =( LENGTH_UNIT ( ) NAMED_UNIT ( * ) SI_UNIT ( .MILLI., .METRE. ) );
#3559 = ORIENTED_EDGE ( 'NONE', *, *, #3227, .F. ) ;
#3560 = ADVANCED_FACE ( 'NONE', ( #1649 ), #6339, .T. ) ;
#3561 = ORIENTED_EDGE ( 'NONE', *, *, #5991, .T. ) ;
#3562 =( NAMED_UNIT ( * ) PLANE_ANGLE_UNIT ( ) SI_UNIT ( $, .RADIAN. ) );
#3563 = CARTESIAN_POINT ( 'NONE',  ( 0.9999999999999933387, -3.899999999999997247, 1.000000000000000000 ) ) ;
#3564 = CARTESIAN_POINT ( 'NONE',  ( 2.392975979834980560, 0.000000000000000000, 1.399999999999999911 ) ) ;
#3565 = VECTOR ( 'NONE', #1475, 1000.000000000000000 ) ;
#3566 = DIRECTION ( 'NONE',  ( 0.000000000000000000, -0.000000000000000000, -1.000000000000000000 ) ) ;
#3567 = ORIENTED_EDGE ( 'NONE', *, *, #8890, .F. ) ;
#3568 = UNCERTAINTY_MEASURE_WITH_UNIT (LENGTH_MEASURE( 1.000000000000000082E-05 ), #10423, 'distance_accuracy_value', 'NONE');
#3569 = CIRCLE ( 'NONE', #653, 0.6205955535903713294 ) ;
#3570 = STYLED_ITEM ( 'NONE', ( #7173 ), #3781 ) ;
#3571 = AXIS2_PLACEMENT_3D ( 'NONE', #2113, #5841, #8574 ) ;
#3572 = LINE ( 'NONE', #652, #6396 ) ;
#3573 = ORIENTED_EDGE ( 'NONE', *, *, #8918, .F. ) ;
#3574 = VECTOR ( 'NONE', #788, 1000.000000000000000 ) ;
#3575 = ORIENTED_EDGE ( 'NONE', *, *, #3956, .F. ) ;
#3576 = CARTESIAN_POINT ( 'NONE',  ( -1.697642652873965874, 5.496005818493205908, 1.100000000000000089 ) ) ;
#3577 = DIRECTION ( 'NONE',  ( -1.000000000000000000, 0.000000000000000000, 0.000000000000000000 ) ) ;
#3578 = CARTESIAN_POINT ( 'NONE',  ( -5.313812213263914508, 2.147362469743642865, 1.100000000000000089 ) ) ;
#3579 = DIRECTION ( 'NONE',  ( 0.000000000000000000, 1.000000000000000000, 0.000000000000000000 ) ) ;
#3580 = CIRCLE ( 'NONE', #10396, 0.1494257208329542175 ) ;
#3581 = FACE_OUTER_BOUND ( 'NONE', #7994, .T. ) ;
#3582 = CARTESIAN_POINT ( 'NONE',  ( -4.639120910976532221E-18, -0.04278833808588920068, 1.500000000000000000 ) ) ;
#3583 =( LENGTH_UNIT ( ) NAMED_UNIT ( * ) SI_UNIT ( .MILLI., .METRE. ) );
#3584 = SURFACE_STYLE_FILL_AREA ( #5476 ) ;
#3585 = ORIENTED_EDGE ( 'NONE', *, *, #6358, .T. ) ;
#3586 = CARTESIAN_POINT ( 'NONE',  ( 2.799899111776169125, 2.147362469743642865, 1.000000000000000000 ) ) ;
#3587 = ORIENTED_EDGE ( 'NONE', *, *, #3837, .T. ) ;
#3588 = CIRCLE ( 'NONE', #5740, 0.6205955535903713294 ) ;
#3589 = PRESENTATION_LAYER_ASSIGNMENT (  '', '', ( #8849 ) ) ;
#3590 = PRESENTATION_LAYER_ASSIGNMENT (  '', '', ( #8659 ) ) ;
#3591 = VECTOR ( 'NONE', #8110, 1000.000000000000000 ) ;
#3592 = CARTESIAN_POINT ( 'NONE',  ( 3.000000000000000888, -2.268682383288471271, 1.000000000000000000 ) ) ;
#3593 = VERTEX_POINT ( 'NONE', #4014 ) ;
#3594 = SURFACE_SIDE_STYLE ('',( #5417 ) ) ;
#3595 = DIRECTION ( 'NONE',  ( -1.000000000000000000, 0.000000000000000000, 0.000000000000000000 ) ) ;
#3596 = CARTESIAN_POINT ( 'NONE',  ( 4.070065351714172941, 2.295341782195420954, 1.000000000000000000 ) ) ;
#3597 = DIRECTION ( 'NONE',  ( 0.000000000000000000, 0.000000000000000000, 1.000000000000000000 ) ) ;
#3598 = CARTESIAN_POINT ( 'NONE',  ( -5.302035936607397026, 8.469867354517257141, 1.000000000000000000 ) ) ;
#3599 = PRESENTATION_STYLE_ASSIGNMENT (( #7256 ) ) ;
#3600 = STYLED_ITEM ( 'NONE', ( #2627 ), #3275 ) ;
#3601 = CARTESIAN_POINT ( 'NONE',  ( -6.000000000000002665, 9.000000000000001776, 0.000000000000000000 ) ) ;
#3602 = VECTOR ( 'NONE', #11624, 1000.000000000000000 ) ;
#3603 = ORIENTED_EDGE ( 'NONE', *, *, #1982, .F. ) ;
#3604 = EDGE_CURVE ( 'NONE', #5039, #11102, #4864, .T. ) ;
#3605 = ORIENTED_EDGE ( 'NONE', *, *, #5379, .F. ) ;
#3606 = EDGE_CURVE ( 'NONE', #1726, #7493, #10957, .T. ) ;
#3607 = SURFACE_STYLE_USAGE ( .BOTH. , #1777 ) ;
#3608 = LINE ( 'NONE', #870, #6287 ) ;
#3609 =( LENGTH_UNIT ( ) NAMED_UNIT ( * ) SI_UNIT ( .MILLI., .METRE. ) );
#3610 = CARTESIAN_POINT ( 'NONE',  ( 3.200000000000001066, -2.568682383288471538, 1.700000000000000178 ) ) ;
#3611 = DIRECTION ( 'NONE',  ( 0.000000000000000000, -1.000000000000000000, 0.000000000000000000 ) ) ;
#3612 = LINE ( 'NONE', #5630, #457 ) ;
#3613 = ORIENTED_EDGE ( 'NONE', *, *, #10057, .T. ) ;
#3614 = CARTESIAN_POINT ( 'NONE',  ( -2.500000000000003109, -1.999999999999997335, 1.200000000000000178 ) ) ;
#3615 = LINE ( 'NONE', #5568, #10203 ) ;
#3616 = CYLINDRICAL_SURFACE ( 'NONE', #3454, 0.1494257208329539954 ) ;
#3617 = FILL_AREA_STYLE ('',( #8377 ) ) ;
#3618 = EDGE_CURVE ( 'NONE', #9164, #1739, #6297, .T. ) ;
#3619 = CARTESIAN_POINT ( 'NONE',  ( -0.000000000000000000, 2.147362469743642865, 1.000000000000000000 ) ) ;
#3620 = VERTEX_POINT ( 'NONE', #2065 ) ;
#3621 = EDGE_LOOP ( 'NONE', ( #1336, #3334, #3541, #11213 ) ) ;
#3622 = ADVANCED_FACE ( 'NONE', ( #9505 ), #1166, .F. ) ;
#3623 = CARTESIAN_POINT ( 'NONE',  ( -0.4793603691187813820, 2.295341782195420954, -29.20000000000000284 ) ) ;
#3624 = EDGE_LOOP ( 'NONE', ( #7359, #11212 ) ) ;
#3625 = VERTEX_POINT ( 'NONE', #8474 ) ;
#3626 = LINE ( 'NONE', #11851, #5532 ) ;
#3627 = ADVANCED_FACE ( 'NONE', ( #6579 ), #5671, .F. ) ;
#3628 = DIRECTION ( 'NONE',  ( 0.000000000000000000, -0.000000000000000000, 1.000000000000000000 ) ) ;
#3629 = PLANE ( 'NONE',  #7922 ) ;
#3630 = DIRECTION ( 'NONE',  ( 0.000000000000000000, 1.000000000000000000, 0.000000000000000000 ) ) ;
#3631 = VECTOR ( 'NONE', #4973, 1000.000000000000000 ) ;
#3632 = CARTESIAN_POINT ( 'NONE',  ( -1.600000000000002975, -1.499999999999997335, 1.000000000000000000 ) ) ;
#3633 = UNCERTAINTY_MEASURE_WITH_UNIT (LENGTH_MEASURE( 1.000000000000000082E-05 ), #8488, 'distance_accuracy_value', 'NONE');
#3634 = VERTEX_POINT ( 'NONE', #9382 ) ;
#3635 = CARTESIAN_POINT ( 'NONE',  ( -5.692492299719079440, -4.911223858797751696, 1.399999999999999911 ) ) ;
#3636 = AXIS2_PLACEMENT_3D ( 'NONE', #11058, #9176, #8270 ) ;
#3637 = DIRECTION ( 'NONE',  ( 1.000000000000000000, 0.000000000000000000, 0.000000000000000000 ) ) ;
#3638 = ORIENTED_EDGE ( 'NONE', *, *, #3278, .T. ) ;
#3639 = ORIENTED_EDGE ( 'NONE', *, *, #2198, .F. ) ;
#3640 = CARTESIAN_POINT ( 'NONE',  ( 0.000000000000000000, 0.000000000000000000, 1.500000000000000000 ) ) ;
#3641 = CARTESIAN_POINT ( 'NONE',  ( -4.016593218723101266, 1.550099785732223845, 1.000000000000000000 ) ) ;
#3642 = VECTOR ( 'NONE', #2801, 1000.000000000000000 ) ;
#3643 = LINE ( 'NONE', #11935, #11577 ) ;
#3644 = CARTESIAN_POINT ( 'NONE',  ( -0.5000000000000026645, -6.499999999999997335, 1.200000000000000178 ) ) ;
#3645 = VECTOR ( 'NONE', #2836, 1000.000000000000000 ) ;
#3646 = SURFACE_SIDE_STYLE ('',( #9978 ) ) ;
#3647 = MECHANICAL_DESIGN_GEOMETRIC_PRESENTATION_REPRESENTATION (  '', ( #8896 ), #12020 ) ;
#3648 = EDGE_LOOP ( 'NONE', ( #8690, #7524, #766, #3638 ) ) ;
#3649 = SURFACE_SIDE_STYLE ('',( #904 ) ) ;
#3650 = EDGE_LOOP ( 'NONE', ( #8020, #11284, #5044, #2969 ) ) ;
#3651 = EDGE_CURVE ( 'NONE', #11504, #5571, #7682, .T. ) ;
#3652 =( GEOMETRIC_REPRESENTATION_CONTEXT ( 3 ) GLOBAL_UNCERTAINTY_ASSIGNED_CONTEXT ( ( #40 ) ) GLOBAL_UNIT_ASSIGNED_CONTEXT ( ( #10434, #4881, #4821 ) ) REPRESENTATION_CONTEXT ( 'NONE', 'WORKASPACE' ) );
#3653 = ADVANCED_FACE ( 'NONE', ( #5792 ), #9450, .F. ) ;
#3654 = CARTESIAN_POINT ( 'NONE',  ( 3.292975979834980471, -0.6427883380858901985, 1.000000000000000000 ) ) ;
#3655 = ORIENTED_EDGE ( 'NONE', *, *, #6794, .F. ) ;
#3656 = CARTESIAN_POINT ( 'NONE',  ( -0.4793603691187813820, 2.295341782195420954, 1.000000000000000000 ) ) ;
#3657 = FACE_OUTER_BOUND ( 'NONE', #164, .T. ) ;
#3658 = DIRECTION ( 'NONE',  ( -1.000000000000000000, 0.000000000000000000, 0.000000000000000000 ) ) ;
#3659 = PLANE ( 'NONE',  #5708 ) ;
#3660 = CARTESIAN_POINT ( 'NONE',  ( -0.5001008882238309194, 2.147362469743642865, -29.20000000000000284 ) ) ;
#3661 = LINE ( 'NONE', #7379, #6952 ) ;
#3662 = CARTESIAN_POINT ( 'NONE',  ( -2.714552833435666113, 0.000000000000000000, 1.000000000000000000 ) ) ;
#3663 = DIRECTION ( 'NONE',  ( -0.000000000000000000, -0.000000000000000000, 1.000000000000000000 ) ) ;
#3664 = VECTOR ( 'NONE', #9813, 1000.000000000000000 ) ;
#3665 = DIRECTION ( 'NONE',  ( -0.000000000000000000, -1.000000000000000000, -0.000000000000000000 ) ) ;
#3666 = STYLED_ITEM ( 'NONE', ( #5419 ), #1494 ) ;
#3667 = ORIENTED_EDGE ( 'NONE', *, *, #8372, .F. ) ;
#3668 = COLOUR_RGB ( '',1.000000000000000000, 1.000000000000000000, 0.5019607843137254832 ) ;
#3669 = ORIENTED_EDGE ( 'NONE', *, *, #6574, .F. ) ;
#3670 = EDGE_CURVE ( 'NONE', #2829, #5765, #1943, .T. ) ;
#3671 = EDGE_CURVE ( 'NONE', #7165, #226, #10299, .T. ) ;
#3672 =( GEOMETRIC_REPRESENTATION_CONTEXT ( 3 ) GLOBAL_UNCERTAINTY_ASSIGNED_CONTEXT ( ( #2772 ) ) GLOBAL_UNIT_ASSIGNED_CONTEXT ( ( #2638, #3556, #6174 ) ) REPRESENTATION_CONTEXT ( 'NONE', 'WORKASPACE' ) );
#3673 = DIRECTION ( 'NONE',  ( 0.000000000000000000, -1.000000000000000000, 0.000000000000000000 ) ) ;
#3674 = DIRECTION ( 'NONE',  ( -0.000000000000000000, 0.000000000000000000, 1.000000000000000000 ) ) ;
#3675 = DIRECTION ( 'NONE',  ( -1.000000000000000000, 0.000000000000000000, 0.000000000000000000 ) ) ;
#3676 =( NAMED_UNIT ( * ) PLANE_ANGLE_UNIT ( ) SI_UNIT ( $, .RADIAN. ) );
#3677 = LINE ( 'NONE', #10971, #10375 ) ;
#3678 = ORIENTED_EDGE ( 'NONE', *, *, #11840, .T. ) ;
#3679 = EDGE_CURVE ( 'NONE', #11727, #9556, #2299, .T. ) ;
#3681 = AXIS2_PLACEMENT_3D ( 'NONE', #10156, #11793, #7171 ) ;
#3680 = DIRECTION ( 'NONE',  ( 1.000000000000000000, 0.000000000000000000, 0.000000000000000000 ) ) ;
#3682 = CARTESIAN_POINT ( 'NONE',  ( -2.150000000000003020, -5.999999999999997335, 1.200000000000000178 ) ) ;
#3683 =( LENGTH_UNIT ( ) NAMED_UNIT ( * ) SI_UNIT ( .MILLI., .METRE. ) );
#3684 = CARTESIAN_POINT ( 'NONE',  ( -3.928786089951735505, 2.295341782195420954, 0.000000000000000000 ) ) ;
#3685 = ORIENTED_EDGE ( 'NONE', *, *, #3192, .F. ) ;
#3686 =( GEOMETRIC_REPRESENTATION_CONTEXT ( 3 ) GLOBAL_UNCERTAINTY_ASSIGNED_CONTEXT ( ( #3633 ) ) GLOBAL_UNIT_ASSIGNED_CONTEXT ( ( #8488, #1050, #3857 ) ) REPRESENTATION_CONTEXT ( 'NONE', 'WORKASPACE' ) );
#3687 = VERTEX_POINT ( 'NONE', #8940 ) ;
#3688 = EDGE_CURVE ( 'NONE', #6645, #1218, #3397, .T. ) ;
#3689 = CARTESIAN_POINT ( 'NONE',  ( 2.392975979834980560, 0.4572116619141102234, 1.500000000000000000 ) ) ;
#3690 = FACE_OUTER_BOUND ( 'NONE', #4745, .T. ) ;
#3691 = LINE ( 'NONE', #11233, #4129 ) ;
#3692 = ORIENTED_EDGE ( 'NONE', *, *, #8503, .T. ) ;
#3693 = MECHANICAL_DESIGN_GEOMETRIC_PRESENTATION_REPRESENTATION (  '', ( #4072 ), #8166 ) ;
#3694 = DIRECTION ( 'NONE',  ( -1.000000000000000000, 0.000000000000000000, -0.000000000000000000 ) ) ;
#3695 =( NAMED_UNIT ( * ) PLANE_ANGLE_UNIT ( ) SI_UNIT ( $, .RADIAN. ) );
#3696 = DIRECTION ( 'NONE',  ( 0.000000000000000000, 0.000000000000000000, 1.000000000000000000 ) ) ;
#3697 = ORIENTED_EDGE ( 'NONE', *, *, #620, .F. ) ;
#3698 =( GEOMETRIC_REPRESENTATION_CONTEXT ( 3 ) GLOBAL_UNCERTAINTY_ASSIGNED_CONTEXT ( ( #9839 ) ) GLOBAL_UNIT_ASSIGNED_CONTEXT ( ( #5794, #5729, #7858 ) ) REPRESENTATION_CONTEXT ( 'NONE', 'WORKASPACE' ) );
#3699 = FILL_AREA_STYLE ('',( #892 ) ) ;
#3700 = CARTESIAN_POINT ( 'NONE',  ( -3.500000000000003109, -1.999999999999997335, 1.000000000000000000 ) ) ;
#3701 = ORIENTED_EDGE ( 'NONE', *, *, #8943, .F. ) ;
#3702 = ORIENTED_EDGE ( 'NONE', *, *, #1561, .T. ) ;
#3703 = FACE_BOUND ( 'NONE', #3809, .T. ) ;
#3704 = VECTOR ( 'NONE', #276, 1000.000000000000000 ) ;
#3705 = DIRECTION ( 'NONE',  ( -0.000000000000000000, -0.000000000000000000, -1.000000000000000000 ) ) ;
#3706 =( LENGTH_UNIT ( ) NAMED_UNIT ( * ) SI_UNIT ( .MILLI., .METRE. ) );
#3707 = DIRECTION ( 'NONE',  ( 0.000000000000000000, -0.000000000000000000, 1.000000000000000000 ) ) ;
#3708 =( LENGTH_UNIT ( ) NAMED_UNIT ( * ) SI_UNIT ( .MILLI., .METRE. ) );
#3709 = EDGE_CURVE ( 'NONE', #3068, #3948, #8759, .T. ) ;
#3710 =( GEOMETRIC_REPRESENTATION_CONTEXT ( 3 ) GLOBAL_UNCERTAINTY_ASSIGNED_CONTEXT ( ( #5745 ) ) GLOBAL_UNIT_ASSIGNED_CONTEXT ( ( #3213, #5160, #3333 ) ) REPRESENTATION_CONTEXT ( 'NONE', 'WORKASPACE' ) );
#3711 = ORIENTED_EDGE ( 'NONE', *, *, #4831, .F. ) ;
#3712 = FILL_AREA_STYLE ('',( #1818 ) ) ;
#3713 = EDGE_LOOP ( 'NONE', ( #7236, #3868, #9588, #4009 ) ) ;
#3714 = SURFACE_STYLE_FILL_AREA ( #2917 ) ;
#3715 = VERTEX_POINT ( 'NONE', #7117 ) ;
#3716 = LINE ( 'NONE', #5485, #6803 ) ;
#3717 = FILL_AREA_STYLE_COLOUR ( '', #11628 ) ;
#3718 = SURFACE_STYLE_FILL_AREA ( #31 ) ;
#3719 = DIRECTION ( 'NONE',  ( 1.000000000000000000, 0.000000000000000000, 0.000000000000000000 ) ) ;
#3720 = EDGE_CURVE ( 'NONE', #6691, #10720, #10765, .T. ) ;
#3721 = SURFACE_STYLE_FILL_AREA ( #5356 ) ;
#3722 = VECTOR ( 'NONE', #3992, 1000.000000000000000 ) ;
#3723 = DIRECTION ( 'NONE',  ( 1.000000000000000000, 0.000000000000000000, 0.000000000000000000 ) ) ;
#3724 = LINE ( 'NONE', #11090, #3519 ) ;
#3725 = LINE ( 'NONE', #8300, #5332 ) ;
#3726 = ADVANCED_FACE ( 'NONE', ( #6077 ), #5105, .T. ) ;
#3727 = EDGE_LOOP ( 'NONE', ( #6255, #5848, #4605, #5145 ) ) ;
#3728 = COLOUR_RGB ( '',0.9882352941176471006, 0.7372549019607843590, 0.5176470588235293491 ) ;
#3729 = ORIENTED_EDGE ( 'NONE', *, *, #6089, .T. ) ;
#3730 = VECTOR ( 'NONE', #7056, 1000.000000000000000 ) ;
#3731 = SURFACE_STYLE_USAGE ( .BOTH. , #10367 ) ;
#3732 = PLANE ( 'NONE',  #10600 ) ;
#3733 = DIRECTION ( 'NONE',  ( 0.000000000000000000, 1.000000000000000000, -0.000000000000000000 ) ) ;
#3734 = FACE_OUTER_BOUND ( 'NONE', #10692, .T. ) ;
#3735 = CARTESIAN_POINT ( 'NONE',  ( 4.389999999999999680, -7.994982302604838331, 1.100000000000000089 ) ) ;
#3736 = ORIENTED_EDGE ( 'NONE', *, *, #1842, .T. ) ;
#3737 = PRESENTATION_LAYER_ASSIGNMENT (  '', '', ( #10353 ) ) ;
#3738 = CARTESIAN_POINT ( 'NONE',  ( -1.950000000000002842, -6.499999999999997335, 1.000000000000000000 ) ) ;
#3739 = CARTESIAN_POINT ( 'NONE',  ( 0.000000000000000000, 0.000000000000000000, 1.500000000000000000 ) ) ;
#3740 = DIRECTION ( 'NONE',  ( -0.000000000000000000, 0.000000000000000000, -1.000000000000000000 ) ) ;
#3741 = CARTESIAN_POINT ( 'NONE',  ( -0.6287860899517355717, 2.295341782195420954, 0.000000000000000000 ) ) ;
#3742 = EDGE_CURVE ( 'NONE', #4756, #11893, #9615, .T. ) ;
#3743 = VERTEX_POINT ( 'NONE', #7916 ) ;
#3744 = ORIENTED_EDGE ( 'NONE', *, *, #2377, .T. ) ;
#3745 = EDGE_CURVE ( 'NONE', #10298, #1388, #11355, .T. ) ;
#3746 = MECHANICAL_DESIGN_GEOMETRIC_PRESENTATION_REPRESENTATION (  '', ( #3348 ), #9001 ) ;
#3747 = SURFACE_SIDE_STYLE ('',( #59 ) ) ;
#3748 = FACE_BOUND ( 'NONE', #11712, .T. ) ;
#3749 = SURFACE_SIDE_STYLE ('',( #10081 ) ) ;
#3750 = ORIENTED_EDGE ( 'NONE', *, *, #5570, .T. ) ;
#3751 = CARTESIAN_POINT ( 'NONE',  ( 2.425948166299673581, 2.856906106631964093, 1.100000000000000089 ) ) ;
#3752 = DIRECTION ( 'NONE',  ( -0.000000000000000000, 1.000000000000000000, -0.000000000000000000 ) ) ;
#3753 = CYLINDRICAL_SURFACE ( 'NONE', #11709, 0.1000000000000000472 ) ;
#3754 = UNCERTAINTY_MEASURE_WITH_UNIT (LENGTH_MEASURE( 1.000000000000000082E-05 ), #10150, 'distance_accuracy_value', 'NONE');
#3755 = VERTEX_POINT ( 'NONE', #7052 ) ;
#3756 = VECTOR ( 'NONE', #5684, 1000.000000000000000 ) ;
#3757 = EDGE_CURVE ( 'NONE', #996, #187, #7857, .T. ) ;
#3758 = CARTESIAN_POINT ( 'NONE',  ( 0.7544731550261016828, -2.289077535132158836, 1.500000000000000000 ) ) ;
#3759 = FACE_OUTER_BOUND ( 'NONE', #9938, .T. ) ;
#3760 = ADVANCED_FACE ( 'NONE', ( #11564 ), #4257, .F. ) ;
#3761 = ORIENTED_EDGE ( 'NONE', *, *, #234, .T. ) ;
#3762 = ORIENTED_EDGE ( 'NONE', *, *, #7047, .T. ) ;
#3763 = AXIS2_PLACEMENT_3D ( 'NONE', #1725, #11967, #1665 ) ;
#3764 = SURFACE_SIDE_STYLE ('',( #7305 ) ) ;
#3765 = ADVANCED_FACE ( 'NONE', ( #11617 ), #3277, .F. ) ;
#3766 = DIRECTION ( 'NONE',  ( -0.000000000000000000, -0.000000000000000000, 1.000000000000000000 ) ) ;
#3767 = CARTESIAN_POINT ( 'NONE',  ( 0.6206396308812188733, 2.295341782195420954, 1.000000000000000000 ) ) ;
#3768 = CARTESIAN_POINT ( 'NONE',  ( 0.000000000000000000, 5.496005818493205908, 1.100000000000000089 ) ) ;
#3769 = CARTESIAN_POINT ( 'NONE',  ( 0.4999999999999973910, -4.449999999999997513, 1.000000000000000000 ) ) ;
#3770 = VECTOR ( 'NONE', #2490, 1000.000000000000000 ) ;
#3771 = EDGE_LOOP ( 'NONE', ( #53, #7413, #1064, #8444 ) ) ;
#3772 = ORIENTED_EDGE ( 'NONE', *, *, #268, .T. ) ;
#3773 = VERTEX_POINT ( 'NONE', #3335 ) ;
#3774 = CIRCLE ( 'NONE', #10945, 0.6205955535903713294 ) ;
#3775 = AXIS2_PLACEMENT_3D ( 'NONE', #7430, #5351, #790 ) ;
#3776 = LINE ( 'NONE', #5544, #10325 ) ;
#3777 = EDGE_CURVE ( 'NONE', #1499, #7617, #9846, .T. ) ;
#3778 = ORIENTED_EDGE ( 'NONE', *, *, #1803, .T. ) ;
#3779 = DIRECTION ( 'NONE',  ( -0.000000000000000000, 0.000000000000000000, 1.000000000000000000 ) ) ;
#3780 = DIRECTION ( 'NONE',  ( -0.000000000000000000, 1.000000000000000000, -0.000000000000000000 ) ) ;
#3781 = ADVANCED_FACE ( 'NONE', ( #4438 ), #5528, .F. ) ;
#3782 = VECTOR ( 'NONE', #4621, 1000.000000000000000 ) ;
#3783 = VECTOR ( 'NONE', #12034, 1000.000000000000000 ) ;
#3784 = SURFACE_STYLE_USAGE ( .BOTH. , #4749 ) ;
#3785 = VECTOR ( 'NONE', #4293, 1000.000000000000000 ) ;
#3786 = EDGE_CURVE ( 'NONE', #8987, #5765, #11930, .T. ) ;
#3787 = SURFACE_SIDE_STYLE ('',( #1228 ) ) ;
#3788 = CARTESIAN_POINT ( 'NONE',  ( 0.000000000000000000, 8.869867354517255720, 1.100000000000000089 ) ) ;
#3789 =( LENGTH_UNIT ( ) NAMED_UNIT ( * ) SI_UNIT ( .MILLI., .METRE. ) );
#3790 = CARTESIAN_POINT ( 'NONE',  ( -3.500000000000000888, -4.649999999999996803, 1.000000000000000000 ) ) ;
#3791 = ORIENTED_EDGE ( 'NONE', *, *, #11711, .T. ) ;
#3792 = VECTOR ( 'NONE', #9115, 1000.000000000000000 ) ;
#3793 = AXIS2_PLACEMENT_3D ( 'NONE', #5759, #10500, #3921 ) ;
#3794 = ORIENTED_EDGE ( 'NONE', *, *, #8586, .F. ) ;
#3795 = MECHANICAL_DESIGN_GEOMETRIC_PRESENTATION_REPRESENTATION (  '', ( #484 ), #4567 ) ;
#3796 = UNCERTAINTY_MEASURE_WITH_UNIT (LENGTH_MEASURE( 1.000000000000000082E-05 ), #2541, 'distance_accuracy_value', 'NONE');
#3797 = ADVANCED_FACE ( 'NONE', ( #896, #3703 ), #11068, .T. ) ;
#3798 = SURFACE_STYLE_USAGE ( .BOTH. , #4595 ) ;
#3799 = PRESENTATION_STYLE_ASSIGNMENT (( #929 ) ) ;
#3800 = FILL_AREA_STYLE ('',( #2868 ) ) ;
#3801 = FILL_AREA_STYLE_COLOUR ( '', #8545 ) ;
#3802 = VECTOR ( 'NONE', #11647, 1000.000000000000000 ) ;
#3803 = DIRECTION ( 'NONE',  ( 0.000000000000000000, 0.000000000000000000, 1.000000000000000000 ) ) ;
#3804 = CYLINDRICAL_SURFACE ( 'NONE', #4495, 0.1000000000000000472 ) ;
#3805 =( NAMED_UNIT ( * ) PLANE_ANGLE_UNIT ( ) SI_UNIT ( $, .RADIAN. ) );
#3806 = CIRCLE ( 'NONE', #7697, 0.1000000000000002554 ) ;
#3807 = DIRECTION ( 'NONE',  ( 0.000000000000000000, 0.000000000000000000, 1.000000000000000000 ) ) ;
#3808 = DIRECTION ( 'NONE',  ( -0.000000000000000000, -0.000000000000000000, -1.000000000000000000 ) ) ;
#3809 = EDGE_LOOP ( 'NONE', ( #3894, #3928, #11563, #9546, #9040, #1759, #5839, #4619 ) ) ;
#3810 = ADVANCED_FACE ( 'NONE', ( #6322 ), #10932, .F. ) ;
#3811 = COLOUR_RGB ( '',1.000000000000000000, 1.000000000000000000, 1.000000000000000000 ) ;
#3812 = ORIENTED_EDGE ( 'NONE', *, *, #7723, .T. ) ;
#3813 = AXIS2_PLACEMENT_3D ( 'NONE', #7243, #9073, #725 ) ;
#3814 = STYLED_ITEM ( 'NONE', ( #4134 ), #11110 ) ;
#3816 = ADVANCED_FACE ( 'NONE', ( #11129 ), #775, .F. ) ;
#3815 = FILL_AREA_STYLE_COLOUR ( '', #10308 ) ;
#3817 =( NAMED_UNIT ( * ) PLANE_ANGLE_UNIT ( ) SI_UNIT ( $, .RADIAN. ) );
#3818 = ORIENTED_EDGE ( 'NONE', *, *, #1319, .F. ) ;
#3819 = CARTESIAN_POINT ( 'NONE',  ( 4.800000000000000711, -2.768682383288471271, 1.000000000000000000 ) ) ;
#3820 = CARTESIAN_POINT ( 'NONE',  ( -1.697642652873964986, -2.475687358074928420E-16, 1.100000000000000089 ) ) ;
#3821 = DIRECTION ( 'NONE',  ( -0.000000000000000000, -0.000000000000000000, -1.000000000000000000 ) ) ;
#3822 = ORIENTED_EDGE ( 'NONE', *, *, #68, .F. ) ;
#3823 = CARTESIAN_POINT ( 'NONE',  ( 3.200000000000001066, -2.468682383288471449, 1.700000000000000178 ) ) ;
#3824 = ORIENTED_EDGE ( 'NONE', *, *, #4176, .T. ) ;
#3825 = ORIENTED_EDGE ( 'NONE', *, *, #1883, .F. ) ;
#3826 = CARTESIAN_POINT ( 'NONE',  ( 3.500000000000001332, -4.768682383288472160, 1.600000000000000089 ) ) ;
#3827 = CARTESIAN_POINT ( 'NONE',  ( 2.245494030506276051, 2.856906106631964093, -1.899999999999999911 ) ) ;
#3828 = PRESENTATION_STYLE_ASSIGNMENT (( #1809 ) ) ;
#3829 = ADVANCED_FACE ( 'NONE', ( #960 ), #11947, .T. ) ;
#3830 = CARTESIAN_POINT ( 'NONE',  ( -4.102035936607395961, 0.000000000000000000, 1.100000000000000089 ) ) ;
#3831 =( NAMED_UNIT ( * ) SI_UNIT ( $, .STERADIAN. ) SOLID_ANGLE_UNIT ( ) );
#3832 = CARTESIAN_POINT ( 'NONE',  ( -5.692492299719079440, -3.188776141202243508, 1.399999999999999911 ) ) ;
#3833 = ORIENTED_EDGE ( 'NONE', *, *, #2140, .F. ) ;
#3834 = ORIENTED_EDGE ( 'NONE', *, *, #5007, .T. ) ;
#3835 = AXIS2_PLACEMENT_3D ( 'NONE', #10637, #2460, #4113 ) ;
#3836 = ORIENTED_EDGE ( 'NONE', *, *, #5578, .F. ) ;
#3837 = EDGE_CURVE ( 'NONE', #7806, #8008, #11190, .T. ) ;
#3838 = ORIENTED_EDGE ( 'NONE', *, *, #8852, .F. ) ;
#3839 = DIRECTION ( 'NONE',  ( -1.000000000000000000, 0.000000000000000000, 0.000000000000000000 ) ) ;
#3840 = AXIS2_PLACEMENT_3D ( 'NONE', #10657, #5282, #8155 ) ;
#3841 = CARTESIAN_POINT ( 'NONE',  ( -1.600000000000002975, -6.499999999999997335, 1.000000000000000000 ) ) ;
#3842 = SURFACE_STYLE_FILL_AREA ( #1032 ) ;
#3843 = LINE ( 'NONE', #206, #5514 ) ;
#3844 = LINE ( 'NONE', #4750, #9684 ) ;
#3845 = PRESENTATION_LAYER_ASSIGNMENT (  '', '', ( #4231 ) ) ;
#3846 = CARTESIAN_POINT ( 'NONE',  ( -4.516593218723101266, 1.550099785732223845, 1.399999999999999911 ) ) ;
#3847 = PLANE ( 'NONE',  #6916 ) ;
#3848 = DIRECTION ( 'NONE',  ( 1.000000000000000000, 0.000000000000000000, 0.000000000000000000 ) ) ;
#3849 = PLANE ( 'NONE',  #11384 ) ;
#3850 = ORIENTED_EDGE ( 'NONE', *, *, #10198, .T. ) ;
#3851 = COLOUR_RGB ( '',1.000000000000000000, 1.000000000000000000, 0.000000000000000000 ) ;
#3852 = VERTEX_POINT ( 'NONE', #8631 ) ;
#3853 = PRESENTATION_LAYER_ASSIGNMENT (  '', '', ( #2099 ) ) ;
#3854 = FACE_OUTER_BOUND ( 'NONE', #5271, .T. ) ;
#3855 = LINE ( 'NONE', #6534, #6494 ) ;
#3856 =( NAMED_UNIT ( * ) PLANE_ANGLE_UNIT ( ) SI_UNIT ( $, .RADIAN. ) );
#3857 =( NAMED_UNIT ( * ) SI_UNIT ( $, .STERADIAN. ) SOLID_ANGLE_UNIT ( ) );
#3858 = LINE ( 'NONE', #4762, #4234 ) ;
#3859 = EDGE_CURVE ( 'NONE', #2542, #10393, #1210, .T. ) ;
#3860 = CARTESIAN_POINT ( 'NONE',  ( -4.000000000000000000, -4.099999999999996980, 1.000000000000000000 ) ) ;
#3861 = PRESENTATION_STYLE_ASSIGNMENT (( #337 ) ) ;
#3862 = CARTESIAN_POINT ( 'NONE',  ( 0.4999999999999976130, -5.199999999999997513, 1.000000000000000000 ) ) ;
#3863 = VECTOR ( 'NONE', #9082, 1000.000000000000000 ) ;
#3864 =( NAMED_UNIT ( * ) PLANE_ANGLE_UNIT ( ) SI_UNIT ( $, .RADIAN. ) );
#3865 = FACE_OUTER_BOUND ( 'NONE', #11528, .T. ) ;
#3866 = STYLED_ITEM ( 'NONE', ( #4305 ), #5798 ) ;
#3867 = SURFACE_STYLE_USAGE ( .BOTH. , #1853 ) ;
#3868 = ORIENTED_EDGE ( 'NONE', *, *, #6336, .F. ) ;
#3869 = ORIENTED_EDGE ( 'NONE', *, *, #1993, .F. ) ;
#3870 = VECTOR ( 'NONE', #885, 1000.000000000000000 ) ;
#3871 = CARTESIAN_POINT ( 'NONE',  ( -2.150000000000003020, -6.499999999999997335, 1.000000000000000000 ) ) ;
#3872 = FACE_BOUND ( 'NONE', #10733, .T. ) ;
#3873 = EDGE_LOOP ( 'NONE', ( #12037, #5785, #10984, #9295 ) ) ;
#3874 = LINE ( 'NONE', #6323, #4675 ) ;
#3875 = CARTESIAN_POINT ( 'NONE',  ( 0.000000000000000000, -1.389077535132158481, 1.500000000000000000 ) ) ;
#3876 = FILL_AREA_STYLE ('',( #8508 ) ) ;
#3877 = AXIS2_PLACEMENT_3D ( 'NONE', #5563, #8368, #1958 ) ;
#3878 = DIRECTION ( 'NONE',  ( 1.000000000000000000, 0.000000000000000000, 0.000000000000000000 ) ) ;
#3879 = UNCERTAINTY_MEASURE_WITH_UNIT (LENGTH_MEASURE( 1.000000000000000082E-05 ), #2009, 'distance_accuracy_value', 'NONE');
#3880 = ORIENTED_EDGE ( 'NONE', *, *, #9922, .F. ) ;
#3881 = EDGE_CURVE ( 'NONE', #8363, #9683, #4001, .T. ) ;
#3882 = MECHANICAL_DESIGN_GEOMETRIC_PRESENTATION_REPRESENTATION (  '', ( #11265 ), #11847 ) ;
#3883 = FACE_OUTER_BOUND ( 'NONE', #11202, .T. ) ;
#3884 = PLANE ( 'NONE',  #8894 ) ;
#3885 = EDGE_LOOP ( 'NONE', ( #3006, #11329, #7127, #10531 ) ) ;
#3886 = VERTEX_POINT ( 'NONE', #2903 ) ;
#3887 = CARTESIAN_POINT ( 'NONE',  ( 3.889999999999998792, -7.994982302604838331, 0.000000000000000000 ) ) ;
#3888 = FACE_OUTER_BOUND ( 'NONE', #5636, .T. ) ;
#3889 = CARTESIAN_POINT ( 'NONE',  ( 0.07999999999999890532, -7.994982302604838331, 1.100000000000000089 ) ) ;
#3890 = DIRECTION ( 'NONE',  ( 1.000000000000000000, 0.000000000000000000, 0.000000000000000000 ) ) ;
#3891 = CARTESIAN_POINT ( 'NONE',  ( -0.2854471665643398826, -1.197484453166197227, 1.500000000000000000 ) ) ;
#3892 = LINE ( 'NONE', #10409, #11630 ) ;
#3893 = VECTOR ( 'NONE', #2474, 1000.000000000000000 ) ;
#3894 = ORIENTED_EDGE ( 'NONE', *, *, #8220, .F. ) ;
#3895 = ORIENTED_EDGE ( 'NONE', *, *, #4220, .F. ) ;
#3896 = ORIENTED_EDGE ( 'NONE', *, *, #1576, .T. ) ;
#3897 = EDGE_CURVE ( 'NONE', #5944, #10231, #9432, .T. ) ;
#3898 = MECHANICAL_DESIGN_GEOMETRIC_PRESENTATION_REPRESENTATION (  '', ( #5835 ), #3698 ) ;
#3899 = ADVANCED_FACE ( 'NONE', ( #3941 ), #8456, .F. ) ;
#3900 = ORIENTED_EDGE ( 'NONE', *, *, #888, .F. ) ;
#3901 = DIRECTION ( 'NONE',  ( 1.000000000000000000, 0.000000000000000000, 0.000000000000000000 ) ) ;
#3902 = PRESENTATION_STYLE_ASSIGNMENT (( #2066 ) ) ;
#3903 = LINE ( 'NONE', #87, #7758 ) ;
#3904 = FACE_OUTER_BOUND ( 'NONE', #10073, .T. ) ;
#3905 = CARTESIAN_POINT ( 'NONE',  ( -1.050000000000002709, -1.999999999999997335, 1.000000000000000000 ) ) ;
#3906 = SURFACE_STYLE_FILL_AREA ( #1104 ) ;
#3907 = CARTESIAN_POINT ( 'NONE',  ( 0.000000000000000000, -2.389077535132158481, 1.000000000000000000 ) ) ;
#3908 = SURFACE_STYLE_USAGE ( .BOTH. , #8655 ) ;
#3909 = EDGE_LOOP ( 'NONE', ( #4772, #4959, #1483, #5958 ) ) ;
#3910 = CIRCLE ( 'NONE', #8756, 0.1804541357933973911 ) ;
#3911 = VERTEX_POINT ( 'NONE', #9720 ) ;
#3912 = CIRCLE ( 'NONE', #8772, 0.1494257208329539954 ) ;
#3913 = FILL_AREA_STYLE_COLOUR ( '', #7563 ) ;
#3914 = PRESENTATION_STYLE_ASSIGNMENT (( #11518 ) ) ;
#3915 = CARTESIAN_POINT ( 'NONE',  ( 1.720639630881218185, 2.295341782195420954, 1.000000000000000000 ) ) ;
#3916 = SURFACE_STYLE_FILL_AREA ( #5935 ) ;
#3917 = CARTESIAN_POINT ( 'NONE',  ( -1.950000000000002842, -1.999999999999997335, 1.000000000000000000 ) ) ;
#3918 = DIRECTION ( 'NONE',  ( 0.000000000000000000, -0.000000000000000000, -1.000000000000000000 ) ) ;
#3919 = LINE ( 'NONE', #5634, #7760 ) ;
#3920 = AXIS2_PLACEMENT_3D ( 'NONE', #779, #4507, #10937 ) ;
#3921 = DIRECTION ( 'NONE',  ( 0.000000000000000000, -0.000000000000000000, 1.000000000000000000 ) ) ;
#3922 = EDGE_LOOP ( 'NONE', ( #5198, #3269, #10804, #5378 ) ) ;
#3923 = COLOUR_RGB ( '',1.000000000000000000, 1.000000000000000000, 0.000000000000000000 ) ;
#3924 = ORIENTED_EDGE ( 'NONE', *, *, #11516, .F. ) ;
#3925 = CARTESIAN_POINT ( 'NONE',  ( -2.150000000000003464, -1.999999999999997335, 1.200000000000000178 ) ) ;
#3926 = FACE_BOUND ( 'NONE', #2791, .T. ) ;
#3927 = CARTESIAN_POINT ( 'NONE',  ( -0.000000000000000000, 2.147362469743642865, 0.000000000000000000 ) ) ;
#3928 = ORIENTED_EDGE ( 'NONE', *, *, #5049, .T. ) ;
#3929 = SURFACE_STYLE_FILL_AREA ( #9355 ) ;
#3930 = CIRCLE ( 'NONE', #10734, 0.5000000000000000000 ) ;
#3931 = ADVANCED_FACE ( 'NONE', ( #6063 ), #2399, .F. ) ;
#3932 = CARTESIAN_POINT ( 'NONE',  ( 4.719581602308915436, 0.000000000000000000, 1.500000000000000000 ) ) ;
#3933 = DIRECTION ( 'NONE',  ( -1.000000000000000000, 0.000000000000000000, 0.000000000000000000 ) ) ;
#3934 = CARTESIAN_POINT ( 'NONE',  ( -1.960000000000000409, -7.994982302604838331, 1.100000000000000089 ) ) ;
#3935 = EDGE_LOOP ( 'NONE', ( #8580, #5233, #6556, #5508 ) ) ;
#3936 = CIRCLE ( 'NONE', #2558, 0.1000000000000000472 ) ;
#3937 = EDGE_CURVE ( 'NONE', #1676, #2682, #9778, .T. ) ;
#3938 = CARTESIAN_POINT ( 'NONE',  ( 3.200000000000001510, -5.068682383288471982, 1.800000000000000266 ) ) ;
#3939 = ORIENTED_EDGE ( 'NONE', *, *, #6506, .F. ) ;
#3940 = EDGE_LOOP ( 'NONE', ( #7650, #4110, #313, #3037 ) ) ;
#3941 = FACE_OUTER_BOUND ( 'NONE', #2641, .T. ) ;
#3942 = DIRECTION ( 'NONE',  ( 0.000000000000000000, -0.000000000000000000, -1.000000000000000000 ) ) ;
#3943 = FACE_OUTER_BOUND ( 'NONE', #10044, .T. ) ;
#3944 = LINE ( 'NONE', #308, #2164 ) ;
#3945 = CARTESIAN_POINT ( 'NONE',  ( 0.4999999999999948930, -4.649999999999996803, 1.200000000000000178 ) ) ;
#3946 = CARTESIAN_POINT ( 'NONE',  ( 3.292975979834980471, -1.142788338085890087, 1.500000000000000000 ) ) ;
#3947 = VERTEX_POINT ( 'NONE', #1497 ) ;
#3948 = VERTEX_POINT ( 'NONE', #4057 ) ;
#3949 = ORIENTED_EDGE ( 'NONE', *, *, #10533, .F. ) ;
#3950 = ORIENTED_EDGE ( 'NONE', *, *, #10633, .F. ) ;
#3951 = VECTOR ( 'NONE', #11417, 1000.000000000000000 ) ;
#3952 = LINE ( 'NONE', #5103, #10126 ) ;
#3953 = VERTEX_POINT ( 'NONE', #7961 ) ;
#3954 = DIRECTION ( 'NONE',  ( 1.000000000000000000, 0.000000000000000000, 0.000000000000000000 ) ) ;
#3955 = CARTESIAN_POINT ( 'NONE',  ( 0.5799999999999997380, -7.994982302604838331, 1.100000000000000089 ) ) ;
#3956 = EDGE_CURVE ( 'NONE', #12015, #2015, #7880, .T. ) ;
#3957 = DIRECTION ( 'NONE',  ( -0.000000000000000000, -0.000000000000000000, -1.000000000000000000 ) ) ;
#3958 =( NAMED_UNIT ( * ) PLANE_ANGLE_UNIT ( ) SI_UNIT ( $, .RADIAN. ) );
#3959 = SURFACE_STYLE_FILL_AREA ( #1171 ) ;
#3960 = CARTESIAN_POINT ( 'NONE',  ( 5.219581602308915436, 0.000000000000000000, 1.500000000000000000 ) ) ;
#3961 = DIRECTION ( 'NONE',  ( 0.000000000000000000, 0.000000000000000000, 1.000000000000000000 ) ) ;
#3962 = COLOUR_RGB ( '',1.000000000000000000, 1.000000000000000000, 1.000000000000000000 ) ;
#3963 = EDGE_LOOP ( 'NONE', ( #9661, #7475, #9359, #10352 ) ) ;
#3964 =( GEOMETRIC_REPRESENTATION_CONTEXT ( 3 ) GLOBAL_UNCERTAINTY_ASSIGNED_CONTEXT ( ( #11826 ) ) GLOBAL_UNIT_ASSIGNED_CONTEXT ( ( #9459, #9335, #4703 ) ) REPRESENTATION_CONTEXT ( 'NONE', 'WORKASPACE' ) );
#3965 = ORIENTED_EDGE ( 'NONE', *, *, #4466, .T. ) ;
#3966 = AXIS2_PLACEMENT_3D ( 'NONE', #10590, #5162, #1342 ) ;
#3967 = CARTESIAN_POINT ( 'NONE',  ( -3.500000000000003109, -5.199999999999996625, 1.000000000000000000 ) ) ;
#3968 =( NAMED_UNIT ( * ) PLANE_ANGLE_UNIT ( ) SI_UNIT ( $, .RADIAN. ) );
#3969 = DIRECTION ( 'NONE',  ( -1.626303258728256651E-16, 1.000000000000000000, -0.000000000000000000 ) ) ;
#3970 = CARTESIAN_POINT ( 'NONE',  ( 5.455872757806901063, 3.106906106631963649, 1.000000000000000000 ) ) ;
#3971 = LINE ( 'NONE', #3860, #10568 ) ;
#3972 = AXIS2_PLACEMENT_3D ( 'NONE', #11017, #5414, #6144 ) ;
#3973 = CARTESIAN_POINT ( 'NONE',  ( 1.741380149986267778, 2.147362469743642865, 1.000000000000000888 ) ) ;
#3974 = CARTESIAN_POINT ( 'NONE',  ( -1.429934648285827503, 2.295341782195420954, 1.000000000000000000 ) ) ;
#3975 = DIRECTION ( 'NONE',  ( 1.000000000000000000, 0.000000000000000000, 0.000000000000000000 ) ) ;
#3976 =( NAMED_UNIT ( * ) SI_UNIT ( $, .STERADIAN. ) SOLID_ANGLE_UNIT ( ) );
#3977 = EDGE_CURVE ( 'NONE', #8862, #7536, #7843, .T. ) ;
#3978 = MECHANICAL_DESIGN_GEOMETRIC_PRESENTATION_REPRESENTATION (  '', ( #6908 ), #11172 ) ;
#3979 = VECTOR ( 'NONE', #9345, 1000.000000000000000 ) ;
#3980 = ORIENTED_EDGE ( 'NONE', *, *, #10696, .T. ) ;
#3981 = ADVANCED_FACE ( 'NONE', ( #5203 ), #4181, .T. ) ;
#3982 = ORIENTED_EDGE ( 'NONE', *, *, #4139, .F. ) ;
#3983 = COLOUR_RGB ( '',0.9882352941176471006, 0.7372549019607843590, 0.5176470588235293491 ) ;
#3984 = AXIS2_PLACEMENT_3D ( 'NONE', #1700, #10111, #1641 ) ;
#3985 = CARTESIAN_POINT ( 'NONE',  ( -4.102035936607395961, 8.869867354517255720, 1.000000000000000000 ) ) ;
#3986 = AXIS2_PLACEMENT_3D ( 'NONE', #11029, #35, #11149 ) ;
#3987 = LINE ( 'NONE', #1194, #3487 ) ;
#3988 = MECHANICAL_DESIGN_GEOMETRIC_PRESENTATION_REPRESENTATION (  '', ( #116 ), #4757 ) ;
#3989 = DIRECTION ( 'NONE',  ( -1.000000000000000000, 1.355252715606883008E-16, 0.000000000000000000 ) ) ;
#3990 = ORIENTED_EDGE ( 'NONE', *, *, #6949, .T. ) ;
#3991 = EDGE_CURVE ( 'NONE', #4693, #7405, #3580, .T. ) ;
#3992 = DIRECTION ( 'NONE',  ( 0.000000000000000000, -1.000000000000000000, 0.000000000000000000 ) ) ;
#3993 = SURFACE_SIDE_STYLE ('',( #7654 ) ) ;
#3994 = AXIS2_PLACEMENT_3D ( 'NONE', #156, #5932, #10493 ) ;
#3995 = ORIENTED_EDGE ( 'NONE', *, *, #8019, .T. ) ;
#3996 = VECTOR ( 'NONE', #11869, 1000.000000000000000 ) ;
#3997 = PLANE ( 'NONE',  #306 ) ;
#3998 = ADVANCED_FACE ( 'NONE', ( #10694 ), #3378, .F. ) ;
#3999 = ORIENTED_EDGE ( 'NONE', *, *, #5415, .F. ) ;
#4000 = ORIENTED_EDGE ( 'NONE', *, *, #1154, .T. ) ;
#4001 = LINE ( 'NONE', #10462, #8256 ) ;
#4002 = CARTESIAN_POINT ( 'NONE',  ( -0.5000000000000026645, -5.999999999999997335, 1.200000000000000178 ) ) ;
#4003 =( NAMED_UNIT ( * ) SI_UNIT ( $, .STERADIAN. ) SOLID_ANGLE_UNIT ( ) );
#4004 = CARTESIAN_POINT ( 'NONE',  ( -4.000000000000003553, -5.199999999999997513, 1.200000000000000178 ) ) ;
#4005 = CARTESIAN_POINT ( 'NONE',  ( -1.814552833435666201, -1.197484453166197227, 1.500000000000000000 ) ) ;
#4006 = FILL_AREA_STYLE_COLOUR ( '', #8050 ) ;
#4007 = CARTESIAN_POINT ( 'NONE',  ( -2.460000000000001297, -7.994982302604838331, 1.100000000000000089 ) ) ;
#4008 = ORIENTED_EDGE ( 'NONE', *, *, #11871, .F. ) ;
#4009 = ORIENTED_EDGE ( 'NONE', *, *, #2032, .F. ) ;
#4010 = VERTEX_POINT ( 'NONE', #2344 ) ;
#4011 = VERTEX_POINT ( 'NONE', #4971 ) ;
#4012 = DIRECTION ( 'NONE',  ( 0.000000000000000000, -1.000000000000000000, 0.000000000000000000 ) ) ;
#4013 = ORIENTED_EDGE ( 'NONE', *, *, #9053, .T. ) ;
#4014 = CARTESIAN_POINT ( 'NONE',  ( -4.000000000000000000, -7.994982302604838331, 0.000000000000000000 ) ) ;
#4015 = DIRECTION ( 'NONE',  ( -0.000000000000000000, 0.000000000000000000, 1.000000000000000000 ) ) ;
#4016 = CARTESIAN_POINT ( 'NONE',  ( -3.500000000000003109, -4.999999999999997335, 1.000000000000000000 ) ) ;
#4017 = DIRECTION ( 'NONE',  ( 0.000000000000000000, 1.000000000000000000, -0.000000000000000000 ) ) ;
#4018 = CARTESIAN_POINT ( 'NONE',  ( -1.600000000000002975, -6.499999999999997335, 1.200000000000000178 ) ) ;
#4019 = COLOUR_RGB ( '',0.9882352941176471006, 0.7372549019607843590, 0.5176470588235293491 ) ;
#4020 = ORIENTED_EDGE ( 'NONE', *, *, #4687, .F. ) ;
#4021 = EDGE_CURVE ( 'NONE', #4248, #197, #8691, .T. ) ;
#4022 = EDGE_CURVE ( 'NONE', #1854, #376, #3626, .T. ) ;
#4023 = ORIENTED_EDGE ( 'NONE', *, *, #11035, .F. ) ;
#4024 = CARTESIAN_POINT ( 'NONE',  ( -5.192492299719079440, -4.811223858797751163, 1.000000000000000000 ) ) ;
#4025 = AXIS2_PLACEMENT_3D ( 'NONE', #176, #2160, #2101 ) ;
#4026 = DIRECTION ( 'NONE',  ( 1.000000000000000000, 0.000000000000000000, 0.000000000000000000 ) ) ;
#4027 = DIRECTION ( 'NONE',  ( 1.000000000000000000, 0.000000000000000000, 0.000000000000000000 ) ) ;
#4028 = PLANE ( 'NONE',  #4754 ) ;
#4029 = LINE ( 'NONE', #8607, #3704 ) ;
#4030 = SURFACE_STYLE_USAGE ( .BOTH. , #1056 ) ;
#4031 = DIRECTION ( 'NONE',  ( 1.000000000000000000, 0.000000000000000000, 0.000000000000000000 ) ) ;
#4032 = CARTESIAN_POINT ( 'NONE',  ( -4.502035936607396316, 8.869867354517255720, 1.000000000000000000 ) ) ;
#4033 = FILL_AREA_STYLE_COLOUR ( '', #10593 ) ;
#4034 = VECTOR ( 'NONE', #1051, 1000.000000000000000 ) ;
#4035 = ORIENTED_EDGE ( 'NONE', *, *, #11295, .F. ) ;
#4036 = EDGE_CURVE ( 'NONE', #7493, #1739, #2517, .T. ) ;
#4037 = ORIENTED_EDGE ( 'NONE', *, *, #10801, .F. ) ;
#4038 = EDGE_CURVE ( 'NONE', #4756, #454, #767, .T. ) ;
#4039 = EDGE_CURVE ( 'NONE', #10528, #11843, #1067, .T. ) ;
#4040 = LINE ( 'NONE', #3072, #6 ) ;
#4041 = DIRECTION ( 'NONE',  ( 1.000000000000000000, 0.000000000000000000, 0.000000000000000000 ) ) ;
#4042 = CARTESIAN_POINT ( 'NONE',  ( 3.920639630881218807, 2.295341782195420954, 1.000000000000000000 ) ) ;
#4043 = ORIENTED_EDGE ( 'NONE', *, *, #2444, .T. ) ;
#4044 = CARTESIAN_POINT ( 'NONE',  ( 0.000000000000000000, 5.837225230594265568, 1.100000000000000089 ) ) ;
#4045 = DIRECTION ( 'NONE',  ( 0.000000000000000000, 1.000000000000000000, -0.000000000000000000 ) ) ;
#4046 =( NAMED_UNIT ( * ) SI_UNIT ( $, .STERADIAN. ) SOLID_ANGLE_UNIT ( ) );
#4047 = DIRECTION ( 'NONE',  ( 1.000000000000000000, 0.000000000000000000, 0.000000000000000000 ) ) ;
#4048 = ORIENTED_EDGE ( 'NONE', *, *, #1181, .F. ) ;
#4049 = COLOUR_RGB ( '',0.9882352941176471006, 0.7372549019607843590, 0.5176470588235293491 ) ;
#4050 = EDGE_CURVE ( 'NONE', #6020, #809, #10084, .T. ) ;
#4051 = AXIS2_PLACEMENT_3D ( 'NONE', #8235, #4643, #6273 ) ;
#4052 = AXIS2_PLACEMENT_3D ( 'NONE', #10998, #3696, #1683 ) ;
#4053 =( LENGTH_UNIT ( ) NAMED_UNIT ( * ) SI_UNIT ( .MILLI., .METRE. ) );
#4054 = SURFACE_SIDE_STYLE ('',( #7727 ) ) ;
#4055 = VERTEX_POINT ( 'NONE', #1678 ) ;
#4056 = ORIENTED_EDGE ( 'NONE', *, *, #8145, .T. ) ;
#4057 = CARTESIAN_POINT ( 'NONE',  ( 2.970065351714172408, 2.295341782195420954, 1.000000000000000000 ) ) ;
#4058 = PLANE ( 'NONE',  #11952 ) ;
#4059 = DIRECTION ( 'NONE',  ( 1.000000000000000000, 0.000000000000000000, 0.000000000000000000 ) ) ;
#4060 = CARTESIAN_POINT ( 'NONE',  ( 3.920639630881218807, 2.295341782195420954, 0.000000000000000000 ) ) ;
#4061 =( LENGTH_UNIT ( ) NAMED_UNIT ( * ) SI_UNIT ( .MILLI., .METRE. ) );
#4062 = DIRECTION ( 'NONE',  ( 0.000000000000000000, 0.000000000000000000, -1.000000000000000000 ) ) ;
#4063 = CARTESIAN_POINT ( 'NONE',  ( -1.697642652873966318, 8.469867354517257141, 1.000000000000000000 ) ) ;
#4064 = ORIENTED_EDGE ( 'NONE', *, *, #4676, .T. ) ;
#4065 = VECTOR ( 'NONE', #5058, 1000.000000000000000 ) ;
#4066 = ORIENTED_EDGE ( 'NONE', *, *, #3463, .T. ) ;
#4067 = VERTEX_POINT ( 'NONE', #8200 ) ;
#4068 = CARTESIAN_POINT ( 'NONE',  ( -5.192492299719079440, -3.088776141202243419, 1.500000000000000000 ) ) ;
#4069 = ORIENTED_EDGE ( 'NONE', *, *, #1884, .T. ) ;
#4070 = PLANE ( 'NONE',  #11658 ) ;
#4071 = DIRECTION ( 'NONE',  ( 0.000000000000000000, -0.000000000000000000, -1.000000000000000000 ) ) ;
#4072 = STYLED_ITEM ( 'NONE', ( #8955 ), #7145 ) ;
#4073 = DIRECTION ( 'NONE',  ( 1.000000000000000000, -0.000000000000000000, -0.000000000000000000 ) ) ;
#4074 = EDGE_CURVE ( 'NONE', #9772, #6020, #6373, .T. ) ;
#4075 = DIRECTION ( 'NONE',  ( 1.000000000000000000, 0.000000000000000000, 0.000000000000000000 ) ) ;
#4076 = ADVANCED_FACE ( 'NONE', ( #2872 ), #5385, .F. ) ;
#4077 = CARTESIAN_POINT ( 'NONE',  ( -4.016593218723101266, 0.5500997857322237339, 1.500000000000000000 ) ) ;
#4078 = DIRECTION ( 'NONE',  ( -1.927470528863119049E-16, 1.000000000000000000, -0.000000000000000000 ) ) ;
#4079 =( LENGTH_UNIT ( ) NAMED_UNIT ( * ) SI_UNIT ( .MILLI., .METRE. ) );
#4080 = ORIENTED_EDGE ( 'NONE', *, *, #3618, .T. ) ;
#4081 = ORIENTED_EDGE ( 'NONE', *, *, #8196, .F. ) ;
#4082 = PRESENTATION_LAYER_ASSIGNMENT (  '', '', ( #5244 ) ) ;
#4083 = ADVANCED_FACE ( 'NONE', ( #703 ), #2643, .F. ) ;
#4084 = FACE_OUTER_BOUND ( 'NONE', #9185, .T. ) ;
#4085 = PLANE ( 'NONE',  #11051 ) ;
#4086 = DIRECTION ( 'NONE',  ( 1.000000000000000000, 0.000000000000000000, 0.000000000000000000 ) ) ;
#4087 = LINE ( 'NONE', #3917, #7281 ) ;
#4088 = CARTESIAN_POINT ( 'NONE',  ( -1.600000000000002975, -5.999999999999997335, 1.000000000000000000 ) ) ;
#4089 = LINE ( 'NONE', #8668, #9428 ) ;
#4090 = EDGE_CURVE ( 'NONE', #6224, #9602, #11984, .T. ) ;
#4091 = VECTOR ( 'NONE', #4348, 1000.000000000000000 ) ;
#4092 = CARTESIAN_POINT ( 'NONE',  ( 0.000000000000000000, -2.288776141202243153, 1.399999999999999911 ) ) ;
#4093 = PRESENTATION_STYLE_ASSIGNMENT (( #11470 ) ) ;
#4094 = ORIENTED_EDGE ( 'NONE', *, *, #8765, .T. ) ;
#4095 = ORIENTED_EDGE ( 'NONE', *, *, #10247, .F. ) ;
#4096 = CARTESIAN_POINT ( 'NONE',  ( 1.870065351714172541, 2.295341782195420954, 1.000000000000000000 ) ) ;
#4097 = DIRECTION ( 'NONE',  ( -0.000000000000000000, 0.000000000000000000, 1.000000000000000000 ) ) ;
#4098 = DIRECTION ( 'NONE',  ( 0.000000000000000000, 1.000000000000000000, 0.000000000000000000 ) ) ;
#4099 = VERTEX_POINT ( 'NONE', #8491 ) ;
#4100 = VECTOR ( 'NONE', #8539, 1000.000000000000000 ) ;
#4101 = CARTESIAN_POINT ( 'NONE',  ( 0.000000000000000000, 5.496005818493205908, 1.100000000000000089 ) ) ;
#4102 = ADVANCED_FACE ( 'NONE', ( #7103 ), #10808, .F. ) ;
#4103 = LINE ( 'NONE', #8736, #3722 ) ;
#4104 =( LENGTH_UNIT ( ) NAMED_UNIT ( * ) SI_UNIT ( .MILLI., .METRE. ) );
#4105 = AXIS2_PLACEMENT_3D ( 'NONE', #7407, #4780, #6488 ) ;
#4106 = ORIENTED_EDGE ( 'NONE', *, *, #9741, .F. ) ;
#4107 = ADVANCED_FACE ( 'NONE', ( #7159 ), #6241, .F. ) ;
#4108 = CIRCLE ( 'NONE', #8788, 0.4000000000000001887 ) ;
#4109 = ORIENTED_EDGE ( 'NONE', *, *, #10158, .T. ) ;
#4110 = ORIENTED_EDGE ( 'NONE', *, *, #2779, .F. ) ;
#4111 = SURFACE_SIDE_STYLE ('',( #8805 ) ) ;
#4112 = PLANE ( 'NONE',  #7865 ) ;
#4113 = DIRECTION ( 'NONE',  ( 1.000000000000000000, 0.000000000000000000, 0.000000000000000000 ) ) ;
#4114 = AXIS2_PLACEMENT_3D ( 'NONE', #10378, #5877, #2208 ) ;
#4115 = LINE ( 'NONE', #4004, #7232 ) ;
#4116 = CYLINDRICAL_SURFACE ( 'NONE', #57, 0.1000000000000000472 ) ;
#4117 = DIRECTION ( 'NONE',  ( -0.000000000000000000, 0.000000000000000000, 1.000000000000000000 ) ) ;
#4118 = DIRECTION ( 'NONE',  ( 1.000000000000000000, 0.000000000000000000, 0.000000000000000000 ) ) ;
#4119 = UNCERTAINTY_MEASURE_WITH_UNIT (LENGTH_MEASURE( 1.000000000000000082E-05 ), #4188, 'distance_accuracy_value', 'NONE');
#4120 = VERTEX_POINT ( 'NONE', #4427 ) ;
#4121 = EDGE_CURVE ( 'NONE', #9685, #4431, #8137, .T. ) ;
#4122 = ORIENTED_EDGE ( 'NONE', *, *, #3551, .F. ) ;
#4123 = EDGE_CURVE ( 'NONE', #3620, #4706, #4087, .T. ) ;
#4124 = VERTEX_POINT ( 'NONE', #8665 ) ;
#4125 = LINE ( 'NONE', #4861, #9357 ) ;
#4126 = ORIENTED_EDGE ( 'NONE', *, *, #3456, .T. ) ;
#4127 =( NAMED_UNIT ( * ) SI_UNIT ( $, .STERADIAN. ) SOLID_ANGLE_UNIT ( ) );
#4128 = ADVANCED_FACE ( 'NONE', ( #5062 ), #9639, .F. ) ;
#4129 = VECTOR ( 'NONE', #5451, 1000.000000000000000 ) ;
#4130 = CARTESIAN_POINT ( 'NONE',  ( 0.5799999999999997380, -7.994982302604838331, 0.000000000000000000 ) ) ;
#4131 = FACE_OUTER_BOUND ( 'NONE', #6429, .T. ) ;
#4132 = CARTESIAN_POINT ( 'NONE',  ( -5.192492299719079440, -2.188776141202243508, 1.000000000000000000 ) ) ;
#4133 = CYLINDRICAL_SURFACE ( 'NONE', #5793, 0.1494257208329539954 ) ;
#4134 = PRESENTATION_STYLE_ASSIGNMENT (( #438 ) ) ;
#4135 = FACE_BOUND ( 'NONE', #2226, .T. ) ;
#4136 = FACE_OUTER_BOUND ( 'NONE', #7207, .T. ) ;
#4137 = ORIENTED_EDGE ( 'NONE', *, *, #5552, .T. ) ;
#4138 = ORIENTED_EDGE ( 'NONE', *, *, #10272, .T. ) ;
#4139 = EDGE_CURVE ( 'NONE', #11928, #9149, #5989, .T. ) ;
#4140 = UNCERTAINTY_MEASURE_WITH_UNIT (LENGTH_MEASURE( 1.000000000000000082E-05 ), #7128, 'distance_accuracy_value', 'NONE');
#4141 = ADVANCED_FACE ( 'NONE', ( #2256 ), #4028, .F. ) ;
#4142 = DIRECTION ( 'NONE',  ( -0.000000000000000000, -0.000000000000000000, -1.000000000000000000 ) ) ;
#4143 = EDGE_CURVE ( 'NONE', #2606, #9842, #4823, .T. ) ;
#4144 = LINE ( 'NONE', #2990, #1367 ) ;
#4145 =( GEOMETRIC_REPRESENTATION_CONTEXT ( 3 ) GLOBAL_UNCERTAINTY_ASSIGNED_CONTEXT ( ( #2584 ) ) GLOBAL_UNIT_ASSIGNED_CONTEXT ( ( #10303, #6343, #1709 ) ) REPRESENTATION_CONTEXT ( 'NONE', 'WORKASPACE' ) );
#4146 =( NAMED_UNIT ( * ) PLANE_ANGLE_UNIT ( ) SI_UNIT ( $, .RADIAN. ) );
#4147 = LINE ( 'NONE', #2145, #11669 ) ;
#4148 = AXIS2_PLACEMENT_3D ( 'NONE', #4641, #6342, #2614 ) ;
#4149 = PRESENTATION_STYLE_ASSIGNMENT (( #4276 ) ) ;
#4150 = PRESENTATION_STYLE_ASSIGNMENT (( #2318 ) ) ;
#4151 = CARTESIAN_POINT ( 'NONE',  ( -0.000000000000000000, 3.106906106631963649, 1.000000000000000000 ) ) ;
#4152 = SURFACE_STYLE_FILL_AREA ( #3299 ) ;
#4153 = VECTOR ( 'NONE', #3486, 1000.000000000000000 ) ;
#4154 = LINE ( 'NONE', #8610, #3389 ) ;
#4155 = ORIENTED_EDGE ( 'NONE', *, *, #7229, .T. ) ;
#4156 = EDGE_CURVE ( 'NONE', #5992, #350, #2934, .T. ) ;
#4157 = STYLED_ITEM ( 'NONE', ( #4907 ), #3899 ) ;
#4158 = ORIENTED_EDGE ( 'NONE', *, *, #7073, .F. ) ;
#4159 = CIRCLE ( 'NONE', #3571, 0.5000000000000008882 ) ;
#4160 = CARTESIAN_POINT ( 'NONE',  ( 0.4999999999999970024, -1.999999999999997335, 1.800000000000000044 ) ) ;
#4161 = CARTESIAN_POINT ( 'NONE',  ( 0.000000000000000000, 0.000000000000000000, 1.200000000000000178 ) ) ;
#4162 = FILL_AREA_STYLE_COLOUR ( '', #5912 ) ;
#4163 = ORIENTED_EDGE ( 'NONE', *, *, #4845, .F. ) ;
#4164 = CARTESIAN_POINT ( 'NONE',  ( -0.000000000000000000, 2.147362469743642865, 1.000000000000000000 ) ) ;
#4165 = COLOUR_RGB ( '',1.000000000000000000, 1.000000000000000000, 0.000000000000000000 ) ;
#4166 = AXIS2_PLACEMENT_3D ( 'NONE', #814, #9407, #8378 ) ;
#4167 = AXIS2_PLACEMENT_3D ( 'NONE', #11163, #7449, #8187 ) ;
#4168 = CARTESIAN_POINT ( 'NONE',  ( 0.000000000000000000, 0.000000000000000000, 1.100000000000000089 ) ) ;
#4169 = EDGE_CURVE ( 'NONE', #4011, #5070, #6653, .T. ) ;
#4170 = ORIENTED_EDGE ( 'NONE', *, *, #3651, .F. ) ;
#4171 = VECTOR ( 'NONE', #9933, 1000.000000000000000 ) ;
#4172 = STYLED_ITEM ( 'NONE', ( #360 ), #301 ) ;
#4173 = EDGE_CURVE ( 'NONE', #3153, #1870, #1118, .T. ) ;
#4174 =( GEOMETRIC_REPRESENTATION_CONTEXT ( 3 ) GLOBAL_UNCERTAINTY_ASSIGNED_CONTEXT ( ( #10152 ) ) GLOBAL_UNIT_ASSIGNED_CONTEXT ( ( #4397, #5119, #9990 ) ) REPRESENTATION_CONTEXT ( 'NONE', 'WORKASPACE' ) );
#4175 = VECTOR ( 'NONE', #8848, 1000.000000000000000 ) ;
#4176 = EDGE_CURVE ( 'NONE', #11555, #11775, #6313, .T. ) ;
#4177 = PRESENTATION_LAYER_ASSIGNMENT (  '', '', ( #116 ) ) ;
#4178 = FILL_AREA_STYLE ('',( #8741 ) ) ;
#4179 = VERTEX_POINT ( 'NONE', #10549 ) ;
#4180 = ORIENTED_EDGE ( 'NONE', *, *, #3268, .T. ) ;
#4181 = PLANE ( 'NONE',  #8837 ) ;
#4182 = PRESENTATION_LAYER_ASSIGNMENT (  '', '', ( #8075 ) ) ;
#4183 = DIRECTION ( 'NONE',  ( 1.000000000000000000, 0.000000000000000000, -0.000000000000000000 ) ) ;
#4184 = DIRECTION ( 'NONE',  ( 1.000000000000000000, 0.000000000000000000, 0.000000000000000000 ) ) ;
#4185 = CARTESIAN_POINT ( 'NONE',  ( 0.4999999999999971689, -3.349999999999996980, 1.000000000000000000 ) ) ;
#4187 = LINE ( 'NONE', #5152, #10961 ) ;
#4186 = VECTOR ( 'NONE', #148, 1000.000000000000000 ) ;
#4188 =( LENGTH_UNIT ( ) NAMED_UNIT ( * ) SI_UNIT ( .MILLI., .METRE. ) );
#4189 = PRESENTATION_LAYER_ASSIGNMENT (  '', '', ( #8080 ) ) ;
#4190 = VERTEX_POINT ( 'NONE', #220 ) ;
#4191 = EDGE_LOOP ( 'NONE', ( #6366, #1805, #3552, #6806 ) ) ;
#4192 = ADVANCED_FACE ( 'NONE', ( #11337 ), #1242, .F. ) ;
#4193 = ORIENTED_EDGE ( 'NONE', *, *, #3403, .T. ) ;
#4194 = ORIENTED_EDGE ( 'NONE', *, *, #7338, .T. ) ;
#4195 = PLANE ( 'NONE',  #6978 ) ;
#4196 = DIRECTION ( 'NONE',  ( 1.000000000000000000, -0.000000000000000000, 0.000000000000000000 ) ) ;
#4197 = ADVANCED_FACE ( 'NONE', ( #2316 ), #9870, .F. ) ;
#4198 = ORIENTED_EDGE ( 'NONE', *, *, #5464, .F. ) ;
#4199 = DIRECTION ( 'NONE',  ( 1.000000000000000000, 0.000000000000000000, 0.000000000000000000 ) ) ;
#4200 =( NAMED_UNIT ( * ) PLANE_ANGLE_UNIT ( ) SI_UNIT ( $, .RADIAN. ) );
#4201 = CARTESIAN_POINT ( 'NONE',  ( -1.600000000000002975, -6.499999999999997335, 1.200000000000000178 ) ) ;
#4202 = CARTESIAN_POINT ( 'NONE',  ( -5.692492299719079440, -2.188776141202243508, 1.000000000000000000 ) ) ;
#4203 = CARTESIAN_POINT ( 'NONE',  ( -4.858619850013732311, 2.147362469743642865, -29.20000000000000284 ) ) ;
#4204 = CYLINDRICAL_SURFACE ( 'NONE', #11496, 0.1494257208329539954 ) ;
#4205 = ORIENTED_EDGE ( 'NONE', *, *, #9715, .F. ) ;
#4206 = VERTEX_POINT ( 'NONE', #5237 ) ;
#4207 = DIRECTION ( 'NONE',  ( 1.000000000000000000, -0.000000000000000000, -0.000000000000000000 ) ) ;
#4208 = LINE ( 'NONE', #9925, #3384 ) ;
#4209 = DIRECTION ( 'NONE',  ( -0.000000000000000000, -0.000000000000000000, -1.000000000000000000 ) ) ;
#4210 = FILL_AREA_STYLE_COLOUR ( '', #3851 ) ;
#4211 = FILL_AREA_STYLE ('',( #1410 ) ) ;
#4212 = CARTESIAN_POINT ( 'NONE',  ( -0.6900000000000005018, -7.994982302604838331, 0.000000000000000000 ) ) ;
#4213 = CARTESIAN_POINT ( 'NONE',  ( 0.000000000000000000, -0.6974844531661972269, 1.000000000000000000 ) ) ;
#4214 = COLOUR_RGB ( '',1.000000000000000000, 1.000000000000000000, 0.5019607843137254832 ) ;
#4215 = CIRCLE ( 'NONE', #8306, 0.1494257208329539954 ) ;
#4216 = CARTESIAN_POINT ( 'NONE',  ( 0.4999999999999911182, -3.549999999999997158, 1.200000000000000178 ) ) ;
#4217 = CARTESIAN_POINT ( 'NONE',  ( -1.285447166564339883, -0.6974844531661972269, 1.500000000000000000 ) ) ;
#4218 = ORIENTED_EDGE ( 'NONE', *, *, #9927, .F. ) ;
#4219 = VERTEX_POINT ( 'NONE', #677 ) ;
#4220 = EDGE_CURVE ( 'NONE', #2089, #3953, #6487, .T. ) ;
#4221 = LINE ( 'NONE', #7941, #3802 ) ;
#4222 =( NAMED_UNIT ( * ) SI_UNIT ( $, .STERADIAN. ) SOLID_ANGLE_UNIT ( ) );
#4223 = LINE ( 'NONE', #7944, #11426 ) ;
#4224 = PLANE ( 'NONE',  #839 ) ;
#4225 = VERTEX_POINT ( 'NONE', #2549 ) ;
#4226 =( NAMED_UNIT ( * ) PLANE_ANGLE_UNIT ( ) SI_UNIT ( $, .RADIAN. ) );
#4227 = CIRCLE ( 'NONE', #8697, 0.6205955535903713294 ) ;
#4228 = LINE ( 'NONE', #7950, #9626 ) ;
#4230 = PRESENTATION_STYLE_ASSIGNMENT (( #6113 ) ) ;
#4229 = VECTOR ( 'NONE', #11860, 1000.000000000000000 ) ;
#4231 = STYLED_ITEM ( 'NONE', ( #3370 ), #5113 ) ;
#4232 = EDGE_LOOP ( 'NONE', ( #10442, #4905, #5709, #7712 ) ) ;
#4233 = VERTEX_POINT ( 'NONE', #11637 ) ;
#4234 = VECTOR ( 'NONE', #7703, 1000.000000000000000 ) ;
#4235 = COLOUR_RGB ( '',0.9882352941176471006, 0.7372549019607843590, 0.5176470588235293491 ) ;
#4236 = VERTEX_POINT ( 'NONE', #1528 ) ;
#4237 = VERTEX_POINT ( 'NONE', #11817 ) ;
#4238 = DIRECTION ( 'NONE',  ( -1.000000000000000000, 0.000000000000000000, 0.000000000000000000 ) ) ;
#4239 = ADVANCED_FACE ( 'NONE', ( #6150 ), #11538, .T. ) ;
#4240 = LINE ( 'NONE', #1438, #2586 ) ;
#4241 = CARTESIAN_POINT ( 'NONE',  ( -3.230000000000000426, -7.994982302604838331, 1.100000000000000089 ) ) ;
#4242 = VECTOR ( 'NONE', #859, 1000.000000000000000 ) ;
#4243 = FACE_OUTER_BOUND ( 'NONE', #2124, .T. ) ;
#4244 = DIRECTION ( 'NONE',  ( -0.000000000000000000, 0.000000000000000000, 1.000000000000000000 ) ) ;
#4245 =( LENGTH_UNIT ( ) NAMED_UNIT ( * ) SI_UNIT ( .MILLI., .METRE. ) );
#4246 = EDGE_CURVE ( 'NONE', #8081, #4055, #8898, .T. ) ;
#4247 = UNCERTAINTY_MEASURE_WITH_UNIT (LENGTH_MEASURE( 1.000000000000000082E-05 ), #660, 'distance_accuracy_value', 'NONE');
#4248 = VERTEX_POINT ( 'NONE', #4274 ) ;
#4249 = VECTOR ( 'NONE', #1798, 1000.000000000000000 ) ;
#4250 = ORIENTED_EDGE ( 'NONE', *, *, #5025, .F. ) ;
#4251 = CARTESIAN_POINT ( 'NONE',  ( 0.000000000000000000, -1.389077535132158481, 1.399999999999999911 ) ) ;
#4252 = MECHANICAL_DESIGN_GEOMETRIC_PRESENTATION_REPRESENTATION (  '', ( #388 ), #186 ) ;
#4253 =( LENGTH_UNIT ( ) NAMED_UNIT ( * ) SI_UNIT ( .MILLI., .METRE. ) );
#4254 = PLANE ( 'NONE',  #4295 ) ;
#4255 = CIRCLE ( 'NONE', #11062, 0.1494257208329539954 ) ;
#4256 = VERTEX_POINT ( 'NONE', #9812 ) ;
#4257 = PLANE ( 'NONE',  #6301 ) ;
#4258 = CARTESIAN_POINT ( 'NONE',  ( 0.9999999999999976685, -4.999999999999997335, 1.000000000000000000 ) ) ;
#4259 = FILL_AREA_STYLE ('',( #11679 ) ) ;
#4260 = DIRECTION ( 'NONE',  ( 4.336808689942026413E-15, 1.000000000000000000, 0.000000000000000000 ) ) ;
#4261 =( NAMED_UNIT ( * ) SI_UNIT ( $, .STERADIAN. ) SOLID_ANGLE_UNIT ( ) );
#4262 = VECTOR ( 'NONE', #6473, 1000.000000000000000 ) ;
#4263 = ORIENTED_EDGE ( 'NONE', *, *, #8932, .F. ) ;
#4264 = ADVANCED_FACE ( 'NONE', ( #11695 ), #6211, .T. ) ;
#4265 = VERTEX_POINT ( 'NONE', #1592 ) ;
#4266 = UNCERTAINTY_MEASURE_WITH_UNIT (LENGTH_MEASURE( 1.000000000000000082E-05 ), #11588, 'distance_accuracy_value', 'NONE');
#4267 = ADVANCED_FACE ( 'NONE', ( #10667 ), #10783, .F. ) ;
#4268 = AXIS2_PLACEMENT_3D ( 'NONE', #2974, #4924, #261 ) ;
#4269 = CARTESIAN_POINT ( 'NONE',  ( -3.499999999999996891, -3.549999999999997158, 1.200000000000000178 ) ) ;
#4270 = DIRECTION ( 'NONE',  ( 0.000000000000000000, -0.000000000000000000, 1.000000000000000000 ) ) ;
#4271 =( NAMED_UNIT ( * ) PLANE_ANGLE_UNIT ( ) SI_UNIT ( $, .RADIAN. ) );
#4272 = CARTESIAN_POINT ( 'NONE',  ( -4.000000000000003553, -4.999999999999997335, 1.000000000000000000 ) ) ;
#4273 = CARTESIAN_POINT ( 'NONE',  ( 0.000000000000000000, 5.496005818493205908, 1.100000000000000089 ) ) ;
#4274 = CARTESIAN_POINT ( 'NONE',  ( -5.692492299719079440, -3.188776141202243508, 1.000000000000000000 ) ) ;
#4275 =( LENGTH_UNIT ( ) NAMED_UNIT ( * ) SI_UNIT ( .MILLI., .METRE. ) );
#4276 = SURFACE_STYLE_USAGE ( .BOTH. , #1531 ) ;
#4277 = CARTESIAN_POINT ( 'NONE',  ( 5.219581602308915436, -0.8427883380858899320, 1.399999999999999911 ) ) ;
#4278 = DIRECTION ( 'NONE',  ( 0.000000000000000000, -0.000000000000000000, 1.000000000000000000 ) ) ;
#4279 = DIRECTION ( 'NONE',  ( 0.000000000000000000, -1.000000000000000000, 0.000000000000000000 ) ) ;
#4280 = ORIENTED_EDGE ( 'NONE', *, *, #9248, .F. ) ;
#4281 =( GEOMETRIC_REPRESENTATION_CONTEXT ( 3 ) GLOBAL_UNCERTAINTY_ASSIGNED_CONTEXT ( ( #7164 ) ) GLOBAL_UNIT_ASSIGNED_CONTEXT ( ( #1456, #4200, #3459 ) ) REPRESENTATION_CONTEXT ( 'NONE', 'WORKASPACE' ) );
#4282 = ADVANCED_FACE ( 'NONE', ( #5550 ), #3659, .F. ) ;
#4283 = VERTEX_POINT ( 'NONE', #9207 ) ;
#4284 = EDGE_CURVE ( 'NONE', #6131, #7216, #4739, .T. ) ;
#4285 = CARTESIAN_POINT ( 'NONE',  ( 3.000000000000000888, -2.768682383288471271, 1.600000000000000089 ) ) ;
#4286 = DIRECTION ( 'NONE',  ( -0.000000000000000000, 1.000000000000000000, -0.000000000000000000 ) ) ;
#4287 = DIRECTION ( 'NONE',  ( -1.084202172485506406E-15, 1.000000000000000000, 0.000000000000000000 ) ) ;
#4288 = DIRECTION ( 'NONE',  ( 3.645772203419547916E-17, -1.000000000000000000, 0.000000000000000000 ) ) ;
#4289 = VERTEX_POINT ( 'NONE', #3598 ) ;
#4290 = VECTOR ( 'NONE', #1412, 1000.000000000000000 ) ;
#4291 = CARTESIAN_POINT ( 'NONE',  ( -5.702035936607396494, 2.147362469743642865, 1.100000000000000089 ) ) ;
#4292 = EDGE_CURVE ( 'NONE', #4219, #9079, #2615, .T. ) ;
#4293 = DIRECTION ( 'NONE',  ( 1.000000000000000000, 0.000000000000000000, 0.000000000000000000 ) ) ;
#4294 =( NAMED_UNIT ( * ) PLANE_ANGLE_UNIT ( ) SI_UNIT ( $, .RADIAN. ) );
#4295 = AXIS2_PLACEMENT_3D ( 'NONE', #11675, #6997, #7282 ) ;
#4296 = VERTEX_POINT ( 'NONE', #1890 ) ;
#4297 = VERTEX_POINT ( 'NONE', #88 ) ;
#4298 = VECTOR ( 'NONE', #7626, 1000.000000000000000 ) ;
#4299 = EDGE_CURVE ( 'NONE', #2497, #406, #11205, .T. ) ;
#4300 = LINE ( 'NONE', #1615, #951 ) ;
#4301 = ORIENTED_EDGE ( 'NONE', *, *, #6513, .F. ) ;
#4302 = EDGE_LOOP ( 'NONE', ( #10913, #3134, #1025, #5826 ) ) ;
#4303 = FILL_AREA_STYLE_COLOUR ( '', #8966 ) ;
#4304 = FILL_AREA_STYLE ('',( #5205 ) ) ;
#4305 = PRESENTATION_STYLE_ASSIGNMENT (( #584 ) ) ;
#4306 = VERTEX_POINT ( 'NONE', #4584 ) ;
#4307 = VECTOR ( 'NONE', #5472, 1000.000000000000000 ) ;
#4308 = ADVANCED_FACE ( 'NONE', ( #4523 ), #11085, .F. ) ;
#4309 = VERTEX_POINT ( 'NONE', #11886 ) ;
#4310 = AXIS2_PLACEMENT_3D ( 'NONE', #3820, #5456, #9356 ) ;
#4311 = VERTEX_POINT ( 'NONE', #3533 ) ;
#4312 = CARTESIAN_POINT ( 'NONE',  ( -1.714552833435666335, -0.6974844531661972269, 1.399999999999999911 ) ) ;
#4313 =( GEOMETRIC_REPRESENTATION_CONTEXT ( 3 ) GLOBAL_UNCERTAINTY_ASSIGNED_CONTEXT ( ( #9635 ) ) GLOBAL_UNIT_ASSIGNED_CONTEXT ( ( #3683, #4709, #9227 ) ) REPRESENTATION_CONTEXT ( 'NONE', 'WORKASPACE' ) );
#4314 = ORIENTED_EDGE ( 'NONE', *, *, #1504, .T. ) ;
#4315 = CARTESIAN_POINT ( 'NONE',  ( 0.7544731550261015718, 8.180014337612921424E-17, 1.500000000000000000 ) ) ;
#4316 = CARTESIAN_POINT ( 'NONE',  ( 0.000000000000000000, 8.469867354517257141, 1.100000000000000089 ) ) ;
#4317 =( NAMED_UNIT ( * ) SI_UNIT ( $, .STERADIAN. ) SOLID_ANGLE_UNIT ( ) );
#4318 = DIRECTION ( 'NONE',  ( 0.000000000000000000, 1.000000000000000000, 0.000000000000000000 ) ) ;
#4319 = MECHANICAL_DESIGN_GEOMETRIC_PRESENTATION_REPRESENTATION (  '', ( #5484 ), #9191 ) ;
#4320 =( NAMED_UNIT ( * ) PLANE_ANGLE_UNIT ( ) SI_UNIT ( $, .RADIAN. ) );
#4321 = FACE_BOUND ( 'NONE', #10064, .T. ) ;
#4322 = VERTEX_POINT ( 'NONE', #6403 ) ;
#4323 = ORIENTED_EDGE ( 'NONE', *, *, #415, .T. ) ;
#4324 = CIRCLE ( 'NONE', #9768, 0.1494257208329542175 ) ;
#4325 = EDGE_CURVE ( 'NONE', #11443, #7285, #7317, .T. ) ;
#4326 = PLANE ( 'NONE',  #7678 ) ;
#4327 = ORIENTED_EDGE ( 'NONE', *, *, #7596, .T. ) ;
#4328 = CARTESIAN_POINT ( 'NONE',  ( -4.016593218723101266, 0.6500997857322237117, 1.399999999999999911 ) ) ;
#4329 = DIRECTION ( 'NONE',  ( 0.000000000000000000, 1.000000000000000000, 0.000000000000000000 ) ) ;
#4330 = LINE ( 'NONE', #9988, #3458 ) ;
#4331 = DIRECTION ( 'NONE',  ( -1.000000000000000000, 0.000000000000000000, 0.000000000000000000 ) ) ;
#4332 = DIRECTION ( 'NONE',  ( 0.000000000000000000, 0.000000000000000000, 1.000000000000000000 ) ) ;
#4333 = DIRECTION ( 'NONE',  ( -0.000000000000000000, 1.000000000000000000, -0.000000000000000000 ) ) ;
#4334 = LINE ( 'NONE', #2260, #9433 ) ;
#4335 = DIRECTION ( 'NONE',  ( 1.000000000000000000, 0.000000000000000000, 0.000000000000000000 ) ) ;
#4336 = LINE ( 'NONE', #4403, #4175 ) ;
#4337 = AXIS2_PLACEMENT_3D ( 'NONE', #61, #3181, #2156 ) ;
#4338 = VERTEX_POINT ( 'NONE', #914 ) ;
#4339 = VERTEX_POINT ( 'NONE', #10951 ) ;
#4340 = EDGE_CURVE ( 'NONE', #11727, #7445, #9143, .T. ) ;
#4341 = DIRECTION ( 'NONE',  ( 1.626303258728256651E-16, -1.000000000000000000, 0.000000000000000000 ) ) ;
#4342 = AXIS2_PLACEMENT_3D ( 'NONE', #5871, #274, #3059 ) ;
#4343 = LINE ( 'NONE', #4470, #10304 ) ;
#4344 = PLANE ( 'NONE',  #10066 ) ;
#4345 =( LENGTH_UNIT ( ) NAMED_UNIT ( * ) SI_UNIT ( .MILLI., .METRE. ) );
#4346 = VERTEX_POINT ( 'NONE', #1830 ) ;
#4347 = ADVANCED_FACE ( 'NONE', ( #795 ), #4642, .F. ) ;
#4348 = DIRECTION ( 'NONE',  ( -0.000000000000000000, 1.000000000000000000, -0.000000000000000000 ) ) ;
#4349 = DIRECTION ( 'NONE',  ( 1.000000000000000000, 0.000000000000000000, 0.000000000000000000 ) ) ;
#4350 = DIRECTION ( 'NONE',  ( 0.000000000000000000, 0.000000000000000000, 1.000000000000000000 ) ) ;
#4351 = EDGE_CURVE ( 'NONE', #1731, #7582, #7262, .T. ) ;
#4352 = VECTOR ( 'NONE', #8295, 1000.000000000000000 ) ;
#4353 = ORIENTED_EDGE ( 'NONE', *, *, #9542, .F. ) ;
#4354 = PRESENTATION_LAYER_ASSIGNMENT (  '', '', ( #7070 ) ) ;
#4355 = EDGE_LOOP ( 'NONE', ( #11858, #5566, #4718, #11908 ) ) ;
#4356 = VECTOR ( 'NONE', #10004, 1000.000000000000000 ) ;
#4357 = AXIS2_PLACEMENT_3D ( 'NONE', #4328, #2371, #6207 ) ;
#4358 = EDGE_CURVE ( 'NONE', #10702, #7324, #6880, .T. ) ;
#4359 = DIRECTION ( 'NONE',  ( 1.000000000000000000, 0.000000000000000000, 0.000000000000000000 ) ) ;
#4360 = AXIS2_PLACEMENT_3D ( 'NONE', #8279, #5399, #2781 ) ;
#4361 = AXIS2_PLACEMENT_3D ( 'NONE', #532, #4244, #8748 ) ;
#4362 = ORIENTED_EDGE ( 'NONE', *, *, #6814, .T. ) ;
#4363 = ORIENTED_EDGE ( 'NONE', *, *, #5688, .F. ) ;
#4364 = CARTESIAN_POINT ( 'NONE',  ( 1.850000000000000089, -7.994982302604838331, 1.000000000000000000 ) ) ;
#4365 = CARTESIAN_POINT ( 'NONE',  ( -5.120595553590371551, -7.994982302604838331, 1.100000000000000089 ) ) ;
#4366 = CARTESIAN_POINT ( 'NONE',  ( -0.04059555359037150118, -7.994982302604838331, 1.000000000000000000 ) ) ;
#4367 = COLOUR_RGB ( '',0.7960784313725489669, 0.8235294117647058432, 0.9372549019607843146 ) ;
#4368 = UNCERTAINTY_MEASURE_WITH_UNIT (LENGTH_MEASURE( 1.000000000000000082E-05 ), #8370, 'distance_accuracy_value', 'NONE');
#4369 = VERTEX_POINT ( 'NONE', #4016 ) ;
#4370 = VECTOR ( 'NONE', #8551, 1000.000000000000000 ) ;
#4371 = PRESENTATION_LAYER_ASSIGNMENT (  '', '', ( #4755 ) ) ;
#4372 = AXIS2_PLACEMENT_3D ( 'NONE', #7708, #11340, #8723 ) ;
#4373 = ORIENTED_EDGE ( 'NONE', *, *, #1235, .T. ) ;
#4374 =( NAMED_UNIT ( * ) PLANE_ANGLE_UNIT ( ) SI_UNIT ( $, .RADIAN. ) );
#4375 = CARTESIAN_POINT ( 'NONE',  ( 1.699899111776168814, 2.147362469743642865, 1.000000000000000000 ) ) ;
#4376 = AXIS2_PLACEMENT_3D ( 'NONE', #43, #3674, #7509 ) ;
#4377 = ORIENTED_EDGE ( 'NONE', *, *, #524, .F. ) ;
#4378 = SURFACE_SIDE_STYLE ('',( #2529 ) ) ;
#4379 = FILL_AREA_STYLE_COLOUR ( '', #577 ) ;
#4380 = FACE_OUTER_BOUND ( 'NONE', #8614, .T. ) ;
#4381 = CARTESIAN_POINT ( 'NONE',  ( 0.9999999999999976685, -4.999999999999997335, 1.200000000000000178 ) ) ;
#4382 = CARTESIAN_POINT ( 'NONE',  ( 3.500000000000000888, -2.268682383288471271, 1.600000000000000089 ) ) ;
#4383 =( LENGTH_UNIT ( ) NAMED_UNIT ( * ) SI_UNIT ( .MILLI., .METRE. ) );
#4384 = DIRECTION ( 'NONE',  ( -0.000000000000000000, -0.000000000000000000, 1.000000000000000000 ) ) ;
#4385 = CARTESIAN_POINT ( 'NONE',  ( 5.300000000000000711, -2.768682383288471271, 1.000000000000000000 ) ) ;
#4386 = CIRCLE ( 'NONE', #10609, 0.5000000000000004441 ) ;
#4387 = ORIENTED_EDGE ( 'NONE', *, *, #1576, .F. ) ;
#4388 = PRESENTATION_STYLE_ASSIGNMENT (( #8289 ) ) ;
#4389 = EDGE_LOOP ( 'NONE', ( #682, #3304, #2252, #10530, #4788, #8817 ) ) ;
#4390 = UNCERTAINTY_MEASURE_WITH_UNIT (LENGTH_MEASURE( 1.000000000000000082E-05 ), #4452, 'distance_accuracy_value', 'NONE');
#4391 = DIRECTION ( 'NONE',  ( 0.000000000000000000, 0.000000000000000000, 1.000000000000000000 ) ) ;
#4392 = VERTEX_POINT ( 'NONE', #5674 ) ;
#4393 = CARTESIAN_POINT ( 'NONE',  ( 0.5998991117761693914, 2.147362469743642865, -29.20000000000000284 ) ) ;
#4394 = LINE ( 'NONE', #8104, #6413 ) ;
#4395 = CARTESIAN_POINT ( 'NONE',  ( -2.700000000000003286, -1.499999999999997335, 1.200000000000000178 ) ) ;
#4396 = DIRECTION ( 'NONE',  ( -0.000000000000000000, -0.000000000000000000, 1.000000000000000000 ) ) ;
#4397 =( LENGTH_UNIT ( ) NAMED_UNIT ( * ) SI_UNIT ( .MILLI., .METRE. ) );
#4398 = DIRECTION ( 'NONE',  ( -0.000000000000000000, 0.000000000000000000, 1.000000000000000000 ) ) ;
#4399 = DIRECTION ( 'NONE',  ( 1.000000000000000000, 0.000000000000000000, 0.000000000000000000 ) ) ;
#4400 = CARTESIAN_POINT ( 'NONE',  ( 3.192975979834980826, 0.000000000000000000, 1.399999999999999911 ) ) ;
#4401 =( LENGTH_UNIT ( ) NAMED_UNIT ( * ) SI_UNIT ( .MILLI., .METRE. ) );
#4402 = ADVANCED_FACE ( 'NONE', ( #11391 ), #5797, .F. ) ;
#4403 = CARTESIAN_POINT ( 'NONE',  ( -0.000000000000000000, 5.837225230594265568, 1.000000000000000000 ) ) ;
#4404 = EDGE_CURVE ( 'NONE', #4099, #5855, #3843, .T. ) ;
#4405 = ORIENTED_EDGE ( 'NONE', *, *, #4982, .T. ) ;
#4406 = ORIENTED_EDGE ( 'NONE', *, *, #1398, .T. ) ;
#4407 = CARTESIAN_POINT ( 'NONE',  ( -1.310595553590371720, -7.994982302604838331, 1.000000000000000000 ) ) ;
#4408 = PRESENTATION_LAYER_ASSIGNMENT (  '', '', ( #8098 ) ) ;
#4409 = LINE ( 'NONE', #1484, #1271 ) ;
#4410 = DIRECTION ( 'NONE',  ( 0.000000000000000000, 0.000000000000000000, -1.000000000000000000 ) ) ;
#4411 = SURFACE_STYLE_FILL_AREA ( #3430 ) ;
#4412 = ORIENTED_EDGE ( 'NONE', *, *, #10533, .T. ) ;
#4413 = LINE ( 'NONE', #4474, #7602 ) ;
#4414 = DIRECTION ( 'NONE',  ( 1.000000000000000000, 0.000000000000000000, 0.000000000000000000 ) ) ;
#4415 = FILL_AREA_STYLE_COLOUR ( '', #5010 ) ;
#4416 = EDGE_CURVE ( 'NONE', #8036, #7324, #8590, .T. ) ;
#4417 = ORIENTED_EDGE ( 'NONE', *, *, #8350, .T. ) ;
#4418 = VECTOR ( 'NONE', #1978, 1000.000000000000000 ) ;
#4419 = ORIENTED_EDGE ( 'NONE', *, *, #10411, .F. ) ;
#4420 = ORIENTED_EDGE ( 'NONE', *, *, #7784, .F. ) ;
#4421 = ADVANCED_FACE ( 'NONE', ( #3904 ), #1289, .F. ) ;
#4422 = ADVANCED_FACE ( 'NONE', ( #7174 ), #10824, .F. ) ;
#4423 = VECTOR ( 'NONE', #11454, 1000.000000000000000 ) ;
#4424 = CARTESIAN_POINT ( 'NONE',  ( 0.000000000000000000, -1.389077535132158481, 1.000000000000000000 ) ) ;
#4425 = ORIENTED_EDGE ( 'NONE', *, *, #6358, .F. ) ;
#4426 = EDGE_LOOP ( 'NONE', ( #11880, #6121, #6206, #10705 ) ) ;
#4427 = CARTESIAN_POINT ( 'NONE',  ( -3.500000000000003109, -1.999999999999997335, 1.000000000000000000 ) ) ;
#4428 =( LENGTH_UNIT ( ) NAMED_UNIT ( * ) SI_UNIT ( .MILLI., .METRE. ) );
#4429 = DIRECTION ( 'NONE',  ( -1.000000000000000000, 0.000000000000000000, -0.000000000000000000 ) ) ;
#4430 = LINE ( 'NONE', #11855, #4650 ) ;
#4431 = VERTEX_POINT ( 'NONE', #1511 ) ;
#4432 = MECHANICAL_DESIGN_GEOMETRIC_PRESENTATION_REPRESENTATION (  '', ( #8903 ), #9674 ) ;
#4433 = MECHANICAL_DESIGN_GEOMETRIC_PRESENTATION_REPRESENTATION (  '', ( #5009 ), #5598 ) ;
#4434 = CARTESIAN_POINT ( 'NONE',  ( -1.050000000000002709, -6.499999999999997335, 1.000000000000000000 ) ) ;
#4435 = CARTESIAN_POINT ( 'NONE',  ( -1.697642652873964986, -2.475687358074928420E-16, 1.000000000000000000 ) ) ;
#4436 = VECTOR ( 'NONE', #1654, 1000.000000000000000 ) ;
#4437 = ORIENTED_EDGE ( 'NONE', *, *, #3991, .T. ) ;
#4438 = FACE_OUTER_BOUND ( 'NONE', #3727, .T. ) ;
#4439 =( GEOMETRIC_REPRESENTATION_CONTEXT ( 3 ) GLOBAL_UNCERTAINTY_ASSIGNED_CONTEXT ( ( #9150 ) ) GLOBAL_UNIT_ASSIGNED_CONTEXT ( ( #9507, #2067, #1168 ) ) REPRESENTATION_CONTEXT ( 'NONE', 'WORKASPACE' ) );
#4440 = SURFACE_STYLE_FILL_AREA ( #11732 ) ;
#4441 = CARTESIAN_POINT ( 'NONE',  ( 0.4999999999999971689, -2.999999999999997335, 1.000000000000000000 ) ) ;
#4442 = VECTOR ( 'NONE', #10163, 1000.000000000000000 ) ;
#4443 = PRESENTATION_STYLE_ASSIGNMENT (( #8341 ) ) ;
#4444 =( NAMED_UNIT ( * ) SI_UNIT ( $, .STERADIAN. ) SOLID_ANGLE_UNIT ( ) );
#4445 = ORIENTED_EDGE ( 'NONE', *, *, #117, .T. ) ;
#4446 = AXIS2_PLACEMENT_3D ( 'NONE', #3623, #11846, #1675 ) ;
#4447 = ORIENTED_EDGE ( 'NONE', *, *, #10109, .T. ) ;
#4448 = COLOUR_RGB ( '',0.9882352941176471006, 0.7372549019607843590, 0.5176470588235293491 ) ;
#4449 = FACE_OUTER_BOUND ( 'NONE', #537, .T. ) ;
#4450 = EDGE_CURVE ( 'NONE', #5070, #2698, #655, .T. ) ;
#4451 = ORIENTED_EDGE ( 'NONE', *, *, #8763, .T. ) ;
#4452 =( LENGTH_UNIT ( ) NAMED_UNIT ( * ) SI_UNIT ( .MILLI., .METRE. ) );
#4453 = EDGE_CURVE ( 'NONE', #7216, #6131, #2648, .T. ) ;
#4454 = DIRECTION ( 'NONE',  ( 0.000000000000000000, -0.000000000000000000, 1.000000000000000000 ) ) ;
#4455 = LINE ( 'NONE', #913, #10761 ) ;
#4456 = CARTESIAN_POINT ( 'NONE',  ( 3.119999999999999662, -7.994982302604838331, 0.000000000000000000 ) ) ;
#4457 = CARTESIAN_POINT ( 'NONE',  ( -4.102035936607395961, 8.869867354517255720, 1.100000000000000089 ) ) ;
#4458 =( LENGTH_UNIT ( ) NAMED_UNIT ( * ) SI_UNIT ( .MILLI., .METRE. ) );
#4459 = DIRECTION ( 'NONE',  ( 0.000000000000000000, -0.000000000000000000, -1.000000000000000000 ) ) ;
#4460 = DIRECTION ( 'NONE',  ( 1.000000000000000000, 1.458308881367819166E-16, -0.000000000000000000 ) ) ;
#4461 = LINE ( 'NONE', #9874, #11970 ) ;
#4462 = ORIENTED_EDGE ( 'NONE', *, *, #6610, .T. ) ;
#4463 = AXIS2_PLACEMENT_3D ( 'NONE', #6151, #4398, #1530 ) ;
#4464 = VERTEX_POINT ( 'NONE', #6079 ) ;
#4465 = VECTOR ( 'NONE', #9155, 1000.000000000000000 ) ;
#4466 = EDGE_CURVE ( 'NONE', #4233, #5138, #5220, .T. ) ;
#4467 = SURFACE_STYLE_FILL_AREA ( #2441 ) ;
#4468 = SURFACE_STYLE_USAGE ( .BOTH. , #9095 ) ;
#4469 = CIRCLE ( 'NONE', #792, 0.5000000000000008882 ) ;
#4470 = CARTESIAN_POINT ( 'NONE',  ( 5.000000000000000888, -2.468682383288471449, 1.800000000000000266 ) ) ;
#4471 = DIRECTION ( 'NONE',  ( 1.000000000000000000, 0.000000000000000000, 0.000000000000000000 ) ) ;
#4472 = CARTESIAN_POINT ( 'NONE',  ( 0.000000000000000000, -0.7427883380858898432, 1.399999999999999911 ) ) ;
#4473 = ORIENTED_EDGE ( 'NONE', *, *, #4590, .T. ) ;
#4474 = CARTESIAN_POINT ( 'NONE',  ( 0.4999999999999891753, -2.999999999999996891, 1.200000000000000178 ) ) ;
#4475 = FACE_OUTER_BOUND ( 'NONE', #6742, .T. ) ;
#4476 = VECTOR ( 'NONE', #6457, 1000.000000000000000 ) ;
#4477 = DIRECTION ( 'NONE',  ( 1.000000000000000000, 0.000000000000000000, 0.000000000000000000 ) ) ;
#4478 =( LENGTH_UNIT ( ) NAMED_UNIT ( * ) SI_UNIT ( .MILLI., .METRE. ) );
#4479 = EDGE_CURVE ( 'NONE', #9953, #10461, #4215, .T. ) ;
#4480 = ORIENTED_EDGE ( 'NONE', *, *, #11411, .T. ) ;
#4481 = ORIENTED_EDGE ( 'NONE', *, *, #1449, .F. ) ;
#4482 = ORIENTED_EDGE ( 'NONE', *, *, #8059, .F. ) ;
#4483 =( NAMED_UNIT ( * ) SI_UNIT ( $, .STERADIAN. ) SOLID_ANGLE_UNIT ( ) );
#4484 = SURFACE_SIDE_STYLE ('',( #6605 ) ) ;
#4485 = ORIENTED_EDGE ( 'NONE', *, *, #3083, .T. ) ;
#4486 = ORIENTED_EDGE ( 'NONE', *, *, #4450, .T. ) ;
#4487 = CARTESIAN_POINT ( 'NONE',  ( 0.9999999999999952260, -4.649999999999996803, 1.200000000000000178 ) ) ;
#4488 =( NAMED_UNIT ( * ) SI_UNIT ( $, .STERADIAN. ) SOLID_ANGLE_UNIT ( ) );
#4489 = STYLED_ITEM ( 'NONE', ( #8471 ), #918 ) ;
#4490 = DIRECTION ( 'NONE',  ( -1.000000000000000000, -0.000000000000000000, -0.000000000000000000 ) ) ;
#4491 = DIRECTION ( 'NONE',  ( -1.000000000000000000, 0.000000000000000000, 0.000000000000000000 ) ) ;
#4492 = PLANE ( 'NONE',  #4052 ) ;
#4493 = UNCERTAINTY_MEASURE_WITH_UNIT (LENGTH_MEASURE( 1.000000000000000082E-05 ), #10329, 'distance_accuracy_value', 'NONE');
#4494 = VERTEX_POINT ( 'NONE', #1459 ) ;
#4495 = AXIS2_PLACEMENT_3D ( 'NONE', #6654, #7513, #7639 ) ;
#4496 = VECTOR ( 'NONE', #4990, 1000.000000000000000 ) ;
#4497 = VERTEX_POINT ( 'NONE', #5107 ) ;
#4498 = STYLED_ITEM ( 'NONE', ( #2886 ), #1102 ) ;
#4499 =( NAMED_UNIT ( * ) SI_UNIT ( $, .STERADIAN. ) SOLID_ANGLE_UNIT ( ) );
#4500 = CARTESIAN_POINT ( 'NONE',  ( 2.619999999999998774, -7.994982302604838331, 0.000000000000000000 ) ) ;
#4501 = EDGE_LOOP ( 'NONE', ( #1268, #11702, #11841, #10644 ) ) ;
#4502 = ORIENTED_EDGE ( 'NONE', *, *, #152, .T. ) ;
#4503 = FILL_AREA_STYLE_COLOUR ( '', #7197 ) ;
#4504 = CIRCLE ( 'NONE', #8003, 0.1000000000000000472 ) ;
#4505 = DIRECTION ( 'NONE',  ( 1.000000000000000000, 0.000000000000000000, 0.000000000000000000 ) ) ;
#4506 = EDGE_CURVE ( 'NONE', #253, #11700, #8761, .T. ) ;
#4507 = DIRECTION ( 'NONE',  ( -0.000000000000000000, 0.000000000000000000, 1.000000000000000000 ) ) ;
#4508 = CARTESIAN_POINT ( 'NONE',  ( 3.899899111776169658, 2.147362469743642865, -29.20000000000000284 ) ) ;
#4509 = CYLINDRICAL_SURFACE ( 'NONE', #1065, 0.5000000000000004441 ) ;
#4510 = STYLED_ITEM ( 'NONE', ( #9835 ), #10181 ) ;
#4511 = ADVANCED_FACE ( 'NONE', ( #4380 ), #2245, .T. ) ;
#4512 = ORIENTED_EDGE ( 'NONE', *, *, #9266, .T. ) ;
#4513 = DIRECTION ( 'NONE',  ( 0.000000000000000000, -0.000000000000000000, 1.000000000000000000 ) ) ;
#4514 = EDGE_LOOP ( 'NONE', ( #255, #4109 ) ) ;
#4515 = AXIS2_PLACEMENT_3D ( 'NONE', #4092, #2938, #1307 ) ;
#4516 = DIRECTION ( 'NONE',  ( 1.000000000000000000, 0.000000000000000000, 0.000000000000000000 ) ) ;
#4517 = VERTEX_POINT ( 'NONE', #9677 ) ;
#4518 = PRESENTATION_STYLE_ASSIGNMENT (( #11881 ) ) ;
#4519 = CIRCLE ( 'NONE', #815, 0.5000000000000008882 ) ;
#4520 = LINE ( 'NONE', #7553, #4476 ) ;
#4521 =( LENGTH_UNIT ( ) NAMED_UNIT ( * ) SI_UNIT ( .MILLI., .METRE. ) );
#4522 = DIRECTION ( 'NONE',  ( 0.000000000000000000, 0.000000000000000000, 1.000000000000000000 ) ) ;
#4523 = FACE_OUTER_BOUND ( 'NONE', #7936, .T. ) ;
#4524 = CARTESIAN_POINT ( 'NONE',  ( -1.960000000000000409, -7.994982302604838331, 0.000000000000000000 ) ) ;
#4525 = SURFACE_SIDE_STYLE ('',( #3721 ) ) ;
#4526 = AXIS2_PLACEMENT_3D ( 'NONE', #7071, #1532, #10897 ) ;
#4527 = SURFACE_STYLE_USAGE ( .BOTH. , #5555 ) ;
#4528 = ORIENTED_EDGE ( 'NONE', *, *, #2032, .T. ) ;
#4529 = STYLED_ITEM ( 'NONE', ( #6553 ), #9137 ) ;
#4530 = EDGE_CURVE ( 'NONE', #10690, #996, #7917, .T. ) ;
#4531 = VERTEX_POINT ( 'NONE', #11797 ) ;
#4532 = EDGE_CURVE ( 'NONE', #624, #3687, #6937, .T. ) ;
#4533 = CARTESIAN_POINT ( 'NONE',  ( 3.500000000000000888, -2.768682383288471271, 1.700000000000000178 ) ) ;
#4534 = DIRECTION ( 'NONE',  ( 0.000000000000000000, 1.000000000000000000, -0.000000000000000000 ) ) ;
#4535 = DIRECTION ( 'NONE',  ( -1.000000000000000000, 0.000000000000000000, -0.000000000000000000 ) ) ;
#4536 = VERTEX_POINT ( 'NONE', #435 ) ;
#4537 = LINE ( 'NONE', #2632, #9349 ) ;
#4538 = LINE ( 'NONE', #9341, #8650 ) ;
#4539 = CARTESIAN_POINT ( 'NONE',  ( 0.4999999999999891753, -2.999999999999996891, 1.000000000000000000 ) ) ;
#4540 = CARTESIAN_POINT ( 'NONE',  ( -5.120595553590371551, -7.994982302604838331, 1.000000000000000000 ) ) ;
#4541 = ADVANCED_FACE ( 'NONE', ( #4131 ), #7859, .T. ) ;
#4542 = ORIENTED_EDGE ( 'NONE', *, *, #3937, .F. ) ;
#4543 = EDGE_LOOP ( 'NONE', ( #8999, #2914, #6233, #9858 ) ) ;
#4544 = EDGE_LOOP ( 'NONE', ( #10401, #6934, #5016, #2263 ) ) ;
#4545 = ORIENTED_EDGE ( 'NONE', *, *, #6011, .F. ) ;
#4546 = AXIS2_PLACEMENT_3D ( 'NONE', #2736, #8171, #10172 ) ;
#4547 = CARTESIAN_POINT ( 'NONE',  ( 1.200595553590371178, -7.994982302604838331, 1.000000000000000000 ) ) ;
#4548 = LINE ( 'NONE', #5458, #8510 ) ;
#4549 = CARTESIAN_POINT ( 'NONE',  ( 5.170065351714173474, 2.295341782195420954, 1.000000000000000000 ) ) ;
#4550 =( NAMED_UNIT ( * ) PLANE_ANGLE_UNIT ( ) SI_UNIT ( $, .RADIAN. ) );
#4551 = VERTEX_POINT ( 'NONE', #840 ) ;
#4552 =( GEOMETRIC_REPRESENTATION_CONTEXT ( 3 ) GLOBAL_UNCERTAINTY_ASSIGNED_CONTEXT ( ( #151 ) ) GLOBAL_UNIT_ASSIGNED_CONTEXT ( ( #2811, #5626, #1957 ) ) REPRESENTATION_CONTEXT ( 'NONE', 'WORKASPACE' ) );
#4553 = ADVANCED_FACE ( 'NONE', ( #2718 ), #2783, .T. ) ;
#4554 = ADVANCED_FACE ( 'NONE', ( #11995 ), #6326, .F. ) ;
#4555 = STYLED_ITEM ( 'NONE', ( #6193 ), #3726 ) ;
#4556 = CARTESIAN_POINT ( 'NONE',  ( 2.799899111776169125, 2.147362469743642865, 0.000000000000000000 ) ) ;
#4557 = ORIENTED_EDGE ( 'NONE', *, *, #595, .F. ) ;
#4558 = AXIS2_PLACEMENT_3D ( 'NONE', #3290, #1354, #5055 ) ;
#4559 = ORIENTED_EDGE ( 'NONE', *, *, #10965, .F. ) ;
#4560 = VECTOR ( 'NONE', #11731, 1000.000000000000000 ) ;
#4561 = FILL_AREA_STYLE ('',( #9187 ) ) ;
#4562 = LINE ( 'NONE', #8282, #8983 ) ;
#4563 = CARTESIAN_POINT ( 'NONE',  ( 2.292975979834980471, 0.4572116619141102234, 1.000000000000000000 ) ) ;
#4565 =( LENGTH_UNIT ( ) NAMED_UNIT ( * ) SI_UNIT ( .MILLI., .METRE. ) );
#4564 = AXIS2_PLACEMENT_3D ( 'NONE', #3767, #2963, #6686 ) ;
#4566 = CARTESIAN_POINT ( 'NONE',  ( -0.000000000000000000, 2.147362469743642865, 0.000000000000000000 ) ) ;
#4567 =( GEOMETRIC_REPRESENTATION_CONTEXT ( 3 ) GLOBAL_UNCERTAINTY_ASSIGNED_CONTEXT ( ( #8141 ) ) GLOBAL_UNIT_ASSIGNED_CONTEXT ( ( #10258, #3805, #8429 ) ) REPRESENTATION_CONTEXT ( 'NONE', 'WORKASPACE' ) );
#4568 = DIRECTION ( 'NONE',  ( -0.000000000000000000, -0.000000000000000000, 1.000000000000000000 ) ) ;
#4569 =( LENGTH_UNIT ( ) NAMED_UNIT ( * ) SI_UNIT ( .MILLI., .METRE. ) );
#4570 = ADVANCED_FACE ( 'NONE', ( #2594 ), #5402, .T. ) ;
#4571 = ORIENTED_EDGE ( 'NONE', *, *, #7046, .F. ) ;
#4572 = MECHANICAL_DESIGN_GEOMETRIC_PRESENTATION_REPRESENTATION (  '', ( #5539 ), #10969 ) ;
#4573 = EDGE_LOOP ( 'NONE', ( #972, #1423, #9320, #7399 ) ) ;
#4574 = COLOUR_RGB ( '',0.000000000000000000, 0.000000000000000000, 0.000000000000000000 ) ;
#4575 = EDGE_CURVE ( 'NONE', #1149, #4124, #5591, .T. ) ;
#4576 = COLOUR_RGB ( '',1.000000000000000000, 1.000000000000000000, 0.5019607843137254832 ) ;
#4577 = MECHANICAL_DESIGN_GEOMETRIC_PRESENTATION_REPRESENTATION (  '', ( #2040 ), #9440 ) ;
#4578 = CARTESIAN_POINT ( 'NONE',  ( -4.016593218723101266, 1.550099785732223845, 1.399999999999999911 ) ) ;
#4579 = ORIENTED_EDGE ( 'NONE', *, *, #3175, .F. ) ;
#4580 = PRESENTATION_STYLE_ASSIGNMENT (( #9203 ) ) ;
#4581 = LINE ( 'NONE', #2795, #771 ) ;
#4582 = CARTESIAN_POINT ( 'NONE',  ( 5.100000000000001421, -4.968682383288471449, 1.800000000000000266 ) ) ;
#4583 = DIRECTION ( 'NONE',  ( -0.000000000000000000, -0.000000000000000000, 1.000000000000000000 ) ) ;
#4584 = CARTESIAN_POINT ( 'NONE',  ( -2.097642652873966007, 5.496005818493205908, 1.000000000000000000 ) ) ;
#4585 =( LENGTH_UNIT ( ) NAMED_UNIT ( * ) SI_UNIT ( .MILLI., .METRE. ) );
#4586 = CARTESIAN_POINT ( 'NONE',  ( -2.500000000000003109, -5.999999999999997335, 1.200000000000000178 ) ) ;
#4587 = LINE ( 'NONE', #2739, #6910 ) ;
#4588 = COLOUR_RGB ( '',1.000000000000000000, 1.000000000000000000, 0.5019607843137254832 ) ;
#4589 = DIRECTION ( 'NONE',  ( 1.000000000000000000, 0.000000000000000000, 0.000000000000000000 ) ) ;
#4590 = EDGE_CURVE ( 'NONE', #8386, #8291, #8339, .T. ) ;
#4591 = PLANE ( 'NONE',  #2047 ) ;
#4592 = PRESENTATION_LAYER_ASSIGNMENT (  '', '', ( #9823 ) ) ;
#4593 = ORIENTED_EDGE ( 'NONE', *, *, #5464, .T. ) ;
#4594 = EDGE_LOOP ( 'NONE', ( #516, #10447, #10400, #7613 ) ) ;
#4595 = SURFACE_SIDE_STYLE ('',( #2625 ) ) ;
#4596 = SURFACE_SIDE_STYLE ('',( #6414 ) ) ;
#4597 = FILL_AREA_STYLE ('',( #7329 ) ) ;
#4598 = LINE ( 'NONE', #5436, #93 ) ;
#4599 = ORIENTED_EDGE ( 'NONE', *, *, #9215, .F. ) ;
#4600 = FACE_OUTER_BOUND ( 'NONE', #5928, .T. ) ;
#4601 = FILL_AREA_STYLE ('',( #992 ) ) ;
#4602 = FACE_OUTER_BOUND ( 'NONE', #1365, .T. ) ;
#4603 = LINE ( 'NONE', #8315, #3783 ) ;
#4604 = ORIENTED_EDGE ( 'NONE', *, *, #9387, .F. ) ;
#4605 = ORIENTED_EDGE ( 'NONE', *, *, #3777, .F. ) ;
#4606 = CARTESIAN_POINT ( 'NONE',  ( -3.999999999999999112, -3.899999999999997247, 1.000000000000000000 ) ) ;
#4607 = ORIENTED_EDGE ( 'NONE', *, *, #2810, .T. ) ;
#4608 = EDGE_CURVE ( 'NONE', #8821, #9965, #1086, .T. ) ;
#4609 = CARTESIAN_POINT ( 'NONE',  ( 2.292975979834980471, -0.04278833808588945742, 1.500000000000000000 ) ) ;
#4610 = VECTOR ( 'NONE', #247, 1000.000000000000000 ) ;
#4611 =( NAMED_UNIT ( * ) SI_UNIT ( $, .STERADIAN. ) SOLID_ANGLE_UNIT ( ) );
#4612 = UNCERTAINTY_MEASURE_WITH_UNIT (LENGTH_MEASURE( 1.000000000000000082E-05 ), #6938, 'distance_accuracy_value', 'NONE');
#4613 = ORIENTED_EDGE ( 'NONE', *, *, #8143, .T. ) ;
#4614 = PRODUCT ( 'nrf24l01 mini', 'nrf24l01 mini', '', ( #2602 ) ) ;
#4615 = LINE ( 'NONE', #7169, #5573 ) ;
#4616 = VECTOR ( 'NONE', #3752, 1000.000000000000000 ) ;
#4617 = DIRECTION ( 'NONE',  ( -0.000000000000000000, -0.000000000000000000, -1.000000000000000000 ) ) ;
#4618 = EDGE_CURVE ( 'NONE', #5227, #1014, #9550, .T. ) ;
#4619 = ORIENTED_EDGE ( 'NONE', *, *, #9248, .T. ) ;
#4620 = VERTEX_POINT ( 'NONE', #8458 ) ;
#4621 = DIRECTION ( 'NONE',  ( -0.000000000000000000, -0.000000000000000000, -1.000000000000000000 ) ) ;
#4622 = EDGE_CURVE ( 'NONE', #8048, #6200, #189, .T. ) ;
#4623 = LINE ( 'NONE', #10345, #2167 ) ;
#4624 = CARTESIAN_POINT ( 'NONE',  ( 0.000000000000000000, -1.197484453166197227, 1.000000000000000000 ) ) ;
#4625 = AXIS2_PLACEMENT_3D ( 'NONE', #10007, #3544, #10186 ) ;
#4626 = SURFACE_STYLE_FILL_AREA ( #9313 ) ;
#4627 = DIRECTION ( 'NONE',  ( 0.000000000000000000, -0.000000000000000000, 1.000000000000000000 ) ) ;
#4628 = SURFACE_SIDE_STYLE ('',( #5599 ) ) ;
#4629 = MECHANICAL_DESIGN_GEOMETRIC_PRESENTATION_REPRESENTATION (  '', ( #4231 ), #926 ) ;
#4630 = ORIENTED_EDGE ( 'NONE', *, *, #384, .F. ) ;
#4631 =( NAMED_UNIT ( * ) SI_UNIT ( $, .STERADIAN. ) SOLID_ANGLE_UNIT ( ) );
#4632 = ORIENTED_EDGE ( 'NONE', *, *, #4143, .T. ) ;
#4633 = AXIS2_PLACEMENT_3D ( 'NONE', #100, #5564, #5750 ) ;
#4634 = FILL_AREA_STYLE_COLOUR ( '', #9732 ) ;
#4635 = VECTOR ( 'NONE', #10037, 1000.000000000000000 ) ;
#4636 = EDGE_LOOP ( 'NONE', ( #5974, #7418, #2834, #5638 ) ) ;
#4637 = CARTESIAN_POINT ( 'NONE',  ( -3.499999999999997335, -3.349999999999997424, 1.200000000000000178 ) ) ;
#4638 = FACE_OUTER_BOUND ( 'NONE', #3163, .T. ) ;
#4639 = EDGE_CURVE ( 'NONE', #11555, #7582, #2114, .T. ) ;
#4640 = FACE_OUTER_BOUND ( 'NONE', #3940, .T. ) ;
#4641 = CARTESIAN_POINT ( 'NONE',  ( -1.185447166564339794, -1.197484453166197227, 1.399999999999999911 ) ) ;
#4642 = PLANE ( 'NONE',  #10759 ) ;
#4643 = DIRECTION ( 'NONE',  ( -0.000000000000000000, -0.000000000000000000, 1.000000000000000000 ) ) ;
#4644 = CARTESIAN_POINT ( 'NONE',  ( -3.500000000000003109, -3.349999999999996980, 1.000000000000000000 ) ) ;
#4645 = VECTOR ( 'NONE', #3719, 1000.000000000000000 ) ;
#4646 = EDGE_CURVE ( 'NONE', #1189, #8643, #10463, .T. ) ;
#4647 = FACE_OUTER_BOUND ( 'NONE', #1800, .T. ) ;
#4648 = AXIS2_PLACEMENT_3D ( 'NONE', #8589, #7375, #11083 ) ;
#4649 = EDGE_LOOP ( 'NONE', ( #8498, #10266, #4977, #4362, #8873, #5654 ) ) ;
#4650 = VECTOR ( 'NONE', #10025, 1000.000000000000000 ) ;
#4651 = EDGE_CURVE ( 'NONE', #8862, #11189, #5842, .T. ) ;
#4652 = ORIENTED_EDGE ( 'NONE', *, *, #10484, .F. ) ;
#4653 = AXIS2_PLACEMENT_3D ( 'NONE', #9896, #8261, #8134 ) ;
#4654 = FACE_OUTER_BOUND ( 'NONE', #5171, .T. ) ;
#4655 = DIRECTION ( 'NONE',  ( 1.000000000000000000, 0.000000000000000000, -0.000000000000000000 ) ) ;
#4656 = DIRECTION ( 'NONE',  ( -0.000000000000000000, -0.000000000000000000, -1.000000000000000000 ) ) ;
#4657 = ORIENTED_EDGE ( 'NONE', *, *, #9425, .T. ) ;
#4659 = VECTOR ( 'NONE', #10399, 1000.000000000000000 ) ;
#4658 = LINE ( 'NONE', #5689, #2148 ) ;
#4660 = SURFACE_STYLE_FILL_AREA ( #7514 ) ;
#4661 = CARTESIAN_POINT ( 'NONE',  ( 0.000000000000000000, -5.168682383288471627, 1.600000000000000089 ) ) ;
#4662 = ADVANCED_FACE ( 'NONE', ( #3888 ), #1989, .T. ) ;
#4663 = ORIENTED_EDGE ( 'NONE', *, *, #1689, .F. ) ;
#4664 = AXIS2_PLACEMENT_3D ( 'NONE', #10433, #1300, #5808 ) ;
#4665 = EDGE_CURVE ( 'NONE', #1280, #9879, #9369, .T. ) ;
#4666 = ORIENTED_EDGE ( 'NONE', *, *, #6470, .F. ) ;
#4667 = EDGE_CURVE ( 'NONE', #10794, #10659, #9492, .T. ) ;
#4668 = FILL_AREA_STYLE_COLOUR ( '', #5625 ) ;
#4669 = EDGE_LOOP ( 'NONE', ( #7759, #7599, #6659, #8505 ) ) ;
#4670 = AXIS2_PLACEMENT_3D ( 'NONE', #5548, #5418, #140 ) ;
#4671 = PLANE ( 'NONE',  #7416 ) ;
#4672 = CARTESIAN_POINT ( 'NONE',  ( 5.000000000000000888, -4.968682383288471449, 1.800000000000000266 ) ) ;
#4673 = ORIENTED_EDGE ( 'NONE', *, *, #8907, .T. ) ;
#4674 = UNCERTAINTY_MEASURE_WITH_UNIT (LENGTH_MEASURE( 1.000000000000000082E-05 ), #5965, 'distance_accuracy_value', 'NONE');
#4675 = VECTOR ( 'NONE', #1004, 1000.000000000000000 ) ;
#4676 = EDGE_CURVE ( 'NONE', #6019, #4494, #10287, .T. ) ;
#4677 = SURFACE_STYLE_USAGE ( .BOTH. , #8393 ) ;
#4678 = FACE_OUTER_BOUND ( 'NONE', #8483, .T. ) ;
#4679 = ORIENTED_EDGE ( 'NONE', *, *, #11015, .F. ) ;
#4680 = VERTEX_POINT ( 'NONE', #1272 ) ;
#4681 =( LENGTH_UNIT ( ) NAMED_UNIT ( * ) SI_UNIT ( .MILLI., .METRE. ) );
#4682 = VECTOR ( 'NONE', #9524, 1000.000000000000000 ) ;
#4683 = PLANE ( 'NONE',  #9764 ) ;
#4684 = DIRECTION ( 'NONE',  ( 0.000000000000000000, -1.000000000000000000, 0.000000000000000000 ) ) ;
#4685 = CARTESIAN_POINT ( 'NONE',  ( 2.292975979834980471, -0.6427883380858903095, 1.000000000000000000 ) ) ;
#4686 = DIRECTION ( 'NONE',  ( -0.000000000000000000, -1.000000000000000000, -0.000000000000000000 ) ) ;
#4687 = EDGE_CURVE ( 'NONE', #9554, #6110, #1881, .T. ) ;
#4688 = VECTOR ( 'NONE', #1941, 1000.000000000000000 ) ;
#4689 = EDGE_LOOP ( 'NONE', ( #8936, #11321, #8913, #8065 ) ) ;
#4690 = ORIENTED_EDGE ( 'NONE', *, *, #852, .T. ) ;
#4691 = ORIENTED_EDGE ( 'NONE', *, *, #1469, .F. ) ;
#4692 = CARTESIAN_POINT ( 'NONE',  ( -5.313812213263914508, 0.000000000000000000, 1.100000000000000089 ) ) ;
#4693 = VERTEX_POINT ( 'NONE', #2054 ) ;
#4694 = DIRECTION ( 'NONE',  ( 1.000000000000000000, 0.000000000000000000, 0.000000000000000000 ) ) ;
#4695 = CARTESIAN_POINT ( 'NONE',  ( 4.800000000000000711, -5.168682383288471627, 1.600000000000000089 ) ) ;
#4696 = LINE ( 'NONE', #5488, #11049 ) ;
#4697 = VECTOR ( 'NONE', #2891, 1000.000000000000000 ) ;
#4698 =( NAMED_UNIT ( * ) SI_UNIT ( $, .STERADIAN. ) SOLID_ANGLE_UNIT ( ) );
#4699 = PLANE ( 'NONE',  #3986 ) ;
#4700 = EDGE_LOOP ( 'NONE', ( #7946, #5157, #9617, #6815 ) ) ;
#4701 = VECTOR ( 'NONE', #7797, 1000.000000000000000 ) ;
#4702 = ORIENTED_EDGE ( 'NONE', *, *, #5379, .T. ) ;
#4703 =( NAMED_UNIT ( * ) SI_UNIT ( $, .STERADIAN. ) SOLID_ANGLE_UNIT ( ) );
#4704 = FACE_OUTER_BOUND ( 'NONE', #7429, .T. ) ;
#4705 = DIRECTION ( 'NONE',  ( -1.000000000000000000, 0.000000000000000000, 0.000000000000000000 ) ) ;
#4706 = VERTEX_POINT ( 'NONE', #5657 ) ;
#4707 = STYLED_ITEM ( 'NONE', ( #7194 ), #2540 ) ;
#4708 = DIRECTION ( 'NONE',  ( -0.000000000000000000, -0.000000000000000000, -1.000000000000000000 ) ) ;
#4709 =( NAMED_UNIT ( * ) PLANE_ANGLE_UNIT ( ) SI_UNIT ( $, .RADIAN. ) );
#4710 = LINE ( 'NONE', #3619, #9236 ) ;
#4711 = ORIENTED_EDGE ( 'NONE', *, *, #4450, .F. ) ;
#4712 = ADVANCED_FACE ( 'NONE', ( #5781 ), #1152, .F. ) ;
#4713 = ORIENTED_EDGE ( 'NONE', *, *, #2880, .T. ) ;
#4714 = EDGE_CURVE ( 'NONE', #4783, #11443, #8745, .T. ) ;
#4715 = VECTOR ( 'NONE', #8422, 1000.000000000000000 ) ;
#4716 = SURFACE_STYLE_FILL_AREA ( #5763 ) ;
#4717 = CARTESIAN_POINT ( 'NONE',  ( 2.820639630881218718, 2.295341782195420954, 1.000000000000000000 ) ) ;
#4718 = ORIENTED_EDGE ( 'NONE', *, *, #8314, .F. ) ;
#4719 = FACE_OUTER_BOUND ( 'NONE', #9833, .T. ) ;
#4720 = EDGE_CURVE ( 'NONE', #6645, #1854, #2655, .T. ) ;
#4721 =( NAMED_UNIT ( * ) SI_UNIT ( $, .STERADIAN. ) SOLID_ANGLE_UNIT ( ) );
#4722 = DIRECTION ( 'NONE',  ( -0.000000000000000000, -0.000000000000000000, 1.000000000000000000 ) ) ;
#4723 = DIRECTION ( 'NONE',  ( 1.000000000000000000, 0.000000000000000000, 0.000000000000000000 ) ) ;
#4724 = ORIENTED_EDGE ( 'NONE', *, *, #4453, .T. ) ;
#4725 = VECTOR ( 'NONE', #1241, 1000.000000000000000 ) ;
#4726 = EDGE_CURVE ( 'NONE', #882, #5477, #6753, .T. ) ;
#4727 = DIRECTION ( 'NONE',  ( 0.000000000000000000, 0.000000000000000000, 1.000000000000000000 ) ) ;
#4728 = CARTESIAN_POINT ( 'NONE',  ( -4.900100888223831497, 2.147362469743642865, 1.000000000000000000 ) ) ;
#4729 = EDGE_LOOP ( 'NONE', ( #8993, #8334, #5479, #868 ) ) ;
#4730 = ORIENTED_EDGE ( 'NONE', *, *, #7740, .F. ) ;
#4731 = DIRECTION ( 'NONE',  ( 1.000000000000000000, -0.000000000000000000, 0.000000000000000000 ) ) ;
#4732 =( LENGTH_UNIT ( ) NAMED_UNIT ( * ) SI_UNIT ( .MILLI., .METRE. ) );
#4733 = AXIS2_PLACEMENT_3D ( 'NONE', #10128, #6282, #8305 ) ;
#4734 = LINE ( 'NONE', #778, #2178 ) ;
#4735 = CARTESIAN_POINT ( 'NONE',  ( -4.000000000000003553, -5.199999999999997513, 1.000000000000000000 ) ) ;
#4736 = SURFACE_STYLE_FILL_AREA ( #77 ) ;
#4737 = SURFACE_STYLE_USAGE ( .BOTH. , #7671 ) ;
#4738 = DIRECTION ( 'NONE',  ( 0.000000000000000000, 0.000000000000000000, 1.000000000000000000 ) ) ;
#4739 = CIRCLE ( 'NONE', #2211, 0.5000000000000008882 ) ;
#4740 = ORIENTED_EDGE ( 'NONE', *, *, #11461, .F. ) ;
#4741 = ORIENTED_EDGE ( 'NONE', *, *, #11659, .F. ) ;
#4742 = ORIENTED_EDGE ( 'NONE', *, *, #10555, .F. ) ;
#4743 = AXIS2_PLACEMENT_3D ( 'NONE', #1587, #5234, #4270 ) ;
#4744 = FACE_OUTER_BOUND ( 'NONE', #4649, .T. ) ;
#4745 = EDGE_LOOP ( 'NONE', ( #8135, #11227, #3052, #10815 ) ) ;
#4746 = DIRECTION ( 'NONE',  ( -0.000000000000000000, -0.000000000000000000, -1.000000000000000000 ) ) ;
#4747 = COLOUR_RGB ( '',1.000000000000000000, 1.000000000000000000, 0.5019607843137254832 ) ;
#4748 = CIRCLE ( 'NONE', #6895, 0.1999999999999996503 ) ;
#4749 = SURFACE_SIDE_STYLE ('',( #3842 ) ) ;
#4750 = CARTESIAN_POINT ( 'NONE',  ( -6.000000000000002665, 9.000000000000001776, 0.000000000000000000 ) ) ;
#4751 = FILL_AREA_STYLE_COLOUR ( '', #7739 ) ;
#4752 = PRESENTATION_LAYER_ASSIGNMENT (  '', '', ( #5539 ) ) ;
#4753 = VERTEX_POINT ( 'NONE', #3261 ) ;
#4754 = AXIS2_PLACEMENT_3D ( 'NONE', #11465, #11279, #9463 ) ;
#4755 = STYLED_ITEM ( 'NONE', ( #6658 ), #11609 ) ;
#4756 = VERTEX_POINT ( 'NONE', #9664 ) ;
#4757 =( GEOMETRIC_REPRESENTATION_CONTEXT ( 3 ) GLOBAL_UNCERTAINTY_ASSIGNED_CONTEXT ( ( #1799 ) ) GLOBAL_UNIT_ASSIGNED_CONTEXT ( ( #11587, #1595, #3480 ) ) REPRESENTATION_CONTEXT ( 'NONE', 'WORKASPACE' ) );
#4758 =( NAMED_UNIT ( * ) PLANE_ANGLE_UNIT ( ) SI_UNIT ( $, .RADIAN. ) );
#4759 = CARTESIAN_POINT ( 'NONE',  ( 3.920639630881218807, 2.295341782195420954, 0.000000000000000000 ) ) ;
#4760 = DIRECTION ( 'NONE',  ( 0.000000000000000000, 0.000000000000000000, -1.000000000000000000 ) ) ;
#4761 = LINE ( 'NONE', #9282, #9898 ) ;
#4762 = CARTESIAN_POINT ( 'NONE',  ( -3.499999999999995115, -2.799999999999997158, 1.200000000000000178 ) ) ;
#4763 =( LENGTH_UNIT ( ) NAMED_UNIT ( * ) SI_UNIT ( .MILLI., .METRE. ) );
#4764 = SURFACE_SIDE_STYLE ('',( #5687 ) ) ;
#4765 = LINE ( 'NONE', #3862, #786 ) ;
#4766 = PRESENTATION_STYLE_ASSIGNMENT (( #4030 ) ) ;
#4767 = ADVANCED_FACE ( 'NONE', ( #6929 ), #11491, .T. ) ;
#4768 = VECTOR ( 'NONE', #7978, 1000.000000000000000 ) ;
#4769 = LINE ( 'NONE', #4827, #5604 ) ;
#4770 = DIRECTION ( 'NONE',  ( 1.000000000000000000, 0.000000000000000000, -0.000000000000000000 ) ) ;
#4771 = CARTESIAN_POINT ( 'NONE',  ( -2.700000000000003286, -6.499999999999997335, 1.200000000000000178 ) ) ;
#4772 = ORIENTED_EDGE ( 'NONE', *, *, #9937, .F. ) ;
#4773 = VERTEX_POINT ( 'NONE', #6123 ) ;
#4774 = DIRECTION ( 'NONE',  ( -1.000000000000000000, 0.000000000000000000, -0.000000000000000000 ) ) ;
#4775 = CARTESIAN_POINT ( 'NONE',  ( 0.000000000000000000, 0.000000000000000000, 1.000000000000000000 ) ) ;
#4776 = EDGE_CURVE ( 'NONE', #5212, #4190, #7902, .T. ) ;
#4777 = LINE ( 'NONE', #7716, #1807 ) ;
#4778 = VERTEX_POINT ( 'NONE', #6865 ) ;
#4779 = DIRECTION ( 'NONE',  ( 1.000000000000000000, 0.000000000000000000, 0.000000000000000000 ) ) ;
#4780 = DIRECTION ( 'NONE',  ( -0.000000000000000000, -0.000000000000000000, 1.000000000000000000 ) ) ;
#4781 = FACE_OUTER_BOUND ( 'NONE', #7113, .T. ) ;
#4782 = CARTESIAN_POINT ( 'NONE',  ( -2.700000000000003286, -1.499999999999997335, 1.200000000000000178 ) ) ;
#4783 = VERTEX_POINT ( 'NONE', #420 ) ;
#4784 = ADVANCED_FACE ( 'NONE', ( #11607 ), #582, .F. ) ;
#4785 = EDGE_CURVE ( 'NONE', #10469, #11794, #7106, .T. ) ;
#4786 = LINE ( 'NONE', #11365, #10812 ) ;
#4787 = CARTESIAN_POINT ( 'NONE',  ( 0.000000000000000000, -0.6974844531661972269, 1.500000000000000000 ) ) ;
#4788 = ORIENTED_EDGE ( 'NONE', *, *, #1397, .T. ) ;
#4789 = VECTOR ( 'NONE', #5900, 1000.000000000000000 ) ;
#4790 = ORIENTED_EDGE ( 'NONE', *, *, #5976, .F. ) ;
#4791 = CARTESIAN_POINT ( 'NONE',  ( -0.3000000000000025424, -5.999999999999997335, 1.200000000000000178 ) ) ;
#4792 = PRESENTATION_STYLE_ASSIGNMENT (( #7539 ) ) ;
#4793 = CARTESIAN_POINT ( 'NONE',  ( -4.900100888223831497, 2.147362469743642865, 0.000000000000000000 ) ) ;
#4794 = CARTESIAN_POINT ( 'NONE',  ( 5.020639630881219340, 2.295341782195420954, -29.20000000000000284 ) ) ;
#4795 = DIRECTION ( 'NONE',  ( -0.000000000000000000, -0.000000000000000000, -1.000000000000000000 ) ) ;
#4796 = CYLINDRICAL_SURFACE ( 'NONE', #4828, 0.5000000000000000000 ) ;
#4797 = ORIENTED_EDGE ( 'NONE', *, *, #2593, .T. ) ;
#4798 = ORIENTED_EDGE ( 'NONE', *, *, #4038, .T. ) ;
#4799 = AXIS2_PLACEMENT_3D ( 'NONE', #1383, #8807, #8869 ) ;
#4800 = VERTEX_POINT ( 'NONE', #9117 ) ;
#4801 = SURFACE_STYLE_USAGE ( .BOTH. , #9319 ) ;
#4802 = ORIENTED_EDGE ( 'NONE', *, *, #704, .F. ) ;
#4803 = CARTESIAN_POINT ( 'NONE',  ( -0.5000000000000026645, -6.499999999999997335, 1.200000000000000178 ) ) ;
#4804 = STYLED_ITEM ( 'NONE', ( #9795 ), #1926 ) ;
#4805 = DIRECTION ( 'NONE',  ( 0.000000000000000000, 0.000000000000000000, 1.000000000000000000 ) ) ;
#4806 = LINE ( 'NONE', #11206, #4645 ) ;
#4807 = CIRCLE ( 'NONE', #10834, 0.1999999999999996503 ) ;
#4808 = FILL_AREA_STYLE_COLOUR ( '', #8512 ) ;
#4809 = CARTESIAN_POINT ( 'NONE',  ( -3.730000000000001315, -7.994982302604838331, 0.000000000000000000 ) ) ;
#4810 = PRESENTATION_STYLE_ASSIGNMENT (( #145 ) ) ;
#4811 = CARTESIAN_POINT ( 'NONE',  ( 3.500000000000000888, -2.368682383288471360, 1.600000000000000089 ) ) ;
#4812 = ORIENTED_EDGE ( 'NONE', *, *, #5441, .T. ) ;
#4813 = AXIS2_PLACEMENT_3D ( 'NONE', #2932, #273, #4655 ) ;
#4814 = VERTEX_POINT ( 'NONE', #5580 ) ;
#4815 = COLOUR_RGB ( '',1.000000000000000000, 1.000000000000000000, 0.000000000000000000 ) ;
#4816 = EDGE_CURVE ( 'NONE', #3270, #9886, #4548, .T. ) ;
#4817 = ADVANCED_FACE ( 'NONE', ( #1619 ), #10997, .F. ) ;
#4818 = LINE ( 'NONE', #591, #7166 ) ;
#4819 = PLANE ( 'NONE',  #9443 ) ;
#4820 = DIRECTION ( 'NONE',  ( 1.000000000000000000, 0.000000000000000000, 0.000000000000000000 ) ) ;
#4821 =( NAMED_UNIT ( * ) SI_UNIT ( $, .STERADIAN. ) SOLID_ANGLE_UNIT ( ) );
#4822 =( NAMED_UNIT ( * ) PLANE_ANGLE_UNIT ( ) SI_UNIT ( $, .RADIAN. ) );
#4823 = LINE ( 'NONE', #1183, #9235 ) ;
#4824 = VECTOR ( 'NONE', #11024, 1000.000000000000000 ) ;
#4825 = CARTESIAN_POINT ( 'NONE',  ( -5.302035936607396138, 3.056906106631962938, 1.000000000000000000 ) ) ;
#4826 = SURFACE_STYLE_USAGE ( .BOTH. , #6723 ) ;
#4827 = CARTESIAN_POINT ( 'NONE',  ( 0.9999999999999935607, -4.099999999999996980, 1.200000000000000178 ) ) ;
#4828 = AXIS2_PLACEMENT_3D ( 'NONE', #372, #4915, #133 ) ;
#4829 = FACE_OUTER_BOUND ( 'NONE', #10634, .T. ) ;
#4830 = ORIENTED_EDGE ( 'NONE', *, *, #9996, .F. ) ;
#4831 = EDGE_CURVE ( 'NONE', #4311, #10502, #11986, .T. ) ;
#4832 = ORIENTED_EDGE ( 'NONE', *, *, #8836, .T. ) ;
#4833 = AXIS2_PLACEMENT_3D ( 'NONE', #3240, #5996, #6789 ) ;
#4834 = VECTOR ( 'NONE', #10096, 1000.000000000000000 ) ;
#4835 = CARTESIAN_POINT ( 'NONE',  ( 3.769404446409628573, -7.994982302604838331, 1.000000000000000000 ) ) ;
#4836 = DIRECTION ( 'NONE',  ( -0.000000000000000000, -0.000000000000000000, 1.000000000000000000 ) ) ;
#4837 = DIRECTION ( 'NONE',  ( 1.000000000000000000, 0.000000000000000000, 0.000000000000000000 ) ) ;
#4838 = EDGE_LOOP ( 'NONE', ( #6016, #2965, #7915, #3982 ) ) ;
#4839 = CARTESIAN_POINT ( 'NONE',  ( 5.020639630881219340, 2.295341782195420954, -29.20000000000000284 ) ) ;
#4840 = LINE ( 'NONE', #6000, #11499 ) ;
#4841 = LINE ( 'NONE', #2832, #3443 ) ;
#4842 = PRESENTATION_LAYER_ASSIGNMENT (  '', '', ( #9125 ) ) ;
#4843 = FILL_AREA_STYLE ('',( #295 ) ) ;
#4844 = ORIENTED_EDGE ( 'NONE', *, *, #7007, .F. ) ;
#4845 = EDGE_CURVE ( 'NONE', #296, #5097, #11918, .T. ) ;
#4846 = CARTESIAN_POINT ( 'NONE',  ( -2.700100888223830875, 2.147362469743642865, 0.000000000000000000 ) ) ;
#4847 = AXIS2_PLACEMENT_3D ( 'NONE', #9321, #3595, #6524 ) ;
#4848 = CARTESIAN_POINT ( 'NONE',  ( -3.499999999999999112, -3.899999999999997247, 1.200000000000000178 ) ) ;
#4849 = ORIENTED_EDGE ( 'NONE', *, *, #1369, .T. ) ;
#4850 = EDGE_LOOP ( 'NONE', ( #4447, #8303, #2128, #5370 ) ) ;
#4851 = LINE ( 'NONE', #473, #2018 ) ;
#4852 = CARTESIAN_POINT ( 'NONE',  ( -0.5000000000000026645, -1.499999999999997335, 1.200000000000000178 ) ) ;
#4853 = CARTESIAN_POINT ( 'NONE',  ( -3.500000000000003109, -4.649999999999995914, 1.200000000000000178 ) ) ;
#4854 = CARTESIAN_POINT ( 'NONE',  ( 5.200000000000001066, -4.768682383288472160, 1.600000000000000089 ) ) ;
#4855 = CARTESIAN_POINT ( 'NONE',  ( -4.500000000000000888, -7.994982302604838331, 0.000000000000000000 ) ) ;
#4856 = ORIENTED_EDGE ( 'NONE', *, *, #3549, .F. ) ;
#4857 = ORIENTED_EDGE ( 'NONE', *, *, #4358, .F. ) ;
#4858 = ORIENTED_EDGE ( 'NONE', *, *, #11937, .F. ) ;
#4859 = EDGE_LOOP ( 'NONE', ( #6549, #9230, #2913, #2227 ) ) ;
#4860 = VECTOR ( 'NONE', #11466, 1000.000000000000000 ) ;
#4861 = CARTESIAN_POINT ( 'NONE',  ( 3.200000000000001510, -5.068682383288471982, 1.700000000000000178 ) ) ;
#4862 = EDGE_CURVE ( 'NONE', #10636, #7612, #10867, .T. ) ;
#4863 = VERTEX_POINT ( 'NONE', #3563 ) ;
#4864 = LINE ( 'NONE', #259, #8047 ) ;
#4865 = FACE_BOUND ( 'NONE', #2511, .T. ) ;
#4866 =( NAMED_UNIT ( * ) PLANE_ANGLE_UNIT ( ) SI_UNIT ( $, .RADIAN. ) );
#4867 =( LENGTH_UNIT ( ) NAMED_UNIT ( * ) SI_UNIT ( .MILLI., .METRE. ) );
#4868 =( NAMED_UNIT ( * ) SI_UNIT ( $, .STERADIAN. ) SOLID_ANGLE_UNIT ( ) );
#4869 = ADVANCED_FACE ( 'NONE', ( #2519 ), #10087, .F. ) ;
#4870 = SURFACE_STYLE_USAGE ( .BOTH. , #2191 ) ;
#4871 = PRESENTATION_LAYER_ASSIGNMENT (  '', '', ( #6890 ) ) ;
#4872 = LINE ( 'NONE', #5677, #10529 ) ;
#4873 = FILL_AREA_STYLE ('',( #3538 ) ) ;
#4874 = EDGE_LOOP ( 'NONE', ( #3554, #6115, #1872, #7276 ) ) ;
#4875 = VERTEX_POINT ( 'NONE', #705 ) ;
#4876 =( GEOMETRIC_REPRESENTATION_CONTEXT ( 3 ) GLOBAL_UNCERTAINTY_ASSIGNED_CONTEXT ( ( #503 ) ) GLOBAL_UNIT_ASSIGNED_CONTEXT ( ( #3789, #11955, #4698 ) ) REPRESENTATION_CONTEXT ( 'NONE', 'WORKASPACE' ) );
#4877 = ADVANCED_FACE ( 'NONE', ( #5327 ), #3629, .F. ) ;
#4878 = SURFACE_STYLE_USAGE ( .BOTH. , #1507 ) ;
#4879 = CARTESIAN_POINT ( 'NONE',  ( -3.999999999999997335, -3.549999999999997158, 1.200000000000000178 ) ) ;
#4880 = CARTESIAN_POINT ( 'NONE',  ( 0.000000000000000000, 3.106906106631963649, 1.100000000000000089 ) ) ;
#4881 =( NAMED_UNIT ( * ) PLANE_ANGLE_UNIT ( ) SI_UNIT ( $, .RADIAN. ) );
#4882 = CARTESIAN_POINT ( 'NONE',  ( 0.4999999999999970024, -1.999999999999997335, 1.800000000000000044 ) ) ;
#4883 = DIRECTION ( 'NONE',  ( -0.000000000000000000, -0.000000000000000000, 1.000000000000000000 ) ) ;
#4884 = DIRECTION ( 'NONE',  ( -0.000000000000000000, 1.000000000000000000, -0.000000000000000000 ) ) ;
#4885 = CYLINDRICAL_SURFACE ( 'NONE', #544, 0.1000000000000000472 ) ;
#4886 = PRESENTATION_LAYER_ASSIGNMENT (  '', '', ( #1971 ) ) ;
#4887 = FILL_AREA_STYLE ('',( #1123 ) ) ;
#4888 = EDGE_CURVE ( 'NONE', #6855, #9894, #2645, .T. ) ;
#4889 = EDGE_LOOP ( 'NONE', ( #1003, #874, #3772, #744 ) ) ;
#4890 = EDGE_CURVE ( 'NONE', #11600, #11473, #5587, .T. ) ;
#4891 = MECHANICAL_DESIGN_GEOMETRIC_PRESENTATION_REPRESENTATION (  '', ( #10725 ), #1638 ) ;
#4892 = ORIENTED_EDGE ( 'NONE', *, *, #5612, .T. ) ;
#4893 = FILL_AREA_STYLE ('',( #9648 ) ) ;
#4894 = FACE_BOUND ( 'NONE', #11686, .T. ) ;
#4895 = CARTESIAN_POINT ( 'NONE',  ( 0.4999999999999891753, -2.999999999999996891, 1.200000000000000178 ) ) ;
#4896 = ORIENTED_EDGE ( 'NONE', *, *, #8267, .T. ) ;
#4897 = FACE_OUTER_BOUND ( 'NONE', #6736, .T. ) ;
#4898 = STYLED_ITEM ( 'NONE', ( #3828 ), #8812 ) ;
#4899 = CARTESIAN_POINT ( 'NONE',  ( 1.349999999999999201, -7.994982302604838331, 1.100000000000000089 ) ) ;
#4900 = SURFACE_STYLE_FILL_AREA ( #3078 ) ;
#4901 = DIRECTION ( 'NONE',  ( -0.000000000000000000, 0.000000000000000000, 1.000000000000000000 ) ) ;
#4902 = ORIENTED_EDGE ( 'NONE', *, *, #4532, .T. ) ;
#4903 = VECTOR ( 'NONE', #9961, 1000.000000000000000 ) ;
#4904 = SURFACE_STYLE_FILL_AREA ( #2955 ) ;
#4905 = ORIENTED_EDGE ( 'NONE', *, *, #6635, .F. ) ;
#4906 = ORIENTED_EDGE ( 'NONE', *, *, #5392, .F. ) ;
#4907 = PRESENTATION_STYLE_ASSIGNMENT (( #11250 ) ) ;
#4908 = DIRECTION ( 'NONE',  ( 0.000000000000000000, -1.000000000000000000, 0.000000000000000000 ) ) ;
#4909 = SURFACE_SIDE_STYLE ('',( #7733 ) ) ;
#4910 =( NAMED_UNIT ( * ) SI_UNIT ( $, .STERADIAN. ) SOLID_ANGLE_UNIT ( ) );
#4911 = EDGE_CURVE ( 'NONE', #10469, #11152, #7224, .T. ) ;
#4912 = LINE ( 'NONE', #10290, #1582 ) ;
#4913 = AXIS2_PLACEMENT_3D ( 'NONE', #4895, #4098, #349 ) ;
#4914 =( LENGTH_UNIT ( ) NAMED_UNIT ( * ) SI_UNIT ( .MILLI., .METRE. ) );
#4915 = DIRECTION ( 'NONE',  ( -0.000000000000000000, 0.000000000000000000, -1.000000000000000000 ) ) ;
#4916 = ADVANCED_FACE ( 'NONE', ( #828 ), #7348, .F. ) ;
#4917 = EDGE_LOOP ( 'NONE', ( #3392, #2050, #10381, #6871 ) ) ;
#4918 = ORIENTED_EDGE ( 'NONE', *, *, #2951, .T. ) ;
#4919 = ORIENTED_EDGE ( 'NONE', *, *, #9627, .T. ) ;
#4920 = ORIENTED_EDGE ( 'NONE', *, *, #1639, .T. ) ;
#4921 = CARTESIAN_POINT ( 'NONE',  ( 3.292975979834980471, -0.6427883380858901985, 1.500000000000000000 ) ) ;
#4922 = VERTEX_POINT ( 'NONE', #2769 ) ;
#4923 = DIRECTION ( 'NONE',  ( 1.000000000000000000, 0.000000000000000000, 0.000000000000000000 ) ) ;
#4924 = DIRECTION ( 'NONE',  ( 0.000000000000000000, 1.000000000000000000, 0.000000000000000000 ) ) ;
#4925 = EDGE_CURVE ( 'NONE', #7216, #7746, #9960, .T. ) ;
#4926 = DIRECTION ( 'NONE',  ( 0.000000000000000000, -1.000000000000000000, 0.000000000000000000 ) ) ;
#4927 = CARTESIAN_POINT ( 'NONE',  ( 4.389999999999999680, -7.994982302604838331, 1.100000000000000089 ) ) ;
#4928 =( NAMED_UNIT ( * ) PLANE_ANGLE_UNIT ( ) SI_UNIT ( $, .RADIAN. ) );
#4929 = CARTESIAN_POINT ( 'NONE',  ( -1.960000000000000409, -7.994982302604838331, 0.000000000000000000 ) ) ;
#4930 = LINE ( 'NONE', #327, #2929 ) ;
#4931 = LINE ( 'NONE', #6829, #10221 ) ;
#4932 = COLOUR_RGB ( '',0.9882352941176471006, 0.7372549019607843590, 0.5176470588235293491 ) ;
#4933 = VERTEX_POINT ( 'NONE', #4366 ) ;
#4934 = ADVANCED_FACE ( 'NONE', ( #9059 ), #10207, .F. ) ;
#4935 = EDGE_CURVE ( 'NONE', #5992, #6475, #1680, .T. ) ;
#4936 = ORIENTED_EDGE ( 'NONE', *, *, #10195, .T. ) ;
#4937 = COLOUR_RGB ( '',0.9882352941176471006, 0.7372549019607843590, 0.5176470588235293491 ) ;
#4938 = AXIS2_PLACEMENT_3D ( 'NONE', #7335, #2697, #8430 ) ;
#4939 = CARTESIAN_POINT ( 'NONE',  ( -3.999999999999995559, -2.799999999999997158, 1.000000000000000000 ) ) ;
#4940 = CARTESIAN_POINT ( 'NONE',  ( 0.4999999999999970024, -1.999999999999997335, 1.000000000000000000 ) ) ;
#4941 = PRESENTATION_LAYER_ASSIGNMENT (  '', '', ( #10788 ) ) ;
#4942 =( NAMED_UNIT ( * ) PLANE_ANGLE_UNIT ( ) SI_UNIT ( $, .RADIAN. ) );
#4943 = FILL_AREA_STYLE_COLOUR ( '', #6710 ) ;
#4944 = EDGE_CURVE ( 'NONE', #4980, #10210, #8077, .T. ) ;
#4945 = LINE ( 'NONE', #5813, #8950 ) ;
#4946 = AXIS2_PLACEMENT_3D ( 'NONE', #1524, #11633, #8037 ) ;
#4947 = SURFACE_STYLE_FILL_AREA ( #6961 ) ;
#4948 = CARTESIAN_POINT ( 'NONE',  ( -4.016593218723101266, 1.550099785732223845, 1.500000000000000000 ) ) ;
#4949 = AXIS2_PLACEMENT_3D ( 'NONE', #9958, #5326, #9057 ) ;
#4950 = PRESENTATION_LAYER_ASSIGNMENT (  '', '', ( #5943 ) ) ;
#4951 = VERTEX_POINT ( 'NONE', #3448 ) ;
#4952 = ORIENTED_EDGE ( 'NONE', *, *, #9968, .F. ) ;
#4953 = AXIS2_PLACEMENT_3D ( 'NONE', #10669, #9814, #4399 ) ;
#4954 =( GEOMETRIC_REPRESENTATION_CONTEXT ( 3 ) GLOBAL_UNCERTAINTY_ASSIGNED_CONTEXT ( ( #7325 ) ) GLOBAL_UNIT_ASSIGNED_CONTEXT ( ( #5411, #11137, #4631 ) ) REPRESENTATION_CONTEXT ( 'NONE', 'WORKASPACE' ) );
#4955 = DIRECTION ( 'NONE',  ( -0.000000000000000000, -0.000000000000000000, -1.000000000000000000 ) ) ;
#4956 = FACE_OUTER_BOUND ( 'NONE', #5124, .T. ) ;
#4957 = VECTOR ( 'NONE', #4017, 1000.000000000000000 ) ;
#4958 = CARTESIAN_POINT ( 'NONE',  ( 2.392975979834980560, -1.142788338085890087, 1.500000000000000000 ) ) ;
#4959 = ORIENTED_EDGE ( 'NONE', *, *, #4726, .F. ) ;
#4960 = PLANE ( 'NONE',  #1745 ) ;
#4961 = CARTESIAN_POINT ( 'NONE',  ( 0.4999999999999931721, -3.899999999999997247, 1.200000000000000178 ) ) ;
#4962 = CARTESIAN_POINT ( 'NONE',  ( -1.050000000000002709, -1.499999999999997335, 1.200000000000000178 ) ) ;
#4963 = AXIS2_PLACEMENT_3D ( 'NONE', #10183, #6535, #10129 ) ;
#4964 = UNCERTAINTY_MEASURE_WITH_UNIT (LENGTH_MEASURE( 1.000000000000000082E-05 ), #5616, 'distance_accuracy_value', 'NONE');
#4965 = VERTEX_POINT ( 'NONE', #1199 ) ;
#4966 = VECTOR ( 'NONE', #1020, 1000.000000000000000 ) ;
#4967 = ADVANCED_FACE ( 'NONE', ( #3019 ), #6796, .T. ) ;
#4968 = SURFACE_STYLE_USAGE ( .BOTH. , #1267 ) ;
#4969 = ORIENTED_EDGE ( 'NONE', *, *, #2104, .T. ) ;
#4970 = ORIENTED_EDGE ( 'NONE', *, *, #2911, .F. ) ;
#4971 = CARTESIAN_POINT ( 'NONE',  ( -3.702035936607396049, 5.496005818493205908, 1.100000000000000089 ) ) ;
#4972 =( NAMED_UNIT ( * ) SI_UNIT ( $, .STERADIAN. ) SOLID_ANGLE_UNIT ( ) );
#4973 = DIRECTION ( 'NONE',  ( -0.000000000000000000, -0.000000000000000000, -1.000000000000000000 ) ) ;
#4974 = DIRECTION ( 'NONE',  ( 1.000000000000000000, 0.000000000000000000, 0.000000000000000000 ) ) ;
#4975 = CARTESIAN_POINT ( 'NONE',  ( -1.579360369118781637, 2.295341782195420954, -29.20000000000000284 ) ) ;
#4976 = DIRECTION ( 'NONE',  ( -0.000000000000000000, 0.000000000000000000, 1.000000000000000000 ) ) ;
#4977 = ORIENTED_EDGE ( 'NONE', *, *, #10988, .F. ) ;
#4978 = ORIENTED_EDGE ( 'NONE', *, *, #10816, .T. ) ;
#4979 = EDGE_CURVE ( 'NONE', #7565, #7445, #2044, .T. ) ;
#4980 = VERTEX_POINT ( 'NONE', #10510 ) ;
#4981 = MECHANICAL_DESIGN_GEOMETRIC_PRESENTATION_REPRESENTATION (  '', ( #10244 ), #2442 ) ;
#4982 = EDGE_CURVE ( 'NONE', #5070, #3138, #9298, .T. ) ;
#4983 =( NAMED_UNIT ( * ) PLANE_ANGLE_UNIT ( ) SI_UNIT ( $, .RADIAN. ) );
#4984 = ORIENTED_EDGE ( 'NONE', *, *, #619, .F. ) ;
#4985 = CARTESIAN_POINT ( 'NONE',  ( 5.020639630881219340, 2.295341782195420954, 1.000000000000000000 ) ) ;
#4986 = SURFACE_STYLE_USAGE ( .BOTH. , #7621 ) ;
#4987 = LINE ( 'NONE', #8706, #5206 ) ;
#4988 = DIRECTION ( 'NONE',  ( 0.000000000000000000, 0.000000000000000000, 1.000000000000000000 ) ) ;
#4989 = CARTESIAN_POINT ( 'NONE',  ( 3.200000000000001510, -4.968682383288471449, 1.800000000000000266 ) ) ;
#4990 = DIRECTION ( 'NONE',  ( -1.000000000000000000, -0.000000000000000000, -0.000000000000000000 ) ) ;
#4991 = STYLED_ITEM ( 'NONE', ( #3217 ), #4541 ) ;
#4992 = SURFACE_STYLE_USAGE ( .BOTH. , #1294 ) ;
#4993 = VERTEX_POINT ( 'NONE', #1073 ) ;
#4994 = ORIENTED_EDGE ( 'NONE', *, *, #5619, .T. ) ;
#4995 = CIRCLE ( 'NONE', #1320, 0.1494257208329542175 ) ;
#4996 = EDGE_CURVE ( 'NONE', #9149, #8012, #9537, .T. ) ;
#4997 = CARTESIAN_POINT ( 'NONE',  ( -0.7182825874325393656, 8.869867354517255720, 1.100000000000000089 ) ) ;
#4998 = PRESENTATION_LAYER_ASSIGNMENT (  '', '', ( #2265 ) ) ;
#4999 = DIRECTION ( 'NONE',  ( -1.000000000000000000, 0.000000000000000000, -0.000000000000000000 ) ) ;
#5000 = DIRECTION ( 'NONE',  ( -0.000000000000000000, -0.000000000000000000, -1.000000000000000000 ) ) ;
#5001 = DIRECTION ( 'NONE',  ( -1.000000000000000000, 0.000000000000000000, 0.000000000000000000 ) ) ;
#5002 = DIRECTION ( 'NONE',  ( 1.000000000000000000, 0.000000000000000000, 0.000000000000000000 ) ) ;
#5003 = CARTESIAN_POINT ( 'NONE',  ( -3.702035936607396049, 0.000000000000000000, 1.100000000000000089 ) ) ;
#5004 = CARTESIAN_POINT ( 'NONE',  ( -3.800100888223830520, 2.147362469743642865, 1.000000000000000000 ) ) ;
#5005 = SURFACE_STYLE_USAGE ( .BOTH. , #6262 ) ;
#5006 = FILL_AREA_STYLE_COLOUR ( '', #6254 ) ;
#5007 = EDGE_CURVE ( 'NONE', #11844, #1506, #2078, .T. ) ;
#5008 = ORIENTED_EDGE ( 'NONE', *, *, #1154, .F. ) ;
#5009 = STYLED_ITEM ( 'NONE', ( #3318 ), #6299 ) ;
#5010 = COLOUR_RGB ( '',1.000000000000000000, 1.000000000000000000, 0.000000000000000000 ) ;
#5011 = ORIENTED_EDGE ( 'NONE', *, *, #10876, .T. ) ;
#5012 = MECHANICAL_DESIGN_GEOMETRIC_PRESENTATION_REPRESENTATION (  '', ( #11822 ), #11445 ) ;
#5013 = CARTESIAN_POINT ( 'NONE',  ( 5.705872757806901063, 2.856906106631964093, 0.000000000000000000 ) ) ;
#5014 = SURFACE_SIDE_STYLE ('',( #8912 ) ) ;
#5015 = CARTESIAN_POINT ( 'NONE',  ( -3.499999999999997335, -3.349999999999997424, 1.000000000000000000 ) ) ;
#5016 = ORIENTED_EDGE ( 'NONE', *, *, #7984, .F. ) ;
#5017 = EDGE_CURVE ( 'NONE', #6475, #3068, #12009, .T. ) ;
#5019 = PRESENTATION_LAYER_ASSIGNMENT (  '', '', ( #2670 ) ) ;
#5018 = LINE ( 'NONE', #9827, #37 ) ;
#5020 = LINE ( 'NONE', #3186, #10901 ) ;
#5021 = LINE ( 'NONE', #8917, #2273 ) ;
#5022 = ADVANCED_FACE ( 'NONE', ( #1138 ), #11238, .F. ) ;
#5023 = ORIENTED_EDGE ( 'NONE', *, *, #11991, .T. ) ;
#5024 =( GEOMETRIC_REPRESENTATION_CONTEXT ( 3 ) GLOBAL_UNCERTAINTY_ASSIGNED_CONTEXT ( ( #7906 ) ) GLOBAL_UNIT_ASSIGNED_CONTEXT ( ( #4585, #2856, #12008 ) ) REPRESENTATION_CONTEXT ( 'NONE', 'WORKASPACE' ) );
#5025 = EDGE_CURVE ( 'NONE', #10074, #5602, #6669, .T. ) ;
#5026 = ORIENTED_EDGE ( 'NONE', *, *, #4121, .F. ) ;
#5027 = AXIS2_PLACEMENT_3D ( 'NONE', #2154, #10680, #2266 ) ;
#5028 = VERTEX_POINT ( 'NONE', #7462 ) ;
#5029 = CARTESIAN_POINT ( 'NONE',  ( 2.292975979834980471, -0.6427883380858903095, 1.500000000000000000 ) ) ;
#5030 = SURFACE_SIDE_STYLE ('',( #5780 ) ) ;
#5031 = DIRECTION ( 'NONE',  ( -0.000000000000000000, 1.000000000000000000, -0.000000000000000000 ) ) ;
#5032 = LINE ( 'NONE', #8746, #6059 ) ;
#5033 = DIRECTION ( 'NONE',  ( -0.000000000000000000, 0.000000000000000000, 1.000000000000000000 ) ) ;
#5034 = CARTESIAN_POINT ( 'NONE',  ( -5.192492299719079440, 0.000000000000000000, 1.500000000000000000 ) ) ;
#5035 = ORIENTED_EDGE ( 'NONE', *, *, #3145, .T. ) ;
#5036 = EDGE_CURVE ( 'NONE', #4206, #4814, #4841, .T. ) ;
#5037 = EDGE_CURVE ( 'NONE', #563, #9305, #10276, .T. ) ;
#5038 = CIRCLE ( 'NONE', #6599, 0.1494257208329542175 ) ;
#5039 = VERTEX_POINT ( 'NONE', #1007 ) ;
#5040 = ADVANCED_FACE ( 'NONE', ( #4781, #2892 ), #6612, .T. ) ;
#5041 = EDGE_LOOP ( 'NONE', ( #1520, #1586 ) ) ;
#5042 = STYLED_ITEM ( 'NONE', ( #2766 ), #1082 ) ;
#5043 =( NAMED_UNIT ( * ) SI_UNIT ( $, .STERADIAN. ) SOLID_ANGLE_UNIT ( ) );
#5044 = ORIENTED_EDGE ( 'NONE', *, *, #8648, .F. ) ;
#5045 = CARTESIAN_POINT ( 'NONE',  ( 3.100000000000000977, -4.768682383288472160, 1.600000000000000089 ) ) ;
#5046 = CARTESIAN_POINT ( 'NONE',  ( 5.455872757806901063, 2.606906106631963649, 1.100000000000000089 ) ) ;
#5047 = DIRECTION ( 'NONE',  ( 0.000000000000000000, 0.000000000000000000, 1.000000000000000000 ) ) ;
#5048 = VECTOR ( 'NONE', #11389, 1000.000000000000000 ) ;
#5049 = EDGE_CURVE ( 'NONE', #11730, #4233, #8514, .T. ) ;
#5050 = FACE_BOUND ( 'NONE', #3038, .T. ) ;
#5051 = CARTESIAN_POINT ( 'NONE',  ( -2.700000000000003286, -6.499999999999997335, 1.000000000000000000 ) ) ;
#5052 = ORIENTED_EDGE ( 'NONE', *, *, #7831, .T. ) ;
#5053 = EDGE_LOOP ( 'NONE', ( #11424, #2896, #6847, #880 ) ) ;
#5054 = MECHANICAL_DESIGN_GEOMETRIC_PRESENTATION_REPRESENTATION (  '', ( #3500 ), #5443 ) ;
#5055 = DIRECTION ( 'NONE',  ( 1.000000000000000000, 0.000000000000000000, 0.000000000000000000 ) ) ;
#5056 = EDGE_CURVE ( 'NONE', #10704, #10661, #11599, .T. ) ;
#5057 = DIRECTION ( 'NONE',  ( 1.000000000000000000, 0.000000000000000000, 0.000000000000000000 ) ) ;
#5058 = DIRECTION ( 'NONE',  ( -0.000000000000000000, -0.000000000000000000, -1.000000000000000000 ) ) ;
#5059 = VECTOR ( 'NONE', #6520, 1000.000000000000000 ) ;
#5060 = LINE ( 'NONE', #1301, #741 ) ;
#5061 = DIRECTION ( 'NONE',  ( 0.000000000000000000, -0.000000000000000000, 1.000000000000000000 ) ) ;
#5062 = FACE_OUTER_BOUND ( 'NONE', #6295, .T. ) ;
#5063 = CARTESIAN_POINT ( 'NONE',  ( -2.714552833435666113, -0.6974844531661972269, 1.399999999999999911 ) ) ;
#5064 = SURFACE_STYLE_USAGE ( .BOTH. , #3297 ) ;
#5065 = SURFACE_STYLE_FILL_AREA ( #1361 ) ;
#5066 = VECTOR ( 'NONE', #2874, 1000.000000000000000 ) ;
#5067 = EDGE_CURVE ( 'NONE', #6940, #8162, #3249, .T. ) ;
#5068 = LINE ( 'NONE', #8786, #1636 ) ;
#5069 = EDGE_CURVE ( 'NONE', #8112, #551, #1326, .T. ) ;
#5070 = VERTEX_POINT ( 'NONE', #410 ) ;
#5071 = COLOUR_RGB ( '',1.000000000000000000, 1.000000000000000000, 0.000000000000000000 ) ;
#5072 = ORIENTED_EDGE ( 'NONE', *, *, #11201, .T. ) ;
#5073 = PRESENTATION_STYLE_ASSIGNMENT (( #7998 ) ) ;
#5074 = CARTESIAN_POINT ( 'NONE',  ( 0.4999999999999970024, -1.999999999999997335, 1.000000000000000000 ) ) ;
#5075 = DIRECTION ( 'NONE',  ( 1.000000000000000000, 0.000000000000000000, 0.000000000000000000 ) ) ;
#5076 = CARTESIAN_POINT ( 'NONE',  ( 0.4999999999999976130, -5.999999999999997335, 1.000000000000000000 ) ) ;
#5077 = ORIENTED_EDGE ( 'NONE', *, *, #607, .F. ) ;
#5078 = AXIS2_PLACEMENT_3D ( 'NONE', #738, #4460, #8174 ) ;
#5079 = FACE_OUTER_BOUND ( 'NONE', #5770, .T. ) ;
#5080 = CARTESIAN_POINT ( 'NONE',  ( 3.192975979834980826, -0.6427883380858901985, 1.500000000000000000 ) ) ;
#5081 = SURFACE_SIDE_STYLE ('',( #8006 ) ) ;
#5082 = VECTOR ( 'NONE', #8683, 1000.000000000000000 ) ;
#5083 = UNCERTAINTY_MEASURE_WITH_UNIT (LENGTH_MEASURE( 1.000000000000000082E-05 ), #4478, 'distance_accuracy_value', 'NONE');
#5084 = ORIENTED_EDGE ( 'NONE', *, *, #401, .F. ) ;
#5085 = VECTOR ( 'NONE', #3766, 1000.000000000000000 ) ;
#5086 = EDGE_CURVE ( 'NONE', #1970, #5925, #5021, .T. ) ;
#5087 = VECTOR ( 'NONE', #6327, 1000.000000000000000 ) ;
#5088 = LINE ( 'NONE', #2168, #9101 ) ;
#5089 = ORIENTED_EDGE ( 'NONE', *, *, #4608, .T. ) ;
#5090 = ORIENTED_EDGE ( 'NONE', *, *, #12041, .F. ) ;
#5091 = CARTESIAN_POINT ( 'NONE',  ( 0.9999999999999976685, -5.199999999999997513, 1.200000000000000178 ) ) ;
#5092 = DIRECTION ( 'NONE',  ( 0.000000000000000000, 0.000000000000000000, 1.000000000000000000 ) ) ;
#5093 = STYLED_ITEM ( 'NONE', ( #2087 ), #2476 ) ;
#5094 = SURFACE_STYLE_USAGE ( .BOTH. , #6012 ) ;
#5095 = DIRECTION ( 'NONE',  ( -0.000000000000000000, 1.000000000000000000, -0.000000000000000000 ) ) ;
#5096 = UNCERTAINTY_MEASURE_WITH_UNIT (LENGTH_MEASURE( 1.000000000000000082E-05 ), #915, 'distance_accuracy_value', 'NONE');
#5097 = VERTEX_POINT ( 'NONE', #5888 ) ;
#5098 = CIRCLE ( 'NONE', #1405, 0.6205955535903713294 ) ;
#5099 = ORIENTED_EDGE ( 'NONE', *, *, #200, .F. ) ;
#5100 = EDGE_LOOP ( 'NONE', ( #2525, #3286, #8949, #1428, #6972, #4170, #11657, #7969, #9051, #3086, #1096, #2523, #1610, #3825, #4666, #10196, #2705, #7277, #6632, #967, #9010, #887, #10271, #4462, #6357, #8702, #4994, #8881, #8646, #6984, #1899, #11151, #5540, #8274 ) ) ;
#5101 = ORIENTED_EDGE ( 'NONE', *, *, #5150, .F. ) ;
#5102 = CARTESIAN_POINT ( 'NONE',  ( -2.700000000000003286, -6.499999999999997335, 1.200000000000000178 ) ) ;
#5103 = CARTESIAN_POINT ( 'NONE',  ( -5.192492299719079440, 0.000000000000000000, 1.500000000000000000 ) ) ;
#5104 = ORIENTED_EDGE ( 'NONE', *, *, #1993, .T. ) ;
#5105 = CYLINDRICAL_SURFACE ( 'NONE', #469, 0.6205955535903713294 ) ;
#5106 = VECTOR ( 'NONE', #1916, 1000.000000000000000 ) ;
#5107 = CARTESIAN_POINT ( 'NONE',  ( -2.529934648285827592, 2.295341782195420954, 1.000000000000000000 ) ) ;
#5108 = CARTESIAN_POINT ( 'NONE',  ( -5.302035936607395250, -8.495872950595002875E-16, 1.000000000000000000 ) ) ;
#5109 = SURFACE_STYLE_USAGE ( .BOTH. , #1400 ) ;
#5110 = PLANE ( 'NONE',  #2231 ) ;
#5111 = UNCERTAINTY_MEASURE_WITH_UNIT (LENGTH_MEASURE( 1.000000000000000082E-05 ), #1302, 'distance_accuracy_value', 'NONE');
#5112 = ORIENTED_EDGE ( 'NONE', *, *, #11410, .F. ) ;
#5113 = ADVANCED_FACE ( 'NONE', ( #2389 ), #6001, .T. ) ;
#5114 = AXIS2_PLACEMENT_3D ( 'NONE', #2445, #8120, #4288 ) ;
#5115 = VERTEX_POINT ( 'NONE', #572 ) ;
#5116 = UNCERTAINTY_MEASURE_WITH_UNIT (LENGTH_MEASURE( 1.000000000000000082E-05 ), #3339, 'distance_accuracy_value', 'NONE');
#5117 = LINE ( 'NONE', #10723, #3178 ) ;
#5118 = DIRECTION ( 'NONE',  ( -2.168404344971012812E-15, 1.000000000000000000, 0.000000000000000000 ) ) ;
#5119 =( NAMED_UNIT ( * ) PLANE_ANGLE_UNIT ( ) SI_UNIT ( $, .RADIAN. ) );
#5120 = CARTESIAN_POINT ( 'NONE',  ( -2.460000000000001297, -7.994982302604838331, 0.000000000000000000 ) ) ;
#5121 = DIRECTION ( 'NONE',  ( 1.000000000000000000, 1.084202172485504434E-16, -0.000000000000000000 ) ) ;
#5122 = FILL_AREA_STYLE_COLOUR ( '', #8598 ) ;
#5123 = STYLED_ITEM ( 'NONE', ( #11333 ), #515 ) ;
#5124 = EDGE_LOOP ( 'NONE', ( #10889, #8379, #7545, #314 ) ) ;
#5125 = COLOUR_RGB ( '',0.9882352941176471006, 0.7372549019607843590, 0.5176470588235293491 ) ;
#5126 = EDGE_LOOP ( 'NONE', ( #9859, #4482, #8421, #10205 ) ) ;
#5127 = COLOUR_RGB ( '',1.000000000000000000, 1.000000000000000000, 0.000000000000000000 ) ;
#5128 = CARTESIAN_POINT ( 'NONE',  ( -1.050000000000002709, -1.999999999999997335, 1.200000000000000178 ) ) ;
#5129 = STYLED_ITEM ( 'NONE', ( #4518 ), #3512 ) ;
#5131 = EDGE_CURVE ( 'NONE', #6691, #9032, #8707, .T. ) ;
#5130 = CARTESIAN_POINT ( 'NONE',  ( -0.7182825874325393656, 8.869867354517255720, 1.100000000000000089 ) ) ;
#5132 = ORIENTED_EDGE ( 'NONE', *, *, #4039, .F. ) ;
#5133 = PLANE ( 'NONE',  #222 ) ;
#5134 = AXIS2_PLACEMENT_3D ( 'NONE', #5029, #8927, #10573 ) ;
#5135 = VECTOR ( 'NONE', #5095, 1000.000000000000000 ) ;
#5136 = LINE ( 'NONE', #3434, #3187 ) ;
#5137 = CARTESIAN_POINT ( 'NONE',  ( 5.100000000000001421, -2.568682383288471538, 1.800000000000000266 ) ) ;
#5138 = VERTEX_POINT ( 'NONE', #5137 ) ;
#5139 = ORIENTED_EDGE ( 'NONE', *, *, #7884, .T. ) ;
#5140 = MECHANICAL_DESIGN_GEOMETRIC_PRESENTATION_REPRESENTATION (  '', ( #111 ), #7692 ) ;
#5141 = COLOUR_RGB ( '',1.000000000000000000, 1.000000000000000000, 0.000000000000000000 ) ;
#5142 = VECTOR ( 'NONE', #10617, 1000.000000000000000 ) ;
#5143 = VECTOR ( 'NONE', #11954, 1000.000000000000000 ) ;
#5144 = ORIENTED_EDGE ( 'NONE', *, *, #564, .F. ) ;
#5145 = ORIENTED_EDGE ( 'NONE', *, *, #2779, .T. ) ;
#5146 = FILL_AREA_STYLE ('',( #1381 ) ) ;
#5147 = PRESENTATION_LAYER_ASSIGNMENT (  '', '', ( #11976 ) ) ;
#5148 = PRESENTATION_STYLE_ASSIGNMENT (( #2518 ) ) ;
#5149 =( NAMED_UNIT ( * ) SI_UNIT ( $, .STERADIAN. ) SOLID_ANGLE_UNIT ( ) );
#5150 = EDGE_CURVE ( 'NONE', #11602, #4206, #8861, .T. ) ;
#5152 = CARTESIAN_POINT ( 'NONE',  ( 2.292975979834980471, -0.6427883380858903095, 1.000000000000000000 ) ) ;
#5151 = COLOUR_RGB ( '',1.000000000000000000, 1.000000000000000000, 0.000000000000000000 ) ;
#5153 = DIRECTION ( 'NONE',  ( 0.000000000000000000, -1.000000000000000000, 0.000000000000000000 ) ) ;
#5154 = MECHANICAL_DESIGN_GEOMETRIC_PRESENTATION_REPRESENTATION (  '', ( #8080 ), #10417 ) ;
#5155 = ORIENTED_EDGE ( 'NONE', *, *, #11112, .T. ) ;
#5156 = EDGE_CURVE ( 'NONE', #8734, #4531, #5504, .T. ) ;
#5157 = ORIENTED_EDGE ( 'NONE', *, *, #7230, .T. ) ;
#5158 = LINE ( 'NONE', #2239, #8877 ) ;
#5159 = PRESENTATION_STYLE_ASSIGNMENT (( #1451 ) ) ;
#5160 =( NAMED_UNIT ( * ) PLANE_ANGLE_UNIT ( ) SI_UNIT ( $, .RADIAN. ) );
#5161 = ORIENTED_EDGE ( 'NONE', *, *, #7711, .T. ) ;
#5162 = DIRECTION ( 'NONE',  ( 0.000000000000000000, 0.000000000000000000, 1.000000000000000000 ) ) ;
#5163 = DIRECTION ( 'NONE',  ( -0.000000000000000000, 0.000000000000000000, 1.000000000000000000 ) ) ;
#5164 = PLANE ( 'NONE',  #8979 ) ;
#5165 = EDGE_CURVE ( 'NONE', #10380, #8, #11904, .T. ) ;
#5166 = DIRECTION ( 'NONE',  ( -0.000000000000000000, -0.000000000000000000, 1.000000000000000000 ) ) ;
#5167 = CARTESIAN_POINT ( 'NONE',  ( -1.600000000000002975, -5.999999999999997335, 1.200000000000000178 ) ) ;
#5168 = FACE_BOUND ( 'NONE', #7530, .T. ) ;
#5169 = FILL_AREA_STYLE_COLOUR ( '', #10602 ) ;
#5170 = ADVANCED_FACE ( 'NONE', ( #8312 ), #3616, .F. ) ;
#5171 = EDGE_LOOP ( 'NONE', ( #1372, #5112, #5317, #1505 ) ) ;
#5172 = ORIENTED_EDGE ( 'NONE', *, *, #7384, .F. ) ;
#5173 = ADVANCED_FACE ( 'NONE', ( #6167 ), #9948, .F. ) ;
#5174 =( NAMED_UNIT ( * ) SI_UNIT ( $, .STERADIAN. ) SOLID_ANGLE_UNIT ( ) );
#5175 = FACE_OUTER_BOUND ( 'NONE', #727, .T. ) ;
#5176 = DIRECTION ( 'NONE',  ( -0.000000000000000000, -0.000000000000000000, 1.000000000000000000 ) ) ;
#5177 = FILL_AREA_STYLE_COLOUR ( '', #1427 ) ;
#5178 = DIRECTION ( 'NONE',  ( 1.000000000000000000, 0.000000000000000000, 0.000000000000000000 ) ) ;
#5179 = VECTOR ( 'NONE', #8825, 1000.000000000000000 ) ;
#5180 = LINE ( 'NONE', #5102, #10853 ) ;
#5181 = FILL_AREA_STYLE ('',( #5122 ) ) ;
#5182 = CARTESIAN_POINT ( 'NONE',  ( -5.028786089951736038, 2.295341782195420954, 1.000000000000000000 ) ) ;
#5183 = ORIENTED_EDGE ( 'NONE', *, *, #9151, .T. ) ;
#5184 = ADVANCED_FACE ( 'NONE', ( #6361 ), #9102, .T. ) ;
#5185 = VERTEX_POINT ( 'NONE', #12031 ) ;
#5186 = VECTOR ( 'NONE', #4184, 1000.000000000000000 ) ;
#5187 = CARTESIAN_POINT ( 'NONE',  ( -3.702035936607396049, 8.469867354517257141, 1.000000000000000000 ) ) ;
#5188 = CARTESIAN_POINT ( 'NONE',  ( -0.3000000000000025424, -5.999999999999997335, 1.000000000000000000 ) ) ;
#5189 = CARTESIAN_POINT ( 'NONE',  ( 5.100000000000001421, -2.468682383288471449, 1.800000000000000266 ) ) ;
#5190 = ORIENTED_EDGE ( 'NONE', *, *, #7414, .F. ) ;
#5191 = LINE ( 'NONE', #10800, #5254 ) ;
#5192 = MECHANICAL_DESIGN_GEOMETRIC_PRESENTATION_REPRESENTATION (  '', ( #11800 ), #1500 ) ;
#5193 =( NAMED_UNIT ( * ) SI_UNIT ( $, .STERADIAN. ) SOLID_ANGLE_UNIT ( ) );
#5195 = DIRECTION ( 'NONE',  ( 1.000000000000000000, 0.000000000000000000, 0.000000000000000000 ) ) ;
#5194 = MECHANICAL_DESIGN_GEOMETRIC_PRESENTATION_REPRESENTATION (  '', ( #3274 ), #9485 ) ;
#5196 = EDGE_CURVE ( 'NONE', #2061, #11443, #9045, .T. ) ;
#5197 = ORIENTED_EDGE ( 'NONE', *, *, #842, .F. ) ;
#5198 = ORIENTED_EDGE ( 'NONE', *, *, #10974, .F. ) ;
#5199 = AXIS2_PLACEMENT_3D ( 'NONE', #3915, #9461, #1116 ) ;
#5200 = VECTOR ( 'NONE', #9072, 1000.000000000000000 ) ;
#5201 = ORIENTED_EDGE ( 'NONE', *, *, #8381, .T. ) ;
#5202 = ORIENTED_EDGE ( 'NONE', *, *, #9362, .F. ) ;
#5203 = FACE_OUTER_BOUND ( 'NONE', #10132, .T. ) ;
#5204 = CARTESIAN_POINT ( 'NONE',  ( 0.000000000000000000, 2.147362469743642865, 1.100000000000000089 ) ) ;
#5205 = FILL_AREA_STYLE_COLOUR ( '', #8108 ) ;
#5206 = VECTOR ( 'NONE', #2246, 1000.000000000000000 ) ;
#5207 = CARTESIAN_POINT ( 'NONE',  ( 4.800000000000000711, -2.768682383288471271, 1.600000000000000089 ) ) ;
#5208 = PRESENTATION_LAYER_ASSIGNMENT (  '', '', ( #11822 ) ) ;
#5209 = DIRECTION ( 'NONE',  ( 0.000000000000000000, 0.000000000000000000, 1.000000000000000000 ) ) ;
#5210 = UNCERTAINTY_MEASURE_WITH_UNIT (LENGTH_MEASURE( 1.000000000000000082E-05 ), #1797, 'distance_accuracy_value', 'NONE');
#5211 = ORIENTED_EDGE ( 'NONE', *, *, #6557, .T. ) ;
#5212 = VERTEX_POINT ( 'NONE', #6228 ) ;
#5213 = CARTESIAN_POINT ( 'NONE',  ( 3.000000000000001332, -4.768682383288472160, 1.700000000000000178 ) ) ;
#5214 = CARTESIAN_POINT ( 'NONE',  ( -1.050000000000002709, -1.499999999999997335, 1.000000000000000000 ) ) ;
#5215 =( LENGTH_UNIT ( ) NAMED_UNIT ( * ) SI_UNIT ( .MILLI., .METRE. ) );
#5216 = VECTOR ( 'NONE', #773, 1000.000000000000000 ) ;
#5217 = ORIENTED_EDGE ( 'NONE', *, *, #11627, .F. ) ;
#5218 = DIRECTION ( 'NONE',  ( -0.000000000000000000, -1.000000000000000000, -0.000000000000000000 ) ) ;
#5219 = CARTESIAN_POINT ( 'NONE',  ( 5.955872757806901063, 3.106906106631963649, 1.100000000000000089 ) ) ;
#5220 = LINE ( 'NONE', #9793, #6741 ) ;
#5221 = SURFACE_STYLE_FILL_AREA ( #1512 ) ;
#5222 = CARTESIAN_POINT ( 'NONE',  ( -3.230000000000000426, -7.994982302604838331, 1.100000000000000089 ) ) ;
#5223 = CARTESIAN_POINT ( 'NONE',  ( -5.302035936607397026, 8.469867354517257141, 1.100000000000000089 ) ) ;
#5224 = LINE ( 'NONE', #9682, #3129 ) ;
#5225 = VECTOR ( 'NONE', #6898, 1000.000000000000000 ) ;
#5226 = ADVANCED_FACE ( 'NONE', ( #4475 ), #8188, .F. ) ;
#5227 = VERTEX_POINT ( 'NONE', #694 ) ;
#5228 = EDGE_LOOP ( 'NONE', ( #9408, #6821, #382, #9354 ) ) ;
#5229 = UNCERTAINTY_MEASURE_WITH_UNIT (LENGTH_MEASURE( 1.000000000000000082E-05 ), #5975, 'distance_accuracy_value', 'NONE');
#5230 = EDGE_CURVE ( 'NONE', #7101, #8277, #7345, .T. ) ;
#5231 = VECTOR ( 'NONE', #10421, 1000.000000000000000 ) ;
#5232 = CARTESIAN_POINT ( 'NONE',  ( 0.000000000000000000, 8.869867354517255720, 1.100000000000000089 ) ) ;
#5233 = ORIENTED_EDGE ( 'NONE', *, *, #2184, .F. ) ;
#5234 = DIRECTION ( 'NONE',  ( 0.000000000000000000, 1.000000000000000000, 0.000000000000000000 ) ) ;
#5235 = CARTESIAN_POINT ( 'NONE',  ( -3.999999999999999112, -3.899999999999997247, 1.200000000000000178 ) ) ;
#5236 = EDGE_CURVE ( 'NONE', #8700, #11992, #8062, .T. ) ;
#5237 = CARTESIAN_POINT ( 'NONE',  ( -4.516593218723101266, 0.5500997857322237339, 1.399999999999999911 ) ) ;
#5238 = DIRECTION ( 'NONE',  ( -0.000000000000000000, 0.000000000000000000, 1.000000000000000000 ) ) ;
#5239 = FILL_AREA_STYLE ('',( #3420 ) ) ;
#5240 = DIRECTION ( 'NONE',  ( 0.000000000000000000, 0.000000000000000000, -1.000000000000000000 ) ) ;
#5241 = CARTESIAN_POINT ( 'NONE',  ( -1.950000000000002842, -1.999999999999997335, 1.200000000000000178 ) ) ;
#5242 = DIRECTION ( 'NONE',  ( 0.000000000000000000, -0.000000000000000000, 1.000000000000000000 ) ) ;
#5243 = EDGE_LOOP ( 'NONE', ( #7453, #8308, #764, #9646 ) ) ;
#5244 = STYLED_ITEM ( 'NONE', ( #10823 ), #7532 ) ;
#5245 = ADVANCED_FACE ( 'NONE', ( #3435 ), #1785, .T. ) ;
#5246 = VERTEX_POINT ( 'NONE', #11838 ) ;
#5247 = UNCERTAINTY_MEASURE_WITH_UNIT (LENGTH_MEASURE( 1.000000000000000082E-05 ), #971, 'distance_accuracy_value', 'NONE');
#5248 = DIRECTION ( 'NONE',  ( 1.000000000000000000, 1.668003342285391551E-16, -0.000000000000000000 ) ) ;
#5249 = DIRECTION ( 'NONE',  ( -1.084202172485506406E-15, 1.000000000000000000, 0.000000000000000000 ) ) ;
#5250 = DIRECTION ( 'NONE',  ( 1.000000000000000000, 0.000000000000000000, 0.000000000000000000 ) ) ;
#5251 =( NAMED_UNIT ( * ) SI_UNIT ( $, .STERADIAN. ) SOLID_ANGLE_UNIT ( ) );
#5252 = CARTESIAN_POINT ( 'NONE',  ( 1.254473155026102127, -2.389077535132158481, 1.000000000000000000 ) ) ;
#5253 = EDGE_LOOP ( 'NONE', ( #8136, #11256 ) ) ;
#5254 = VECTOR ( 'NONE', #1544, 1000.000000000000000 ) ;
#5255 = CARTESIAN_POINT ( 'NONE',  ( 1.720639630881218185, 2.295341782195420954, 0.000000000000000000 ) ) ;
#5256 = DIRECTION ( 'NONE',  ( 0.000000000000000000, -1.000000000000000000, 0.000000000000000000 ) ) ;
#5257 = DIRECTION ( 'NONE',  ( 1.000000000000000000, 0.000000000000000000, -0.000000000000000000 ) ) ;
#5258 = AXIS2_PLACEMENT_3D ( 'NONE', #4692, #7616, #11200 ) ;
#5259 = ORIENTED_EDGE ( 'NONE', *, *, #3837, .F. ) ;
#5260 = ORIENTED_EDGE ( 'NONE', *, *, #5786, .T. ) ;
#5261 =( GEOMETRIC_REPRESENTATION_CONTEXT ( 3 ) GLOBAL_UNCERTAINTY_ASSIGNED_CONTEXT ( ( #3288 ) ) GLOBAL_UNIT_ASSIGNED_CONTEXT ( ( #3405, #9798, #10772 ) ) REPRESENTATION_CONTEXT ( 'NONE', 'WORKASPACE' ) );
#5262 = CARTESIAN_POINT ( 'NONE',  ( -1.190000000000001279, -7.994982302604838331, 0.000000000000000000 ) ) ;
#5263 = ORIENTED_EDGE ( 'NONE', *, *, #7229, .F. ) ;
#5264 = EDGE_LOOP ( 'NONE', ( #5865, #10473, #7357, #1631 ) ) ;
#5265 =( GEOMETRIC_REPRESENTATION_CONTEXT ( 3 ) GLOBAL_UNCERTAINTY_ASSIGNED_CONTEXT ( ( #9963 ) ) GLOBAL_UNIT_ASSIGNED_CONTEXT ( ( #5701, #9418, #9297 ) ) REPRESENTATION_CONTEXT ( 'NONE', 'WORKASPACE' ) );
#5266 = CARTESIAN_POINT ( 'NONE',  ( 5.955872757806901063, 3.106906106631963649, 1.100000000000000089 ) ) ;
#5267 = DIRECTION ( 'NONE',  ( 0.000000000000000000, -0.000000000000000000, -1.000000000000000000 ) ) ;
#5268 = SURFACE_SIDE_STYLE ('',( #1560 ) ) ;
#5269 = EDGE_LOOP ( 'NONE', ( #4106, #6671, #1147, #9172 ) ) ;
#5270 = CIRCLE ( 'NONE', #10143, 0.1494257208329542175 ) ;
#5271 = EDGE_LOOP ( 'NONE', ( #10309, #9575, #10430, #850 ) ) ;
#5272 = PRESENTATION_LAYER_ASSIGNMENT (  '', '', ( #4898 ) ) ;
#5273 = ORIENTED_EDGE ( 'NONE', *, *, #4299, .T. ) ;
#5274 = CARTESIAN_POINT ( 'NONE',  ( -0.4586198500137319556, 2.147362469743642865, 0.000000000000000000 ) ) ;
#5275 = EDGE_CURVE ( 'NONE', #8362, #8734, #4807, .T. ) ;
#5276 = EDGE_LOOP ( 'NONE', ( #7696, #8599, #2848, #9222 ) ) ;
#5277 = FILL_AREA_STYLE_COLOUR ( '', #4747 ) ;
#5278 =( NAMED_UNIT ( * ) SI_UNIT ( $, .STERADIAN. ) SOLID_ANGLE_UNIT ( ) );
#5279 = EDGE_CURVE ( 'NONE', #701, #11272, #6541, .T. ) ;
#5280 = DIRECTION ( 'NONE',  ( 0.000000000000000000, 1.000000000000000000, 0.000000000000000000 ) ) ;
#5281 = LINE ( 'NONE', #6195, #9180 ) ;
#5282 = DIRECTION ( 'NONE',  ( 0.000000000000000000, 0.000000000000000000, 1.000000000000000000 ) ) ;
#5283 = MECHANICAL_DESIGN_GEOMETRIC_PRESENTATION_REPRESENTATION (  '', ( #4529 ), #10743 ) ;
#5284 = CARTESIAN_POINT ( 'NONE',  ( 2.292975979834980471, -0.6427883380858903095, 1.500000000000000000 ) ) ;
#5285 = DIRECTION ( 'NONE',  ( -1.626303258728256651E-16, 1.000000000000000000, -0.000000000000000000 ) ) ;
#5286 = DIRECTION ( 'NONE',  ( -1.000000000000000000, 0.000000000000000000, 0.000000000000000000 ) ) ;
#5287 = ORIENTED_EDGE ( 'NONE', *, *, #1985, .F. ) ;
#5288 = DIRECTION ( 'NONE',  ( -0.000000000000000000, -0.000000000000000000, 1.000000000000000000 ) ) ;
#5289 = ORIENTED_EDGE ( 'NONE', *, *, #1823, .F. ) ;
#5290 =( GEOMETRIC_REPRESENTATION_CONTEXT ( 3 ) GLOBAL_UNCERTAINTY_ASSIGNED_CONTEXT ( ( #4493 ) ) GLOBAL_UNIT_ASSIGNED_CONTEXT ( ( #10329, #3817, #10270 ) ) REPRESENTATION_CONTEXT ( 'NONE', 'WORKASPACE' ) );
#5291 = ADVANCED_FACE ( 'NONE', ( #10319 ), #4885, .T. ) ;
#5292 = DIRECTION ( 'NONE',  ( -0.000000000000000000, -0.000000000000000000, -1.000000000000000000 ) ) ;
#5293 = EDGE_LOOP ( 'NONE', ( #6694, #243, #11983, #5721 ) ) ;
#5294 = FILL_AREA_STYLE ('',( #1525 ) ) ;
#5295 = DIRECTION ( 'NONE',  ( 0.000000000000000000, -1.000000000000000000, 0.000000000000000000 ) ) ;
#5296 =( LENGTH_UNIT ( ) NAMED_UNIT ( * ) SI_UNIT ( .MILLI., .METRE. ) );
#5297 = CARTESIAN_POINT ( 'NONE',  ( -3.302035936607395694, 8.469867354517257141, 1.100000000000000089 ) ) ;
#5298 = SURFACE_STYLE_FILL_AREA ( #5239 ) ;
#5299 = PLANE ( 'NONE',  #2235 ) ;
#5300 = DIRECTION ( 'NONE',  ( -0.000000000000000000, -0.000000000000000000, -1.000000000000000000 ) ) ;
#5301 = EDGE_CURVE ( 'NONE', #4551, #10807, #6770, .T. ) ;
#5302 = EDGE_CURVE ( 'NONE', #9108, #2051, #3919, .T. ) ;
#5303 = PRESENTATION_LAYER_ASSIGNMENT (  '', '', ( #6662 ) ) ;
#5304 = ORIENTED_EDGE ( 'NONE', *, *, #7740, .T. ) ;
#5305 = ORIENTED_EDGE ( 'NONE', *, *, #9195, .F. ) ;
#5306 = LINE ( 'NONE', #2561, #4356 ) ;
#5307 = PLANE ( 'NONE',  #871 ) ;
#5308 = VECTOR ( 'NONE', #5500, 1000.000000000000000 ) ;
#5309 = CARTESIAN_POINT ( 'NONE',  ( 4.800000000000000711, -5.268682383288471271, 1.700000000000000178 ) ) ;
#5310 = ORIENTED_EDGE ( 'NONE', *, *, #2823, .T. ) ;
#5311 = DIRECTION ( 'NONE',  ( 0.000000000000000000, 1.000000000000000000, -0.000000000000000000 ) ) ;
#5312 = CARTESIAN_POINT ( 'NONE',  ( -0.000000000000000000, 2.147362469743642865, 1.000000000000000000 ) ) ;
#5313 = DIRECTION ( 'NONE',  ( 0.000000000000000000, 0.000000000000000000, -1.000000000000000000 ) ) ;
#5314 =( NAMED_UNIT ( * ) PLANE_ANGLE_UNIT ( ) SI_UNIT ( $, .RADIAN. ) );
#5315 = VERTEX_POINT ( 'NONE', #1058 ) ;
#5316 = ORIENTED_EDGE ( 'NONE', *, *, #6483, .F. ) ;
#5317 = ORIENTED_EDGE ( 'NONE', *, *, #3143, .F. ) ;
#5318 =( GEOMETRIC_REPRESENTATION_CONTEXT ( 3 ) GLOBAL_UNCERTAINTY_ASSIGNED_CONTEXT ( ( #11096 ) ) GLOBAL_UNIT_ASSIGNED_CONTEXT ( ( #3360, #2499, #5432 ) ) REPRESENTATION_CONTEXT ( 'NONE', 'WORKASPACE' ) );
#5319 = AXIS2_PLACEMENT_3D ( 'NONE', #4985, #3779, #3901 ) ;
#5320 = FACE_OUTER_BOUND ( 'NONE', #256, .T. ) ;
#5321 =( GEOMETRIC_REPRESENTATION_CONTEXT ( 3 ) GLOBAL_UNCERTAINTY_ASSIGNED_CONTEXT ( ( #7698 ) ) GLOBAL_UNIT_ASSIGNED_CONTEXT ( ( #10220, #9068, #7420 ) ) REPRESENTATION_CONTEXT ( 'NONE', 'WORKASPACE' ) );
#5322 = AXIS2_PLACEMENT_3D ( 'NONE', #1992, #10526, #1090 ) ;
#5323 = CIRCLE ( 'NONE', #9033, 0.1494257208329542175 ) ;
#5324 = EDGE_LOOP ( 'NONE', ( #5618, #10365, #9395, #8727 ) ) ;
#5325 = ORIENTED_EDGE ( 'NONE', *, *, #265, .F. ) ;
#5326 = DIRECTION ( 'NONE',  ( -0.000000000000000000, -0.000000000000000000, 1.000000000000000000 ) ) ;
#5327 = FACE_OUTER_BOUND ( 'NONE', #11160, .T. ) ;
#5328 = FILL_AREA_STYLE ('',( #1743 ) ) ;
#5329 = UNCERTAINTY_MEASURE_WITH_UNIT (LENGTH_MEASURE( 1.000000000000000082E-05 ), #3018, 'distance_accuracy_value', 'NONE');
#5330 = ORIENTED_EDGE ( 'NONE', *, *, #667, .F. ) ;
#5331 = COLOUR_RGB ( '',0.9882352941176471006, 0.7372549019607843590, 0.5176470588235293491 ) ;
#5332 = VECTOR ( 'NONE', #1950, 1000.000000000000000 ) ;
#5333 = AXIS2_PLACEMENT_3D ( 'NONE', #5815, #9525, #8608 ) ;
#5334 = ADVANCED_FACE ( 'NONE', ( #993 ), #50, .T. ) ;
#5335 = ORIENTED_EDGE ( 'NONE', *, *, #124, .T. ) ;
#5336 = EDGE_CURVE ( 'NONE', #2682, #9449, #4769, .T. ) ;
#5337 = CARTESIAN_POINT ( 'NONE',  ( 0.4999999999999893974, -2.799999999999997158, 1.200000000000000178 ) ) ;
#5338 = MECHANICAL_DESIGN_GEOMETRIC_PRESENTATION_REPRESENTATION (  '', ( #3600 ), #7104 ) ;
#5339 = EDGE_LOOP ( 'NONE', ( #6606, #6630, #3190, #5761 ) ) ;
#5340 = SURFACE_STYLE_USAGE ( .BOTH. , #7360 ) ;
#5341 = FILL_AREA_STYLE ('',( #11069 ) ) ;
#5342 = FACE_OUTER_BOUND ( 'NONE', #3223, .T. ) ;
#5343 = FILL_AREA_STYLE_COLOUR ( '', #9167 ) ;
#5344 = ADVANCED_FACE ( 'NONE', ( #3865 ), #10377, .F. ) ;
#5345 = PRESENTATION_LAYER_ASSIGNMENT (  '', '', ( #9058 ) ) ;
#5346 = EDGE_LOOP ( 'NONE', ( #7724, #9475, #8572, #364 ) ) ;
#5347 = ADVANCED_FACE ( 'NONE', ( #1362 ), #11801, .F. ) ;
#5348 = ORIENTED_EDGE ( 'NONE', *, *, #7718, .T. ) ;
#5349 = PRESENTATION_STYLE_ASSIGNMENT (( #7312 ) ) ;
#5350 = ORIENTED_EDGE ( 'NONE', *, *, #344, .T. ) ;
#5351 = DIRECTION ( 'NONE',  ( 1.000000000000000000, 0.000000000000000000, -0.000000000000000000 ) ) ;
#5352 =( NAMED_UNIT ( * ) SI_UNIT ( $, .STERADIAN. ) SOLID_ANGLE_UNIT ( ) );
#5353 = DIRECTION ( 'NONE',  ( -3.645772203419546683E-17, 1.000000000000000000, 0.000000000000000000 ) ) ;
#5354 = EDGE_CURVE ( 'NONE', #1660, #10017, #722, .T. ) ;
#5355 = CYLINDRICAL_SURFACE ( 'NONE', #5812, 0.1494257208329539954 ) ;
#5356 = FILL_AREA_STYLE ('',( #11818 ) ) ;
#5357 = CARTESIAN_POINT ( 'NONE',  ( 5.041380149986268933, 2.147362469743642865, 0.000000000000000000 ) ) ;
#5358 = DIRECTION ( 'NONE',  ( -0.000000000000000000, -0.000000000000000000, 1.000000000000000000 ) ) ;
#5359 = LINE ( 'NONE', #2555, #11173 ) ;
#5360 = ORIENTED_EDGE ( 'NONE', *, *, #7992, .T. ) ;
#5361 = EDGE_CURVE ( 'NONE', #8473, #11533, #342, .T. ) ;
#5362 = ORIENTED_EDGE ( 'NONE', *, *, #9741, .T. ) ;
#5363 = FACE_OUTER_BOUND ( 'NONE', #3096, .T. ) ;
#5364 = AXIS2_PLACEMENT_3D ( 'NONE', #3635, #2585, #6318 ) ;
#5365 = VECTOR ( 'NONE', #6745, 1000.000000000000000 ) ;
#5366 = CARTESIAN_POINT ( 'NONE',  ( -1.297642652873966185, 0.000000000000000000, 1.100000000000000089 ) ) ;
#5367 = CARTESIAN_POINT ( 'NONE',  ( -1.285447166564339883, 0.000000000000000000, 1.500000000000000000 ) ) ;
#5368 = FILL_AREA_STYLE_COLOUR ( '', #1702 ) ;
#5369 = LINE ( 'NONE', #9157, #9404 ) ;
#5370 = ORIENTED_EDGE ( 'NONE', *, *, #6031, .T. ) ;
#5371 = LINE ( 'NONE', #752, #412 ) ;
#5372 = CYLINDRICAL_SURFACE ( 'NONE', #11963, 0.5000000000000004441 ) ;
#5373 = CARTESIAN_POINT ( 'NONE',  ( -1.050000000000002709, -5.999999999999997335, 1.200000000000000178 ) ) ;
#5374 = LINE ( 'NONE', #2347, #9616 ) ;
#5375 = EDGE_LOOP ( 'NONE', ( #6950, #6044, #10326, #12002 ) ) ;
#5376 = MECHANICAL_DESIGN_GEOMETRIC_PRESENTATION_REPRESENTATION (  '', ( #10635 ), #155 ) ;
#5377 = ORIENTED_EDGE ( 'NONE', *, *, #11937, .T. ) ;
#5378 = ORIENTED_EDGE ( 'NONE', *, *, #6426, .F. ) ;
#5379 = EDGE_CURVE ( 'NONE', #11257, #4551, #7770, .T. ) ;
#5380 = PRESENTATION_STYLE_ASSIGNMENT (( #822 ) ) ;
#5381 = FILL_AREA_STYLE ('',( #1860 ) ) ;
#5382 = ORIENTED_EDGE ( 'NONE', *, *, #38, .F. ) ;
#5383 = COLOUR_RGB ( '',1.000000000000000000, 1.000000000000000000, 0.000000000000000000 ) ;
#5384 = ORIENTED_EDGE ( 'NONE', *, *, #11399, .T. ) ;
#5385 = PLANE ( 'NONE',  #10592 ) ;
#5386 = EDGE_CURVE ( 'NONE', #1611, #7996, #3466, .T. ) ;
#5387 = LINE ( 'NONE', #6064, #610 ) ;
#5388 = DIRECTION ( 'NONE',  ( 3.294643545002303257E-16, -1.000000000000000000, 0.000000000000000000 ) ) ;
#5389 = LINE ( 'NONE', #1864, #443 ) ;
#5390 = CARTESIAN_POINT ( 'NONE',  ( -2.150000000000003020, -1.499999999999997335, 1.200000000000000178 ) ) ;
#5391 = ORIENTED_EDGE ( 'NONE', *, *, #10524, .F. ) ;
#5392 = EDGE_CURVE ( 'NONE', #10461, #980, #8670, .T. ) ;
#5393 = VECTOR ( 'NONE', #781, 1000.000000000000000 ) ;
#5394 = EDGE_LOOP ( 'NONE', ( #11081, #1125, #4280, #7184 ) ) ;
#5395 = DIRECTION ( 'NONE',  ( 1.000000000000000000, 0.000000000000000000, 0.000000000000000000 ) ) ;
#5396 = DIRECTION ( 'NONE',  ( 0.000000000000000000, 0.000000000000000000, 1.000000000000000000 ) ) ;
#5397 = AXIS2_PLACEMENT_3D ( 'NONE', #4927, #11570, #1170 ) ;
#5398 = ORIENTED_EDGE ( 'NONE', *, *, #5386, .F. ) ;
#5399 = DIRECTION ( 'NONE',  ( -0.000000000000000000, -0.000000000000000000, 1.000000000000000000 ) ) ;
#5400 = AXIS2_PLACEMENT_3D ( 'NONE', #912, #30, #1828 ) ;
#5401 = CARTESIAN_POINT ( 'NONE',  ( -2.497642652873966362, 5.837225230594265568, 1.100000000000000089 ) ) ;
#5402 = CYLINDRICAL_SURFACE ( 'NONE', #7912, 0.5000000000000004441 ) ;
#5403 = EDGE_CURVE ( 'NONE', #6441, #2637, #6781, .T. ) ;
#5404 = MECHANICAL_DESIGN_GEOMETRIC_PRESENTATION_REPRESENTATION (  '', ( #3866 ), #9111 ) ;
#5405 = DIRECTION ( 'NONE',  ( 1.000000000000000000, 0.000000000000000000, 0.000000000000000000 ) ) ;
#5406 = EDGE_CURVE ( 'NONE', #1295, #4338, #10499, .T. ) ;
#5407 = DIRECTION ( 'NONE',  ( -1.000000000000000000, 0.000000000000000000, 0.000000000000000000 ) ) ;
#5408 = ADVANCED_FACE ( 'NONE', ( #10615 ), #2319, .T. ) ;
#5409 = ORIENTED_EDGE ( 'NONE', *, *, #11923, .F. ) ;
#5410 = VECTOR ( 'NONE', #1130, 1000.000000000000000 ) ;
#5411 =( LENGTH_UNIT ( ) NAMED_UNIT ( * ) SI_UNIT ( .MILLI., .METRE. ) );
#5412 = ORIENTED_EDGE ( 'NONE', *, *, #8480, .F. ) ;
#5413 = CIRCLE ( 'NONE', #1501, 0.5000000000000008882 ) ;
#5414 = DIRECTION ( 'NONE',  ( 0.000000000000000000, 1.000000000000000000, 0.000000000000000000 ) ) ;
#5415 = EDGE_CURVE ( 'NONE', #9107, #11473, #11870, .T. ) ;
#5416 = ORIENTED_EDGE ( 'NONE', *, *, #8775, .F. ) ;
#5417 = SURFACE_STYLE_FILL_AREA ( #9866 ) ;
#5418 = DIRECTION ( 'NONE',  ( -1.000000000000000000, 0.000000000000000000, 0.000000000000000000 ) ) ;
#5419 = PRESENTATION_STYLE_ASSIGNMENT (( #8169 ) ) ;
#5420 = CYLINDRICAL_SURFACE ( 'NONE', #11941, 0.1494257208329539954 ) ;
#5421 = PRESENTATION_STYLE_ASSIGNMENT (( #11145 ) ) ;
#5422 = VECTOR ( 'NONE', #4705, 1000.000000000000000 ) ;
#5423 = CARTESIAN_POINT ( 'NONE',  ( -0.4793603691187813820, 2.295341782195420954, 1.000000000000000000 ) ) ;
#5424 =( NAMED_UNIT ( * ) PLANE_ANGLE_UNIT ( ) SI_UNIT ( $, .RADIAN. ) );
#5425 = CARTESIAN_POINT ( 'NONE',  ( 2.392975979834980560, 0.000000000000000000, 1.500000000000000000 ) ) ;
#5426 = FILL_AREA_STYLE_COLOUR ( '', #9936 ) ;
#5427 = ORIENTED_EDGE ( 'NONE', *, *, #8381, .F. ) ;
#5428 = VECTOR ( 'NONE', #9640, 1000.000000000000000 ) ;
#5429 = ORIENTED_EDGE ( 'NONE', *, *, #5717, .T. ) ;
#5430 = CIRCLE ( 'NONE', #207, 0.5000000000000008882 ) ;
#5431 = ADVANCED_FACE ( 'NONE', ( #7242 ), #8343, .F. ) ;
#5432 =( NAMED_UNIT ( * ) SI_UNIT ( $, .STERADIAN. ) SOLID_ANGLE_UNIT ( ) );
#5433 = DIRECTION ( 'NONE',  ( -0.000000000000000000, 0.000000000000000000, 1.000000000000000000 ) ) ;
#5434 = LINE ( 'NONE', #7023, #4465 ) ;
#5435 = DIRECTION ( 'NONE',  ( 1.000000000000000000, 0.000000000000000000, 0.000000000000000000 ) ) ;
#5436 = CARTESIAN_POINT ( 'NONE',  ( -1.400000000000002798, -6.499999999999997335, 1.200000000000000178 ) ) ;
#5437 = ORIENTED_EDGE ( 'NONE', *, *, #1815, .F. ) ;
#5438 = CYLINDRICAL_SURFACE ( 'NONE', #6819, 0.1494257208329542175 ) ;
#5439 = EDGE_CURVE ( 'NONE', #8194, #7244, #6329, .T. ) ;
#5440 = DIRECTION ( 'NONE',  ( 0.000000000000000000, -0.000000000000000000, 1.000000000000000000 ) ) ;
#5441 = EDGE_CURVE ( 'NONE', #4863, #9108, #1876, .T. ) ;
#5442 =( NAMED_UNIT ( * ) SI_UNIT ( $, .STERADIAN. ) SOLID_ANGLE_UNIT ( ) );
#5443 =( GEOMETRIC_REPRESENTATION_CONTEXT ( 3 ) GLOBAL_UNCERTAINTY_ASSIGNED_CONTEXT ( ( #9120 ) ) GLOBAL_UNIT_ASSIGNED_CONTEXT ( ( #1374, #4226, #352 ) ) REPRESENTATION_CONTEXT ( 'NONE', 'WORKASPACE' ) );
#5444 = SURFACE_STYLE_FILL_AREA ( #8253 ) ;
#5445 = PLANE ( 'NONE',  #4166 ) ;
#5446 = ORIENTED_EDGE ( 'NONE', *, *, #9189, .T. ) ;
#5447 = EDGE_LOOP ( 'NONE', ( #1939, #3396, #10542, #7910 ) ) ;
#5448 = ORIENTED_EDGE ( 'NONE', *, *, #8059, .T. ) ;
#5449 = VECTOR ( 'NONE', #5753, 1000.000000000000000 ) ;
#5450 = SURFACE_STYLE_FILL_AREA ( #3441 ) ;
#5451 = DIRECTION ( 'NONE',  ( -4.336808689942025625E-15, -1.000000000000000000, -0.000000000000000000 ) ) ;
#5452 = VERTEX_POINT ( 'NONE', #18 ) ;
#5453 = ORIENTED_EDGE ( 'NONE', *, *, #2140, .T. ) ;
#5454 = DIRECTION ( 'NONE',  ( -0.000000000000000000, -0.000000000000000000, 1.000000000000000000 ) ) ;
#5455 = EDGE_CURVE ( 'NONE', #1880, #5961, #78, .T. ) ;
#5456 = DIRECTION ( 'NONE',  ( 1.000000000000000000, 1.458308881367819166E-16, -0.000000000000000000 ) ) ;
#5457 = VECTOR ( 'NONE', #5854, 1000.000000000000000 ) ;
#5458 = CARTESIAN_POINT ( 'NONE',  ( -1.600000000000002975, -1.499999999999997335, 1.200000000000000178 ) ) ;
#5459 = SURFACE_STYLE_USAGE ( .BOTH. , #11919 ) ;
#5460 = PRESENTATION_STYLE_ASSIGNMENT (( #8140 ) ) ;
#5461 = UNCERTAINTY_MEASURE_WITH_UNIT (LENGTH_MEASURE( 1.000000000000000082E-05 ), #9650, 'distance_accuracy_value', 'NONE');
#5462 = EDGE_LOOP ( 'NONE', ( #894, #4314, #8542, #3834, #11412, #5011, #9090, #6870 ) ) ;
#5463 = CIRCLE ( 'NONE', #6225, 0.09999999999999982514 ) ;
#5464 = EDGE_CURVE ( 'NONE', #2483, #6501, #8224, .T. ) ;
#5465 = COLOUR_RGB ( '',0.000000000000000000, 0.000000000000000000, 0.000000000000000000 ) ;
#5466 = SURFACE_STYLE_FILL_AREA ( #3699 ) ;
#5467 = CARTESIAN_POINT ( 'NONE',  ( 0.4999999999999929501, -4.099999999999996980, 1.200000000000000178 ) ) ;
#5468 = ORIENTED_EDGE ( 'NONE', *, *, #6980, .T. ) ;
#5469 = ORIENTED_EDGE ( 'NONE', *, *, #10503, .F. ) ;
#5470 = VECTOR ( 'NONE', #7541, 1000.000000000000000 ) ;
#5471 = LINE ( 'NONE', #8219, #10910 ) ;
#5472 = DIRECTION ( 'NONE',  ( -0.000000000000000000, -0.000000000000000000, -1.000000000000000000 ) ) ;
#5473 = CARTESIAN_POINT ( 'NONE',  ( 0.4999999999999973910, -4.649999999999995914, 1.000000000000000000 ) ) ;
#5474 =( LENGTH_UNIT ( ) NAMED_UNIT ( * ) SI_UNIT ( .MILLI., .METRE. ) );
#5475 = SURFACE_STYLE_USAGE ( .BOTH. , #3646 ) ;
#5476 = FILL_AREA_STYLE ('',( #10108 ) ) ;
#5477 = VERTEX_POINT ( 'NONE', #8286 ) ;
#5478 = DIRECTION ( 'NONE',  ( 1.000000000000000000, 1.445602896647339163E-16, -0.000000000000000000 ) ) ;
#5479 = ORIENTED_EDGE ( 'NONE', *, *, #1508, .T. ) ;
#5480 = CIRCLE ( 'NONE', #2356, 0.6205955535903713294 ) ;
#5481 = DIRECTION ( 'NONE',  ( 1.000000000000000000, 0.000000000000000000, 0.000000000000000000 ) ) ;
#5482 = ORIENTED_EDGE ( 'NONE', *, *, #5037, .F. ) ;
#5483 = CARTESIAN_POINT ( 'NONE',  ( -0.000000000000000000, 2.147362469743642865, 0.000000000000000000 ) ) ;
#5484 = STYLED_ITEM ( 'NONE', ( #1440 ), #9035 ) ;
#5485 = CARTESIAN_POINT ( 'NONE',  ( 5.455872757806901063, 0.000000000000000000, 1.100000000000000089 ) ) ;
#5486 = CARTESIAN_POINT ( 'NONE',  ( -3.316236771700763121E-16, 3.056906106631963382, 1.000000000000000000 ) ) ;
#5487 = SURFACE_STYLE_FILL_AREA ( #1768 ) ;
#5488 = CARTESIAN_POINT ( 'NONE',  ( -0.000000000000000000, 5.496005818493205908, 1.000000000000000000 ) ) ;
#5489 = LINE ( 'NONE', #4586, #910 ) ;
#5490 = PRESENTATION_STYLE_ASSIGNMENT (( #10954 ) ) ;
#5491 = DIRECTION ( 'NONE',  ( 1.000000000000000000, 0.000000000000000000, 0.000000000000000000 ) ) ;
#5492 = VERTEX_POINT ( 'NONE', #7424 ) ;
#5493 = VECTOR ( 'NONE', #10391, 1000.000000000000000 ) ;
#5494 = EDGE_LOOP ( 'NONE', ( #1162, #4918, #3950, #2926 ) ) ;
#5495 = DIRECTION ( 'NONE',  ( -1.000000000000000000, 0.000000000000000000, 0.000000000000000000 ) ) ;
#5496 = CARTESIAN_POINT ( 'NONE',  ( -4.502035936607396316, 8.869867354517255720, 1.100000000000000089 ) ) ;
#5497 = DIRECTION ( 'NONE',  ( -0.000000000000000000, -0.000000000000000000, -1.000000000000000000 ) ) ;
#5498 = DIRECTION ( 'NONE',  ( -1.000000000000000000, -0.000000000000000000, -0.000000000000000000 ) ) ;
#5499 =( LENGTH_UNIT ( ) NAMED_UNIT ( * ) SI_UNIT ( .MILLI., .METRE. ) );
#5500 = DIRECTION ( 'NONE',  ( -0.000000000000000000, 1.000000000000000000, -0.000000000000000000 ) ) ;
#5501 = ORIENTED_EDGE ( 'NONE', *, *, #8485, .F. ) ;
#5502 = DIRECTION ( 'NONE',  ( 0.000000000000000000, -1.000000000000000000, 0.000000000000000000 ) ) ;
#5503 = SURFACE_STYLE_USAGE ( .BOTH. , #12030 ) ;
#5504 = LINE ( 'NONE', #2633, #11228 ) ;
#5505 = CARTESIAN_POINT ( 'NONE',  ( -1.185447166564339794, 0.000000000000000000, 1.399999999999999911 ) ) ;
#5506 = ORIENTED_EDGE ( 'NONE', *, *, #1508, .F. ) ;
#5507 = EDGE_CURVE ( 'NONE', #1263, #697, #11010, .T. ) ;
#5508 = ORIENTED_EDGE ( 'NONE', *, *, #7167, .T. ) ;
#5509 = VECTOR ( 'NONE', #11650, 1000.000000000000000 ) ;
#5510 = EDGE_CURVE ( 'NONE', #5855, #253, #9105, .T. ) ;
#5511 = DIRECTION ( 'NONE',  ( 1.000000000000000000, 4.336808689942017736E-16, -0.000000000000000000 ) ) ;
#5512 = PLANE ( 'NONE',  #4337 ) ;
#5513 = ORIENTED_EDGE ( 'NONE', *, *, #3189, .F. ) ;
#5514 = VECTOR ( 'NONE', #7807, 1000.000000000000000 ) ;
#5515 = DIRECTION ( 'NONE',  ( 0.000000000000000000, -1.000000000000000000, 0.000000000000000000 ) ) ;
#5516 = CARTESIAN_POINT ( 'NONE',  ( 0.000000000000000000, 0.000000000000000000, 1.200000000000000178 ) ) ;
#5517 = FILL_AREA_STYLE ('',( #890 ) ) ;
#5518 = COLOUR_RGB ( '',1.000000000000000000, 1.000000000000000000, 0.000000000000000000 ) ;
#5519 = VERTEX_POINT ( 'NONE', #7365 ) ;
#5520 = UNCERTAINTY_MEASURE_WITH_UNIT (LENGTH_MEASURE( 1.000000000000000082E-05 ), #4681, 'distance_accuracy_value', 'NONE');
#5521 = VECTOR ( 'NONE', #9636, 1000.000000000000000 ) ;
#5522 =( GEOMETRIC_REPRESENTATION_CONTEXT ( 3 ) GLOBAL_UNCERTAINTY_ASSIGNED_CONTEXT ( ( #606 ) ) GLOBAL_UNIT_ASSIGNED_CONTEXT ( ( #8337, #1632, #8217 ) ) REPRESENTATION_CONTEXT ( 'NONE', 'WORKASPACE' ) );
#5523 = VECTOR ( 'NONE', #6261, 1000.000000000000000 ) ;
#5524 = LINE ( 'NONE', #3515, #9863 ) ;
#5525 = ORIENTED_EDGE ( 'NONE', *, *, #1311, .T. ) ;
#5526 = EDGE_CURVE ( 'NONE', #3345, #500, #11073, .T. ) ;
#5527 = ORIENTED_EDGE ( 'NONE', *, *, #8497, .T. ) ;
#5528 = PLANE ( 'NONE',  #6894 ) ;
#5529 = AXIS2_PLACEMENT_3D ( 'NONE', #2129, #5728, #3954 ) ;
#5530 = EDGE_CURVE ( 'NONE', #8031, #9422, #2724, .T. ) ;
#5531 = CARTESIAN_POINT ( 'NONE',  ( 4.800000000000000711, -5.268682383288471271, 1.600000000000000089 ) ) ;
#5532 = VECTOR ( 'NONE', #1053, 1000.000000000000000 ) ;
#5533 = AXIS2_PLACEMENT_3D ( 'NONE', #10408, #2175, #2056 ) ;
#5534 = CARTESIAN_POINT ( 'NONE',  ( 0.4999999999999931721, -3.899999999999997247, 1.200000000000000178 ) ) ;
#5535 = AXIS2_PLACEMENT_3D ( 'NONE', #9828, #11653, #7089 ) ;
#5536 = LINE ( 'NONE', #2725, #6515 ) ;
#5537 = VERTEX_POINT ( 'NONE', #6448 ) ;
#5538 = SURFACE_STYLE_FILL_AREA ( #3712 ) ;
#5539 = STYLED_ITEM ( 'NONE', ( #8958 ), #3036 ) ;
#5540 = ORIENTED_EDGE ( 'NONE', *, *, #3670, .T. ) ;
#5541 = COLOUR_RGB ( '',0.9882352941176471006, 0.7372549019607843590, 0.5176470588235293491 ) ;
#5542 = VECTOR ( 'NONE', #7135, 1000.000000000000000 ) ;
#5543 = AXIS2_PLACEMENT_3D ( 'NONE', #4400, #6214, #7134 ) ;
#5544 = CARTESIAN_POINT ( 'NONE',  ( -2.700000000000003286, -1.499999999999997335, 1.000000000000000000 ) ) ;
#5545 = EDGE_CURVE ( 'NONE', #11448, #9108, #1813, .T. ) ;
#5546 = ORIENTED_EDGE ( 'NONE', *, *, #3742, .T. ) ;
#5547 =( NAMED_UNIT ( * ) SI_UNIT ( $, .STERADIAN. ) SOLID_ANGLE_UNIT ( ) );
#5548 = CARTESIAN_POINT ( 'NONE',  ( -5.692492299719079440, -2.288776141202243153, 1.399999999999999911 ) ) ;
#5549 = DIRECTION ( 'NONE',  ( 0.000000000000000000, 0.000000000000000000, -1.000000000000000000 ) ) ;
#5550 = FACE_OUTER_BOUND ( 'NONE', #10165, .T. ) ;
#5551 = SURFACE_STYLE_FILL_AREA ( #1831 ) ;
#5552 = EDGE_CURVE ( 'NONE', #996, #9245, #901, .T. ) ;
#5553 = DIRECTION ( 'NONE',  ( 0.000000000000000000, 0.000000000000000000, -1.000000000000000000 ) ) ;
#5554 = MECHANICAL_DESIGN_GEOMETRIC_PRESENTATION_REPRESENTATION (  '', ( #11976 ), #6719 ) ;
#5555 = SURFACE_SIDE_STYLE ('',( #9146 ) ) ;
#5556 = AXIS2_PLACEMENT_3D ( 'NONE', #10773, #11804, #5286 ) ;
#5557 = VECTOR ( 'NONE', #780, 1000.000000000000000 ) ;
#5558 = ORIENTED_EDGE ( 'NONE', *, *, #7092, .T. ) ;
#5559 = EDGE_CURVE ( 'NONE', #11014, #4256, #5905, .T. ) ;
#5560 = ORIENTED_EDGE ( 'NONE', *, *, #5907, .T. ) ;
#5561 = FILL_AREA_STYLE_COLOUR ( '', #11349 ) ;
#5562 = CARTESIAN_POINT ( 'NONE',  ( -3.500000000000003109, -1.999999999999997335, 1.000000000000000000 ) ) ;
#5563 = CARTESIAN_POINT ( 'NONE',  ( 5.219581602308915436, -0.7427883380858898432, 1.399999999999999911 ) ) ;
#5564 = DIRECTION ( 'NONE',  ( 0.000000000000000000, -1.000000000000000000, 0.000000000000000000 ) ) ;
#5565 = CARTESIAN_POINT ( 'NONE',  ( 0.4999999999999891753, -2.999999999999996891, 1.200000000000000178 ) ) ;
#5566 = ORIENTED_EDGE ( 'NONE', *, *, #4608, .F. ) ;
#5567 = PLANE ( 'NONE',  #587 ) ;
#5568 = CARTESIAN_POINT ( 'NONE',  ( 0.000000000000000000, -0.6974844531661972269, 1.500000000000000000 ) ) ;
#5569 =( NAMED_UNIT ( * ) PLANE_ANGLE_UNIT ( ) SI_UNIT ( $, .RADIAN. ) );
#5570 = EDGE_CURVE ( 'NONE', #631, #980, #9497, .T. ) ;
#5571 = VERTEX_POINT ( 'NONE', #1277 ) ;
#5572 = EDGE_LOOP ( 'NONE', ( #958, #10296 ) ) ;
#5573 = VECTOR ( 'NONE', #1687, 1000.000000000000000 ) ;
#5574 = DIRECTION ( 'NONE',  ( -1.000000000000000000, 0.000000000000000000, 0.000000000000000000 ) ) ;
#5575 = SURFACE_STYLE_USAGE ( .BOTH. , #3557 ) ;
#5576 = CARTESIAN_POINT ( 'NONE',  ( -3.999999999999995559, -2.999999999999996891, 1.200000000000000178 ) ) ;
#5577 = ORIENTED_EDGE ( 'NONE', *, *, #5619, .F. ) ;
#5578 = EDGE_CURVE ( 'NONE', #11706, #6192, #1521, .T. ) ;
#5579 = CARTESIAN_POINT ( 'NONE',  ( -0.3299346482858271923, 2.295341782195420954, -29.20000000000000284 ) ) ;
#5580 = CARTESIAN_POINT ( 'NONE',  ( -4.516593218723101266, 0.5500997857322237339, 1.000000000000000000 ) ) ;
#5581 = DIRECTION ( 'NONE',  ( -0.000000000000000000, -0.000000000000000000, 1.000000000000000000 ) ) ;
#5582 = MECHANICAL_DESIGN_GEOMETRIC_PRESENTATION_REPRESENTATION (  '', ( #1491 ), #11792 ) ;
#5583 = UNCERTAINTY_MEASURE_WITH_UNIT (LENGTH_MEASURE( 1.000000000000000082E-05 ), #4104, 'distance_accuracy_value', 'NONE');
#5584 = ORIENTED_EDGE ( 'NONE', *, *, #11243, .T. ) ;
#5585 = COLOUR_RGB ( '',1.000000000000000000, 1.000000000000000000, 0.5019607843137254832 ) ;
#5586 = DIRECTION ( 'NONE',  ( 0.000000000000000000, 1.000000000000000000, 0.000000000000000000 ) ) ;
#5587 = CIRCLE ( 'NONE', #2456, 0.1494257208329539954 ) ;
#5588 = DIRECTION ( 'NONE',  ( -1.000000000000000000, 0.000000000000000000, -0.000000000000000000 ) ) ;
#5589 = ORIENTED_EDGE ( 'NONE', *, *, #5279, .F. ) ;
#5590 = ORIENTED_EDGE ( 'NONE', *, *, #225, .T. ) ;
#5591 = LINE ( 'NONE', #6386, #706 ) ;
#5592 = SURFACE_SIDE_STYLE ('',( #11131 ) ) ;
#5593 = CARTESIAN_POINT ( 'NONE',  ( -4.502035936607396316, 0.000000000000000000, 1.100000000000000089 ) ) ;
#5594 = PRESENTATION_LAYER_ASSIGNMENT (  '', '', ( #8903 ) ) ;
#5595 = EDGE_CURVE ( 'NONE', #4551, #4517, #11438, .T. ) ;
#5596 = DIRECTION ( 'NONE',  ( -1.084202172485506406E-15, 1.000000000000000000, 0.000000000000000000 ) ) ;
#5597 = DIRECTION ( 'NONE',  ( -0.000000000000000000, -0.000000000000000000, -1.000000000000000000 ) ) ;
#5598 =( GEOMETRIC_REPRESENTATION_CONTEXT ( 3 ) GLOBAL_UNCERTAINTY_ASSIGNED_CONTEXT ( ( #6182 ) ) GLOBAL_UNIT_ASSIGNED_CONTEXT ( ( #1327, #10691, #7038 ) ) REPRESENTATION_CONTEXT ( 'NONE', 'WORKASPACE' ) );
#5599 = SURFACE_STYLE_FILL_AREA ( #902 ) ;
#5600 = COLOUR_RGB ( '',0.9882352941176471006, 0.7372549019607843590, 0.5176470588235293491 ) ;
#5601 = ORIENTED_EDGE ( 'NONE', *, *, #6814, .F. ) ;
#5602 = VERTEX_POINT ( 'NONE', #1021 ) ;
#5603 = ORIENTED_EDGE ( 'NONE', *, *, #5774, .F. ) ;
#5604 = VECTOR ( 'NONE', #8553, 1000.000000000000000 ) ;
#5605 = EDGE_LOOP ( 'NONE', ( #1999, #7200, #4663, #6423 ) ) ;
#5606 =( NAMED_UNIT ( * ) SI_UNIT ( $, .STERADIAN. ) SOLID_ANGLE_UNIT ( ) );
#5607 = CARTESIAN_POINT ( 'NONE',  ( 1.850000000000000089, -7.994982302604838331, 1.100000000000000089 ) ) ;
#5608 = CARTESIAN_POINT ( 'NONE',  ( 5.170065351714173474, 2.295341782195420954, 0.000000000000000000 ) ) ;
#5609 = CARTESIAN_POINT ( 'NONE',  ( -5.192492299719079440, 0.000000000000000000, 1.500000000000000000 ) ) ;
#5610 = CARTESIAN_POINT ( 'NONE',  ( -3.302035936607395250, 5.496005818493205908, 1.100000000000000089 ) ) ;
#5611 = CARTESIAN_POINT ( 'NONE',  ( -6.000000000000000000, -8.999999999999998224, 1.000000000000000000 ) ) ;
#5612 = EDGE_CURVE ( 'NONE', #6756, #3593, #753, .T. ) ;
#5613 = SURFACE_SIDE_STYLE ('',( #11147 ) ) ;
#5614 = DIRECTION ( 'NONE',  ( 0.000000000000000000, 0.000000000000000000, 1.000000000000000000 ) ) ;
#5615 = VECTOR ( 'NONE', #2550, 1000.000000000000000 ) ;
#5616 =( LENGTH_UNIT ( ) NAMED_UNIT ( * ) SI_UNIT ( .MILLI., .METRE. ) );
#5617 = STYLED_ITEM ( 'NONE', ( #3599 ), #1766 ) ;
#5618 = ORIENTED_EDGE ( 'NONE', *, *, #3145, .F. ) ;
#5619 = EDGE_CURVE ( 'NONE', #9892, #11380, #7737, .T. ) ;
#5620 = VECTOR ( 'NONE', #5784, 1000.000000000000000 ) ;
#5621 = ORIENTED_EDGE ( 'NONE', *, *, #4479, .F. ) ;
#5622 = UNCERTAINTY_MEASURE_WITH_UNIT (LENGTH_MEASURE( 1.000000000000000082E-05 ), #3535, 'distance_accuracy_value', 'NONE');
#5623 = EDGE_CURVE ( 'NONE', #4225, #9829, #10468, .T. ) ;
#5624 =( NAMED_UNIT ( * ) PLANE_ANGLE_UNIT ( ) SI_UNIT ( $, .RADIAN. ) );
#5625 = COLOUR_RGB ( '',0.000000000000000000, 0.000000000000000000, 0.000000000000000000 ) ;
#5626 =( NAMED_UNIT ( * ) PLANE_ANGLE_UNIT ( ) SI_UNIT ( $, .RADIAN. ) );
#5627 =( NAMED_UNIT ( * ) PLANE_ANGLE_UNIT ( ) SI_UNIT ( $, .RADIAN. ) );
#5628 = DIRECTION ( 'NONE',  ( -1.000000000000000000, -0.000000000000000000, -0.000000000000000000 ) ) ;
#5629 = DIRECTION ( 'NONE',  ( 1.000000000000000000, -1.084202172485504434E-16, 0.000000000000000000 ) ) ;
#5630 = CARTESIAN_POINT ( 'NONE',  ( -2.714552833435666113, -1.197484453166197227, 1.500000000000000000 ) ) ;
#5631 = ORIENTED_EDGE ( 'NONE', *, *, #11906, .F. ) ;
#5632 = DIRECTION ( 'NONE',  ( 0.000000000000000000, 0.000000000000000000, 1.000000000000000000 ) ) ;
#5633 = CARTESIAN_POINT ( 'NONE',  ( -3.500000000000003109, -5.999999999999997335, 1.800000000000000044 ) ) ;
#5634 = CARTESIAN_POINT ( 'NONE',  ( 0.4999999999999970024, -1.999999999999997335, 1.000000000000000000 ) ) ;
#5635 = ADVANCED_FACE ( 'NONE', ( #2910 ), #4796, .T. ) ;
#5636 = EDGE_LOOP ( 'NONE', ( #8409, #8853, #10159, #3081 ) ) ;
#5637 = AXIS2_PLACEMENT_3D ( 'NONE', #1485, #7266, #11831 ) ;
#5638 = ORIENTED_EDGE ( 'NONE', *, *, #10198, .F. ) ;
#5639 =( NAMED_UNIT ( * ) PLANE_ANGLE_UNIT ( ) SI_UNIT ( $, .RADIAN. ) );
#5640 =( NAMED_UNIT ( * ) PLANE_ANGLE_UNIT ( ) SI_UNIT ( $, .RADIAN. ) );
#5641 = LINE ( 'NONE', #1002, #11330 ) ;
#5642 = VERTEX_POINT ( 'NONE', #4063 ) ;
#5643 = CIRCLE ( 'NONE', #3105, 0.1494257208329542175 ) ;
#5644 = DIRECTION ( 'NONE',  ( -0.000000000000000000, -0.000000000000000000, -1.000000000000000000 ) ) ;
#5645 = CARTESIAN_POINT ( 'NONE',  ( -5.000000000000000888, -7.994982302604838331, 0.000000000000000000 ) ) ;
#5646 = DIRECTION ( 'NONE',  ( -0.000000000000000000, -0.000000000000000000, -1.000000000000000000 ) ) ;
#5647 = LINE ( 'NONE', #1008, #6259 ) ;
#5648 = VERTEX_POINT ( 'NONE', #8525 ) ;
#5649 = UNCERTAINTY_MEASURE_WITH_UNIT (LENGTH_MEASURE( 1.000000000000000082E-05 ), #9848, 'distance_accuracy_value', 'NONE');
#5650 = VECTOR ( 'NONE', #1197, 1000.000000000000000 ) ;
#5651 = LINE ( 'NONE', #10456, #1847 ) ;
#5652 = CARTESIAN_POINT ( 'NONE',  ( 4.800000000000000711, -2.368682383288471360, 1.700000000000000178 ) ) ;
#5653 = VECTOR ( 'NONE', #5481, 1000.000000000000000 ) ;
#5654 = ORIENTED_EDGE ( 'NONE', *, *, #2859, .T. ) ;
#5655 = ORIENTED_EDGE ( 'NONE', *, *, #265, .T. ) ;
#5656 = DIRECTION ( 'NONE',  ( -0.000000000000000000, 0.000000000000000000, 1.000000000000000000 ) ) ;
#5657 = CARTESIAN_POINT ( 'NONE',  ( -1.950000000000002842, -1.499999999999997335, 1.000000000000000000 ) ) ;
#5658 = AXIS2_PLACEMENT_3D ( 'NONE', #2332, #6052, #7947 ) ;
#5659 = DIRECTION ( 'NONE',  ( 1.000000000000000000, 0.000000000000000000, 0.000000000000000000 ) ) ;
#5660 = LINE ( 'NONE', #8400, #9749 ) ;
#5661 = SURFACE_STYLE_USAGE ( .BOTH. , #11254 ) ;
#5662 =( NAMED_UNIT ( * ) PLANE_ANGLE_UNIT ( ) SI_UNIT ( $, .RADIAN. ) );
#5663 = DIRECTION ( 'NONE',  ( -1.000000000000000000, 0.000000000000000000, 0.000000000000000000 ) ) ;
#5664 = ORIENTED_EDGE ( 'NONE', *, *, #692, .T. ) ;
#5665 = ORIENTED_EDGE ( 'NONE', *, *, #8436, .F. ) ;
#5666 = ORIENTED_EDGE ( 'NONE', *, *, #7199, .F. ) ;
#5667 = EDGE_CURVE ( 'NONE', #5909, #5028, #3892, .T. ) ;
#5668 = EDGE_CURVE ( 'NONE', #1912, #7196, #2233, .T. ) ;
#5669 = VECTOR ( 'NONE', #6705, 1000.000000000000000 ) ;
#5670 = ORIENTED_EDGE ( 'NONE', *, *, #10441, .T. ) ;
#5671 = PLANE ( 'NONE',  #7084 ) ;
#5672 = DIRECTION ( 'NONE',  ( -0.000000000000000000, -0.000000000000000000, -1.000000000000000000 ) ) ;
#5673 = FACE_OUTER_BOUND ( 'NONE', #1160, .T. ) ;
#5674 = CARTESIAN_POINT ( 'NONE',  ( -5.692492299719079440, -5.711223858797751518, 1.500000000000000000 ) ) ;
#5675 = AXIS2_PLACEMENT_3D ( 'NONE', #5204, #3322, #1557 ) ;
#5676 = DIRECTION ( 'NONE',  ( 0.000000000000000000, 1.000000000000000000, 0.000000000000000000 ) ) ;
#5677 = CARTESIAN_POINT ( 'NONE',  ( -4.902035936607396671, 8.469867354517257141, 1.100000000000000089 ) ) ;
#5678 = FACE_OUTER_BOUND ( 'NONE', #586, .T. ) ;
#5679 = ORIENTED_EDGE ( 'NONE', *, *, #11255, .T. ) ;
#5680 = VECTOR ( 'NONE', #6389, 1000.000000000000000 ) ;
#5681 = ORIENTED_EDGE ( 'NONE', *, *, #4246, .T. ) ;
#5682 = EDGE_CURVE ( 'NONE', #9790, #5642, #10527, .T. ) ;
#5683 = COLOUR_RGB ( '',1.000000000000000000, 1.000000000000000000, 0.000000000000000000 ) ;
#5684 = DIRECTION ( 'NONE',  ( -1.000000000000000000, 0.000000000000000000, -0.000000000000000000 ) ) ;
#5685 = CARTESIAN_POINT ( 'NONE',  ( -4.500000000000000888, -7.994982302604838331, 0.000000000000000000 ) ) ;
#5686 = SURFACE_SIDE_STYLE ('',( #3916 ) ) ;
#5687 = SURFACE_STYLE_FILL_AREA ( #2578 ) ;
#5688 = EDGE_CURVE ( 'NONE', #9067, #3315, #2964, .T. ) ;
#5689 = CARTESIAN_POINT ( 'NONE',  ( 0.07999999999999890532, -7.994982302604838331, 0.000000000000000000 ) ) ;
#5690 = CYLINDRICAL_SURFACE ( 'NONE', #11743, 0.1000000000000002554 ) ;
#5691 =( NAMED_UNIT ( * ) SI_UNIT ( $, .STERADIAN. ) SOLID_ANGLE_UNIT ( ) );
#5692 = LINE ( 'NONE', #9406, #11911 ) ;
#5693 =( NAMED_UNIT ( * ) SI_UNIT ( $, .STERADIAN. ) SOLID_ANGLE_UNIT ( ) );
#5694 = ORIENTED_EDGE ( 'NONE', *, *, #10826, .T. ) ;
#5695 = VERTEX_POINT ( 'NONE', #4007 ) ;
#5696 = MECHANICAL_DESIGN_GEOMETRIC_PRESENTATION_REPRESENTATION (  '', ( #6662 ), #5290 ) ;
#5697 =( NAMED_UNIT ( * ) SI_UNIT ( $, .STERADIAN. ) SOLID_ANGLE_UNIT ( ) );
#5698 = FILL_AREA_STYLE ('',( #8680 ) ) ;
#5699 = ORIENTED_EDGE ( 'NONE', *, *, #2843, .F. ) ;
#5700 = CARTESIAN_POINT ( 'NONE',  ( 3.941380149986268400, 2.147362469743642865, 1.000000000000000888 ) ) ;
#5701 =( LENGTH_UNIT ( ) NAMED_UNIT ( * ) SI_UNIT ( .MILLI., .METRE. ) );
#5702 = SURFACE_SIDE_STYLE ('',( #4900 ) ) ;
#5703 = DIRECTION ( 'NONE',  ( 0.000000000000000000, -0.000000000000000000, -1.000000000000000000 ) ) ;
#5704 = ORIENTED_EDGE ( 'NONE', *, *, #10454, .F. ) ;
#5705 = MECHANICAL_DESIGN_GEOMETRIC_PRESENTATION_REPRESENTATION (  '', ( #1419 ), #11339 ) ;
#5706 = CARTESIAN_POINT ( 'NONE',  ( -0.6900000000000005018, -7.994982302604838331, 1.100000000000000089 ) ) ;
#5707 = DIRECTION ( 'NONE',  ( -0.000000000000000000, -0.000000000000000000, 1.000000000000000000 ) ) ;
#5708 = AXIS2_PLACEMENT_3D ( 'NONE', #5609, #7377, #6461 ) ;
#5709 = ORIENTED_EDGE ( 'NONE', *, *, #4351, .F. ) ;
#5710 = ORIENTED_EDGE ( 'NONE', *, *, #11724, .F. ) ;
#5711 =( NAMED_UNIT ( * ) SI_UNIT ( $, .STERADIAN. ) SOLID_ANGLE_UNIT ( ) );
#5712 = CARTESIAN_POINT ( 'NONE',  ( -5.192492299719079440, -2.188776141202243508, 1.500000000000000000 ) ) ;
#5713 = VECTOR ( 'NONE', #11940, 1000.000000000000000 ) ;
#5714 = DIRECTION ( 'NONE',  ( 1.000000000000000000, 0.000000000000000000, 0.000000000000000000 ) ) ;
#5715 = CYLINDRICAL_SURFACE ( 'NONE', #7615, 0.1494257208329539954 ) ;
#5716 = CYLINDRICAL_SURFACE ( 'NONE', #8858, 0.1494257208329542175 ) ;
#5717 = EDGE_CURVE ( 'NONE', #1506, #4993, #2176, .T. ) ;
#5718 = ADVANCED_FACE ( 'NONE', ( #8079 ), #2521, .F. ) ;
#5719 = PRESENTATION_LAYER_ASSIGNMENT (  '', '', ( #2796 ) ) ;
#5720 = ORIENTED_EDGE ( 'NONE', *, *, #6817, .F. ) ;
#5721 = ORIENTED_EDGE ( 'NONE', *, *, #11126, .T. ) ;
#5722 = AXIS2_PLACEMENT_3D ( 'NONE', #11606, #6928, #9491 ) ;
#5723 = ORIENTED_EDGE ( 'NONE', *, *, #6573, .F. ) ;
#5724 = VECTOR ( 'NONE', #2427, 1000.000000000000000 ) ;
#5725 =( GEOMETRIC_REPRESENTATION_CONTEXT ( 3 ) GLOBAL_UNCERTAINTY_ASSIGNED_CONTEXT ( ( #2309 ) ) GLOBAL_UNIT_ASSIGNED_CONTEXT ( ( #1286, #2919, #6633 ) ) REPRESENTATION_CONTEXT ( 'NONE', 'WORKASPACE' ) );
#5726 = DIRECTION ( 'NONE',  ( -1.000000000000000000, -0.000000000000000000, -0.000000000000000000 ) ) ;
#5727 = EDGE_LOOP ( 'NONE', ( #11199, #8380, #5584, #2242 ) ) ;
#5728 = DIRECTION ( 'NONE',  ( -0.000000000000000000, 0.000000000000000000, 1.000000000000000000 ) ) ;
#5729 =( NAMED_UNIT ( * ) PLANE_ANGLE_UNIT ( ) SI_UNIT ( $, .RADIAN. ) );
#5730 = PRESENTATION_LAYER_ASSIGNMENT (  '', '', ( #483 ) ) ;
#5731 = DIRECTION ( 'NONE',  ( -0.000000000000000000, -0.000000000000000000, -1.000000000000000000 ) ) ;
#5732 = VECTOR ( 'NONE', #5755, 1000.000000000000000 ) ;
#5733 = DIRECTION ( 'NONE',  ( 1.000000000000000000, 0.000000000000000000, 0.000000000000000000 ) ) ;
#5734 = ADVANCED_FACE ( 'NONE', ( #7966 ), #6990, .F. ) ;
#5735 = PRESENTATION_STYLE_ASSIGNMENT (( #8652 ) ) ;
#5736 = CARTESIAN_POINT ( 'NONE',  ( 0.000000000000000000, 5.496005818493205908, 1.100000000000000089 ) ) ;
#5737 = DIRECTION ( 'NONE',  ( -0.000000000000000000, -0.000000000000000000, 1.000000000000000000 ) ) ;
#5738 = MECHANICAL_DESIGN_GEOMETRIC_PRESENTATION_REPRESENTATION (  '', ( #6706 ), #3008 ) ;
#5739 = VERTEX_POINT ( 'NONE', #8810 ) ;
#5740 = AXIS2_PLACEMENT_3D ( 'NONE', #5706, #9427, #5772 ) ;
#5741 = AXIS2_PLACEMENT_3D ( 'NONE', #1411, #6093, #7931 ) ;
#5742 = CIRCLE ( 'NONE', #10407, 0.1494257208329539954 ) ;
#5743 = ORIENTED_EDGE ( 'NONE', *, *, #9656, .F. ) ;
#5744 = AXIS2_PLACEMENT_3D ( 'NONE', #1894, #9327, #3723 ) ;
#5745 = UNCERTAINTY_MEASURE_WITH_UNIT (LENGTH_MEASURE( 1.000000000000000082E-05 ), #3213, 'distance_accuracy_value', 'NONE');
#5746 = DIRECTION ( 'NONE',  ( 0.000000000000000000, 0.000000000000000000, -1.000000000000000000 ) ) ;
#5747 = LINE ( 'NONE', #5806, #1624 ) ;
#5748 = SURFACE_SIDE_STYLE ('',( #5807 ) ) ;
#5749 = COLOUR_RGB ( '',0.9882352941176471006, 0.7372549019607843590, 0.5176470588235293491 ) ;
#5750 = DIRECTION ( 'NONE',  ( 0.000000000000000000, -0.000000000000000000, -1.000000000000000000 ) ) ;
#5751 = FILL_AREA_STYLE_COLOUR ( '', #10184 ) ;
#5752 = SURFACE_STYLE_FILL_AREA ( #11404 ) ;
#5753 = DIRECTION ( 'NONE',  ( -0.000000000000000000, -0.000000000000000000, -1.000000000000000000 ) ) ;
#5754 = MECHANICAL_DESIGN_GEOMETRIC_PRESENTATION_REPRESENTATION (  '', ( #2818 ), #7301 ) ;
#5755 = DIRECTION ( 'NONE',  ( -1.000000000000000000, -0.000000000000000000, -0.000000000000000000 ) ) ;
#5756 = COLOUR_RGB ( '',1.000000000000000000, 1.000000000000000000, 0.5019607843137254832 ) ;
#5757 = SURFACE_STYLE_USAGE ( .BOTH. , #2936 ) ;
#5758 = LINE ( 'NONE', #7823, #7035 ) ;
#5759 = CARTESIAN_POINT ( 'NONE',  ( 0.000000000000000000, 8.869867354517255720, 1.100000000000000089 ) ) ;
#5760 = ORIENTED_EDGE ( 'NONE', *, *, #11515, .F. ) ;
#5761 = ORIENTED_EDGE ( 'NONE', *, *, #6128, .T. ) ;
#5762 = LINE ( 'NONE', #11230, #3870 ) ;
#5763 = FILL_AREA_STYLE ('',( #3815 ) ) ;
#5764 = DIRECTION ( 'NONE',  ( -0.000000000000000000, 0.000000000000000000, 1.000000000000000000 ) ) ;
#5765 = VERTEX_POINT ( 'NONE', #1385 ) ;
#5766 = LINE ( 'NONE', #3518, #9727 ) ;
#5767 = CARTESIAN_POINT ( 'NONE',  ( -0.3000000000000025424, -5.999999999999997335, 1.000000000000000000 ) ) ;
#5768 = CARTESIAN_POINT ( 'NONE',  ( 0.4999999999999976130, -4.999999999999997335, 1.000000000000000000 ) ) ;
#5769 = FACE_BOUND ( 'NONE', #6383, .T. ) ;
#5770 = EDGE_LOOP ( 'NONE', ( #6338, #8022, #94, #2671 ) ) ;
#5771 = ADVANCED_FACE ( 'NONE', ( #7163 ), #3264, .T. ) ;
#5772 = DIRECTION ( 'NONE',  ( 1.000000000000000000, 0.000000000000000000, 0.000000000000000000 ) ) ;
#5773 = LINE ( 'NONE', #3938, #10457 ) ;
#5774 = EDGE_CURVE ( 'NONE', #2369, #593, #424, .T. ) ;
#5775 = ORIENTED_EDGE ( 'NONE', *, *, #699, .T. ) ;
#5776 = VECTOR ( 'NONE', #11673, 1000.000000000000000 ) ;
#5777 = COLOUR_RGB ( '',1.000000000000000000, 1.000000000000000000, 0.5019607843137254832 ) ;
#5778 = ORIENTED_EDGE ( 'NONE', *, *, #375, .T. ) ;
#5779 = DIRECTION ( 'NONE',  ( -4.336808689942025625E-15, -1.000000000000000000, -0.000000000000000000 ) ) ;
#5780 = SURFACE_STYLE_FILL_AREA ( #5964 ) ;
#5781 = FACE_OUTER_BOUND ( 'NONE', #11968, .T. ) ;
#5782 = DIRECTION ( 'NONE',  ( 1.000000000000000000, 0.000000000000000000, 0.000000000000000000 ) ) ;
#5783 = CARTESIAN_POINT ( 'NONE',  ( 3.500000000000000888, -2.268682383288471271, 1.000000000000000000 ) ) ;
#5784 = DIRECTION ( 'NONE',  ( -0.000000000000000000, -0.000000000000000000, -1.000000000000000000 ) ) ;
#5785 = ORIENTED_EDGE ( 'NONE', *, *, #7970, .T. ) ;
#5786 = EDGE_CURVE ( 'NONE', #1495, #4219, #8015, .T. ) ;
#5787 = ORIENTED_EDGE ( 'NONE', *, *, #55, .T. ) ;
#5788 = ORIENTED_EDGE ( 'NONE', *, *, #3126, .T. ) ;
#5789 = ORIENTED_EDGE ( 'NONE', *, *, #11690, .F. ) ;
#5790 = CARTESIAN_POINT ( 'NONE',  ( 5.219581602308915436, -0.8427883380858899320, 1.500000000000000000 ) ) ;
#5791 = ORIENTED_EDGE ( 'NONE', *, *, #8215, .T. ) ;
#5792 = FACE_OUTER_BOUND ( 'NONE', #7856, .T. ) ;
#5793 = AXIS2_PLACEMENT_3D ( 'NONE', #5978, #8764, #9679 ) ;
#5794 =( LENGTH_UNIT ( ) NAMED_UNIT ( * ) SI_UNIT ( .MILLI., .METRE. ) );
#5795 = ADVANCED_FACE ( 'NONE', ( #10641 ), #7905, .T. ) ;
#5796 = AXIS2_PLACEMENT_3D ( 'NONE', #893, #834, #8276 ) ;
#5797 = PLANE ( 'NONE',  #10941 ) ;
#5798 = ADVANCED_FACE ( 'NONE', ( #7110 ), #8931, .F. ) ;
#5799 = DIRECTION ( 'NONE',  ( 1.084202172485504434E-16, -1.000000000000000000, 0.000000000000000000 ) ) ;
#5800 = DIRECTION ( 'NONE',  ( 1.000000000000000000, 0.000000000000000000, 0.000000000000000000 ) ) ;
#5801 =( NAMED_UNIT ( * ) SI_UNIT ( $, .STERADIAN. ) SOLID_ANGLE_UNIT ( ) );
#5802 = ORIENTED_EDGE ( 'NONE', *, *, #4351, .T. ) ;
#5803 =( GEOMETRIC_REPRESENTATION_CONTEXT ( 3 ) GLOBAL_UNCERTAINTY_ASSIGNED_CONTEXT ( ( #11214 ) ) GLOBAL_UNIT_ASSIGNED_CONTEXT ( ( #9638, #6838, #7012 ) ) REPRESENTATION_CONTEXT ( 'NONE', 'WORKASPACE' ) );
#5804 = ORIENTED_EDGE ( 'NONE', *, *, #8418, .T. ) ;
#5805 = FILL_AREA_STYLE ('',( #3913 ) ) ;
#5806 = CARTESIAN_POINT ( 'NONE',  ( -0.8500000000000026423, -6.499999999999997335, 1.200000000000000178 ) ) ;
#5807 = SURFACE_STYLE_FILL_AREA ( #218 ) ;
#5808 = DIRECTION ( 'NONE',  ( 0.000000000000000000, 0.000000000000000000, 1.000000000000000000 ) ) ;
#5809 = DIRECTION ( 'NONE',  ( -0.000000000000000000, -0.000000000000000000, -1.000000000000000000 ) ) ;
#5810 = CARTESIAN_POINT ( 'NONE',  ( 2.820639630881218718, 2.295341782195420954, 1.000000000000000000 ) ) ;
#5811 = PRESENTATION_STYLE_ASSIGNMENT (( #2083 ) ) ;
#5812 = AXIS2_PLACEMENT_3D ( 'NONE', #1477, #9084, #5178 ) ;
#5813 = CARTESIAN_POINT ( 'NONE',  ( 0.4999999999999893974, -2.799999999999997158, 1.200000000000000178 ) ) ;
#5814 = MECHANICAL_DESIGN_GEOMETRIC_PRESENTATION_REPRESENTATION (  '', ( #3666 ), #180 ) ;
#5815 = CARTESIAN_POINT ( 'NONE',  ( 3.000000000000001332, -5.268682383288471271, 1.700000000000000178 ) ) ;
#5816 =( NAMED_UNIT ( * ) SI_UNIT ( $, .STERADIAN. ) SOLID_ANGLE_UNIT ( ) );
#5817 = AXIS2_PLACEMENT_3D ( 'NONE', #5390, #2582, #3566 ) ;
#5818 =( NAMED_UNIT ( * ) PLANE_ANGLE_UNIT ( ) SI_UNIT ( $, .RADIAN. ) );
#5819 = ORIENTED_EDGE ( 'NONE', *, *, #8815, .T. ) ;
#5820 = ORIENTED_EDGE ( 'NONE', *, *, #3328, .T. ) ;
#5821 = PRESENTATION_LAYER_ASSIGNMENT (  '', '', ( #3274 ) ) ;
#5822 = EDGE_CURVE ( 'NONE', #3457, #6370, #2649, .T. ) ;
#5823 = DIRECTION ( 'NONE',  ( -0.000000000000000000, 0.000000000000000000, 1.000000000000000000 ) ) ;
#5825 = ADVANCED_FACE ( 'NONE', ( #7289 ), #9962, .F. ) ;
#5824 = DIRECTION ( 'NONE',  ( 1.000000000000000000, 0.000000000000000000, 0.000000000000000000 ) ) ;
#5826 = ORIENTED_EDGE ( 'NONE', *, *, #3368, .T. ) ;
#5827 = CYLINDRICAL_SURFACE ( 'NONE', #11478, 0.1494257208329539954 ) ;
#5828 = DIRECTION ( 'NONE',  ( 1.000000000000000000, 0.000000000000000000, 0.000000000000000000 ) ) ;
#5829 = DIRECTION ( 'NONE',  ( 1.000000000000000000, 0.000000000000000000, 0.000000000000000000 ) ) ;
#5830 = VECTOR ( 'NONE', #99, 1000.000000000000000 ) ;
#5831 = CARTESIAN_POINT ( 'NONE',  ( -0.3182825874325388438, 5.496005818493205908, 1.100000000000000089 ) ) ;
#5832 = UNCERTAINTY_MEASURE_WITH_UNIT (LENGTH_MEASURE( 1.000000000000000082E-05 ), #1910, 'distance_accuracy_value', 'NONE');
#5833 = VERTEX_POINT ( 'NONE', #7350 ) ;
#5834 = SURFACE_STYLE_FILL_AREA ( #241 ) ;
#5835 = STYLED_ITEM ( 'NONE', ( #3902 ), #7518 ) ;
#5836 = ADVANCED_FACE ( 'NONE', ( #1622, #6309 ), #4492, .T. ) ;
#5837 = LINE ( 'NONE', #3823, #2090 ) ;
#5838 = VERTEX_POINT ( 'NONE', #11120 ) ;
#5839 = ORIENTED_EDGE ( 'NONE', *, *, #6231, .F. ) ;
#5840 = SURFACE_STYLE_FILL_AREA ( #11307 ) ;
#5841 = DIRECTION ( 'NONE',  ( 0.000000000000000000, 0.000000000000000000, 1.000000000000000000 ) ) ;
#5842 = LINE ( 'NONE', #1931, #147 ) ;
#5843 = FACE_OUTER_BOUND ( 'NONE', #6751, .T. ) ;
#5844 = EDGE_CURVE ( 'NONE', #1377, #1611, #10923, .T. ) ;
#5845 = LINE ( 'NONE', #6685, #8784 ) ;
#5846 = CARTESIAN_POINT ( 'NONE',  ( -3.702035936607396049, 5.496005818493205908, 1.000000000000000000 ) ) ;
#5847 = DIRECTION ( 'NONE',  ( 1.000000000000000000, 0.000000000000000000, 0.000000000000000000 ) ) ;
#5848 = ORIENTED_EDGE ( 'NONE', *, *, #10817, .F. ) ;
#5849 = ORIENTED_EDGE ( 'NONE', *, *, #5929, .F. ) ;
#5850 = ORIENTED_EDGE ( 'NONE', *, *, #8453, .F. ) ;
#5851 = ORIENTED_EDGE ( 'NONE', *, *, #3021, .F. ) ;
#5852 = EDGE_CURVE ( 'NONE', #11448, #1676, #3508, .T. ) ;
#5853 = CIRCLE ( 'NONE', #3511, 0.1494257208329542175 ) ;
#5854 = DIRECTION ( 'NONE',  ( 1.000000000000000000, 0.000000000000000000, 0.000000000000000000 ) ) ;
#5855 = VERTEX_POINT ( 'NONE', #707 ) ;
#5856 = FILL_AREA_STYLE ('',( #7747 ) ) ;
#5857 = LINE ( 'NONE', #2187, #1177 ) ;
#5858 = SURFACE_SIDE_STYLE ('',( #10482 ) ) ;
#5859 = DIRECTION ( 'NONE',  ( 0.000000000000000000, 1.000000000000000000, 0.000000000000000000 ) ) ;
#5860 = DIRECTION ( 'NONE',  ( -0.000000000000000000, -0.000000000000000000, -1.000000000000000000 ) ) ;
#5861 =( GEOMETRIC_REPRESENTATION_CONTEXT ( 3 ) GLOBAL_UNCERTAINTY_ASSIGNED_CONTEXT ( ( #6714 ) ) GLOBAL_UNIT_ASSIGNED_CONTEXT ( ( #9169, #1453, #10762 ) ) REPRESENTATION_CONTEXT ( 'NONE', 'WORKASPACE' ) );
#5862 = LINE ( 'NONE', #6766, #2339 ) ;
#5863 = CARTESIAN_POINT ( 'NONE',  ( -4.639120910976532221E-18, -0.04278833808588920068, 1.500000000000000000 ) ) ;
#5864 = EDGE_LOOP ( 'NONE', ( #6982, #1623, #1882, #8801 ) ) ;
#5865 = ORIENTED_EDGE ( 'NONE', *, *, #4358, .T. ) ;
#5866 = UNCERTAINTY_MEASURE_WITH_UNIT (LENGTH_MEASURE( 1.000000000000000082E-05 ), #7731, 'distance_accuracy_value', 'NONE');
#5867 = CARTESIAN_POINT ( 'NONE',  ( -4.858619850013732311, 2.147362469743642865, 1.000000000000000888 ) ) ;
#5868 = CARTESIAN_POINT ( 'NONE',  ( -5.692492299719079440, -3.188776141202243508, 1.399999999999999911 ) ) ;
#5869 = LINE ( 'NONE', #6773, #12 ) ;
#5870 = FILL_AREA_STYLE ('',( #4210 ) ) ;
#5871 = CARTESIAN_POINT ( 'NONE',  ( -3.230000000000000426, -7.994982302604838331, 1.100000000000000089 ) ) ;
#5872 = CARTESIAN_POINT ( 'NONE',  ( -1.050000000000002709, -1.999999999999997335, 1.200000000000000178 ) ) ;
#5873 = DIRECTION ( 'NONE',  ( -0.000000000000000000, -0.000000000000000000, -1.000000000000000000 ) ) ;
#5874 = CARTESIAN_POINT ( 'NONE',  ( -3.500000000000003109, -4.449999999999997513, 1.000000000000000000 ) ) ;
#5875 =( LENGTH_UNIT ( ) NAMED_UNIT ( * ) SI_UNIT ( .MILLI., .METRE. ) );
#5876 = VECTOR ( 'NONE', #5405, 1000.000000000000000 ) ;
#5877 = DIRECTION ( 'NONE',  ( 0.000000000000000000, 0.000000000000000000, 1.000000000000000000 ) ) ;
#5878 = ORIENTED_EDGE ( 'NONE', *, *, #5612, .F. ) ;
#5879 = EDGE_CURVE ( 'NONE', #11093, #4369, #4430, .T. ) ;
#5880 = AXIS2_PLACEMENT_3D ( 'NONE', #3875, #4, #3628 ) ;
#5881 = ORIENTED_EDGE ( 'NONE', *, *, #11255, .F. ) ;
#5882 = AXIS2_PLACEMENT_3D ( 'NONE', #2820, #10321, #1964 ) ;
#5883 = CARTESIAN_POINT ( 'NONE',  ( -1.400000000000002798, -1.999999999999997335, 1.200000000000000178 ) ) ;
#5884 =( NAMED_UNIT ( * ) SI_UNIT ( $, .STERADIAN. ) SOLID_ANGLE_UNIT ( ) );
#5885 = ORIENTED_EDGE ( 'NONE', *, *, #3080, .T. ) ;
#5886 = DIRECTION ( 'NONE',  ( 0.000000000000000000, 0.000000000000000000, -1.000000000000000000 ) ) ;
#5887 = CARTESIAN_POINT ( 'NONE',  ( -2.150000000000003020, -6.499999999999997335, 1.000000000000000000 ) ) ;
#5888 = CARTESIAN_POINT ( 'NONE',  ( -2.700100888223830875, 2.147362469743642865, 1.000000000000000000 ) ) ;
#5889 = CARTESIAN_POINT ( 'NONE',  ( 0.5799999999999997380, -7.994982302604838331, 1.000000000000000000 ) ) ;
#5890 = EDGE_CURVE ( 'NONE', #1726, #9164, #9119, .T. ) ;
#5891 = EDGE_LOOP ( 'NONE', ( #3174, #7249, #11359, #4194 ) ) ;
#5892 = EDGE_CURVE ( 'NONE', #7459, #10419, #5180, .T. ) ;
#5893 = AXIS2_PLACEMENT_3D ( 'NONE', #5207, #2520, #8930 ) ;
#5894 =( NAMED_UNIT ( * ) SI_UNIT ( $, .STERADIAN. ) SOLID_ANGLE_UNIT ( ) );
#5895 = PLANE ( 'NONE',  #4653 ) ;
#5896 = ORIENTED_EDGE ( 'NONE', *, *, #275, .T. ) ;
#5897 = VERTEX_POINT ( 'NONE', #487 ) ;
#5898 =( NAMED_UNIT ( * ) PLANE_ANGLE_UNIT ( ) SI_UNIT ( $, .RADIAN. ) );
#5899 =( NAMED_UNIT ( * ) SI_UNIT ( $, .STERADIAN. ) SOLID_ANGLE_UNIT ( ) );
#5900 = DIRECTION ( 'NONE',  ( -1.000000000000000000, -0.000000000000000000, -0.000000000000000000 ) ) ;
#5901 = CARTESIAN_POINT ( 'NONE',  ( -0.3299346482858271923, 2.295341782195420954, 1.000000000000000000 ) ) ;
#5902 = DIRECTION ( 'NONE',  ( -0.000000000000000000, -0.000000000000000000, -1.000000000000000000 ) ) ;
#5903 = AXIS2_PLACEMENT_3D ( 'NONE', #5950, #10446, #1070 ) ;
#5904 = LINE ( 'NONE', #3891, #3410 ) ;
#5905 = LINE ( 'NONE', #8462, #7937 ) ;
#5906 = ORIENTED_EDGE ( 'NONE', *, *, #5595, .F. ) ;
#5907 = EDGE_CURVE ( 'NONE', #9683, #593, #4818, .T. ) ;
#5908 = ORIENTED_EDGE ( 'NONE', *, *, #7323, .F. ) ;
#5909 = VERTEX_POINT ( 'NONE', #4312 ) ;
#5910 = EDGE_LOOP ( 'NONE', ( #11713, #10188, #11807, #5211, #8573, #1165 ) ) ;
#5911 = EDGE_CURVE ( 'NONE', #8008, #702, #11332, .T. ) ;
#5912 = COLOUR_RGB ( '',1.000000000000000000, 1.000000000000000000, 0.5019607843137254832 ) ;
#5913 = FACE_OUTER_BOUND ( 'NONE', #7168, .T. ) ;
#5914 = ADVANCED_FACE ( 'NONE', ( #7699 ), #7913, .F. ) ;
#5915 = ORIENTED_EDGE ( 'NONE', *, *, #10411, .T. ) ;
#5916 = DIRECTION ( 'NONE',  ( 0.000000000000000000, 0.000000000000000000, 1.000000000000000000 ) ) ;
#5917 = PLANE ( 'NONE',  #20 ) ;
#5918 = DIRECTION ( 'NONE',  ( 1.000000000000000000, 0.000000000000000000, 0.000000000000000000 ) ) ;
#5919 = SURFACE_SIDE_STYLE ('',( #1396 ) ) ;
#5920 = FILL_AREA_STYLE ('',( #4808 ) ) ;
#5921 = COLOUR_RGB ( '',0.7960784313725489669, 0.8235294117647058432, 0.9372549019607843146 ) ;
#5922 = CARTESIAN_POINT ( 'NONE',  ( -2.497642652873966362, 8.869867354517255720, 1.000000000000000000 ) ) ;
#5923 = FILL_AREA_STYLE_COLOUR ( '', #5151 ) ;
#5924 = AXIS2_PLACEMENT_3D ( 'NONE', #9142, #676, #7316 ) ;
#5925 = VERTEX_POINT ( 'NONE', #3967 ) ;
#5926 = CIRCLE ( 'NONE', #9995, 0.1000000000000000472 ) ;
#5927 = VECTOR ( 'NONE', #8230, 1000.000000000000000 ) ;
#5928 = EDGE_LOOP ( 'NONE', ( #4180, #167, #11032, #6332 ) ) ;
#5929 = EDGE_CURVE ( 'NONE', #187, #4965, #3212, .T. ) ;
#5930 =( GEOMETRIC_REPRESENTATION_CONTEXT ( 3 ) GLOBAL_UNCERTAINTY_ASSIGNED_CONTEXT ( ( #5832 ) ) GLOBAL_UNIT_ASSIGNED_CONTEXT ( ( #1910, #1060, #5693 ) ) REPRESENTATION_CONTEXT ( 'NONE', 'WORKASPACE' ) );
#5931 = LINE ( 'NONE', #1236, #5521 ) ;
#5932 = DIRECTION ( 'NONE',  ( 1.000000000000000000, 1.072532262148024225E-16, -0.000000000000000000 ) ) ;
#5933 = LINE ( 'NONE', #4940, #5225 ) ;
#5934 = EDGE_CURVE ( 'NONE', #9079, #7713, #6647, .T. ) ;
#5935 = FILL_AREA_STYLE ('',( #1117 ) ) ;
#5936 = DIRECTION ( 'NONE',  ( 1.000000000000000000, 0.000000000000000000, 0.000000000000000000 ) ) ;
#5937 = LINE ( 'NONE', #7768, #5428 ) ;
#5938 = SURFACE_STYLE_FILL_AREA ( #3117 ) ;
#5939 = DIRECTION ( 'NONE',  ( -0.000000000000000000, -0.000000000000000000, 1.000000000000000000 ) ) ;
#5940 = EDGE_CURVE ( 'NONE', #8081, #2497, #955, .T. ) ;
#5941 = STYLED_ITEM ( 'NONE', ( #11781 ), #4083 ) ;
#5942 = COLOUR_RGB ( '',1.000000000000000000, 1.000000000000000000, 0.5019607843137254832 ) ;
#5943 = STYLED_ITEM ( 'NONE', ( #10318 ), #10625 ) ;
#5944 = VERTEX_POINT ( 'NONE', #9844 ) ;
#5945 = EDGE_LOOP ( 'NONE', ( #5090, #7369, #3103, #1773 ) ) ;
#5946 = VECTOR ( 'NONE', #11099, 1000.000000000000000 ) ;
#5947 = LINE ( 'NONE', #3010, #6787 ) ;
#5948 = CIRCLE ( 'NONE', #1466, 0.09999999999999982514 ) ;
#5949 = VECTOR ( 'NONE', #11027, 1000.000000000000000 ) ;
#5950 = CARTESIAN_POINT ( 'NONE',  ( -1.579360369118781637, 2.295341782195420954, -29.20000000000000284 ) ) ;
#5951 = ORIENTED_EDGE ( 'NONE', *, *, #11537, .F. ) ;
#5952 = ADVANCED_FACE ( 'NONE', ( #11674 ), #4195, .F. ) ;
#5953 = FACE_OUTER_BOUND ( 'NONE', #2472, .T. ) ;
#5954 = ADVANCED_FACE ( 'NONE', ( #9734 ), #1391, .T. ) ;
#5955 = CARTESIAN_POINT ( 'NONE',  ( -3.500000000000003109, -1.999999999999997335, 1.800000000000000044 ) ) ;
#5956 = EDGE_CURVE ( 'NONE', #5642, #9702, #1804, .T. ) ;
#5957 = UNCERTAINTY_MEASURE_WITH_UNIT (LENGTH_MEASURE( 1.000000000000000082E-05 ), #4383, 'distance_accuracy_value', 'NONE');
#5958 = ORIENTED_EDGE ( 'NONE', *, *, #9309, .T. ) ;
#5959 = COLOUR_RGB ( '',1.000000000000000000, 1.000000000000000000, 1.000000000000000000 ) ;
#5960 = EDGE_CURVE ( 'NONE', #5537, #9114, #6788, .T. ) ;
#5961 = VERTEX_POINT ( 'NONE', #5274 ) ;
#5962 = ORIENTED_EDGE ( 'NONE', *, *, #4862, .T. ) ;
#5963 = DIRECTION ( 'NONE',  ( -0.000000000000000000, 0.000000000000000000, 1.000000000000000000 ) ) ;
#5964 = FILL_AREA_STYLE ('',( #3029 ) ) ;
#5965 =( LENGTH_UNIT ( ) NAMED_UNIT ( * ) SI_UNIT ( .MILLI., .METRE. ) );
#5966 = FACE_OUTER_BOUND ( 'NONE', #2806, .T. ) ;
#5967 = PRESENTATION_STYLE_ASSIGNMENT (( #4737 ) ) ;
#5968 = ORIENTED_EDGE ( 'NONE', *, *, #4575, .F. ) ;
#5969 = ORIENTED_EDGE ( 'NONE', *, *, #11892, .T. ) ;
#5970 = ORIENTED_EDGE ( 'NONE', *, *, #9374, .F. ) ;
#5971 = VECTOR ( 'NONE', #1206, 1000.000000000000000 ) ;
#5972 =( GEOMETRIC_REPRESENTATION_CONTEXT ( 3 ) GLOBAL_UNCERTAINTY_ASSIGNED_CONTEXT ( ( #5649 ) ) GLOBAL_UNIT_ASSIGNED_CONTEXT ( ( #9848, #8025, #7421 ) ) REPRESENTATION_CONTEXT ( 'NONE', 'WORKASPACE' ) );
#5973 = SURFACE_SIDE_STYLE ('',( #2241 ) ) ;
#5974 = ORIENTED_EDGE ( 'NONE', *, *, #10158, .F. ) ;
#5975 =( LENGTH_UNIT ( ) NAMED_UNIT ( * ) SI_UNIT ( .MILLI., .METRE. ) );
#5976 = EDGE_CURVE ( 'NONE', #9589, #454, #536, .T. ) ;
#5977 = DIRECTION ( 'NONE',  ( 0.000000000000000000, 0.000000000000000000, 1.000000000000000000 ) ) ;
#5978 = CARTESIAN_POINT ( 'NONE',  ( -4.879360369118781904, 2.295341782195420954, -29.20000000000000284 ) ) ;
#5979 = FILL_AREA_STYLE_COLOUR ( '', #5959 ) ;
#5980 = DIRECTION ( 'NONE',  ( -0.000000000000000000, -0.000000000000000000, 1.000000000000000000 ) ) ;
#5981 =( NAMED_UNIT ( * ) PLANE_ANGLE_UNIT ( ) SI_UNIT ( $, .RADIAN. ) );
#5982 = EDGE_LOOP ( 'NONE', ( #8681, #3744 ) ) ;
#5983 = ORIENTED_EDGE ( 'NONE', *, *, #2701, .F. ) ;
#5984 = DIRECTION ( 'NONE',  ( 0.000000000000000000, -0.000000000000000000, -1.000000000000000000 ) ) ;
#5985 = VECTOR ( 'NONE', #2506, 1000.000000000000000 ) ;
#5986 = PLANE ( 'NONE',  #4946 ) ;
#5987 = PLANE ( 'NONE',  #6992 ) ;
#5988 =( NAMED_UNIT ( * ) SI_UNIT ( $, .STERADIAN. ) SOLID_ANGLE_UNIT ( ) );
#5989 = LINE ( 'NONE', #2144, #10011 ) ;
#5990 = DIRECTION ( 'NONE',  ( -1.000000000000000000, -0.000000000000000000, -0.000000000000000000 ) ) ;
#5991 = EDGE_CURVE ( 'NONE', #7181, #5115, #5524, .T. ) ;
#5992 = VERTEX_POINT ( 'NONE', #4556 ) ;
#5993 = AXIS2_PLACEMENT_3D ( 'NONE', #11104, #2999, #3807 ) ;
#5994 = ORIENTED_EDGE ( 'NONE', *, *, #5667, .T. ) ;
#5995 = PRESENTATION_LAYER_ASSIGNMENT (  '', '', ( #6181 ) ) ;
#5996 = DIRECTION ( 'NONE',  ( -0.000000000000000000, 0.000000000000000000, 1.000000000000000000 ) ) ;
#5997 = EDGE_LOOP ( 'NONE', ( #5720, #8676, #4437, #9618 ) ) ;
#5998 = AXIS2_PLACEMENT_3D ( 'NONE', #4855, #8579, #11494 ) ;
#5999 = ADVANCED_FACE ( 'NONE', ( #9908 ), #3393, .F. ) ;
#6000 = CARTESIAN_POINT ( 'NONE',  ( -3.500000000000003109, -5.999999999999997335, 1.000000000000000000 ) ) ;
#6001 = CYLINDRICAL_SURFACE ( 'NONE', #2468, 0.6205955535903713294 ) ;
#6002 = EDGE_LOOP ( 'NONE', ( #8625, #7004 ) ) ;
#6003 = AXIS2_PLACEMENT_3D ( 'NONE', #8923, #578, #9955 ) ;
#6004 = VECTOR ( 'NONE', #2057, 1000.000000000000000 ) ;
#6005 = PRESENTATION_STYLE_ASSIGNMENT (( #2280 ) ) ;
#6006 = EDGE_LOOP ( 'NONE', ( #9747, #6267, #789, #7019 ) ) ;
#6007 = MECHANICAL_DESIGN_GEOMETRIC_PRESENTATION_REPRESENTATION (  '', ( #9125 ), #8925 ) ;
#6008 = ORIENTED_EDGE ( 'NONE', *, *, #9201, .F. ) ;
#6009 = DIRECTION ( 'NONE',  ( 0.000000000000000000, -0.000000000000000000, -1.000000000000000000 ) ) ;
#6010 = FACE_OUTER_BOUND ( 'NONE', #4544, .T. ) ;
#6011 = EDGE_CURVE ( 'NONE', #11843, #10528, #10674, .T. ) ;
#6012 = SURFACE_SIDE_STYLE ('',( #7162 ) ) ;
#6013 = DIRECTION ( 'NONE',  ( -0.000000000000000000, 0.000000000000000000, 1.000000000000000000 ) ) ;
#6014 = DIRECTION ( 'NONE',  ( 1.000000000000000000, 0.000000000000000000, 0.000000000000000000 ) ) ;
#6015 = FILL_AREA_STYLE ('',( #10813 ) ) ;
#6016 = ORIENTED_EDGE ( 'NONE', *, *, #3452, .T. ) ;
#6017 = VECTOR ( 'NONE', #3479, 1000.000000000000000 ) ;
#6018 = VECTOR ( 'NONE', #5250, 1000.000000000000000 ) ;
#6019 = VERTEX_POINT ( 'NONE', #7234 ) ;
#6020 = VERTEX_POINT ( 'NONE', #7356 ) ;
#6021 = DIRECTION ( 'NONE',  ( 1.000000000000000000, 0.000000000000000000, 0.000000000000000000 ) ) ;
#6022 = EDGE_LOOP ( 'NONE', ( #10536, #239, #2343, #8345 ) ) ;
#6023 = CARTESIAN_POINT ( 'NONE',  ( -3.499999999999999112, -4.099999999999996980, 1.200000000000000178 ) ) ;
#6024 =( NAMED_UNIT ( * ) SI_UNIT ( $, .STERADIAN. ) SOLID_ANGLE_UNIT ( ) );
#6025 = VECTOR ( 'NONE', #9867, 1000.000000000000000 ) ;
#6026 = FILL_AREA_STYLE_COLOUR ( '', #5585 ) ;
#6027 =( NAMED_UNIT ( * ) SI_UNIT ( $, .STERADIAN. ) SOLID_ANGLE_UNIT ( ) );
#6028 = SURFACE_STYLE_FILL_AREA ( #1347 ) ;
#6029 = CARTESIAN_POINT ( 'NONE',  ( -4.502035936607396316, 0.000000000000000000, 1.000000000000000000 ) ) ;
#6030 = VERTEX_POINT ( 'NONE', #8021 ) ;
#6031 = EDGE_CURVE ( 'NONE', #4753, #1295, #3572, .T. ) ;
#6032 = ORIENTED_EDGE ( 'NONE', *, *, #4173, .F. ) ;
#6033 = DIRECTION ( 'NONE',  ( -0.000000000000000000, -0.000000000000000000, 1.000000000000000000 ) ) ;
#6034 = DIRECTION ( 'NONE',  ( 1.000000000000000000, 0.000000000000000000, -0.000000000000000000 ) ) ;
#6035 = DIRECTION ( 'NONE',  ( 1.000000000000000000, 0.000000000000000000, 0.000000000000000000 ) ) ;
#6036 = DIRECTION ( 'NONE',  ( -0.000000000000000000, -0.000000000000000000, -1.000000000000000000 ) ) ;
#6037 =( LENGTH_UNIT ( ) NAMED_UNIT ( * ) SI_UNIT ( .MILLI., .METRE. ) );
#6038 = VECTOR ( 'NONE', #11534, 1000.000000000000000 ) ;
#6039 = SURFACE_STYLE_USAGE ( .BOTH. , #11754 ) ;
#6040 = SURFACE_STYLE_USAGE ( .BOTH. , #10841 ) ;
#6041 = ORIENTED_EDGE ( 'NONE', *, *, #5844, .T. ) ;
#6042 = VECTOR ( 'NONE', #2680, 1000.000000000000000 ) ;
#6043 = VECTOR ( 'NONE', #10559, 1000.000000000000000 ) ;
#6044 = ORIENTED_EDGE ( 'NONE', *, *, #8418, .F. ) ;
#6045 = ADVANCED_FACE ( 'NONE', ( #10874 ), #2527, .F. ) ;
#6046 = LINE ( 'NONE', #1418, #11382 ) ;
#6047 =( LENGTH_UNIT ( ) NAMED_UNIT ( * ) SI_UNIT ( .MILLI., .METRE. ) );
#6048 = DIRECTION ( 'NONE',  ( 1.000000000000000000, -0.000000000000000000, 0.000000000000000000 ) ) ;
#6049 = CARTESIAN_POINT ( 'NONE',  ( -1.714552833435666335, 0.000000000000000000, 1.500000000000000000 ) ) ;
#6050 = ORIENTED_EDGE ( 'NONE', *, *, #252, .T. ) ;
#6051 = AXIS2_PLACEMENT_3D ( 'NONE', #11193, #9552, #11435 ) ;
#6052 = DIRECTION ( 'NONE',  ( 0.000000000000000000, 1.000000000000000000, -0.000000000000000000 ) ) ;
#6053 = EDGE_CURVE ( 'NONE', #10342, #1648, #5413, .T. ) ;
#6054 = DIRECTION ( 'NONE',  ( 1.000000000000000000, 0.000000000000000000, 0.000000000000000000 ) ) ;
#6055 = DIRECTION ( 'NONE',  ( -0.000000000000000000, -0.000000000000000000, -1.000000000000000000 ) ) ;
#6056 = VECTOR ( 'NONE', #353, 1000.000000000000000 ) ;
#6057 = EDGE_LOOP ( 'NONE', ( #11314, #4571, #10091, #1861 ) ) ;
#6058 =( GEOMETRIC_REPRESENTATION_CONTEXT ( 3 ) GLOBAL_UNCERTAINTY_ASSIGNED_CONTEXT ( ( #6203 ) ) GLOBAL_UNIT_ASSIGNED_CONTEXT ( ( #1363, #11469, #6726 ) ) REPRESENTATION_CONTEXT ( 'NONE', 'WORKASPACE' ) );
#6059 = VECTOR ( 'NONE', #1087, 1000.000000000000000 ) ;
#6060 = FILL_AREA_STYLE_COLOUR ( '', #9676 ) ;
#6061 = ORIENTED_EDGE ( 'NONE', *, *, #2859, .F. ) ;
#6062 = ORIENTED_EDGE ( 'NONE', *, *, #12041, .T. ) ;
#6063 = FACE_OUTER_BOUND ( 'NONE', #8199, .T. ) ;
#6064 = CARTESIAN_POINT ( 'NONE',  ( -1.950000000000002842, -1.499999999999997335, 1.200000000000000178 ) ) ;
#6065 = CARTESIAN_POINT ( 'NONE',  ( -1.950000000000002842, -5.999999999999997335, 1.200000000000000178 ) ) ;
#6066 = CARTESIAN_POINT ( 'NONE',  ( 3.889999999999998792, -7.994982302604838331, 1.100000000000000089 ) ) ;
#6067 = PLANE ( 'NONE',  #4361 ) ;
#6068 = DIRECTION ( 'NONE',  ( -0.000000000000000000, 0.000000000000000000, -1.000000000000000000 ) ) ;
#6069 = UNCERTAINTY_MEASURE_WITH_UNIT (LENGTH_MEASURE( 1.000000000000000082E-05 ), #6687, 'distance_accuracy_value', 'NONE');
#6070 = ORIENTED_EDGE ( 'NONE', *, *, #9904, .F. ) ;
#6071 = VECTOR ( 'NONE', #11239, 1000.000000000000000 ) ;
#6072 = VERTEX_POINT ( 'NONE', #1568 ) ;
#6073 = ORIENTED_EDGE ( 'NONE', *, *, #9706, .F. ) ;
#6074 = SURFACE_SIDE_STYLE ('',( #2411 ) ) ;
#6075 = LINE ( 'NONE', #11053, #7408 ) ;
#6076 = VERTEX_POINT ( 'NONE', #4375 ) ;
#6077 = FACE_OUTER_BOUND ( 'NONE', #1030, .T. ) ;
#6078 = CIRCLE ( 'NONE', #1019, 0.1494257208329539954 ) ;
#6079 = CARTESIAN_POINT ( 'NONE',  ( 0.7544731550261016828, -1.389077535132158481, 1.000000000000000000 ) ) ;
#6080 = DIRECTION ( 'NONE',  ( -0.000000000000000000, 0.000000000000000000, 1.000000000000000000 ) ) ;
#6081 = EDGE_CURVE ( 'NONE', #11873, #563, #11064, .T. ) ;
#6082 =( NAMED_UNIT ( * ) SI_UNIT ( $, .STERADIAN. ) SOLID_ANGLE_UNIT ( ) );
#6083 = FACE_BOUND ( 'NONE', #5053, .T. ) ;
#6084 = CARTESIAN_POINT ( 'NONE',  ( -5.313812213263914508, 0.000000000000000000, 1.100000000000000089 ) ) ;
#6085 = EDGE_LOOP ( 'NONE', ( #4742, #2516, #3528, #5008 ) ) ;
#6086 = ORIENTED_EDGE ( 'NONE', *, *, #6521, .T. ) ;
#6087 = UNCERTAINTY_MEASURE_WITH_UNIT (LENGTH_MEASURE( 1.000000000000000082E-05 ), #8109, 'distance_accuracy_value', 'NONE');
#6088 = LINE ( 'NONE', #3225, #7072 ) ;
#6089 = EDGE_CURVE ( 'NONE', #9055, #10507, #1155, .T. ) ;
#6090 = CARTESIAN_POINT ( 'NONE',  ( -3.500000000000000888, -4.649999999999996803, 1.200000000000000178 ) ) ;
#6091 = LINE ( 'NONE', #1650, #2323 ) ;
#6092 = COLOUR_RGB ( '',0.9882352941176471006, 0.7372549019607843590, 0.5176470588235293491 ) ;
#6093 = DIRECTION ( 'NONE',  ( 0.000000000000000000, 0.000000000000000000, -1.000000000000000000 ) ) ;
#6094 = DIRECTION ( 'NONE',  ( 1.000000000000000000, 0.000000000000000000, 0.000000000000000000 ) ) ;
#6095 = VECTOR ( 'NONE', #1708, 1000.000000000000000 ) ;
#6096 = DIRECTION ( 'NONE',  ( 0.000000000000000000, 0.000000000000000000, 1.000000000000000000 ) ) ;
#6097 = LINE ( 'NONE', #8901, #9052 ) ;
#6098 = FACE_OUTER_BOUND ( 'NONE', #3451, .T. ) ;
#6099 = PRESENTATION_LAYER_ASSIGNMENT (  '', '', ( #5123 ) ) ;
#6100 = DIRECTION ( 'NONE',  ( 0.000000000000000000, -0.000000000000000000, 1.000000000000000000 ) ) ;
#6101 = VERTEX_POINT ( 'NONE', #6253 ) ;
#6102 = MECHANICAL_DESIGN_GEOMETRIC_PRESENTATION_REPRESENTATION (  '', ( #3570 ), #5522 ) ;
#6103 = ORIENTED_EDGE ( 'NONE', *, *, #7575, .T. ) ;
#6104 = AXIS2_PLACEMENT_3D ( 'NONE', #7125, #8228, #9923 ) ;
#6105 = DIRECTION ( 'NONE',  ( -0.000000000000000000, -1.000000000000000000, -0.000000000000000000 ) ) ;
#6106 = DIRECTION ( 'NONE',  ( -1.000000000000000000, 0.000000000000000000, 0.000000000000000000 ) ) ;
#6107 = COLOUR_RGB ( '',1.000000000000000000, 1.000000000000000000, 0.000000000000000000 ) ;
#6108 =( LENGTH_UNIT ( ) NAMED_UNIT ( * ) SI_UNIT ( .MILLI., .METRE. ) );
#6109 = SURFACE_STYLE_USAGE ( .BOTH. , #6162 ) ;
#6110 = VERTEX_POINT ( 'NONE', #6188 ) ;
#6111 = DIRECTION ( 'NONE',  ( 1.000000000000000000, 0.000000000000000000, 0.000000000000000000 ) ) ;
#6112 = VECTOR ( 'NONE', #8495, 1000.000000000000000 ) ;
#6113 = SURFACE_STYLE_USAGE ( .BOTH. , #11297 ) ;
#6114 = ORIENTED_EDGE ( 'NONE', *, *, #692, .F. ) ;
#6115 = ORIENTED_EDGE ( 'NONE', *, *, #2951, .F. ) ;
#6116 = PRESENTATION_LAYER_ASSIGNMENT (  '', '', ( #111 ) ) ;
#6117 = AXIS2_PLACEMENT_3D ( 'NONE', #9981, #5288, #9134 ) ;
#6118 = STYLED_ITEM ( 'NONE', ( #4093 ), #11646 ) ;
#6119 = FACE_OUTER_BOUND ( 'NONE', #4689, .T. ) ;
#6120 = ORIENTED_EDGE ( 'NONE', *, *, #10312, .T. ) ;
#6121 = ORIENTED_EDGE ( 'NONE', *, *, #5069, .F. ) ;
#6122 = STYLED_ITEM ( 'NONE', ( #3914 ), #3323 ) ;
#6123 = CARTESIAN_POINT ( 'NONE',  ( 4.800000000000000711, -5.168682383288471627, 1.700000000000000178 ) ) ;
#6124 = PRESENTATION_LAYER_ASSIGNMENT (  '', '', ( #7490 ) ) ;
#6125 = CARTESIAN_POINT ( 'NONE',  ( 0.000000000000000000, 0.6500997857322237117, 1.399999999999999911 ) ) ;
#6126 =( GEOMETRIC_REPRESENTATION_CONTEXT ( 3 ) GLOBAL_UNCERTAINTY_ASSIGNED_CONTEXT ( ( #7785 ) ) GLOBAL_UNIT_ASSIGNED_CONTEXT ( ( #4565, #9130, #2723 ) ) REPRESENTATION_CONTEXT ( 'NONE', 'WORKASPACE' ) );
#6127 = EDGE_LOOP ( 'NONE', ( #3553, #831, #3309, #11138 ) ) ;
#6128 = EDGE_CURVE ( 'NONE', #6072, #6235, #1629, .T. ) ;
#6129 = ORIENTED_EDGE ( 'NONE', *, *, #7199, .T. ) ;
#6130 = EDGE_CURVE ( 'NONE', #10720, #4693, #8543, .T. ) ;
#6131 = VERTEX_POINT ( 'NONE', #4500 ) ;
#6132 = DIRECTION ( 'NONE',  ( -1.000000000000000000, -0.000000000000000000, -0.000000000000000000 ) ) ;
#6133 = SURFACE_STYLE_USAGE ( .BOTH. , #2703 ) ;
#6134 = EDGE_LOOP ( 'NONE', ( #11939, #4702, #6156, #7454 ) ) ;
#6135 = SURFACE_STYLE_FILL_AREA ( #2243 ) ;
#6136 = DIRECTION ( 'NONE',  ( 1.000000000000000000, 0.000000000000000000, 0.000000000000000000 ) ) ;
#6137 =( NAMED_UNIT ( * ) PLANE_ANGLE_UNIT ( ) SI_UNIT ( $, .RADIAN. ) );
#6138 = EDGE_CURVE ( 'NONE', #2515, #6877, #7295, .T. ) ;
#6139 =( NAMED_UNIT ( * ) PLANE_ANGLE_UNIT ( ) SI_UNIT ( $, .RADIAN. ) );
#6140 = FACE_OUTER_BOUND ( 'NONE', #1839, .T. ) ;
#6141 = CARTESIAN_POINT ( 'NONE',  ( -2.500000000000003109, -5.999999999999997335, 1.200000000000000178 ) ) ;
#6142 = ORIENTED_EDGE ( 'NONE', *, *, #5911, .T. ) ;
#6143 = ORIENTED_EDGE ( 'NONE', *, *, #11295, .T. ) ;
#6144 = DIRECTION ( 'NONE',  ( 0.000000000000000000, 0.000000000000000000, 1.000000000000000000 ) ) ;
#6145 = EDGE_CURVE ( 'NONE', #3068, #95, #4255, .T. ) ;
#6146 = DIRECTION ( 'NONE',  ( -0.000000000000000000, -0.000000000000000000, 1.000000000000000000 ) ) ;
#6147 = CARTESIAN_POINT ( 'NONE',  ( 3.000000000000001332, -4.768682383288472160, 1.000000000000000000 ) ) ;
#6148 = CARTESIAN_POINT ( 'NONE',  ( 3.771213910048264673, 2.295341782195420954, 0.000000000000000000 ) ) ;
#6149 = CARTESIAN_POINT ( 'NONE',  ( -4.516593218723101266, 1.450099785732223756, 1.399999999999999911 ) ) ;
#6150 = FACE_OUTER_BOUND ( 'NONE', #10141, .T. ) ;
#6151 = CARTESIAN_POINT ( 'NONE',  ( -3.230000000000000426, -7.994982302604838331, 0.000000000000000000 ) ) ;
#6152 = AXIS2_PLACEMENT_3D ( 'NONE', #4201, #5280, #1343 ) ;
#6153 = FACE_OUTER_BOUND ( 'NONE', #4850, .T. ) ;
#6154 = CARTESIAN_POINT ( 'NONE',  ( -5.692492299719079440, -3.088776141202243419, 1.500000000000000000 ) ) ;
#6155 = DIRECTION ( 'NONE',  ( -0.000000000000000000, -1.000000000000000000, -0.000000000000000000 ) ) ;
#6156 = ORIENTED_EDGE ( 'NONE', *, *, #5595, .T. ) ;
#6157 = VECTOR ( 'NONE', #5166, 1000.000000000000000 ) ;
#6158 = EDGE_LOOP ( 'NONE', ( #2469, #5558, #816, #1341 ) ) ;
#6159 = FACE_OUTER_BOUND ( 'NONE', #5041, .T. ) ;
#6160 = DIRECTION ( 'NONE',  ( 1.445602896647339163E-16, -1.000000000000000000, 0.000000000000000000 ) ) ;
#6161 = LINE ( 'NONE', #9649, #7611 ) ;
#6162 = SURFACE_SIDE_STYLE ('',( #689 ) ) ;
#6163 = ORIENTED_EDGE ( 'NONE', *, *, #9344, .F. ) ;
#6164 = DIRECTION ( 'NONE',  ( 1.000000000000000000, 0.000000000000000000, 0.000000000000000000 ) ) ;
#6165 = DIRECTION ( 'NONE',  ( 1.000000000000000000, 0.000000000000000000, 0.000000000000000000 ) ) ;
#6167 = FACE_OUTER_BOUND ( 'NONE', #6818, .T. ) ;
#6166 = VECTOR ( 'NONE', #9544, 1000.000000000000000 ) ;
#6168 = AXIS2_PLACEMENT_3D ( 'NONE', #4168, #8800, #5195 ) ;
#6169 = VERTEX_POINT ( 'NONE', #6617 ) ;
#6170 = ORIENTED_EDGE ( 'NONE', *, *, #1398, .F. ) ;
#6171 = EDGE_CURVE ( 'NONE', #5602, #11234, #10282, .T. ) ;
#6172 = EDGE_CURVE ( 'NONE', #817, #11975, #7535, .T. ) ;
#6173 = AXIS2_PLACEMENT_3D ( 'NONE', #2663, #9314, #10105 ) ;
#6174 =( NAMED_UNIT ( * ) SI_UNIT ( $, .STERADIAN. ) SOLID_ANGLE_UNIT ( ) );
#6175 = ORIENTED_EDGE ( 'NONE', *, *, #2251, .T. ) ;
#6176 = ORIENTED_EDGE ( 'NONE', *, *, #6822, .F. ) ;
#6177 =( NAMED_UNIT ( * ) SI_UNIT ( $, .STERADIAN. ) SOLID_ANGLE_UNIT ( ) );
#6178 = DIRECTION ( 'NONE',  ( 1.000000000000000000, 0.000000000000000000, 0.000000000000000000 ) ) ;
#6179 = PRESENTATION_LAYER_ASSIGNMENT (  '', '', ( #7767 ) ) ;
#6180 = CARTESIAN_POINT ( 'NONE',  ( -3.500000000000003109, -1.999999999999997335, 1.800000000000000044 ) ) ;
#6181 = STYLED_ITEM ( 'NONE', ( #1227 ), #1736 ) ;
#6182 = UNCERTAINTY_MEASURE_WITH_UNIT (LENGTH_MEASURE( 1.000000000000000082E-05 ), #1327, 'distance_accuracy_value', 'NONE');
#6183 = VERTEX_POINT ( 'NONE', #70 ) ;
#6184 = STYLED_ITEM ( 'NONE', ( #5967 ), #5635 ) ;
#6185 = EDGE_CURVE ( 'NONE', #5925, #9305, #8452, .T. ) ;
#6186 = ORIENTED_EDGE ( 'NONE', *, *, #10988, .T. ) ;
#6187 = ORIENTED_EDGE ( 'NONE', *, *, #5786, .F. ) ;
#6188 = CARTESIAN_POINT ( 'NONE',  ( 4.719581602308915436, -0.7427883380858898432, 1.500000000000000000 ) ) ;
#6189 = EDGE_CURVE ( 'NONE', #4206, #6418, #561, .T. ) ;
#6190 = EDGE_CURVE ( 'NONE', #6398, #8556, #8570, .T. ) ;
#6191 = CIRCLE ( 'NONE', #7343, 0.6205955535903713294 ) ;
#6192 = VERTEX_POINT ( 'NONE', #4728 ) ;
#6193 = PRESENTATION_STYLE_ASSIGNMENT (( #8822 ) ) ;
#6194 = CARTESIAN_POINT ( 'NONE',  ( -2.150000000000003020, -5.999999999999997335, 1.200000000000000178 ) ) ;
#6195 = CARTESIAN_POINT ( 'NONE',  ( 2.292975979834980471, 0.000000000000000000, 1.000000000000000000 ) ) ;
#6196 = DIRECTION ( 'NONE',  ( -0.000000000000000000, 0.000000000000000000, 1.000000000000000000 ) ) ;
#6197 = LINE ( 'NONE', #546, #9062 ) ;
#6198 = FILL_AREA_STYLE_COLOUR ( '', #5465 ) ;
#6199 = VECTOR ( 'NONE', #1180, 1000.000000000000000 ) ;
#6200 = VERTEX_POINT ( 'NONE', #8394 ) ;
#6201 = ADVANCED_FACE ( 'NONE', ( #6561 ), #13, .F. ) ;
#6202 = ORIENTED_EDGE ( 'NONE', *, *, #2609, .T. ) ;
#6203 = UNCERTAINTY_MEASURE_WITH_UNIT (LENGTH_MEASURE( 1.000000000000000082E-05 ), #1363, 'distance_accuracy_value', 'NONE');
#6204 = VECTOR ( 'NONE', #7683, 1000.000000000000000 ) ;
#6205 = CYLINDRICAL_SURFACE ( 'NONE', #2588, 0.6205955535903713294 ) ;
#6206 = ORIENTED_EDGE ( 'NONE', *, *, #2485, .T. ) ;
#6207 = DIRECTION ( 'NONE',  ( 0.000000000000000000, 0.000000000000000000, 1.000000000000000000 ) ) ;
#6208 = DIRECTION ( 'NONE',  ( -1.000000000000000000, -0.000000000000000000, -0.000000000000000000 ) ) ;
#6209 =( NAMED_UNIT ( * ) PLANE_ANGLE_UNIT ( ) SI_UNIT ( $, .RADIAN. ) );
#6210 = CARTESIAN_POINT ( 'NONE',  ( -0.000000000000000000, 0.1572116619141101512, 1.000000000000000000 ) ) ;
#6211 = CYLINDRICAL_SURFACE ( 'NONE', #9409, 0.1000000000000000472 ) ;
#6212 = DIRECTION ( 'NONE',  ( 0.000000000000000000, -1.000000000000000000, 0.000000000000000000 ) ) ;
#6213 = DIRECTION ( 'NONE',  ( -0.000000000000000000, 0.000000000000000000, 1.000000000000000000 ) ) ;
#6214 = DIRECTION ( 'NONE',  ( 0.000000000000000000, -1.000000000000000000, 0.000000000000000000 ) ) ;
#6215 =( NAMED_UNIT ( * ) PLANE_ANGLE_UNIT ( ) SI_UNIT ( $, .RADIAN. ) );
#6216 =( LENGTH_UNIT ( ) NAMED_UNIT ( * ) SI_UNIT ( .MILLI., .METRE. ) );
#6217 = ORIENTED_EDGE ( 'NONE', *, *, #2968, .T. ) ;
#6218 = AXIS2_PLACEMENT_3D ( 'NONE', #9417, #1976, #6550 ) ;
#6219 = ORIENTED_EDGE ( 'NONE', *, *, #6172, .F. ) ;
#6220 = UNCERTAINTY_MEASURE_WITH_UNIT (LENGTH_MEASURE( 1.000000000000000082E-05 ), #11926, 'distance_accuracy_value', 'NONE');
#6221 = CARTESIAN_POINT ( 'NONE',  ( -1.960000000000000409, -7.994982302604838331, 1.100000000000000089 ) ) ;
#6222 = DIRECTION ( 'NONE',  ( -1.000000000000000000, 1.355252715606883008E-16, 0.000000000000000000 ) ) ;
#6223 = DIRECTION ( 'NONE',  ( -0.000000000000000000, -0.000000000000000000, -1.000000000000000000 ) ) ;
#6224 = VERTEX_POINT ( 'NONE', #11246 ) ;
#6225 = AXIS2_PLACEMENT_3D ( 'NONE', #6226, #9887, #8974 ) ;
#6226 = CARTESIAN_POINT ( 'NONE',  ( 0.7544731550261016828, -2.289077535132158836, 1.399999999999999911 ) ) ;
#6227 = FACE_OUTER_BOUND ( 'NONE', #785, .T. ) ;
#6228 = CARTESIAN_POINT ( 'NONE',  ( -1.950000000000002842, -6.499999999999997335, 1.200000000000000178 ) ) ;
#6229 = CARTESIAN_POINT ( 'NONE',  ( 0.9999999999999976685, -5.199999999999997513, 1.200000000000000178 ) ) ;
#6230 = EDGE_CURVE ( 'NONE', #5212, #8176, #2956, .T. ) ;
#6231 = EDGE_CURVE ( 'NONE', #6918, #1435, #5837, .T. ) ;
#6232 = CIRCLE ( 'NONE', #8571, 0.1494257208329539954 ) ;
#6233 = ORIENTED_EDGE ( 'NONE', *, *, #5036, .T. ) ;
#6234 = VERTEX_POINT ( 'NONE', #10340 ) ;
#6235 = VERTEX_POINT ( 'NONE', #1986 ) ;
#6236 = COLOUR_RGB ( '',1.000000000000000000, 1.000000000000000000, 0.5019607843137254832 ) ;
#6237 = CARTESIAN_POINT ( 'NONE',  ( -1.600000000000002975, -1.499999999999997335, 1.000000000000000000 ) ) ;
#6238 = VERTEX_POINT ( 'NONE', #7417 ) ;
#6239 = EDGE_CURVE ( 'NONE', #593, #6169, #11125, .T. ) ;
#6240 = ORIENTED_EDGE ( 'NONE', *, *, #5049, .F. ) ;
#6241 = CYLINDRICAL_SURFACE ( 'NONE', #4949, 0.1494257208329542175 ) ;
#6242 = AXIS2_PLACEMENT_3D ( 'NONE', #7286, #2345, #6178 ) ;
#6243 = FACE_OUTER_BOUND ( 'NONE', #5605, .T. ) ;
#6244 = CARTESIAN_POINT ( 'NONE',  ( 0.000000000000000000, 0.000000000000000000, 1.200000000000000178 ) ) ;
#6245 = DIRECTION ( 'NONE',  ( 0.000000000000000000, 0.000000000000000000, -1.000000000000000000 ) ) ;
#6246 = DIRECTION ( 'NONE',  ( -1.000000000000000000, -1.602379359961721150E-16, 0.000000000000000000 ) ) ;
#6247 = ADVANCED_FACE ( 'NONE', ( #3759 ), #2777, .F. ) ;
#6248 = ORIENTED_EDGE ( 'NONE', *, *, #2181, .F. ) ;
#6249 = MECHANICAL_DESIGN_GEOMETRIC_PRESENTATION_REPRESENTATION (  '', ( #3526 ), #10344 ) ;
#6250 = ORIENTED_EDGE ( 'NONE', *, *, #3897, .F. ) ;
#6251 = MECHANICAL_DESIGN_GEOMETRIC_PRESENTATION_REPRESENTATION (  '', ( #4898 ), #11701 ) ;
#6252 = LINE ( 'NONE', #9966, #2838 ) ;
#6253 = CARTESIAN_POINT ( 'NONE',  ( -0.1899999999999996414, -7.994982302604838331, 0.000000000000000000 ) ) ;
#6254 = COLOUR_RGB ( '',1.000000000000000000, 1.000000000000000000, 0.000000000000000000 ) ;
#6255 = ORIENTED_EDGE ( 'NONE', *, *, #4944, .T. ) ;
#6256 = CYLINDRICAL_SURFACE ( 'NONE', #1552, 0.5000000000000008882 ) ;
#6257 = DIRECTION ( 'NONE',  ( 0.000000000000000000, 1.000000000000000000, 0.000000000000000000 ) ) ;
#6258 = CARTESIAN_POINT ( 'NONE',  ( -1.600100888223831230, 2.147362469743642865, 0.000000000000000000 ) ) ;
#6259 = VECTOR ( 'NONE', #6490, 1000.000000000000000 ) ;
#6260 = EDGE_CURVE ( 'NONE', #4965, #1870, #9429, .T. ) ;
#6261 = DIRECTION ( 'NONE',  ( -1.084202172485506406E-15, 1.000000000000000000, 0.000000000000000000 ) ) ;
#6262 = SURFACE_SIDE_STYLE ('',( #4947 ) ) ;
#6263 = DIRECTION ( 'NONE',  ( 0.000000000000000000, -0.000000000000000000, 1.000000000000000000 ) ) ;
#6264 = ORIENTED_EDGE ( 'NONE', *, *, #7997, .T. ) ;
#6265 = ORIENTED_EDGE ( 'NONE', *, *, #2062, .F. ) ;
#6266 = EDGE_CURVE ( 'NONE', #454, #9589, #6191, .T. ) ;
#6267 = ORIENTED_EDGE ( 'NONE', *, *, #2863, .F. ) ;
#6268 = DIRECTION ( 'NONE',  ( 1.000000000000000000, 0.000000000000000000, 0.000000000000000000 ) ) ;
#6269 = FACE_OUTER_BOUND ( 'NONE', #10336, .T. ) ;
#6270 = CARTESIAN_POINT ( 'NONE',  ( 0.000000000000000000, 8.469867354517257141, 1.100000000000000089 ) ) ;
#6271 = LINE ( 'NONE', #3887, #7664 ) ;
#6272 = CARTESIAN_POINT ( 'NONE',  ( 0.4999999999999911182, -3.549999999999997158, 1.200000000000000178 ) ) ;
#6273 = DIRECTION ( 'NONE',  ( 1.000000000000000000, 0.000000000000000000, 0.000000000000000000 ) ) ;
#6274 = CARTESIAN_POINT ( 'NONE',  ( 0.9999999999999895639, -2.999999999999996891, 1.200000000000000178 ) ) ;
#6275 = LINE ( 'NONE', #10672, #2172 ) ;
#6276 = CARTESIAN_POINT ( 'NONE',  ( 3.200000000000001510, -4.968682383288471449, 1.800000000000000266 ) ) ;
#6277 = EDGE_LOOP ( 'NONE', ( #3041, #5202, #4481, #8226 ) ) ;
#6278 = ADVANCED_FACE ( 'NONE', ( #4678 ), #3884, .F. ) ;
#6279 = ORIENTED_EDGE ( 'NONE', *, *, #10503, .T. ) ;
#6280 = EDGE_CURVE ( 'NONE', #3886, #1523, #6676, .T. ) ;
#6281 = VECTOR ( 'NONE', #6582, 1000.000000000000000 ) ;
#6282 = DIRECTION ( 'NONE',  ( 0.000000000000000000, 0.000000000000000000, 1.000000000000000000 ) ) ;
#6283 = CARTESIAN_POINT ( 'NONE',  ( -5.028786089951736038, 2.295341782195420954, -29.20000000000000284 ) ) ;
#6284 = CIRCLE ( 'NONE', #1040, 0.1000000000000000472 ) ;
#6285 = SURFACE_STYLE_FILL_AREA ( #807 ) ;
#6286 = VERTEX_POINT ( 'NONE', #5652 ) ;
#6287 = VECTOR ( 'NONE', #11037, 1000.000000000000000 ) ;
#6288 = CARTESIAN_POINT ( 'NONE',  ( -3.499999999999995115, -2.999999999999996891, 1.200000000000000178 ) ) ;
#6289 = EDGE_CURVE ( 'NONE', #10125, #11844, #5773, .T. ) ;
#6290 = PRESENTATION_STYLE_ASSIGNMENT (( #9949 ) ) ;
#6291 = CARTESIAN_POINT ( 'NONE',  ( -0.4793603691187813820, 2.295341782195420954, 0.000000000000000000 ) ) ;
#6292 = VERTEX_POINT ( 'NONE', #7660 ) ;
#6293 =( GEOMETRIC_REPRESENTATION_CONTEXT ( 3 ) GLOBAL_UNCERTAINTY_ASSIGNED_CONTEXT ( ( #708 ) ) GLOBAL_UNIT_ASSIGNED_CONTEXT ( ( #8294, #3201, #5899 ) ) REPRESENTATION_CONTEXT ( 'NONE', 'WORKASPACE' ) );
#6294 = ORIENTED_EDGE ( 'NONE', *, *, #7952, .F. ) ;
#6295 = EDGE_LOOP ( 'NONE', ( #6769, #1159, #5968, #10649 ) ) ;
#6296 = STYLED_ITEM ( 'NONE', ( #6953 ), #683 ) ;
#6297 = CIRCLE ( 'NONE', #5319, 0.1494257208329539954 ) ;
#6298 = EDGE_CURVE ( 'NONE', #6076, #8406, #1498, .T. ) ;
#6299 = ADVANCED_FACE ( 'NONE', ( #11660 ), #9775, .F. ) ;
#6300 = CYLINDRICAL_SURFACE ( 'NONE', #6003, 0.5000000000000008882 ) ;
#6301 = AXIS2_PLACEMENT_3D ( 'NONE', #3215, #4199, #6941 ) ;
#6302 = CIRCLE ( 'NONE', #10397, 0.1000000000000000472 ) ;
#6303 = MECHANICAL_DESIGN_GEOMETRIC_PRESENTATION_REPRESENTATION (  '', ( #11557 ), #9044 ) ;
#6304 = ORIENTED_EDGE ( 'NONE', *, *, #4074, .F. ) ;
#6305 = VERTEX_POINT ( 'NONE', #10515 ) ;
#6306 = EDGE_CURVE ( 'NONE', #563, #5315, #5088, .T. ) ;
#6307 = DIRECTION ( 'NONE',  ( 0.000000000000000000, 1.000000000000000000, -0.000000000000000000 ) ) ;
#6308 = DIRECTION ( 'NONE',  ( 0.000000000000000000, 0.000000000000000000, -1.000000000000000000 ) ) ;
#6309 = FACE_BOUND ( 'NONE', #6002, .T. ) ;
#6310 = CIRCLE ( 'NONE', #4953, 0.6205955535903713294 ) ;
#6311 = UNCERTAINTY_MEASURE_WITH_UNIT (LENGTH_MEASURE( 1.000000000000000082E-05 ), #11903, 'distance_accuracy_value', 'NONE');
#6312 = ORIENTED_EDGE ( 'NONE', *, *, #3671, .F. ) ;
#6313 = CIRCLE ( 'NONE', #7292, 0.1494257208329539954 ) ;
#6314 = AXIS2_PLACEMENT_3D ( 'NONE', #2437, #4279, #1658 ) ;
#6315 = AXIS2_PLACEMENT_3D ( 'NONE', #11753, #9934, #5240 ) ;
#6316 = ADVANCED_FACE ( 'NONE', ( #6119 ), #2340, .T. ) ;
#6317 = ORIENTED_EDGE ( 'NONE', *, *, #3235, .F. ) ;
#6318 = DIRECTION ( 'NONE',  ( 0.000000000000000000, 0.000000000000000000, -1.000000000000000000 ) ) ;
#6319 = DIRECTION ( 'NONE',  ( 0.000000000000000000, 0.000000000000000000, 1.000000000000000000 ) ) ;
#6320 = CIRCLE ( 'NONE', #6529, 0.6205955535903713294 ) ;
#6321 = ORIENTED_EDGE ( 'NONE', *, *, #9837, .F. ) ;
#6322 = FACE_OUTER_BOUND ( 'NONE', #4389, .T. ) ;
#6323 = CARTESIAN_POINT ( 'NONE',  ( -3.499999999999995115, -2.999999999999996891, 1.200000000000000178 ) ) ;
#6324 =( GEOMETRIC_REPRESENTATION_CONTEXT ( 3 ) GLOBAL_UNCERTAINTY_ASSIGNED_CONTEXT ( ( #3879 ) ) GLOBAL_UNIT_ASSIGNED_CONTEXT ( ( #2009, #5981, #5801 ) ) REPRESENTATION_CONTEXT ( 'NONE', 'WORKASPACE' ) );
#6325 = MECHANICAL_DESIGN_GEOMETRIC_PRESENTATION_REPRESENTATION (  '', ( #3814 ), #6126 ) ;
#6326 = PLANE ( 'NONE',  #8878 ) ;
#6327 = DIRECTION ( 'NONE',  ( -0.000000000000000000, -0.000000000000000000, -1.000000000000000000 ) ) ;
#6328 =( NAMED_UNIT ( * ) PLANE_ANGLE_UNIT ( ) SI_UNIT ( $, .RADIAN. ) );
#6329 = LINE ( 'NONE', #1755, #4635 ) ;
#6330 = FILL_AREA_STYLE_COLOUR ( '', #3983 ) ;
#6331 = ADVANCED_FACE ( 'NONE', ( #6981 ), #5895, .T. ) ;
#6332 = ORIENTED_EDGE ( 'NONE', *, *, #4911, .T. ) ;
#6333 = FACE_OUTER_BOUND ( 'NONE', #10355, .T. ) ;
#6334 = ORIENTED_EDGE ( 'NONE', *, *, #8605, .F. ) ;
#6335 = ADVANCED_FACE ( 'NONE', ( #11913 ), #10021, .F. ) ;
#6336 = EDGE_CURVE ( 'NONE', #2139, #10083, #11980, .T. ) ;
#6337 = CARTESIAN_POINT ( 'NONE',  ( 3.119999999999999662, -7.994982302604838331, 1.100000000000000089 ) ) ;
#6338 = ORIENTED_EDGE ( 'NONE', *, *, #5929, .T. ) ;
#6339 = PLANE ( 'NONE',  #7469 ) ;
#6340 = DIRECTION ( 'NONE',  ( 0.000000000000000000, -0.000000000000000000, 1.000000000000000000 ) ) ;
#6341 = DIRECTION ( 'NONE',  ( -0.000000000000000000, -0.000000000000000000, 1.000000000000000000 ) ) ;
#6342 = DIRECTION ( 'NONE',  ( 0.000000000000000000, -1.000000000000000000, 0.000000000000000000 ) ) ;
#6343 =( NAMED_UNIT ( * ) PLANE_ANGLE_UNIT ( ) SI_UNIT ( $, .RADIAN. ) );
#6344 =( NAMED_UNIT ( * ) SI_UNIT ( $, .STERADIAN. ) SOLID_ANGLE_UNIT ( ) );
#6345 = LINE ( 'NONE', #7499, #1458 ) ;
#6346 = LINE ( 'NONE', #8299, #6042 ) ;
#6347 = PRESENTATION_STYLE_ASSIGNMENT (( #1714 ) ) ;
#6348 = ORIENTED_EDGE ( 'NONE', *, *, #9215, .T. ) ;
#6349 = EDGE_LOOP ( 'NONE', ( #7628, #7644, #1224, #760 ) ) ;
#6350 = CARTESIAN_POINT ( 'NONE',  ( 3.500000000000001332, -5.268682383288471271, 1.600000000000000089 ) ) ;
#6351 = CIRCLE ( 'NONE', #146, 0.5000000000000008882 ) ;
#6352 = AXIS2_PLACEMENT_3D ( 'NONE', #9003, #8089, #8883 ) ;
#6353 = SURFACE_STYLE_USAGE ( .BOTH. , #10252 ) ;
#6354 = LINE ( 'NONE', #10006, #7568 ) ;
#6355 = CARTESIAN_POINT ( 'NONE',  ( -1.050000000000002709, -1.999999999999997335, 1.200000000000000178 ) ) ;
#6356 = FACE_OUTER_BOUND ( 'NONE', #11900, .T. ) ;
#6357 = ORIENTED_EDGE ( 'NONE', *, *, #2351, .T. ) ;
#6358 = EDGE_CURVE ( 'NONE', #9079, #1967, #6368, .T. ) ;
#6359 = CARTESIAN_POINT ( 'NONE',  ( -4.000000000000000000, -4.099999999999996980, 1.200000000000000178 ) ) ;
#6360 = DIRECTION ( 'NONE',  ( 0.000000000000000000, 1.000000000000000000, 0.000000000000000000 ) ) ;
#6361 = FACE_OUTER_BOUND ( 'NONE', #4636, .T. ) ;
#6362 = FACE_OUTER_BOUND ( 'NONE', #4426, .T. ) ;
#6363 = ORIENTED_EDGE ( 'NONE', *, *, #5196, .F. ) ;
#6364 = VECTOR ( 'NONE', #6489, 1000.000000000000000 ) ;
#6365 = ORIENTED_EDGE ( 'NONE', *, *, #7997, .F. ) ;
#6366 = ORIENTED_EDGE ( 'NONE', *, *, #6470, .T. ) ;
#6367 =( GEOMETRIC_REPRESENTATION_CONTEXT ( 3 ) GLOBAL_UNCERTAINTY_ASSIGNED_CONTEXT ( ( #9396 ) ) GLOBAL_UNIT_ASSIGNED_CONTEXT ( ( #9508, #2189, #4868 ) ) REPRESENTATION_CONTEXT ( 'NONE', 'WORKASPACE' ) );
#6368 = LINE ( 'NONE', #11716, #10294 ) ;
#6369 = FACE_OUTER_BOUND ( 'NONE', #8407, .T. ) ;
#6370 = VERTEX_POINT ( 'NONE', #6237 ) ;
#6371 = VECTOR ( 'NONE', #11341, 1000.000000000000000 ) ;
#6372 = VERTEX_POINT ( 'NONE', #11778 ) ;
#6373 = LINE ( 'NONE', #6594, #9437 ) ;
#6374 = FACE_OUTER_BOUND ( 'NONE', #3922, .T. ) ;
#6375 = CARTESIAN_POINT ( 'NONE',  ( 3.920639630881218807, 2.295341782195420954, 1.000000000000000000 ) ) ;
#6376 = FACE_OUTER_BOUND ( 'NONE', #10581, .T. ) ;
#6377 = DIRECTION ( 'NONE',  ( -0.000000000000000000, -0.000000000000000000, 1.000000000000000000 ) ) ;
#6378 = ORIENTED_EDGE ( 'NONE', *, *, #3897, .T. ) ;
#6379 = COLOUR_RGB ( '',0.9882352941176471006, 0.7372549019607843590, 0.5176470588235293491 ) ;
#6380 = DIRECTION ( 'NONE',  ( -0.000000000000000000, -1.000000000000000000, -0.000000000000000000 ) ) ;
#6381 = DIRECTION ( 'NONE',  ( 1.000000000000000000, -0.000000000000000000, -0.000000000000000000 ) ) ;
#6382 = EDGE_CURVE ( 'NONE', #9114, #5537, #8540, .T. ) ;
#6383 = EDGE_LOOP ( 'NONE', ( #10844, #3655 ) ) ;
#6384 =( GEOMETRIC_REPRESENTATION_CONTEXT ( 3 ) GLOBAL_UNCERTAINTY_ASSIGNED_CONTEXT ( ( #5096 ) ) GLOBAL_UNIT_ASSIGNED_CONTEXT ( ( #915, #9386, #7860 ) ) REPRESENTATION_CONTEXT ( 'NONE', 'WORKASPACE' ) );
#6385 = ORIENTED_EDGE ( 'NONE', *, *, #9576, .F. ) ;
#6386 = CARTESIAN_POINT ( 'NONE',  ( -3.316236771700763121E-16, 3.056906106631963382, 1.100000000000000089 ) ) ;
#6387 = DIRECTION ( 'NONE',  ( -1.000000000000000000, -1.084202172485506603E-15, 0.000000000000000000 ) ) ;
#6388 = VECTOR ( 'NONE', #11313, 1000.000000000000000 ) ;
#6389 = DIRECTION ( 'NONE',  ( -0.000000000000000000, -0.000000000000000000, -1.000000000000000000 ) ) ;
#6390 = SURFACE_SIDE_STYLE ('',( #4626 ) ) ;
#6391 = FILL_AREA_STYLE_COLOUR ( '', #2277 ) ;
#6392 = APPLICATION_PROTOCOL_DEFINITION ( 'draft international standard', 'automotive_design', 1998, #2991 ) ;
#6393 = EDGE_LOOP ( 'NONE', ( #9127, #11909, #8455, #8711 ) ) ;
#6394 = AXIS2_PLACEMENT_3D ( 'NONE', #5013, #6969, #2326 ) ;
#6395 = EDGE_LOOP ( 'NONE', ( #5666, #6678, #2658, #7775 ) ) ;
#6396 = VECTOR ( 'NONE', #11729, 1000.000000000000000 ) ;
#6397 = CARTESIAN_POINT ( 'NONE',  ( -3.230000000000000426, -7.994982302604838331, 1.000000000000000000 ) ) ;
#6398 = VERTEX_POINT ( 'NONE', #10079 ) ;
#6399 = FILL_AREA_STYLE ('',( #1825 ) ) ;
#6400 = CARTESIAN_POINT ( 'NONE',  ( -1.297642652873966185, 5.837225230594265568, 1.100000000000000089 ) ) ;
#6401 = CARTESIAN_POINT ( 'NONE',  ( 3.920639630881218807, 2.295341782195420954, -29.20000000000000284 ) ) ;
#6402 = CARTESIAN_POINT ( 'NONE',  ( -0.6900000000000005018, -7.994982302604838331, 1.000000000000000000 ) ) ;
#6403 = CARTESIAN_POINT ( 'NONE',  ( -0.2854471665643398826, -0.6974844531661972269, 1.000000000000000000 ) ) ;
#6404 = MECHANICAL_DESIGN_GEOMETRIC_PRESENTATION_REPRESENTATION (  '', ( #3284 ), #3686 ) ;
#6405 =( NAMED_UNIT ( * ) PLANE_ANGLE_UNIT ( ) SI_UNIT ( $, .RADIAN. ) );
#6406 = CARTESIAN_POINT ( 'NONE',  ( 0.000000000000000000, -4.911223858797751696, 1.399999999999999911 ) ) ;
#6407 = ADVANCED_FACE ( 'NONE', ( #5320 ), #6300, .F. ) ;
#6408 = CARTESIAN_POINT ( 'NONE',  ( 1.254473155026102127, -2.389077535132158481, 1.500000000000000000 ) ) ;
#6409 = DIRECTION ( 'NONE',  ( 1.000000000000000000, -0.000000000000000000, -0.000000000000000000 ) ) ;
#6410 = EDGE_CURVE ( 'NONE', #11825, #5944, #4300, .T. ) ;
#6411 = ORIENTED_EDGE ( 'NONE', *, *, #2712, .T. ) ;
#6412 = ORIENTED_EDGE ( 'NONE', *, *, #11659, .T. ) ;
#6413 = VECTOR ( 'NONE', #9986, 1000.000000000000000 ) ;
#6414 = SURFACE_STYLE_FILL_AREA ( #2626 ) ;
#6415 = CARTESIAN_POINT ( 'NONE',  ( -0.8500000000000026423, -1.999999999999997335, 1.200000000000000178 ) ) ;
#6416 = CARTESIAN_POINT ( 'NONE',  ( -3.500000000000003109, -1.999999999999997335, 1.000000000000000000 ) ) ;
#6417 = CARTESIAN_POINT ( 'NONE',  ( -3.999999999999997335, -3.549999999999997158, 1.200000000000000178 ) ) ;
#6418 = VERTEX_POINT ( 'NONE', #8011 ) ;
#6419 = CARTESIAN_POINT ( 'NONE',  ( 0.9999999999999913403, -3.349999999999997424, 1.200000000000000178 ) ) ;
#6420 = AXIS2_PLACEMENT_3D ( 'NONE', #3819, #11235, #6734 ) ;
#6421 = FILL_AREA_STYLE_COLOUR ( '', #11364 ) ;
#6422 = ORIENTED_EDGE ( 'NONE', *, *, #4173, .T. ) ;
#6423 = ORIENTED_EDGE ( 'NONE', *, *, #3375, .T. ) ;
#6424 = EDGE_CURVE ( 'NONE', #118, #11177, #2454, .T. ) ;
#6425 = VECTOR ( 'NONE', #2566, 1000.000000000000000 ) ;
#6426 = EDGE_CURVE ( 'NONE', #4464, #6224, #640, .T. ) ;
#6427 = LINE ( 'NONE', #6663, #9703 ) ;
#6428 = CARTESIAN_POINT ( 'NONE',  ( 0.000000000000000000, 8.469867354517257141, 1.100000000000000089 ) ) ;
#6429 = EDGE_LOOP ( 'NONE', ( #1856, #11116, #10168, #5350 ) ) ;
#6430 = DIRECTION ( 'NONE',  ( 1.000000000000000000, 0.000000000000000000, 0.000000000000000000 ) ) ;
#6431 = DIRECTION ( 'NONE',  ( 4.336808689942026413E-15, 1.000000000000000000, 0.000000000000000000 ) ) ;
#6432 = DIRECTION ( 'NONE',  ( 1.602379359961721150E-16, -1.000000000000000000, 0.000000000000000000 ) ) ;
#6433 = UNCERTAINTY_MEASURE_WITH_UNIT (LENGTH_MEASURE( 1.000000000000000082E-05 ), #1669, 'distance_accuracy_value', 'NONE');
#6434 = EDGE_LOOP ( 'NONE', ( #480, #3812, #3711, #2397 ) ) ;
#6435 = AXIS2_PLACEMENT_3D ( 'NONE', #11148, #5358, #4589 ) ;
#6436 = ADVANCED_FACE ( 'NONE', ( #8070 ), #2765, .F. ) ;
#6437 = CARTESIAN_POINT ( 'NONE',  ( -4.000000000000003553, -5.199999999999997513, 1.000000000000000000 ) ) ;
#6438 = CARTESIAN_POINT ( 'NONE',  ( 3.119999999999999662, -7.994982302604838331, 1.000000000000000000 ) ) ;
#6439 = EDGE_CURVE ( 'NONE', #4311, #9430, #112, .T. ) ;
#6440 = ORIENTED_EDGE ( 'NONE', *, *, #11112, .F. ) ;
#6441 = VERTEX_POINT ( 'NONE', #3925 ) ;
#6442 = CARTESIAN_POINT ( 'NONE',  ( -1.297642652873966185, 8.869867354517255720, 1.100000000000000089 ) ) ;
#6443 = DIRECTION ( 'NONE',  ( -0.000000000000000000, -0.000000000000000000, -1.000000000000000000 ) ) ;
#6444 = UNCERTAINTY_MEASURE_WITH_UNIT (LENGTH_MEASURE( 1.000000000000000082E-05 ), #7895, 'distance_accuracy_value', 'NONE');
#6445 = EDGE_CURVE ( 'NONE', #80, #8811, #7583, .T. ) ;
#6446 = CARTESIAN_POINT ( 'NONE',  ( 6.000000000000000888, -8.999999999999998224, 1.000000000000000000 ) ) ;
#6447 = CARTESIAN_POINT ( 'NONE',  ( -5.692492299719079440, -4.911223858797751696, 1.500000000000000000 ) ) ;
#6448 = CARTESIAN_POINT ( 'NONE',  ( 2.350000000000000977, -7.994982302604838331, 0.000000000000000000 ) ) ;
#6449 = ORIENTED_EDGE ( 'NONE', *, *, #9773, .F. ) ;
#6450 = FILL_AREA_STYLE ('',( #2789 ) ) ;
#6451 = VERTEX_POINT ( 'NONE', #3871 ) ;
#6452 =( GEOMETRIC_REPRESENTATION_CONTEXT ( 3 ) GLOBAL_UNCERTAINTY_ASSIGNED_CONTEXT ( ( #3164 ) ) GLOBAL_UNIT_ASSIGNED_CONTEXT ( ( #4401, #8960, #9759 ) ) REPRESENTATION_CONTEXT ( 'NONE', 'WORKASPACE' ) );
#6453 = DIRECTION ( 'NONE',  ( -0.000000000000000000, 0.000000000000000000, 1.000000000000000000 ) ) ;
#6454 = VERTEX_POINT ( 'NONE', #11350 ) ;
#6455 =( LENGTH_UNIT ( ) NAMED_UNIT ( * ) SI_UNIT ( .MILLI., .METRE. ) );
#6456 = COLOUR_RGB ( '',0.2509803921568627416, 0.2509803921568627416, 0.2509803921568627416 ) ;
#6457 = DIRECTION ( 'NONE',  ( 0.000000000000000000, -1.000000000000000000, 0.000000000000000000 ) ) ;
#6458 = EDGE_CURVE ( 'NONE', #4219, #5897, #6427, .T. ) ;
#6459 = DIRECTION ( 'NONE',  ( 0.000000000000000000, -0.000000000000000000, 1.000000000000000000 ) ) ;
#6460 = DIRECTION ( 'NONE',  ( 0.000000000000000000, 0.000000000000000000, 1.000000000000000000 ) ) ;
#6461 = DIRECTION ( 'NONE',  ( 0.000000000000000000, 0.000000000000000000, 1.000000000000000000 ) ) ;
#6462 = FACE_OUTER_BOUND ( 'NONE', #531, .T. ) ;
#6463 = CARTESIAN_POINT ( 'NONE',  ( 0.4999999999999929501, -4.099999999999996980, 1.200000000000000178 ) ) ;
#6464 = FACE_OUTER_BOUND ( 'NONE', #3885, .T. ) ;
#6465 = CARTESIAN_POINT ( 'NONE',  ( -0.6900000000000005018, -7.994982302604838331, 1.100000000000000089 ) ) ;
#6466 = DIRECTION ( 'NONE',  ( 0.000000000000000000, 0.000000000000000000, -1.000000000000000000 ) ) ;
#6467 = ORIENTED_EDGE ( 'NONE', *, *, #7984, .T. ) ;
#6468 = AXIS2_PLACEMENT_3D ( 'NONE', #7463, #5581, #4723 ) ;
#6469 = VERTEX_POINT ( 'NONE', #10144 ) ;
#6470 = EDGE_CURVE ( 'NONE', #10210, #11305, #11288, .T. ) ;
#6471 = DIRECTION ( 'NONE',  ( -0.000000000000000000, -0.000000000000000000, -1.000000000000000000 ) ) ;
#6472 = DIRECTION ( 'NONE',  ( -1.000000000000000000, 0.000000000000000000, 0.000000000000000000 ) ) ;
#6473 = DIRECTION ( 'NONE',  ( 0.000000000000000000, 1.000000000000000000, 0.000000000000000000 ) ) ;
#6474 = FILL_AREA_STYLE_COLOUR ( '', #2782 ) ;
#6475 = VERTEX_POINT ( 'NONE', #1792 ) ;
#6476 = CARTESIAN_POINT ( 'NONE',  ( -0.8500000000000026423, -5.999999999999997335, 1.200000000000000178 ) ) ;
#6477 = PRESENTATION_STYLE_ASSIGNMENT (( #2876 ) ) ;
#6478 = SURFACE_STYLE_FILL_AREA ( #3617 ) ;
#6479 = FACE_OUTER_BOUND ( 'NONE', #7675, .T. ) ;
#6480 = VERTEX_POINT ( 'NONE', #4835 ) ;
#6481 = ORIENTED_EDGE ( 'NONE', *, *, #5275, .F. ) ;
#6482 = CIRCLE ( 'NONE', #4342, 0.5000000000000008882 ) ;
#6483 = EDGE_CURVE ( 'NONE', #5227, #4010, #3271, .T. ) ;
#6484 = CARTESIAN_POINT ( 'NONE',  ( -5.692492299719079440, -2.188776141202243508, 1.500000000000000000 ) ) ;
#6485 = DIRECTION ( 'NONE',  ( 0.000000000000000000, 1.000000000000000000, 0.000000000000000000 ) ) ;
#6486 = ORIENTED_EDGE ( 'NONE', *, *, #5017, .T. ) ;
#6487 = CIRCLE ( 'NONE', #9600, 0.6205955535903713294 ) ;
#6488 = DIRECTION ( 'NONE',  ( 1.000000000000000000, 0.000000000000000000, 0.000000000000000000 ) ) ;
#6489 = DIRECTION ( 'NONE',  ( 1.000000000000000000, 1.084202172485504434E-16, 0.000000000000000000 ) ) ;
#6490 = DIRECTION ( 'NONE',  ( 0.000000000000000000, 0.000000000000000000, -1.000000000000000000 ) ) ;
#6491 = CIRCLE ( 'NONE', #7265, 0.1000000000000000472 ) ;
#6492 = DIRECTION ( 'NONE',  ( -1.084202172485506406E-15, -1.000000000000000000, -0.000000000000000000 ) ) ;
#6493 = ORIENTED_EDGE ( 'NONE', *, *, #6660, .F. ) ;
#6494 = VECTOR ( 'NONE', #7569, 1000.000000000000000 ) ;
#6495 = VECTOR ( 'NONE', #7250, 1000.000000000000000 ) ;
#6496 =( GEOMETRIC_REPRESENTATION_CONTEXT ( 3 ) GLOBAL_UNCERTAINTY_ASSIGNED_CONTEXT ( ( #5083 ) ) GLOBAL_UNIT_ASSIGNED_CONTEXT ( ( #4478, #8191, #7904 ) ) REPRESENTATION_CONTEXT ( 'NONE', 'WORKASPACE' ) );
#6497 = LINE ( 'NONE', #10214, #1304 ) ;
#6498 = EDGE_CURVE ( 'NONE', #9240, #5519, #6589, .T. ) ;
#6499 = DIRECTION ( 'NONE',  ( 1.000000000000000000, 0.000000000000000000, 0.000000000000000000 ) ) ;
#6500 = ORIENTED_EDGE ( 'NONE', *, *, #6130, .T. ) ;
#6501 = VERTEX_POINT ( 'NONE', #9234 ) ;
#6502 = FILL_AREA_STYLE ('',( #7299 ) ) ;
#6503 =( GEOMETRIC_REPRESENTATION_CONTEXT ( 3 ) GLOBAL_UNCERTAINTY_ASSIGNED_CONTEXT ( ( #10605 ) ) GLOBAL_UNIT_ASSIGNED_CONTEXT ( ( #8344, #2601, #2534 ) ) REPRESENTATION_CONTEXT ( 'NONE', 'WORKASPACE' ) );
#6504 = DIRECTION ( 'NONE',  ( 0.000000000000000000, -0.000000000000000000, 1.000000000000000000 ) ) ;
#6505 = CARTESIAN_POINT ( 'NONE',  ( -5.192492299719079440, -4.911223858797751696, 1.500000000000000000 ) ) ;
#6506 = EDGE_CURVE ( 'NONE', #3953, #7853, #5762, .T. ) ;
#6507 = VECTOR ( 'NONE', #7222, 1000.000000000000000 ) ;
#6509 = CARTESIAN_POINT ( 'NONE',  ( 0.9999999999999893419, -2.799999999999997158, 1.200000000000000178 ) ) ;
#6508 = CIRCLE ( 'NONE', #493, 0.1000000000000000472 ) ;
#6510 = PRESENTATION_LAYER_ASSIGNMENT (  '', '', ( #11557 ) ) ;
#6511 = FACE_OUTER_BOUND ( 'NONE', #8395, .T. ) ;
#6512 =( NAMED_UNIT ( * ) PLANE_ANGLE_UNIT ( ) SI_UNIT ( $, .RADIAN. ) );
#6513 = EDGE_CURVE ( 'NONE', #4190, #7579, #1859, .T. ) ;
#6514 = ORIENTED_EDGE ( 'NONE', *, *, #8564, .T. ) ;
#6515 = VECTOR ( 'NONE', #964, 1000.000000000000000 ) ;
#6516 = VERTEX_POINT ( 'NONE', #4606 ) ;
#6517 = CIRCLE ( 'NONE', #3984, 0.5000000000000004441 ) ;
#6518 =( GEOMETRIC_REPRESENTATION_CONTEXT ( 3 ) GLOBAL_UNCERTAINTY_ASSIGNED_CONTEXT ( ( #10566 ) ) GLOBAL_UNIT_ASSIGNED_CONTEXT ( ( #4079, #9856, #499 ) ) REPRESENTATION_CONTEXT ( 'NONE', 'WORKASPACE' ) );
#6519 = VECTOR ( 'NONE', #7318, 1000.000000000000000 ) ;
#6520 = DIRECTION ( 'NONE',  ( -0.000000000000000000, -0.000000000000000000, -1.000000000000000000 ) ) ;
#6521 = EDGE_CURVE ( 'NONE', #10017, #2957, #8557, .T. ) ;
#6522 = ORIENTED_EDGE ( 'NONE', *, *, #8763, .F. ) ;
#6523 = SURFACE_STYLE_FILL_AREA ( #6399 ) ;
#6524 = DIRECTION ( 'NONE',  ( 0.000000000000000000, 0.000000000000000000, 1.000000000000000000 ) ) ;
#6525 = SURFACE_STYLE_USAGE ( .BOTH. , #2799 ) ;
#6526 = LINE ( 'NONE', #2677, #10284 ) ;
#6527 = CARTESIAN_POINT ( 'NONE',  ( 4.800000000000000711, -2.768682383288471271, 1.700000000000000178 ) ) ;
#6528 = CARTESIAN_POINT ( 'NONE',  ( 3.192975979834980826, -1.142788338085890087, 1.500000000000000000 ) ) ;
#6529 = AXIS2_PLACEMENT_3D ( 'NONE', #9579, #7816, #1237 ) ;
#6530 = CARTESIAN_POINT ( 'NONE',  ( -1.600000000000002975, -6.499999999999997335, 1.200000000000000178 ) ) ;
#6531 = VECTOR ( 'NONE', #10827, 1000.000000000000000 ) ;
#6532 = ORIENTED_EDGE ( 'NONE', *, *, #2036, .F. ) ;
#6533 = ORIENTED_EDGE ( 'NONE', *, *, #2234, .T. ) ;
#6534 = CARTESIAN_POINT ( 'NONE',  ( 4.719581602308915436, -0.8427883380858899320, 1.399999999999999911 ) ) ;
#6535 = DIRECTION ( 'NONE',  ( -0.000000000000000000, -0.000000000000000000, 1.000000000000000000 ) ) ;
#6536 = CARTESIAN_POINT ( 'NONE',  ( -2.714552833435666113, -0.6974844531661972269, 1.000000000000000000 ) ) ;
#6537 = CARTESIAN_POINT ( 'NONE',  ( 3.100000000000000977, -4.768682383288472160, 1.700000000000000178 ) ) ;
#6538 = DIRECTION ( 'NONE',  ( -0.000000000000000000, -0.000000000000000000, 1.000000000000000000 ) ) ;
#6539 = ORIENTED_EDGE ( 'NONE', *, *, #153, .T. ) ;
#6540 = CARTESIAN_POINT ( 'NONE',  ( -6.000000000000002665, 9.000000000000001776, 1.000000000000000000 ) ) ;
#6541 = LINE ( 'NONE', #11165, #6371 ) ;
#6542 = CYLINDRICAL_SURFACE ( 'NONE', #1981, 0.5000000000000008882 ) ;
#6543 = LINE ( 'NONE', #4771, #6112 ) ;
#6544 = ORIENTED_EDGE ( 'NONE', *, *, #720, .T. ) ;
#6545 = VERTEX_POINT ( 'NONE', #3689 ) ;
#6546 = AXIS2_PLACEMENT_3D ( 'NONE', #8513, #9543, #1011 ) ;
#6547 =( LENGTH_UNIT ( ) NAMED_UNIT ( * ) SI_UNIT ( .MILLI., .METRE. ) );
#6548 = DIRECTION ( 'NONE',  ( 0.000000000000000000, -0.000000000000000000, 1.000000000000000000 ) ) ;
#6549 = ORIENTED_EDGE ( 'NONE', *, *, #6513, .T. ) ;
#6550 = DIRECTION ( 'NONE',  ( -0.000000000000000000, 0.000000000000000000, -1.000000000000000000 ) ) ;
#6551 = LINE ( 'NONE', #5645, #7817 ) ;
#6552 = PRESENTATION_STYLE_ASSIGNMENT (( #8562 ) ) ;
#6553 = PRESENTATION_STYLE_ASSIGNMENT (( #7288 ) ) ;
#6554 = AXIS2_PLACEMENT_3D ( 'NONE', #8281, #10878, #6504 ) ;
#6555 = UNCERTAINTY_MEASURE_WITH_UNIT (LENGTH_MEASURE( 1.000000000000000082E-05 ), #4867, 'distance_accuracy_value', 'NONE');
#6556 = ORIENTED_EDGE ( 'NONE', *, *, #4665, .F. ) ;
#6557 = EDGE_CURVE ( 'NONE', #4322, #27, #7402, .T. ) ;
#6558 = ADVANCED_FACE ( 'NONE', ( #9292 ), #1066, .F. ) ;
#6559 = PRESENTATION_LAYER_ASSIGNMENT (  '', '', ( #11800 ) ) ;
#6560 = AXIS2_PLACEMENT_3D ( 'NONE', #6244, #6308, #4429 ) ;
#6561 = FACE_OUTER_BOUND ( 'NONE', #214, .T. ) ;
#6562 = ORIENTED_EDGE ( 'NONE', *, *, #6780, .F. ) ;
#6563 = ORIENTED_EDGE ( 'NONE', *, *, #1369, .F. ) ;
#6564 = DIRECTION ( 'NONE',  ( 0.000000000000000000, 0.000000000000000000, -1.000000000000000000 ) ) ;
#6565 = CARTESIAN_POINT ( 'NONE',  ( -2.658619850013732133, 2.147362469743642865, 0.000000000000000000 ) ) ;
#6566 = COLOUR_RGB ( '',0.9882352941176471006, 0.7372549019607843590, 0.5176470588235293491 ) ;
#6567 = PRESENTATION_STYLE_ASSIGNMENT (( #5661 ) ) ;
#6568 = EDGE_CURVE ( 'NONE', #7269, #6169, #347, .T. ) ;
#6569 = AXIS2_PLACEMENT_3D ( 'NONE', #2334, #6921, #1426 ) ;
#6570 = ORIENTED_EDGE ( 'NONE', *, *, #7929, .F. ) ;
#6571 = VERTEX_POINT ( 'NONE', #5074 ) ;
#6572 = EDGE_LOOP ( 'NONE', ( #3685, #373, #1027, #3482 ) ) ;
#6573 = EDGE_CURVE ( 'NONE', #9533, #3015, #11474, .T. ) ;
#6574 = EDGE_CURVE ( 'NONE', #2089, #7908, #6732, .T. ) ;
#6575 = VECTOR ( 'NONE', #974, 1000.000000000000000 ) ;
#6576 = DIRECTION ( 'NONE',  ( 0.000000000000000000, -1.000000000000000000, 0.000000000000000000 ) ) ;
#6577 = AXIS2_PLACEMENT_3D ( 'NONE', #2786, #8157, #4627 ) ;
#6578 = EDGE_LOOP ( 'NONE', ( #579, #9048, #6317, #4155 ) ) ;
#6579 = FACE_OUTER_BOUND ( 'NONE', #11170, .T. ) ;
#6580 = DIRECTION ( 'NONE',  ( 0.000000000000000000, 0.000000000000000000, 1.000000000000000000 ) ) ;
#6581 = CARTESIAN_POINT ( 'NONE',  ( 5.999999999999997335, 9.000000000000001776, 1.000000000000000000 ) ) ;
#6582 = DIRECTION ( 'NONE',  ( -0.000000000000000000, -0.000000000000000000, -1.000000000000000000 ) ) ;
#6583 = DIRECTION ( 'NONE',  ( -0.000000000000000000, -0.000000000000000000, -1.000000000000000000 ) ) ;
#6584 = PLANE ( 'NONE',  #5078 ) ;
#6585 = FILL_AREA_STYLE ('',( #10177 ) ) ;
#6586 = ORIENTED_EDGE ( 'NONE', *, *, #8414, .F. ) ;
#6587 = VERTEX_POINT ( 'NONE', #9590 ) ;
#6588 = UNCERTAINTY_MEASURE_WITH_UNIT (LENGTH_MEASURE( 1.000000000000000082E-05 ), #4458, 'distance_accuracy_value', 'NONE');
#6589 = CIRCLE ( 'NONE', #9316, 0.09999999999999982514 ) ;
#6590 = LINE ( 'NONE', #9281, #2423 ) ;
#6591 = CARTESIAN_POINT ( 'NONE',  ( 2.292975979834980471, -0.04278833808588945742, 1.399999999999999911 ) ) ;
#6592 = CARTESIAN_POINT ( 'NONE',  ( -1.600000000000002975, -1.999999999999997335, 1.200000000000000178 ) ) ;
#6593 = DIRECTION ( 'NONE',  ( 0.000000000000000000, 0.000000000000000000, -1.000000000000000000 ) ) ;
#6594 = CARTESIAN_POINT ( 'NONE',  ( -0.3000000000000025424, -1.999999999999997335, 1.000000000000000000 ) ) ;
#6595 = DIRECTION ( 'NONE',  ( -1.000000000000000000, 0.000000000000000000, 0.000000000000000000 ) ) ;
#6596 =( LENGTH_UNIT ( ) NAMED_UNIT ( * ) SI_UNIT ( .MILLI., .METRE. ) );
#6597 = CARTESIAN_POINT ( 'NONE',  ( 0.5799999999999997380, -7.994982302604838331, 0.000000000000000000 ) ) ;
#6598 = LINE ( 'NONE', #9228, #9031 ) ;
#6599 = AXIS2_PLACEMENT_3D ( 'NONE', #5423, #2375, #3419 ) ;
#6600 = ORIENTED_EDGE ( 'NONE', *, *, #8049, .T. ) ;
#6601 = AXIS2_PLACEMENT_3D ( 'NONE', #10369, #1778, #931 ) ;
#6602 = VERTEX_POINT ( 'NONE', #4096 ) ;
#6603 = CARTESIAN_POINT ( 'NONE',  ( -0.000000000000000000, 5.496005818493205908, 1.000000000000000000 ) ) ;
#6604 =( LENGTH_UNIT ( ) NAMED_UNIT ( * ) SI_UNIT ( .MILLI., .METRE. ) );
#6605 = SURFACE_STYLE_FILL_AREA ( #2887 ) ;
#6606 = ORIENTED_EDGE ( 'NONE', *, *, #7949, .T. ) ;
#6607 = STYLED_ITEM ( 'NONE', ( #10494 ), #7093 ) ;
#6608 = CARTESIAN_POINT ( 'NONE',  ( 5.219581602308915436, 0.1572116619141101512, 1.000000000000000000 ) ) ;
#6609 = ADVANCED_FACE ( 'NONE', ( #8793 ), #8855, .F. ) ;
#6610 = EDGE_CURVE ( 'NONE', #3911, #10962, #4040, .T. ) ;
#6611 = LINE ( 'NONE', #1198, #5082 ) ;
#6612 = PLANE ( 'NONE',  #6168 ) ;
#6613 = DIRECTION ( 'NONE',  ( -1.000000000000000000, -0.000000000000000000, -0.000000000000000000 ) ) ;
#6614 = ORIENTED_EDGE ( 'NONE', *, *, #7630, .F. ) ;
#6615 = CARTESIAN_POINT ( 'NONE',  ( 5.781782254347279881, 8.869867354517255720, 1.100000000000000089 ) ) ;
#6616 = EDGE_CURVE ( 'NONE', #2369, #6587, #5947, .T. ) ;
#6617 = CARTESIAN_POINT ( 'NONE',  ( -5.192492299719079440, -5.811223858797751163, 1.000000000000000000 ) ) ;
#6618 = PRESENTATION_LAYER_ASSIGNMENT (  '', '', ( #3314 ) ) ;
#6619 = ORIENTED_EDGE ( 'NONE', *, *, #10291, .T. ) ;
#6620 = ORIENTED_EDGE ( 'NONE', *, *, #1561, .F. ) ;
#6621 = DIRECTION ( 'NONE',  ( -0.000000000000000000, -0.000000000000000000, 1.000000000000000000 ) ) ;
#6622 = AXIS2_PLACEMENT_3D ( 'NONE', #991, #5502, #3918 ) ;
#6623 = LINE ( 'NONE', #1752, #2761 ) ;
#6624 = DIRECTION ( 'NONE',  ( -0.000000000000000000, 0.000000000000000000, 1.000000000000000000 ) ) ;
#6625 = CARTESIAN_POINT ( 'NONE',  ( -1.050000000000002709, -1.499999999999997335, 1.200000000000000178 ) ) ;
#6626 =( GEOMETRIC_REPRESENTATION_CONTEXT ( 3 ) GLOBAL_UNCERTAINTY_ASSIGNED_CONTEXT ( ( #9860 ) ) GLOBAL_UNIT_ASSIGNED_CONTEXT ( ( #10486, #7559, #7755 ) ) REPRESENTATION_CONTEXT ( 'NONE', 'WORKASPACE' ) );
#6627 = VECTOR ( 'NONE', #5824, 1000.000000000000000 ) ;
#6628 = EDGE_LOOP ( 'NONE', ( #7517, #10886, #8953, #9288 ) ) ;
#6629 = EDGE_CURVE ( 'NONE', #10083, #9077, #1529, .T. ) ;
#6630 = ORIENTED_EDGE ( 'NONE', *, *, #6731, .T. ) ;
#6631 = VERTEX_POINT ( 'NONE', #7778 ) ;
#6632 = ORIENTED_EDGE ( 'NONE', *, *, #1584, .F. ) ;
#6633 =( NAMED_UNIT ( * ) SI_UNIT ( $, .STERADIAN. ) SOLID_ANGLE_UNIT ( ) );
#6634 = CARTESIAN_POINT ( 'NONE',  ( -4.102035936607395961, 0.000000000000000000, 1.000000000000000000 ) ) ;
#6635 = EDGE_CURVE ( 'NONE', #7582, #8386, #8346, .T. ) ;
#6636 = PLANE ( 'NONE',  #9503 ) ;
#6637 = SURFACE_STYLE_USAGE ( .BOTH. , #1033 ) ;
#6638 = CARTESIAN_POINT ( 'NONE',  ( 5.455872757806901063, 2.606906106631963649, 1.100000000000000089 ) ) ;
#6639 = LINE ( 'NONE', #3047, #8113 ) ;
#6640 = VECTOR ( 'NONE', #5828, 1000.000000000000000 ) ;
#6641 = CARTESIAN_POINT ( 'NONE',  ( -2.500000000000003109, -6.499999999999997335, 1.200000000000000178 ) ) ;
#6642 = CARTESIAN_POINT ( 'NONE',  ( 5.219581602308915436, 0.000000000000000000, 1.000000000000000000 ) ) ;
#6643 = ORIENTED_EDGE ( 'NONE', *, *, #7623, .T. ) ;
#6644 = VECTOR ( 'NONE', #2661, 1000.000000000000000 ) ;
#6645 = VERTEX_POINT ( 'NONE', #8678 ) ;
#6646 = MECHANICAL_DESIGN_GEOMETRIC_PRESENTATION_REPRESENTATION (  '', ( #11123 ), #6849 ) ;
#6647 = LINE ( 'NONE', #6715, #10092 ) ;
#6648 = CARTESIAN_POINT ( 'NONE',  ( 0.9999999999999976685, -5.199999999999997513, 1.000000000000000000 ) ) ;
#6649 = FACE_OUTER_BOUND ( 'NONE', #3648, .T. ) ;
#6650 = CARTESIAN_POINT ( 'NONE',  ( 2.292975979834980471, -1.142788338085890087, 1.000000000000000000 ) ) ;
#6651 = LINE ( 'NONE', #11277, #9875 ) ;
#6652 = CARTESIAN_POINT ( 'NONE',  ( -2.097642652873966007, 8.469867354517257141, 1.000000000000000000 ) ) ;
#6653 = LINE ( 'NONE', #5003, #9624 ) ;
#6654 = CARTESIAN_POINT ( 'NONE',  ( 2.392975979834980560, 0.000000000000000000, 1.399999999999999911 ) ) ;
#6655 = PRESENTATION_STYLE_ASSIGNMENT (( #5757 ) ) ;
#6656 = SURFACE_STYLE_FILL_AREA ( #7574 ) ;
#6657 = EDGE_CURVE ( 'NONE', #10851, #1726, #3087, .T. ) ;
#6658 = PRESENTATION_STYLE_ASSIGNMENT (( #7879 ) ) ;
#6659 = ORIENTED_EDGE ( 'NONE', *, *, #11811, .F. ) ;
#6660 = EDGE_CURVE ( 'NONE', #9184, #3243, #1193, .T. ) ;
#6661 = EDGE_LOOP ( 'NONE', ( #824, #2700, #6411, #8454 ) ) ;
#6662 = STYLED_ITEM ( 'NONE', ( #11981 ), #9364 ) ;
#6663 = CARTESIAN_POINT ( 'NONE',  ( -2.897642652873967162, 8.869867354517255720, 1.100000000000000089 ) ) ;
#6664 = FACE_BOUND ( 'NONE', #6993, .T. ) ;
#6665 = DIRECTION ( 'NONE',  ( -0.000000000000000000, -0.000000000000000000, -1.000000000000000000 ) ) ;
#6666 = VERTEX_POINT ( 'NONE', #8616 ) ;
#6667 = DIRECTION ( 'NONE',  ( -0.000000000000000000, 1.000000000000000000, -0.000000000000000000 ) ) ;
#6668 = SURFACE_SIDE_STYLE ('',( #2949 ) ) ;
#6669 = LINE ( 'NONE', #9477, #4616 ) ;
#6670 = DIRECTION ( 'NONE',  ( 1.000000000000000000, 0.000000000000000000, 0.000000000000000000 ) ) ;
#6671 = ORIENTED_EDGE ( 'NONE', *, *, #2335, .T. ) ;
#6672 = MECHANICAL_DESIGN_GEOMETRIC_PRESENTATION_REPRESENTATION (  '', ( #2383 ), #9599 ) ;
#6673 = EDGE_CURVE ( 'NONE', #1879, #819, #11415, .T. ) ;
#6674 = CARTESIAN_POINT ( 'NONE',  ( 2.693302080695410439, 0.000000000000000000, 1.100000000000000089 ) ) ;
#6675 = EDGE_CURVE ( 'NONE', #3472, #4531, #11842, .T. ) ;
#6676 = LINE ( 'NONE', #2049, #3645 ) ;
#6677 = COLOUR_RGB ( '',0.2509803921568627416, 0.2509803921568627416, 0.2509803921568627416 ) ;
#6678 = ORIENTED_EDGE ( 'NONE', *, *, #5960, .F. ) ;
#6679 = ORIENTED_EDGE ( 'NONE', *, *, #9968, .T. ) ;
#6680 =( GEOMETRIC_REPRESENTATION_CONTEXT ( 3 ) GLOBAL_UNCERTAINTY_ASSIGNED_CONTEXT ( ( #1684 ) ) GLOBAL_UNIT_ASSIGNED_CONTEXT ( ( #3168, #7013, #5988 ) ) REPRESENTATION_CONTEXT ( 'NONE', 'WORKASPACE' ) );
#6681 = PLANE ( 'NONE',  #5722 ) ;
#6682 = DIRECTION ( 'NONE',  ( 1.000000000000000000, 0.000000000000000000, 0.000000000000000000 ) ) ;
#6683 = CIRCLE ( 'NONE', #4733, 0.6205955535903713294 ) ;
#6684 = PLANE ( 'NONE',  #8210 ) ;
#6685 = CARTESIAN_POINT ( 'NONE',  ( 0.000000000000000000, 8.469867354517257141, 1.100000000000000089 ) ) ;
#6686 = DIRECTION ( 'NONE',  ( 1.000000000000000000, 0.000000000000000000, 0.000000000000000000 ) ) ;
#6687 =( LENGTH_UNIT ( ) NAMED_UNIT ( * ) SI_UNIT ( .MILLI., .METRE. ) );
#6688 = VERTEX_POINT ( 'NONE', #3985 ) ;
#6689 = ADVANCED_FACE ( 'NONE', ( #7714 ), #1254, .F. ) ;
#6690 = VECTOR ( 'NONE', #5779, 1000.000000000000000 ) ;
#6691 = VERTEX_POINT ( 'NONE', #2628 ) ;
#6692 = ORIENTED_EDGE ( 'NONE', *, *, #3606, .T. ) ;
#6693 = STYLED_ITEM ( 'NONE', ( #6807 ), #10146 ) ;
#6694 = ORIENTED_EDGE ( 'NONE', *, *, #5279, .T. ) ;
#6695 = PRESENTATION_LAYER_ASSIGNMENT (  '', '', ( #11956 ) ) ;
#6696 = CARTESIAN_POINT ( 'NONE',  ( 0.000000000000000000, 2.147362469743642865, -29.20000000000000284 ) ) ;
#6697 = ORIENTED_EDGE ( 'NONE', *, *, #5354, .T. ) ;
#6698 = CARTESIAN_POINT ( 'NONE',  ( -3.499999999999999112, -3.899999999999997247, 1.200000000000000178 ) ) ;
#6699 = VECTOR ( 'NONE', #3034, 1000.000000000000000 ) ;
#6700 = LINE ( 'NONE', #141, #2105 ) ;
#6701 = VECTOR ( 'NONE', #1425, 1000.000000000000000 ) ;
#6702 = CARTESIAN_POINT ( 'NONE',  ( 0.9999999999999915623, -3.549999999999997158, 1.000000000000000000 ) ) ;
#6703 = LINE ( 'NONE', #11393, #4423 ) ;
#6704 = DIRECTION ( 'NONE',  ( -0.000000000000000000, -0.000000000000000000, 1.000000000000000000 ) ) ;
#6705 = DIRECTION ( 'NONE',  ( -1.000000000000000000, -0.000000000000000000, -0.000000000000000000 ) ) ;
#6706 = STYLED_ITEM ( 'NONE', ( #4149 ), #3085 ) ;
#6707 = ORIENTED_EDGE ( 'NONE', *, *, #12036, .T. ) ;
#6708 = STYLED_ITEM ( 'NONE', ( #9197 ), #315 ) ;
#6709 = EDGE_CURVE ( 'NONE', #6469, #1149, #6354, .T. ) ;
#6710 = COLOUR_RGB ( '',1.000000000000000000, 1.000000000000000000, 0.000000000000000000 ) ;
#6711 = VECTOR ( 'NONE', #11821, 1000.000000000000000 ) ;
#6712 = EDGE_CURVE ( 'NONE', #4225, #296, #10095, .T. ) ;
#6713 = VERTEX_POINT ( 'NONE', #748 ) ;
#6714 = UNCERTAINTY_MEASURE_WITH_UNIT (LENGTH_MEASURE( 1.000000000000000082E-05 ), #9169, 'distance_accuracy_value', 'NONE');
#6715 = CARTESIAN_POINT ( 'NONE',  ( 0.000000000000000000, 5.837225230594265568, 1.100000000000000089 ) ) ;
#6716 = DIRECTION ( 'NONE',  ( 0.000000000000000000, 0.000000000000000000, 1.000000000000000000 ) ) ;
#6717 = CARTESIAN_POINT ( 'NONE',  ( 2.671213910048264584, 2.295341782195420954, 1.000000000000000000 ) ) ;
#6718 = DIRECTION ( 'NONE',  ( 0.000000000000000000, -1.000000000000000000, 0.000000000000000000 ) ) ;
#6719 =( GEOMETRIC_REPRESENTATION_CONTEXT ( 3 ) GLOBAL_UNCERTAINTY_ASSIGNED_CONTEXT ( ( #7063 ) ) GLOBAL_UNIT_ASSIGNED_CONTEXT ( ( #1663, #5627, #11038 ) ) REPRESENTATION_CONTEXT ( 'NONE', 'WORKASPACE' ) );
#6720 = SURFACE_STYLE_USAGE ( .BOTH. , #2993 ) ;
#6721 = FILL_AREA_STYLE ('',( #4943 ) ) ;
#6722 = PLANE ( 'NONE',  #1378 ) ;
#6723 = SURFACE_SIDE_STYLE ('',( #5938 ) ) ;
#6724 = VECTOR ( 'NONE', #5596, 1000.000000000000000 ) ;
#6725 = FILL_AREA_STYLE_COLOUR ( '', #4235 ) ;
#6726 =( NAMED_UNIT ( * ) SI_UNIT ( $, .STERADIAN. ) SOLID_ANGLE_UNIT ( ) );
#6727 = SURFACE_STYLE_FILL_AREA ( #9645 ) ;
#6728 = ORIENTED_EDGE ( 'NONE', *, *, #4156, .F. ) ;
#6729 = EDGE_CURVE ( 'NONE', #4099, #11730, #4343, .T. ) ;
#6730 = ORIENTED_EDGE ( 'NONE', *, *, #8052, .F. ) ;
#6731 = EDGE_CURVE ( 'NONE', #4236, #7562, #3543, .T. ) ;
#6732 = LINE ( 'NONE', #7943, #1720 ) ;
#6733 = ORIENTED_EDGE ( 'NONE', *, *, #3235, .T. ) ;
#6734 = DIRECTION ( 'NONE',  ( 1.000000000000000000, 0.000000000000000000, 0.000000000000000000 ) ) ;
#6735 = LINE ( 'NONE', #4782, #11322 ) ;
#6736 = EDGE_LOOP ( 'NONE', ( #5791, #6467, #9840, #85 ) ) ;
#6737 = ADVANCED_FACE ( 'NONE', ( #3306 ), #10062, .F. ) ;
#6738 = CARTESIAN_POINT ( 'NONE',  ( -3.500000000000003997, -4.999999999999997335, 1.200000000000000178 ) ) ;
#6739 = DIRECTION ( 'NONE',  ( 0.000000000000000000, -1.000000000000000000, 0.000000000000000000 ) ) ;
#6740 = ORIENTED_EDGE ( 'NONE', *, *, #3268, .F. ) ;
#6741 = VECTOR ( 'NONE', #10767, 1000.000000000000000 ) ;
#6742 = EDGE_LOOP ( 'NONE', ( #3222, #501, #8587, #11498 ) ) ;
#6743 =( LENGTH_UNIT ( ) NAMED_UNIT ( * ) SI_UNIT ( .MILLI., .METRE. ) );
#6744 = LINE ( 'NONE', #3140, #9421 ) ;
#6745 = DIRECTION ( 'NONE',  ( 1.000000000000000000, 0.000000000000000000, 0.000000000000000000 ) ) ;
#6746 = CARTESIAN_POINT ( 'NONE',  ( -2.150000000000003464, -1.999999999999997335, 1.000000000000000000 ) ) ;
#6747 = LINE ( 'NONE', #2961, #5085 ) ;
#6748 = FACE_OUTER_BOUND ( 'NONE', #6134, .T. ) ;
#6749 =( NAMED_UNIT ( * ) PLANE_ANGLE_UNIT ( ) SI_UNIT ( $, .RADIAN. ) );
#6750 = ORIENTED_EDGE ( 'NONE', *, *, #2835, .F. ) ;
#6751 = EDGE_LOOP ( 'NONE', ( #8465, #136, #5437, #10055 ) ) ;
#6752 = ORIENTED_EDGE ( 'NONE', *, *, #754, .F. ) ;
#6753 = CIRCLE ( 'NONE', #3835, 0.5000000000000004441 ) ;
#6754 = ORIENTED_EDGE ( 'NONE', *, *, #6872, .T. ) ;
#6755 = CARTESIAN_POINT ( 'NONE',  ( -0.8500000000000026423, -1.499999999999997335, 1.200000000000000178 ) ) ;
#6756 = VERTEX_POINT ( 'NONE', #11764 ) ;
#6757 = DIRECTION ( 'NONE',  ( 0.000000000000000000, -0.000000000000000000, 1.000000000000000000 ) ) ;
#6758 = PRESENTATION_LAYER_ASSIGNMENT (  '', '', ( #4804 ) ) ;
#6759 = DIRECTION ( 'NONE',  ( 1.000000000000000000, 0.000000000000000000, 0.000000000000000000 ) ) ;
#6760 = FACE_OUTER_BOUND ( 'NONE', #2342, .T. ) ;
#6761 = STYLED_ITEM ( 'NONE', ( #8602 ), #5952 ) ;
#6762 = AXIS2_PLACEMENT_3D ( 'NONE', #11482, #2272, #10745 ) ;
#6763 = EDGE_CURVE ( 'NONE', #9504, #4306, #567, .T. ) ;
#6764 = DIRECTION ( 'NONE',  ( -0.000000000000000000, 0.000000000000000000, 1.000000000000000000 ) ) ;
#6765 = CARTESIAN_POINT ( 'NONE',  ( -0.4793603691187813820, 2.295341782195420954, 0.000000000000000000 ) ) ;
#6766 = CARTESIAN_POINT ( 'NONE',  ( 0.000000000000000000, 0.4572116619141102234, 1.500000000000000000 ) ) ;
#6767 = ORIENTED_EDGE ( 'NONE', *, *, #6774, .F. ) ;
#6768 = MECHANICAL_DESIGN_GEOMETRIC_PRESENTATION_REPRESENTATION (  '', ( #8123 ), #5803 ) ;
#6769 = ORIENTED_EDGE ( 'NONE', *, *, #1584, .T. ) ;
#6770 = CIRCLE ( 'NONE', #5993, 0.1000000000000000472 ) ;
#6771 = CARTESIAN_POINT ( 'NONE',  ( 0.4999999999999976130, -5.199999999999997513, 1.200000000000000178 ) ) ;
#6772 = LINE ( 'NONE', #9637, #11762 ) ;
#6773 = CARTESIAN_POINT ( 'NONE',  ( -3.999999999999997335, -3.549999999999997158, 1.000000000000000000 ) ) ;
#6774 = EDGE_CURVE ( 'NONE', #3715, #10393, #3429, .T. ) ;
#6775 = DIRECTION ( 'NONE',  ( 0.000000000000000000, 1.000000000000000000, 0.000000000000000000 ) ) ;
#6776 = FACE_OUTER_BOUND ( 'NONE', #6277, .T. ) ;
#6777 = AXIS2_PLACEMENT_3D ( 'NONE', #1891, #11086, #8296 ) ;
#6778 = CARTESIAN_POINT ( 'NONE',  ( 3.500000000000001332, -5.268682383288471271, 1.600000000000000089 ) ) ;
#6779 = PRESENTATION_LAYER_ASSIGNMENT (  '', '', ( #2681 ) ) ;
#6780 = EDGE_CURVE ( 'NONE', #2051, #10702, #5434, .T. ) ;
#6781 = LINE ( 'NONE', #7178, #938 ) ;
#6782 = FILL_AREA_STYLE ('',( #10553 ) ) ;
#6783 = VECTOR ( 'NONE', #8272, 1000.000000000000000 ) ;
#6784 = SURFACE_SIDE_STYLE ('',( #280 ) ) ;
#6785 = ORIENTED_EDGE ( 'NONE', *, *, #11776, .T. ) ;
#6786 = ORIENTED_EDGE ( 'NONE', *, *, #7577, .F. ) ;
#6787 = VECTOR ( 'NONE', #2094, 1000.000000000000000 ) ;
#6788 = CIRCLE ( 'NONE', #11033, 0.5000000000000008882 ) ;
#6789 = DIRECTION ( 'NONE',  ( 1.000000000000000000, 0.000000000000000000, 0.000000000000000000 ) ) ;
#6790 = FACE_BOUND ( 'NONE', #3439, .T. ) ;
#6791 = CARTESIAN_POINT ( 'NONE',  ( 0.9999999999999950040, -4.449999999999997513, 1.000000000000000000 ) ) ;
#6792 = ORIENTED_EDGE ( 'NONE', *, *, #3176, .T. ) ;
#6793 = FACE_OUTER_BOUND ( 'NONE', #2940, .T. ) ;
#6794 = EDGE_CURVE ( 'NONE', #774, #11121, #11849, .T. ) ;
#6795 = CARTESIAN_POINT ( 'NONE',  ( 4.070065351714172941, 2.295341782195420954, -29.20000000000000284 ) ) ;
#6796 = PLANE ( 'NONE',  #4025 ) ;
#6797 = CIRCLE ( 'NONE', #1537, 0.1494257208329542175 ) ;
#6798 = CARTESIAN_POINT ( 'NONE',  ( 2.292975979834980471, -1.142788338085890087, 1.000000000000000000 ) ) ;
#6799 = ORIENTED_EDGE ( 'NONE', *, *, #3956, .T. ) ;
#6800 = EDGE_CURVE ( 'NONE', #1523, #11234, #7959, .T. ) ;
#6801 = ADVANCED_FACE ( 'NONE', ( #11648 ), #2563, .F. ) ;
#6802 = PRESENTATION_STYLE_ASSIGNMENT (( #4677 ) ) ;
#6803 = VECTOR ( 'NONE', #9139, 1000.000000000000000 ) ;
#6804 = CARTESIAN_POINT ( 'NONE',  ( 1.727642625633434958, 2.145437042590513599, 1.000000000000000888 ) ) ;
#6805 = VERTEX_POINT ( 'NONE', #10130 ) ;
#6806 = ORIENTED_EDGE ( 'NONE', *, *, #10817, .T. ) ;
#6807 = PRESENTATION_STYLE_ASSIGNMENT (( #246 ) ) ;
#6808 = DIRECTION ( 'NONE',  ( -1.000000000000000000, -0.000000000000000000, -0.000000000000000000 ) ) ;
#6809 = CARTESIAN_POINT ( 'NONE',  ( -0.3854471665643398604, 0.000000000000000000, 1.399999999999999911 ) ) ;
#6810 =( NAMED_UNIT ( * ) PLANE_ANGLE_UNIT ( ) SI_UNIT ( $, .RADIAN. ) );
#6811 = SURFACE_STYLE_FILL_AREA ( #3147 ) ;
#6812 = EDGE_LOOP ( 'NONE', ( #2298, #3148, #1686, #7609 ) ) ;
#6813 = STYLED_ITEM ( 'NONE', ( #7973 ), #7557 ) ;
#6814 = EDGE_CURVE ( 'NONE', #3327, #10750, #6983, .T. ) ;
#6815 = ORIENTED_EDGE ( 'NONE', *, *, #7952, .T. ) ;
#6816 = ORIENTED_EDGE ( 'NONE', *, *, #8567, .T. ) ;
#6817 = EDGE_CURVE ( 'NONE', #9032, #2103, #10678, .T. ) ;
#6818 = EDGE_LOOP ( 'NONE', ( #129, #1626, #10862, #8698 ) ) ;
#6819 = AXIS2_PLACEMENT_3D ( 'NONE', #7148, #11043, #6164 ) ;
#6820 = DIRECTION ( 'NONE',  ( 0.000000000000000000, 0.000000000000000000, 1.000000000000000000 ) ) ;
#6821 = ORIENTED_EDGE ( 'NONE', *, *, #413, .F. ) ;
#6822 = EDGE_CURVE ( 'NONE', #6418, #10040, #2019, .T. ) ;
#6823 = LINE ( 'NONE', #5046, #10688 ) ;
#6824 = FILL_AREA_STYLE_COLOUR ( '', #10570 ) ;
#6825 = SURFACE_SIDE_STYLE ('',( #3959 ) ) ;
#6826 = FACE_OUTER_BOUND ( 'NONE', #10295, .T. ) ;
#6827 = VECTOR ( 'NONE', #4196, 1000.000000000000000 ) ;
#6828 = SURFACE_STYLE_FILL_AREA ( #6886 ) ;
#6829 = CARTESIAN_POINT ( 'NONE',  ( 0.9999999999999895639, -2.999999999999996891, 1.200000000000000178 ) ) ;
#6830 = ORIENTED_EDGE ( 'NONE', *, *, #4284, .T. ) ;
#6831 = ORIENTED_EDGE ( 'NONE', *, *, #3328, .F. ) ;
#6832 = CIRCLE ( 'NONE', #1573, 0.1494257208329539954 ) ;
#6833 = EDGE_CURVE ( 'NONE', #4296, #6020, #9399, .T. ) ;
#6834 = FILL_AREA_STYLE ('',( #270 ) ) ;
#6835 = CARTESIAN_POINT ( 'NONE',  ( 0.000000000000000000, 0.000000000000000000, 1.200000000000000178 ) ) ;
#6836 = VECTOR ( 'NONE', #10752, 1000.000000000000000 ) ;
#6837 = LINE ( 'NONE', #9520, #9324 ) ;
#6838 =( NAMED_UNIT ( * ) PLANE_ANGLE_UNIT ( ) SI_UNIT ( $, .RADIAN. ) );
#6839 = CARTESIAN_POINT ( 'NONE',  ( 0.5799999999999997380, -7.994982302604838331, 1.100000000000000089 ) ) ;
#6840 = DIRECTION ( 'NONE',  ( 1.084834357360921750E-16, -1.000000000000000000, 0.000000000000000000 ) ) ;
#6841 = LINE ( 'NONE', #3231, #4290 ) ;
#6842 = FACE_OUTER_BOUND ( 'NONE', #62, .T. ) ;
#6843 =( NAMED_UNIT ( * ) PLANE_ANGLE_UNIT ( ) SI_UNIT ( $, .RADIAN. ) );
#6844 = AXIS2_PLACEMENT_3D ( 'NONE', #962, #3890, #75 ) ;
#6845 = CYLINDRICAL_SURFACE ( 'NONE', #4515, 0.1000000000000000472 ) ;
#6846 = PLANE ( 'NONE',  #3793 ) ;
#6847 = ORIENTED_EDGE ( 'NONE', *, *, #6817, .T. ) ;
#6848 = EDGE_CURVE ( 'NONE', #10661, #7955, #7330, .T. ) ;
#6849 =( GEOMETRIC_REPRESENTATION_CONTEXT ( 3 ) GLOBAL_UNCERTAINTY_ASSIGNED_CONTEXT ( ( #10701 ) ) GLOBAL_UNIT_ASSIGNED_CONTEXT ( ( #7479, #1153, #4910 ) ) REPRESENTATION_CONTEXT ( 'NONE', 'WORKASPACE' ) );
#6850 = ORIENTED_EDGE ( 'NONE', *, *, #8497, .F. ) ;
#6851 = VECTOR ( 'NONE', #3808, 1000.000000000000000 ) ;
#6852 = CARTESIAN_POINT ( 'NONE',  ( 0.000000000000000000, 1.550099785732223845, 1.399999999999999911 ) ) ;
#6853 = FILL_AREA_STYLE ('',( #11475 ) ) ;
#6854 = PLANE ( 'NONE',  #4913 ) ;
#6855 = VERTEX_POINT ( 'NONE', #6591 ) ;
#6856 = CARTESIAN_POINT ( 'NONE',  ( 0.000000000000000000, 0.000000000000000000, 1.200000000000000178 ) ) ;
#6857 = VECTOR ( 'NONE', #11422, 1000.000000000000000 ) ;
#6858 = LINE ( 'NONE', #6795, #8201 ) ;
#6859 = CARTESIAN_POINT ( 'NONE',  ( 0.5799999999999997380, -7.994982302604838331, 0.000000000000000000 ) ) ;
#6860 = ORIENTED_EDGE ( 'NONE', *, *, #6089, .F. ) ;
#6861 = CARTESIAN_POINT ( 'NONE',  ( 1.713636636129001634, 2.145437042590513599, 1.000000000000000888 ) ) ;
#6862 = ORIENTED_EDGE ( 'NONE', *, *, #8874, .T. ) ;
#6863 = ORIENTED_EDGE ( 'NONE', *, *, #10153, .T. ) ;
#6864 = CARTESIAN_POINT ( 'NONE',  ( -5.192492299719079440, 0.000000000000000000, 1.500000000000000000 ) ) ;
#6865 = CARTESIAN_POINT ( 'NONE',  ( 3.500000000000000888, -2.368682383288471360, 1.700000000000000178 ) ) ;
#6866 = DIRECTION ( 'NONE',  ( -0.000000000000000000, -0.000000000000000000, -1.000000000000000000 ) ) ;
#6867 = VECTOR ( 'NONE', #10682, 1000.000000000000000 ) ;
#6868 = DIRECTION ( 'NONE',  ( -0.000000000000000000, -0.000000000000000000, -1.000000000000000000 ) ) ;
#6869 = DIRECTION ( 'NONE',  ( 1.000000000000000000, 0.000000000000000000, 0.000000000000000000 ) ) ;
#6870 = ORIENTED_EDGE ( 'NONE', *, *, #5510, .T. ) ;
#6871 = ORIENTED_EDGE ( 'NONE', *, *, #10213, .T. ) ;
#6872 = EDGE_CURVE ( 'NONE', #8036, #11368, #4761, .T. ) ;
#6873 = LINE ( 'NONE', #183, #1106 ) ;
#6874 = CIRCLE ( 'NONE', #9971, 0.1494257208329539954 ) ;
#6875 = PLANE ( 'NONE',  #11285 ) ;
#6876 = EDGE_CURVE ( 'NONE', #12027, #2291, #11966, .T. ) ;
#6877 = VERTEX_POINT ( 'NONE', #6650 ) ;
#6878 = DIRECTION ( 'NONE',  ( 3.294643545002303257E-16, -1.000000000000000000, 0.000000000000000000 ) ) ;
#6879 = CARTESIAN_POINT ( 'NONE',  ( 0.4999999999999973910, -4.999999999999997335, 1.000000000000000000 ) ) ;
#6880 = LINE ( 'NONE', #6702, #7852 ) ;
#6881 = CARTESIAN_POINT ( 'NONE',  ( -0.000000000000000000, 8.469867354517257141, 1.000000000000000000 ) ) ;
#6882 = DIRECTION ( 'NONE',  ( -1.084202172485506406E-15, 1.000000000000000000, 0.000000000000000000 ) ) ;
#6883 = EDGE_CURVE ( 'NONE', #7188, #10659, #2931, .T. ) ;
#6884 = AXIS2_PLACEMENT_3D ( 'NONE', #6943, #10712, #9738 ) ;
#6885 = CARTESIAN_POINT ( 'NONE',  ( -1.714552833435666335, -1.197484453166197227, 1.000000000000000000 ) ) ;
#6886 = FILL_AREA_STYLE ('',( #10427 ) ) ;
#6887 = DIRECTION ( 'NONE',  ( -4.336808689942017736E-16, 1.000000000000000000, 0.000000000000000000 ) ) ;
#6888 = AXIS2_PLACEMENT_3D ( 'NONE', #2871, #2933, #6593 ) ;
#6889 = ORIENTED_EDGE ( 'NONE', *, *, #7401, .T. ) ;
#6890 = STYLED_ITEM ( 'NONE', ( #730 ), #798 ) ;
#6891 = VECTOR ( 'NONE', #4923, 1000.000000000000000 ) ;
#6892 = ORIENTED_EDGE ( 'NONE', *, *, #1803, .F. ) ;
#6893 = ADVANCED_FACE ( 'NONE', ( #1844 ), #12024, .F. ) ;
#6894 = AXIS2_PLACEMENT_3D ( 'NONE', #10099, #11795, #8150 ) ;
#6895 = AXIS2_PLACEMENT_3D ( 'NONE', #8809, #8871, #2288 ) ;
#6896 = DIRECTION ( 'NONE',  ( 0.000000000000000000, 0.000000000000000000, 1.000000000000000000 ) ) ;
#6897 = DIRECTION ( 'NONE',  ( -0.000000000000000000, -0.000000000000000000, -1.000000000000000000 ) ) ;
#6898 = DIRECTION ( 'NONE',  ( -1.626303258728256651E-16, 1.000000000000000000, -0.000000000000000000 ) ) ;
#6899 = PRESENTATION_STYLE_ASSIGNMENT (( #10727 ) ) ;
#6900 = DIRECTION ( 'NONE',  ( -0.000000000000000000, 0.000000000000000000, 1.000000000000000000 ) ) ;
#6901 = LINE ( 'NONE', #11639, #10707 ) ;
#6902 = CARTESIAN_POINT ( 'NONE',  ( 1.571213910048264051, 2.295341782195420954, 1.000000000000000000 ) ) ;
#6903 = CARTESIAN_POINT ( 'NONE',  ( 0.000000000000000000, 1.450099785732223756, 1.500000000000000000 ) ) ;
#6904 = CIRCLE ( 'NONE', #10787, 0.1494257208329539954 ) ;
#6905 = DIRECTION ( 'NONE',  ( 1.000000000000000000, 0.000000000000000000, 0.000000000000000000 ) ) ;
#6906 = FACE_OUTER_BOUND ( 'NONE', #6578, .T. ) ;
#6907 = CARTESIAN_POINT ( 'NONE',  ( 0.5799999999999997380, -7.994982302604838331, 1.100000000000000089 ) ) ;
#6908 = STYLED_ITEM ( 'NONE', ( #7793 ), #3981 ) ;
#6909 = VECTOR ( 'NONE', #11589, 1000.000000000000000 ) ;
#6910 = VECTOR ( 'NONE', #2617, 1000.000000000000000 ) ;
#6911 = ORIENTED_EDGE ( 'NONE', *, *, #3016, .T. ) ;
#6912 = ORIENTED_EDGE ( 'NONE', *, *, #9213, .T. ) ;
#6913 = VECTOR ( 'NONE', #8424, 1000.000000000000000 ) ;
#6914 = CARTESIAN_POINT ( 'NONE',  ( -3.779360369118781371, 2.295341782195420954, 1.000000000000000000 ) ) ;
#6915 = DIRECTION ( 'NONE',  ( -0.000000000000000000, 0.000000000000000000, 1.000000000000000000 ) ) ;
#6916 = AXIS2_PLACEMENT_3D ( 'NONE', #599, #10771, #3219 ) ;
#6917 = SURFACE_STYLE_FILL_AREA ( #5698 ) ;
#6918 = VERTEX_POINT ( 'NONE', #3610 ) ;
#6919 = DIRECTION ( 'NONE',  ( 0.000000000000000000, 0.000000000000000000, -1.000000000000000000 ) ) ;
#6920 = LINE ( 'NONE', #4961, #2941 ) ;
#6921 = DIRECTION ( 'NONE',  ( -0.000000000000000000, 0.000000000000000000, 1.000000000000000000 ) ) ;
#6922 = UNCERTAINTY_MEASURE_WITH_UNIT (LENGTH_MEASURE( 1.000000000000000082E-05 ), #782, 'distance_accuracy_value', 'NONE');
#6923 = VERTEX_POINT ( 'NONE', #6536 ) ;
#6924 = DIRECTION ( 'NONE',  ( 0.000000000000000000, -1.000000000000000000, 0.000000000000000000 ) ) ;
#6925 = ORIENTED_EDGE ( 'NONE', *, *, #879, .T. ) ;
#6926 = ORIENTED_EDGE ( 'NONE', *, *, #5301, .F. ) ;
#6927 = DIRECTION ( 'NONE',  ( 0.000000000000000000, 1.000000000000000000, 0.000000000000000000 ) ) ;
#6928 = DIRECTION ( 'NONE',  ( 0.000000000000000000, 1.000000000000000000, 0.000000000000000000 ) ) ;
#6929 = FACE_OUTER_BOUND ( 'NONE', #10747, .T. ) ;
#6930 = FACE_OUTER_BOUND ( 'NONE', #11458, .T. ) ;
#6931 = CARTESIAN_POINT ( 'NONE',  ( 5.100000000000001421, -4.968682383288471449, 1.800000000000000266 ) ) ;
#6932 = EDGE_CURVE ( 'NONE', #10074, #6805, #11039, .T. ) ;
#6933 = UNCERTAINTY_MEASURE_WITH_UNIT (LENGTH_MEASURE( 1.000000000000000082E-05 ), #1344, 'distance_accuracy_value', 'NONE');
#6934 = ORIENTED_EDGE ( 'NONE', *, *, #5507, .F. ) ;
#6935 = ORIENTED_EDGE ( 'NONE', *, *, #63, .T. ) ;
#6936 = EDGE_LOOP ( 'NONE', ( #1009, #2742, #9865, #303 ) ) ;
#6937 = CIRCLE ( 'NONE', #905, 0.1000000000000000472 ) ;
#6938 =( LENGTH_UNIT ( ) NAMED_UNIT ( * ) SI_UNIT ( .MILLI., .METRE. ) );
#6939 = CYLINDRICAL_SURFACE ( 'NONE', #2526, 0.1494257208329539954 ) ;
#6940 = VERTEX_POINT ( 'NONE', #1903 ) ;
#6941 = DIRECTION ( 'NONE',  ( 0.000000000000000000, 0.000000000000000000, -1.000000000000000000 ) ) ;
#6942 = EDGE_CURVE ( 'NONE', #8891, #10380, #2690, .T. ) ;
#6943 = CARTESIAN_POINT ( 'NONE',  ( -3.702035936607396049, 0.000000000000000000, 1.100000000000000089 ) ) ;
#6944 =( NAMED_UNIT ( * ) SI_UNIT ( $, .STERADIAN. ) SOLID_ANGLE_UNIT ( ) );
#6945 = DIRECTION ( 'NONE',  ( -0.000000000000000000, -0.000000000000000000, 1.000000000000000000 ) ) ;
#6946 = VECTOR ( 'NONE', #2709, 1000.000000000000000 ) ;
#6947 = CARTESIAN_POINT ( 'NONE',  ( 5.300000000000000711, -4.768682383288472160, 1.600000000000000089 ) ) ;
#6948 = ORIENTED_EDGE ( 'NONE', *, *, #10959, .F. ) ;
#6949 = EDGE_CURVE ( 'NONE', #3243, #3457, #9336, .T. ) ;
#6950 = ORIENTED_EDGE ( 'NONE', *, *, #4532, .F. ) ;
#6951 = UNCERTAINTY_MEASURE_WITH_UNIT (LENGTH_MEASURE( 1.000000000000000082E-05 ), #9080, 'distance_accuracy_value', 'NONE');
#6952 = VECTOR ( 'NONE', #11087, 1000.000000000000000 ) ;
#6953 = PRESENTATION_STYLE_ASSIGNMENT (( #10492 ) ) ;
#6954 = CARTESIAN_POINT ( 'NONE',  ( 2.606402302093071111, 2.856906106631964093, -1.899999999999999911 ) ) ;
#6955 = CARTESIAN_POINT ( 'NONE',  ( 0.000000000000000000, 2.147362469743642865, -29.20000000000000284 ) ) ;
#6956 = DIRECTION ( 'NONE',  ( 0.000000000000000000, 0.000000000000000000, 1.000000000000000000 ) ) ;
#6957 = DIRECTION ( 'NONE',  ( 1.000000000000000000, 0.000000000000000000, 0.000000000000000000 ) ) ;
#6958 = CARTESIAN_POINT ( 'NONE',  ( 0.000000000000000000, -5.711223858797751518, 1.399999999999999911 ) ) ;
#6959 = DIRECTION ( 'NONE',  ( 1.000000000000000000, 0.000000000000000000, 0.000000000000000000 ) ) ;
#6960 = FILL_AREA_STYLE ('',( #1479 ) ) ;
#6961 = FILL_AREA_STYLE ('',( #2025 ) ) ;
#6962 = CARTESIAN_POINT ( 'NONE',  ( -3.499999999999996891, -3.549999999999997158, 1.200000000000000178 ) ) ;
#6963 = ORIENTED_EDGE ( 'NONE', *, *, #4466, .F. ) ;
#6964 = VECTOR ( 'NONE', #10940, 1000.000000000000000 ) ;
#6965 = ORIENTED_EDGE ( 'NONE', *, *, #11944, .F. ) ;
#6966 = PRESENTATION_LAYER_ASSIGNMENT (  '', '', ( #8721 ) ) ;
#6967 = DIRECTION ( 'NONE',  ( 1.000000000000000000, 0.000000000000000000, -0.000000000000000000 ) ) ;
#6968 = AXIS2_PLACEMENT_3D ( 'NONE', #9385, #9451, #2975 ) ;
#6969 = DIRECTION ( 'NONE',  ( -0.000000000000000000, 0.000000000000000000, 1.000000000000000000 ) ) ;
#6970 = CARTESIAN_POINT ( 'NONE',  ( -5.692492299719079440, -5.811223858797751163, 1.399999999999999911 ) ) ;
#6971 = PRESENTATION_STYLE_ASSIGNMENT (( #6109 ) ) ;
#6972 = ORIENTED_EDGE ( 'NONE', *, *, #8682, .F. ) ;
#6974 = MECHANICAL_DESIGN_GEOMETRIC_PRESENTATION_REPRESENTATION (  '', ( #1340 ), #7948 ) ;
#6973 = LINE ( 'NONE', #1424, #3119 ) ;
#6975 = DIRECTION ( 'NONE',  ( -0.000000000000000000, -0.000000000000000000, 1.000000000000000000 ) ) ;
#6976 = ORIENTED_EDGE ( 'NONE', *, *, #11414, .T. ) ;
#6977 = VECTOR ( 'NONE', #1370, 1000.000000000000000 ) ;
#6978 = AXIS2_PLACEMENT_3D ( 'NONE', #9788, #8937, #216 ) ;
#6979 = EDGE_CURVE ( 'NONE', #9381, #2829, #8425, .T. ) ;
#6980 = EDGE_CURVE ( 'NONE', #9074, #8700, #5933, .T. ) ;
#6981 = FACE_OUTER_BOUND ( 'NONE', #3621, .T. ) ;
#6982 = ORIENTED_EDGE ( 'NONE', *, *, #7323, .T. ) ;
#6983 = CIRCLE ( 'NONE', #3877, 0.1000000000000000472 ) ;
#6984 = ORIENTED_EDGE ( 'NONE', *, *, #7384, .T. ) ;
#6985 = DIRECTION ( 'NONE',  ( 0.000000000000000000, 0.000000000000000000, 1.000000000000000000 ) ) ;
#6986 = LINE ( 'NONE', #9721, #11548 ) ;
#6987 = SURFACE_SIDE_STYLE ('',( #2401 ) ) ;
#6988 = CARTESIAN_POINT ( 'NONE',  ( -5.692492299719079440, -5.711223858797751518, 1.399999999999999911 ) ) ;
#6989 = CARTESIAN_POINT ( 'NONE',  ( 0.6206396308812188733, 2.295341782195420954, 1.000000000000000000 ) ) ;
#6990 = PLANE ( 'NONE',  #9699 ) ;
#6991 = ORIENTED_EDGE ( 'NONE', *, *, #6190, .F. ) ;
#6992 = AXIS2_PLACEMENT_3D ( 'NONE', #446, #6034, #7634 ) ;
#6993 = EDGE_LOOP ( 'NONE', ( #4218, #3497 ) ) ;
#6994 = EDGE_CURVE ( 'NONE', #1994, #7181, #5869, .T. ) ;
#6995 = ORIENTED_EDGE ( 'NONE', *, *, #8967, .F. ) ;
#6996 = ORIENTED_EDGE ( 'NONE', *, *, #10588, .F. ) ;
#6997 = DIRECTION ( 'NONE',  ( 0.000000000000000000, 0.000000000000000000, -1.000000000000000000 ) ) ;
#6998 = EDGE_LOOP ( 'NONE', ( #9332, #9307, #7245, #5360 ) ) ;
#6999 = CARTESIAN_POINT ( 'NONE',  ( 2.970065351714172408, 2.295341782195420954, -29.20000000000000284 ) ) ;
#7000 = CARTESIAN_POINT ( 'NONE',  ( -2.614552833435666468, -0.6974844531661972269, 1.399999999999999911 ) ) ;
#7001 = VECTOR ( 'NONE', #3130, 1000.000000000000000 ) ;
#7002 = FACE_BOUND ( 'NONE', #430, .T. ) ;
#7003 = CARTESIAN_POINT ( 'NONE',  ( 2.392975979834980560, -0.6427883380858903095, 1.399999999999999911 ) ) ;
#7004 = ORIENTED_EDGE ( 'NONE', *, *, #6053, .F. ) ;
#7005 = EDGE_LOOP ( 'NONE', ( #4126, #10490, #4542, #3736 ) ) ;
#7006 = AXIS2_PLACEMENT_3D ( 'NONE', #8427, #1783, #875 ) ;
#7007 = EDGE_CURVE ( 'NONE', #6602, #3051, #6797, .T. ) ;
#7008 = DIRECTION ( 'NONE',  ( -0.000000000000000000, -0.000000000000000000, -1.000000000000000000 ) ) ;
#7009 =( NAMED_UNIT ( * ) PLANE_ANGLE_UNIT ( ) SI_UNIT ( $, .RADIAN. ) );
#7010 = CARTESIAN_POINT ( 'NONE',  ( -3.999999999999997335, -3.549999999999997158, 1.000000000000000000 ) ) ;
#7011 = CIRCLE ( 'NONE', #11872, 0.1804541357933973911 ) ;
#7012 =( NAMED_UNIT ( * ) SI_UNIT ( $, .STERADIAN. ) SOLID_ANGLE_UNIT ( ) );
#7013 =( NAMED_UNIT ( * ) PLANE_ANGLE_UNIT ( ) SI_UNIT ( $, .RADIAN. ) );
#7014 =( NAMED_UNIT ( * ) SI_UNIT ( $, .STERADIAN. ) SOLID_ANGLE_UNIT ( ) );
#7015 = CARTESIAN_POINT ( 'NONE',  ( 3.769404446409628573, -7.994982302604838331, 1.100000000000000089 ) ) ;
#7016 = CARTESIAN_POINT ( 'NONE',  ( 3.920639630881218807, 2.295341782195420954, 0.000000000000000000 ) ) ;
#7017 = CYLINDRICAL_SURFACE ( 'NONE', #994, 0.5000000000000004441 ) ;
#7018 = FACE_OUTER_BOUND ( 'NONE', #8468, .T. ) ;
#7019 = ORIENTED_EDGE ( 'NONE', *, *, #6426, .T. ) ;
#7020 = MECHANICAL_DESIGN_GEOMETRIC_PRESENTATION_REPRESENTATION (  '', ( #11105 ), #5261 ) ;
#7021 = ORIENTED_EDGE ( 'NONE', *, *, #7213, .T. ) ;
#7022 = DIRECTION ( 'NONE',  ( -1.084202172485504434E-16, -1.000000000000000000, 0.000000000000000000 ) ) ;
#7023 = CARTESIAN_POINT ( 'NONE',  ( 0.4999999999999911182, -3.549999999999997158, 1.000000000000000000 ) ) ;
#7024 = FACE_OUTER_BOUND ( 'NONE', #2218, .T. ) ;
#7025 = FACE_OUTER_BOUND ( 'NONE', #9777, .T. ) ;
#7026 = EDGE_LOOP ( 'NONE', ( #9668, #11591 ) ) ;
#7027 = VECTOR ( 'NONE', #8063, 1000.000000000000000 ) ;
#7028 = ADVANCED_FACE ( 'NONE', ( #4084 ), #3226, .F. ) ;
#7029 = DIRECTION ( 'NONE',  ( -0.000000000000000000, -0.000000000000000000, -1.000000000000000000 ) ) ;
#7030 = CARTESIAN_POINT ( 'NONE',  ( -1.297642652873966185, 5.837225230594265568, 1.100000000000000089 ) ) ;
#7031 = VECTOR ( 'NONE', #11535, 1000.000000000000000 ) ;
#7032 = EDGE_CURVE ( 'NONE', #4753, #10151, #2200, .T. ) ;
#7033 = EDGE_LOOP ( 'NONE', ( #7776, #4798, #2157, #6831 ) ) ;
#7034 = ORIENTED_EDGE ( 'NONE', *, *, #358, .F. ) ;
#7035 = VECTOR ( 'NONE', #7710, 1000.000000000000000 ) ;
#7036 = EDGE_CURVE ( 'NONE', #7291, #966, #2498, .T. ) ;
#7037 = AXIS2_PLACEMENT_3D ( 'NONE', #1460, #2475, #4260 ) ;
#7038 =( NAMED_UNIT ( * ) SI_UNIT ( $, .STERADIAN. ) SOLID_ANGLE_UNIT ( ) );
#7039 = EDGE_LOOP ( 'NONE', ( #4790, #10944 ) ) ;
#7040 = ORIENTED_EDGE ( 'NONE', *, *, #2352, .F. ) ;
#7041 = DIRECTION ( 'NONE',  ( -1.000000000000000000, 0.000000000000000000, 0.000000000000000000 ) ) ;
#7042 =( NAMED_UNIT ( * ) SI_UNIT ( $, .STERADIAN. ) SOLID_ANGLE_UNIT ( ) );
#7043 = UNCERTAINTY_MEASURE_WITH_UNIT (LENGTH_MEASURE( 1.000000000000000082E-05 ), #11223, 'distance_accuracy_value', 'NONE');
#7044 = VERTEX_POINT ( 'NONE', #9690 ) ;
#7045 = AXIS2_PLACEMENT_3D ( 'NONE', #8563, #2102, #177 ) ;
#7046 = EDGE_CURVE ( 'NONE', #2011, #9790, #7763, .T. ) ;
#7047 = EDGE_CURVE ( 'NONE', #8194, #638, #1238, .T. ) ;
#7048 = ORIENTED_EDGE ( 'NONE', *, *, #9189, .F. ) ;
#7049 = LINE ( 'NONE', #5213, #7911 ) ;
#7050 =( NAMED_UNIT ( * ) PLANE_ANGLE_UNIT ( ) SI_UNIT ( $, .RADIAN. ) );
#7051 = EDGE_LOOP ( 'NONE', ( #9147, #3208, #6926, #3605 ) ) ;
#7052 = CARTESIAN_POINT ( 'NONE',  ( -1.400000000000003242, -5.999999999999997335, 1.000000000000000000 ) ) ;
#7053 =( GEOMETRIC_REPRESENTATION_CONTEXT ( 3 ) GLOBAL_UNCERTAINTY_ASSIGNED_CONTEXT ( ( #10814 ) ) GLOBAL_UNIT_ASSIGNED_CONTEXT ( ( #3558, #8265, #7404 ) ) REPRESENTATION_CONTEXT ( 'NONE', 'WORKASPACE' ) );
#7054 = CARTESIAN_POINT ( 'NONE',  ( -0.1899999999999996414, -7.994982302604838331, 1.100000000000000089 ) ) ;
#7055 = SURFACE_STYLE_USAGE ( .BOTH. , #11569 ) ;
#7056 = DIRECTION ( 'NONE',  ( -0.000000000000000000, -0.000000000000000000, -1.000000000000000000 ) ) ;
#7057 =( NAMED_UNIT ( * ) PLANE_ANGLE_UNIT ( ) SI_UNIT ( $, .RADIAN. ) );
#7058 =( LENGTH_UNIT ( ) NAMED_UNIT ( * ) SI_UNIT ( .MILLI., .METRE. ) );
#7059 = CARTESIAN_POINT ( 'NONE',  ( -3.999999999999995559, -2.999999999999996891, 1.200000000000000178 ) ) ;
#7060 = ORIENTED_EDGE ( 'NONE', *, *, #8403, .T. ) ;
#7061 = STYLED_ITEM ( 'NONE', ( #11596 ), #9558 ) ;
#7062 = EDGE_LOOP ( 'NONE', ( #7048, #10009, #11127, #7465 ) ) ;
#7063 = UNCERTAINTY_MEASURE_WITH_UNIT (LENGTH_MEASURE( 1.000000000000000082E-05 ), #1663, 'distance_accuracy_value', 'NONE');
#7064 = FACE_OUTER_BOUND ( 'NONE', #1600, .T. ) ;
#7065 = DIRECTION ( 'NONE',  ( -0.000000000000000000, -0.000000000000000000, -1.000000000000000000 ) ) ;
#7066 = PRESENTATION_LAYER_ASSIGNMENT (  '', '', ( #282 ) ) ;
#7067 = PRESENTATION_STYLE_ASSIGNMENT (( #335 ) ) ;
#7068 = DIRECTION ( 'NONE',  ( -0.000000000000000000, -1.000000000000000000, -0.000000000000000000 ) ) ;
#7069 = DIRECTION ( 'NONE',  ( 0.000000000000000000, 0.000000000000000000, 1.000000000000000000 ) ) ;
#7070 = STYLED_ITEM ( 'NONE', ( #9206 ), #10038 ) ;
#7071 = CARTESIAN_POINT ( 'NONE',  ( 0.000000000000000000, 0.000000000000000000, 1.200000000000000178 ) ) ;
#7072 = VECTOR ( 'NONE', #7008, 1000.000000000000000 ) ;
#7073 = EDGE_CURVE ( 'NONE', #6200, #10962, #6837, .T. ) ;
#7074 = DIRECTION ( 'NONE',  ( -0.000000000000000000, -0.000000000000000000, -1.000000000000000000 ) ) ;
#7075 = EDGE_CURVE ( 'NONE', #6305, #4933, #8547, .T. ) ;
#7076 = ORIENTED_EDGE ( 'NONE', *, *, #10757, .F. ) ;
#7077 = COLOUR_RGB ( '',0.9882352941176471006, 0.7372549019607843590, 0.5176470588235293491 ) ;
#7078 = VECTOR ( 'NONE', #7754, 1000.000000000000000 ) ;
#7079 = EDGE_LOOP ( 'NONE', ( #267, #10330, #357, #6143 ) ) ;
#7080 = UNCERTAINTY_MEASURE_WITH_UNIT (LENGTH_MEASURE( 1.000000000000000082E-05 ), #4053, 'distance_accuracy_value', 'NONE');
#7081 = DIRECTION ( 'NONE',  ( 0.000000000000000000, 0.000000000000000000, 1.000000000000000000 ) ) ;
#7082 = LINE ( 'NONE', #8053, #11573 ) ;
#7083 =( LENGTH_UNIT ( ) NAMED_UNIT ( * ) SI_UNIT ( .MILLI., .METRE. ) );
#7084 = AXIS2_PLACEMENT_3D ( 'NONE', #4803, #7618, #202 ) ;
#7085 = ORIENTED_EDGE ( 'NONE', *, *, #6942, .T. ) ;
#7086 = DIRECTION ( 'NONE',  ( 0.000000000000000000, -1.000000000000000000, 0.000000000000000000 ) ) ;
#7087 = PRESENTATION_LAYER_ASSIGNMENT (  '', '', ( #5941 ) ) ;
#7088 = AXIS2_PLACEMENT_3D ( 'NONE', #2634, #10640, #2232 ) ;
#7089 = DIRECTION ( 'NONE',  ( -1.000000000000000000, 0.000000000000000000, 0.000000000000000000 ) ) ;
#7090 =( GEOMETRIC_REPRESENTATION_CONTEXT ( 3 ) GLOBAL_UNCERTAINTY_ASSIGNED_CONTEXT ( ( #6311 ) ) GLOBAL_UNIT_ASSIGNED_CONTEXT ( ( #11903, #1962, #1908 ) ) REPRESENTATION_CONTEXT ( 'NONE', 'WORKASPACE' ) );
#7091 = DIRECTION ( 'NONE',  ( -0.000000000000000000, -0.000000000000000000, -1.000000000000000000 ) ) ;
#7092 = EDGE_CURVE ( 'NONE', #11473, #7661, #8719, .T. ) ;
#7093 = ADVANCED_FACE ( 'NONE', ( #8778 ), #5987, .T. ) ;
#7094 = ORIENTED_EDGE ( 'NONE', *, *, #3344, .F. ) ;
#7095 = ORIENTED_EDGE ( 'NONE', *, *, #427, .T. ) ;
#7096 = COLOUR_RGB ( '',1.000000000000000000, 1.000000000000000000, 0.5019607843137254832 ) ;
#7097 = EDGE_CURVE ( 'NONE', #11272, #6571, #4144, .T. ) ;
#7098 = VECTOR ( 'NONE', #1835, 1000.000000000000000 ) ;
#7099 = COLOUR_RGB ( '',1.000000000000000000, 1.000000000000000000, 0.5019607843137254832 ) ;
#7100 =( NAMED_UNIT ( * ) PLANE_ANGLE_UNIT ( ) SI_UNIT ( $, .RADIAN. ) );
#7101 = VERTEX_POINT ( 'NONE', #7872 ) ;
#7102 = EDGE_LOOP ( 'NONE', ( #4652, #3573, #1209, #8986 ) ) ;
#7103 = FACE_OUTER_BOUND ( 'NONE', #1349, .T. ) ;
#7104 =( GEOMETRIC_REPRESENTATION_CONTEXT ( 3 ) GLOBAL_UNCERTAINTY_ASSIGNED_CONTEXT ( ( #9515 ) ) GLOBAL_UNIT_ASSIGNED_CONTEXT ( ( #3609, #3856, #7570 ) ) REPRESENTATION_CONTEXT ( 'NONE', 'WORKASPACE' ) );
#7105 = CARTESIAN_POINT ( 'NONE',  ( -2.700000000000003286, -1.999999999999997335, 1.200000000000000178 ) ) ;
#7106 = LINE ( 'NONE', #768, #6946 ) ;
#7107 = CARTESIAN_POINT ( 'NONE',  ( 4.719581602308915436, 0.1572116619141101512, 1.399999999999999911 ) ) ;
#7108 = EDGE_CURVE ( 'NONE', #9748, #8291, #11747, .T. ) ;
#7109 =( GEOMETRIC_REPRESENTATION_CONTEXT ( 3 ) GLOBAL_UNCERTAINTY_ASSIGNED_CONTEXT ( ( #7655 ) ) GLOBAL_UNIT_ASSIGNED_CONTEXT ( ( #3050, #7561, #7756 ) ) REPRESENTATION_CONTEXT ( 'NONE', 'WORKASPACE' ) );
#7110 = FACE_OUTER_BOUND ( 'NONE', #8875, .T. ) ;
#7111 = AXIS2_PLACEMENT_3D ( 'NONE', #10939, #5407, #10104 ) ;
#7112 = VERTEX_POINT ( 'NONE', #3293 ) ;
#7113 = EDGE_LOOP ( 'NONE', ( #2386, #8257, #7672, #11109 ) ) ;
#7114 = ORIENTED_EDGE ( 'NONE', *, *, #476, .F. ) ;
#7115 = CARTESIAN_POINT ( 'NONE',  ( -3.500000000000003109, -1.999999999999997335, 1.800000000000000044 ) ) ;
#7116 = ORIENTED_EDGE ( 'NONE', *, *, #6657, .T. ) ;
#7117 = CARTESIAN_POINT ( 'NONE',  ( -0.3000000000000025424, -6.499999999999997335, 1.000000000000000000 ) ) ;
#7118 = SURFACE_SIDE_STYLE ('',( #4440 ) ) ;
#7119 = DIRECTION ( 'NONE',  ( 0.000000000000000000, 1.000000000000000000, 0.000000000000000000 ) ) ;
#7120 = DIRECTION ( 'NONE',  ( 0.000000000000000000, -1.000000000000000000, 0.000000000000000000 ) ) ;
#7121 = FACE_BOUND ( 'NONE', #1203, .T. ) ;
#7122 = DIRECTION ( 'NONE',  ( 0.000000000000000000, 1.000000000000000000, -0.000000000000000000 ) ) ;
#7123 = ORIENTED_EDGE ( 'NONE', *, *, #607, .T. ) ;
#7124 = EDGE_LOOP ( 'NONE', ( #11056, #5681, #4327, #402 ) ) ;
#7125 = CARTESIAN_POINT ( 'NONE',  ( -1.600000000000002975, -5.999999999999997335, 1.200000000000000178 ) ) ;
#7126 = EDGE_CURVE ( 'NONE', #7614, #6451, #6091, .T. ) ;
#7127 = ORIENTED_EDGE ( 'NONE', *, *, #10373, .F. ) ;
#7128 =( LENGTH_UNIT ( ) NAMED_UNIT ( * ) SI_UNIT ( .MILLI., .METRE. ) );
#7129 = CARTESIAN_POINT ( 'NONE',  ( -2.150000000000003020, -1.499999999999997335, 1.000000000000000000 ) ) ;
#7130 = DIRECTION ( 'NONE',  ( 1.458308881367818673E-16, -1.000000000000000000, 0.000000000000000000 ) ) ;
#7131 = DIRECTION ( 'NONE',  ( 0.000000000000000000, 0.000000000000000000, 1.000000000000000000 ) ) ;
#7132 = VECTOR ( 'NONE', #9605, 1000.000000000000000 ) ;
#7133 = DIRECTION ( 'NONE',  ( -0.000000000000000000, -1.000000000000000000, -0.000000000000000000 ) ) ;
#7134 = DIRECTION ( 'NONE',  ( 0.000000000000000000, 0.000000000000000000, -1.000000000000000000 ) ) ;
#7135 = DIRECTION ( 'NONE',  ( -2.168404344971012812E-15, 1.000000000000000000, 0.000000000000000000 ) ) ;
#7136 = ORIENTED_EDGE ( 'NONE', *, *, #21, .F. ) ;
#7137 =( GEOMETRIC_REPRESENTATION_CONTEXT ( 3 ) GLOBAL_UNCERTAINTY_ASSIGNED_CONTEXT ( ( #5116 ) ) GLOBAL_UNIT_ASSIGNED_CONTEXT ( ( #3339, #7057, #4261 ) ) REPRESENTATION_CONTEXT ( 'NONE', 'WORKASPACE' ) );
#7138 = ORIENTED_EDGE ( 'NONE', *, *, #3937, .T. ) ;
#7139 = EDGE_CURVE ( 'NONE', #7806, #6516, #10781, .T. ) ;
#7140 = VECTOR ( 'NONE', #10148, 1000.000000000000000 ) ;
#7141 = DIRECTION ( 'NONE',  ( 1.000000000000000000, 0.000000000000000000, 0.000000000000000000 ) ) ;
#7142 = DIRECTION ( 'NONE',  ( -1.445602896647339163E-16, 1.000000000000000000, -0.000000000000000000 ) ) ;
#7143 = CARTESIAN_POINT ( 'NONE',  ( -4.500000000000000888, -7.994982302604838331, 1.100000000000000089 ) ) ;
#7145 = ADVANCED_FACE ( 'NONE', ( #6269 ), #611, .T. ) ;
#7144 = SURFACE_SIDE_STYLE ('',( #4411 ) ) ;
#7146 = LINE ( 'NONE', #7945, #5509 ) ;
#7147 = ORIENTED_EDGE ( 'NONE', *, *, #9571, .F. ) ;
#7148 = CARTESIAN_POINT ( 'NONE',  ( 0.6206396308812188733, 2.295341782195420954, -29.20000000000000284 ) ) ;
#7149 = VECTOR ( 'NONE', #5809, 1000.000000000000000 ) ;
#7150 = SURFACE_STYLE_USAGE ( .BOTH. , #3369 ) ;
#7151 = CARTESIAN_POINT ( 'NONE',  ( 6.000000000000000888, -8.999999999999998224, 1.000000000000000000 ) ) ;
#7152 = LINE ( 'NONE', #6229, #8399 ) ;
#7153 = PRESENTATION_LAYER_ASSIGNMENT (  '', '', ( #2091 ) ) ;
#7154 = VERTEX_POINT ( 'NONE', #3530 ) ;
#7155 = ORIENTED_EDGE ( 'NONE', *, *, #1842, .F. ) ;
#7156 = VECTOR ( 'NONE', #8093, 1000.000000000000000 ) ;
#7157 = VERTEX_POINT ( 'NONE', #10948 ) ;
#7158 = ORIENTED_EDGE ( 'NONE', *, *, #8373, .F. ) ;
#7159 = FACE_OUTER_BOUND ( 'NONE', #6661, .T. ) ;
#7160 = CARTESIAN_POINT ( 'NONE',  ( -4.902035936607395783, 5.496005818493205908, 1.000000000000000000 ) ) ;
#7161 = CARTESIAN_POINT ( 'NONE',  ( -2.700100888223830875, 2.147362469743642865, -29.20000000000000284 ) ) ;
#7162 = SURFACE_STYLE_FILL_AREA ( #9060 ) ;
#7163 = FACE_OUTER_BOUND ( 'NONE', #8241, .T. ) ;
#7164 = UNCERTAINTY_MEASURE_WITH_UNIT (LENGTH_MEASURE( 1.000000000000000082E-05 ), #1456, 'distance_accuracy_value', 'NONE');
#7165 = VERTEX_POINT ( 'NONE', #9809 ) ;
#7166 = VECTOR ( 'NONE', #11275, 1000.000000000000000 ) ;
#7167 = EDGE_CURVE ( 'NONE', #1280, #9533, #11634, .T. ) ;
#7168 = EDGE_LOOP ( 'NONE', ( #2958, #2572, #1310, #4080 ) ) ;
#7169 = CARTESIAN_POINT ( 'NONE',  ( 5.955872757806901063, 0.000000000000000000, 1.100000000000000089 ) ) ;
#7170 = VECTOR ( 'NONE', #4359, 1000.000000000000000 ) ;
#7171 = DIRECTION ( 'NONE',  ( 0.000000000000000000, 0.000000000000000000, 1.000000000000000000 ) ) ;
#7172 = ORIENTED_EDGE ( 'NONE', *, *, #9927, .T. ) ;
#7173 = PRESENTATION_STYLE_ASSIGNMENT (( #10160 ) ) ;
#7174 = FACE_OUTER_BOUND ( 'NONE', #5864, .T. ) ;
#7175 = DIRECTION ( 'NONE',  ( 1.000000000000000000, 0.000000000000000000, 0.000000000000000000 ) ) ;
#7176 = ADVANCED_FACE ( 'NONE', ( #9926 ), #11693, .F. ) ;
#7177 = DIRECTION ( 'NONE',  ( -0.000000000000000000, -0.000000000000000000, -1.000000000000000000 ) ) ;
#7178 = CARTESIAN_POINT ( 'NONE',  ( -2.150000000000003020, -1.999999999999997335, 1.200000000000000178 ) ) ;
#7179 = LINE ( 'NONE', #7059, #318 ) ;
#7180 = EDGE_CURVE ( 'NONE', #8804, #4283, #1409, .T. ) ;
#7181 = VERTEX_POINT ( 'NONE', #7010 ) ;
#7182 = LINE ( 'NONE', #10885, #5713 ) ;
#7183 = MECHANICAL_DESIGN_GEOMETRIC_PRESENTATION_REPRESENTATION (  '', ( #2341 ), #7352 ) ;
#7184 = ORIENTED_EDGE ( 'NONE', *, *, #9109, .F. ) ;
#7185 = EDGE_CURVE ( 'NONE', #1660, #7285, #10726, .T. ) ;
#7186 = AXIS2_PLACEMENT_3D ( 'NONE', #1888, #11203, #9384 ) ;
#7187 = DIRECTION ( 'NONE',  ( 0.000000000000000000, 1.000000000000000000, -0.000000000000000000 ) ) ;
#7188 = VERTEX_POINT ( 'NONE', #1473 ) ;
#7189 = CARTESIAN_POINT ( 'NONE',  ( -1.285447166564339883, -0.6974844531661972269, 1.399999999999999911 ) ) ;
#7190 = SURFACE_SIDE_STYLE ('',( #5487 ) ) ;
#7191 = SURFACE_STYLE_USAGE ( .BOTH. , #8899 ) ;
#7192 = CYLINDRICAL_SURFACE ( 'NONE', #3066, 0.6205955535903713294 ) ;
#7193 = DIRECTION ( 'NONE',  ( -1.084202172485504434E-16, 1.000000000000000000, 0.000000000000000000 ) ) ;
#7194 = PRESENTATION_STYLE_ASSIGNMENT (( #680 ) ) ;
#7195 = CARTESIAN_POINT ( 'NONE',  ( -4.016593218723101266, 1.450099785732223756, 1.399999999999999911 ) ) ;
#7196 = VERTEX_POINT ( 'NONE', #6147 ) ;
#7197 = COLOUR_RGB ( '',1.000000000000000000, 1.000000000000000000, 0.5019607843137254832 ) ;
#7198 = EDGE_CURVE ( 'NONE', #4706, #10756, #3416, .T. ) ;
#7199 = EDGE_CURVE ( 'NONE', #9114, #10342, #1589, .T. ) ;
#7200 = ORIENTED_EDGE ( 'NONE', *, *, #8865, .F. ) ;
#7201 = EDGE_CURVE ( 'NONE', #9630, #8329, #4394, .T. ) ;
#7202 =( GEOMETRIC_REPRESENTATION_CONTEXT ( 3 ) GLOBAL_UNCERTAINTY_ASSIGNED_CONTEXT ( ( #5247 ) ) GLOBAL_UNIT_ASSIGNED_CONTEXT ( ( #971, #4983, #5043 ) ) REPRESENTATION_CONTEXT ( 'NONE', 'WORKASPACE' ) );
#7203 = DIRECTION ( 'NONE',  ( 1.000000000000000000, 0.000000000000000000, -0.000000000000000000 ) ) ;
#7204 = CARTESIAN_POINT ( 'NONE',  ( 5.455872757806901063, 0.000000000000000000, 1.100000000000000089 ) ) ;
#7205 = SURFACE_SIDE_STYLE ('',( #6285 ) ) ;
#7206 = CARTESIAN_POINT ( 'NONE',  ( -1.600000000000002975, -1.999999999999997335, 1.000000000000000000 ) ) ;
#7207 = EDGE_LOOP ( 'NONE', ( #6186, #2773, #5704, #8642 ) ) ;
#7208 = VECTOR ( 'NONE', #10010, 1000.000000000000000 ) ;
#7209 = LINE ( 'NONE', #10852, #981 ) ;
#7210 = CARTESIAN_POINT ( 'NONE',  ( -3.779360369118781371, 2.295341782195420954, 0.000000000000000000 ) ) ;
#7211 = DIRECTION ( 'NONE',  ( 1.000000000000000000, 0.000000000000000000, 0.000000000000000000 ) ) ;
#7212 = CARTESIAN_POINT ( 'NONE',  ( -0.5000000000000026645, -5.999999999999997335, 1.000000000000000000 ) ) ;
#7213 = EDGE_CURVE ( 'NONE', #9830, #3100, #11814, .T. ) ;
#7214 = FACE_OUTER_BOUND ( 'NONE', #5462, .T. ) ;
#7215 = VERTEX_POINT ( 'NONE', #7432 ) ;
#7216 = VERTEX_POINT ( 'NONE', #1944 ) ;
#7217 = EDGE_LOOP ( 'NONE', ( #1192, #5885, #672, #6728 ) ) ;
#7218 = CIRCLE ( 'NONE', #11292, 0.5000000000000008882 ) ;
#7219 = ORIENTED_EDGE ( 'NONE', *, *, #899, .F. ) ;
#7220 = ORIENTED_EDGE ( 'NONE', *, *, #4169, .T. ) ;
#7221 = EDGE_CURVE ( 'NONE', #8814, #4497, #911, .T. ) ;
#7222 = DIRECTION ( 'NONE',  ( -0.000000000000000000, -0.000000000000000000, 1.000000000000000000 ) ) ;
#7223 = CIRCLE ( 'NONE', #6242, 0.6205955535903713294 ) ;
#7224 = LINE ( 'NONE', #8327, #7140 ) ;
#7225 = FILL_AREA_STYLE_COLOUR ( '', #9954 ) ;
#7226 = EDGE_LOOP ( 'NONE', ( #10460, #11915, #2486, #1312 ) ) ;
#7227 = STYLED_ITEM ( 'NONE', ( #6290 ), #2362 ) ;
#7228 = UNCERTAINTY_MEASURE_WITH_UNIT (LENGTH_MEASURE( 1.000000000000000082E-05 ), #508, 'distance_accuracy_value', 'NONE');
#7229 = EDGE_CURVE ( 'NONE', #10601, #8318, #11946, .T. ) ;
#7230 = EDGE_CURVE ( 'NONE', #11078, #7044, #4520, .T. ) ;
#7231 = EDGE_LOOP ( 'NONE', ( #11576, #6697, #6086, #9012 ) ) ;
#7232 = VECTOR ( 'NONE', #9435, 1000.000000000000000 ) ;
#7233 = DIRECTION ( 'NONE',  ( 1.000000000000000000, 0.000000000000000000, 0.000000000000000000 ) ) ;
#7234 = CARTESIAN_POINT ( 'NONE',  ( 4.719581602308915436, -0.8427883380858899320, 1.000000000000000000 ) ) ;
#7235 = PRESENTATION_LAYER_ASSIGNMENT (  '', '', ( #8207 ) ) ;
#7236 = ORIENTED_EDGE ( 'NONE', *, *, #6629, .F. ) ;
#7237 = DIRECTION ( 'NONE',  ( 1.000000000000000000, 0.000000000000000000, 0.000000000000000000 ) ) ;
#7238 = LINE ( 'NONE', #3576, #9148 ) ;
#7239 =( NAMED_UNIT ( * ) PLANE_ANGLE_UNIT ( ) SI_UNIT ( $, .RADIAN. ) );
#7240 = VECTOR ( 'NONE', #8509, 1000.000000000000000 ) ;
#7241 = PLANE ( 'NONE',  #7111 ) ;
#7242 = FACE_OUTER_BOUND ( 'NONE', #490, .T. ) ;
#7243 = CARTESIAN_POINT ( 'NONE',  ( 0.000000000000000000, 0.000000000000000000, 0.000000000000000000 ) ) ;
#7244 = VERTEX_POINT ( 'NONE', #10046 ) ;
#7245 = ORIENTED_EDGE ( 'NONE', *, *, #10322, .T. ) ;
#7246 = ADVANCED_FACE ( 'NONE', ( #2733 ), #10169, .F. ) ;
#7247 = COLOUR_RGB ( '',1.000000000000000000, 1.000000000000000000, 1.000000000000000000 ) ;
#7248 = DIRECTION ( 'NONE',  ( 0.000000000000000000, 1.000000000000000000, -0.000000000000000000 ) ) ;
#7249 = ORIENTED_EDGE ( 'NONE', *, *, #11092, .F. ) ;
#7250 = DIRECTION ( 'NONE',  ( -1.000000000000000000, 0.000000000000000000, 0.000000000000000000 ) ) ;
#7251 = SURFACE_SIDE_STYLE ('',( #555 ) ) ;
#7252 = FACE_OUTER_BOUND ( 'NONE', #346, .T. ) ;
#7253 = DIRECTION ( 'NONE',  ( 0.000000000000000000, -1.000000000000000000, 0.000000000000000000 ) ) ;
#7254 = CARTESIAN_POINT ( 'NONE',  ( 5.999999999999997335, 9.000000000000001776, 0.000000000000000000 ) ) ;
#7255 = LINE ( 'NONE', #9991, #4436 ) ;
#7256 = SURFACE_STYLE_USAGE ( .BOTH. , #4525 ) ;
#7257 = PLANE ( 'NONE',  #3013 ) ;
#7258 = DIRECTION ( 'NONE',  ( 1.000000000000000000, -0.000000000000000000, -0.000000000000000000 ) ) ;
#7259 = CARTESIAN_POINT ( 'NONE',  ( -5.192492299719079440, -5.711223858797751518, 1.399999999999999911 ) ) ;
#7260 = EDGE_LOOP ( 'NONE', ( #6250, #1565, #7886, #4406, #10926, #4301, #2727, #5915, #6365, #3391, #7123, #848, #6991, #9666, #10904, #8184, #2249, #2728, #9935, #10693, #835, #9330, #906, #2635 ) ) ;
#7261 = ORIENTED_EDGE ( 'NONE', *, *, #5165, .F. ) ;
#7262 = CIRCLE ( 'NONE', #11938, 0.1494257208329539954 ) ;
#7263 = FILL_AREA_STYLE_COLOUR ( '', #9606 ) ;
#7264 = SURFACE_STYLE_FILL_AREA ( #4597 ) ;
#7265 = AXIS2_PLACEMENT_3D ( 'NONE', #6149, #4331, #11694 ) ;
#7266 = DIRECTION ( 'NONE',  ( -0.000000000000000000, 0.000000000000000000, 1.000000000000000000 ) ) ;
#7267 = CARTESIAN_POINT ( 'NONE',  ( -0.5000000000000026645, -6.499999999999997335, 1.200000000000000178 ) ) ;
#7268 =( NAMED_UNIT ( * ) SI_UNIT ( $, .STERADIAN. ) SOLID_ANGLE_UNIT ( ) );
#7269 = VERTEX_POINT ( 'NONE', #2920 ) ;
#7270 = AXIS2_PLACEMENT_3D ( 'NONE', #4759, #1112, #10313 ) ;
#7271 = CARTESIAN_POINT ( 'NONE',  ( -0.5000000000000026645, -5.999999999999997335, 1.000000000000000000 ) ) ;
#7272 = CARTESIAN_POINT ( 'NONE',  ( 3.500000000000001332, -5.168682383288472515, 1.600000000000000089 ) ) ;
#7273 = CARTESIAN_POINT ( 'NONE',  ( -0.7182825874325390325, 5.837225230594265568, 1.100000000000000089 ) ) ;
#7274 = AXIS2_PLACEMENT_3D ( 'NONE', #10710, #2358, #11677 ) ;
#7275 = ORIENTED_EDGE ( 'NONE', *, *, #7108, .F. ) ;
#7276 = ORIENTED_EDGE ( 'NONE', *, *, #5667, .F. ) ;
#7277 = ORIENTED_EDGE ( 'NONE', *, *, #1972, .F. ) ;
#7278 = EDGE_CURVE ( 'NONE', #8484, #2667, #5643, .T. ) ;
#7279 = CIRCLE ( 'NONE', #3972, 0.1000000000000000472 ) ;
#7280 = VECTOR ( 'NONE', #5057, 1000.000000000000000 ) ;
#7281 = VECTOR ( 'NONE', #7705, 1000.000000000000000 ) ;
#7282 = DIRECTION ( 'NONE',  ( -1.000000000000000000, 0.000000000000000000, -0.000000000000000000 ) ) ;
#7283 = STYLED_ITEM ( 'NONE', ( #2448 ), #10565 ) ;
#7284 = VERTEX_POINT ( 'NONE', #7374 ) ;
#7285 = VERTEX_POINT ( 'NONE', #1826 ) ;
#7286 = CARTESIAN_POINT ( 'NONE',  ( -4.500000000000000888, -7.994982302604838331, 1.100000000000000089 ) ) ;
#7287 = DIRECTION ( 'NONE',  ( -1.000000000000000000, 0.000000000000000000, -0.000000000000000000 ) ) ;
#7288 = SURFACE_STYLE_USAGE ( .BOTH. , #9118 ) ;
#7289 = FACE_OUTER_BOUND ( 'NONE', #4917, .T. ) ;
#7290 = UNCERTAINTY_MEASURE_WITH_UNIT (LENGTH_MEASURE( 1.000000000000000082E-05 ), #11045, 'distance_accuracy_value', 'NONE');
#7291 = VERTEX_POINT ( 'NONE', #855 ) ;
#7292 = AXIS2_PLACEMENT_3D ( 'NONE', #3169, #6900, #9582 ) ;
#7293 = MECHANICAL_DESIGN_GEOMETRIC_PRESENTATION_REPRESENTATION (  '', ( #2417 ), #3399 ) ;
#7294 = MECHANICAL_DESIGN_GEOMETRIC_PRESENTATION_REPRESENTATION (  '', ( #3194 ), #10594 ) ;
#7295 = LINE ( 'NONE', #11003, #4834 ) ;
#7296 =( GEOMETRIC_REPRESENTATION_CONTEXT ( 3 ) GLOBAL_UNCERTAINTY_ASSIGNED_CONTEXT ( ( #11689 ) ) GLOBAL_UNIT_ASSIGNED_CONTEXT ( ( #8792, #11593, #10679 ) ) REPRESENTATION_CONTEXT ( 'NONE', 'WORKASPACE' ) );
#7297 = VERTEX_POINT ( 'NONE', #1706 ) ;
#7298 = ORIENTED_EDGE ( 'NONE', *, *, #10093, .T. ) ;
#7299 = FILL_AREA_STYLE_COLOUR ( '', #4937 ) ;
#7300 = CARTESIAN_POINT ( 'NONE',  ( 0.000000000000000000, 0.000000000000000000, 1.200000000000000178 ) ) ;
#7301 =( GEOMETRIC_REPRESENTATION_CONTEXT ( 3 ) GLOBAL_UNCERTAINTY_ASSIGNED_CONTEXT ( ( #2895 ) ) GLOBAL_UNIT_ASSIGNED_CONTEXT ( ( #10829, #2422, #547 ) ) REPRESENTATION_CONTEXT ( 'NONE', 'WORKASPACE' ) );
#7302 = EDGE_CURVE ( 'NONE', #9842, #80, #11274, .T. ) ;
#7303 = AXIS2_PLACEMENT_3D ( 'NONE', #1754, #9192, #844 ) ;
#7304 = PRESENTATION_STYLE_ASSIGNMENT (( #9310 ) ) ;
#7305 = SURFACE_STYLE_FILL_AREA ( #2361 ) ;
#7306 = FACE_OUTER_BOUND ( 'NONE', #1738, .T. ) ;
#7307 = CARTESIAN_POINT ( 'NONE',  ( -3.500000000000003109, -2.999999999999997335, 1.200000000000000178 ) ) ;
#7308 = LINE ( 'NONE', #7425, #3394 ) ;
#7309 = EDGE_LOOP ( 'NONE', ( #3377, #4832, #3023, #8527, #3177, #4902 ) ) ;
#7310 = LINE ( 'NONE', #5496, #4153 ) ;
#7311 = ORIENTED_EDGE ( 'NONE', *, *, #11243, .F. ) ;
#7312 = SURFACE_STYLE_USAGE ( .BOTH. , #3349 ) ;
#7313 = ORIENTED_EDGE ( 'NONE', *, *, #1810, .T. ) ;
#7314 = DIRECTION ( 'NONE',  ( -0.000000000000000000, 0.000000000000000000, 1.000000000000000000 ) ) ;
#7315 = PLANE ( 'NONE',  #10476 ) ;
#7316 = DIRECTION ( 'NONE',  ( 1.000000000000000000, 0.000000000000000000, 0.000000000000000000 ) ) ;
#7317 = LINE ( 'NONE', #7254, #4352 ) ;
#7318 = DIRECTION ( 'NONE',  ( -1.602379359961721150E-16, 1.000000000000000000, 0.000000000000000000 ) ) ;
#7319 = LINE ( 'NONE', #4018, #4100 ) ;
#7320 = EDGE_CURVE ( 'NONE', #7244, #11959, #11082, .T. ) ;
#7321 =( NAMED_UNIT ( * ) SI_UNIT ( $, .STERADIAN. ) SOLID_ANGLE_UNIT ( ) );
#7322 = ORIENTED_EDGE ( 'NONE', *, *, #6616, .T. ) ;
#7323 = EDGE_CURVE ( 'NONE', #322, #3376, #9270, .T. ) ;
#7324 = VERTEX_POINT ( 'NONE', #2854 ) ;
#7325 = UNCERTAINTY_MEASURE_WITH_UNIT (LENGTH_MEASURE( 1.000000000000000082E-05 ), #5411, 'distance_accuracy_value', 'NONE');
#7326 = CARTESIAN_POINT ( 'NONE',  ( 4.389999999999999680, -7.994982302604838331, 1.000000000000000000 ) ) ;
#7327 = VECTOR ( 'NONE', #6380, 1000.000000000000000 ) ;
#7328 = VECTOR ( 'NONE', #6682, 1000.000000000000000 ) ;
#7329 = FILL_AREA_STYLE_COLOUR ( '', #5749 ) ;
#7330 = LINE ( 'NONE', #44, #5422 ) ;
#7331 = DIRECTION ( 'NONE',  ( 0.000000000000000000, -1.000000000000000000, 0.000000000000000000 ) ) ;
#7332 = ORIENTED_EDGE ( 'NONE', *, *, #1204, .F. ) ;
#7333 = DIRECTION ( 'NONE',  ( 0.000000000000000000, 0.000000000000000000, 1.000000000000000000 ) ) ;
#7334 =( NAMED_UNIT ( * ) PLANE_ANGLE_UNIT ( ) SI_UNIT ( $, .RADIAN. ) );
#7335 = CARTESIAN_POINT ( 'NONE',  ( 0.000000000000000000, 0.000000000000000000, 1.200000000000000178 ) ) ;
#7336 = ORIENTED_EDGE ( 'NONE', *, *, #8984, .T. ) ;
#7337 = VECTOR ( 'NONE', #4722, 1000.000000000000000 ) ;
#7338 = EDGE_CURVE ( 'NONE', #2682, #11643, #1765, .T. ) ;
#7339 = ORIENTED_EDGE ( 'NONE', *, *, #7230, .F. ) ;
#7340 = ADVANCED_FACE ( 'NONE', ( #4638 ), #8354, .F. ) ;
#7341 = AXIS2_PLACEMENT_3D ( 'NONE', #2303, #6080, #10768 ) ;
#7342 = DIRECTION ( 'NONE',  ( 1.000000000000000000, 0.000000000000000000, 0.000000000000000000 ) ) ;
#7343 = AXIS2_PLACEMENT_3D ( 'NONE', #9304, #1081, #242 ) ;
#7344 = VERTEX_POINT ( 'NONE', #10237 ) ;
#7345 = CIRCLE ( 'NONE', #10059, 0.1000000000000000472 ) ;
#7346 = ORIENTED_EDGE ( 'NONE', *, *, #1126, .T. ) ;
#7347 = DIRECTION ( 'NONE',  ( 0.000000000000000000, 1.000000000000000000, 0.000000000000000000 ) ) ;
#7348 = PLANE ( 'NONE',  #8317 ) ;
#7349 = DIRECTION ( 'NONE',  ( 0.000000000000000000, 0.000000000000000000, 1.000000000000000000 ) ) ;
#7350 = CARTESIAN_POINT ( 'NONE',  ( 5.781782254347279881, 8.869867354517255720, 1.000000000000000000 ) ) ;
#7351 = EDGE_LOOP ( 'NONE', ( #8466, #172, #3151, #7960, #8102, #455 ) ) ;
#7352 =( GEOMETRIC_REPRESENTATION_CONTEXT ( 3 ) GLOBAL_UNCERTAINTY_ASSIGNED_CONTEXT ( ( #2075 ) ) GLOBAL_UNIT_ASSIGNED_CONTEXT ( ( #6108, #2267, #5251 ) ) REPRESENTATION_CONTEXT ( 'NONE', 'WORKASPACE' ) );
#7353 = AXIS2_PLACEMENT_3D ( 'NONE', #3739, #7451, #11282 ) ;
#7354 = EDGE_CURVE ( 'NONE', #4753, #8584, #3716, .T. ) ;
#7355 = DIRECTION ( 'NONE',  ( -0.000000000000000000, 0.000000000000000000, 1.000000000000000000 ) ) ;
#7356 = CARTESIAN_POINT ( 'NONE',  ( -0.3000000000000025424, -1.499999999999997335, 1.000000000000000000 ) ) ;
#7357 = ORIENTED_EDGE ( 'NONE', *, *, #11143, .F. ) ;
#7358 = MECHANICAL_DESIGN_GEOMETRIC_PRESENTATION_REPRESENTATION (  '', ( #1141 ), #1339 ) ;
#7359 = ORIENTED_EDGE ( 'NONE', *, *, #5960, .T. ) ;
#7360 = SURFACE_SIDE_STYLE ('',( #9970 ) ) ;
#7361 = SURFACE_STYLE_USAGE ( .BOTH. , #11130 ) ;
#7362 = CYLINDRICAL_SURFACE ( 'NONE', #7431, 0.6205955535903713294 ) ;
#7363 = VECTOR ( 'NONE', #7544, 1000.000000000000000 ) ;
#7364 = FILL_AREA_STYLE_COLOUR ( '', #5756 ) ;
#7365 = CARTESIAN_POINT ( 'NONE',  ( 1.254473155026102127, -2.389077535132158481, 1.399999999999999911 ) ) ;
#7366 = ADVANCED_FACE ( 'NONE', ( #2673 ), #11142, .F. ) ;
#7367 = EDGE_LOOP ( 'NONE', ( #485, #11400, #7958, #5970, #1685, #1733 ) ) ;
#7368 = AXIS2_PLACEMENT_3D ( 'NONE', #230, #1, #4774 ) ;
#7369 = ORIENTED_EDGE ( 'NONE', *, *, #8101, .F. ) ;
#7370 = AXIS2_PLACEMENT_3D ( 'NONE', #6438, #5396, #8148 ) ;
#7371 = DIRECTION ( 'NONE',  ( 1.000000000000000000, 0.000000000000000000, 0.000000000000000000 ) ) ;
#7372 = ORIENTED_EDGE ( 'NONE', *, *, #1132, .T. ) ;
#7373 = LINE ( 'NONE', #8292, #2216 ) ;
#7374 = CARTESIAN_POINT ( 'NONE',  ( -1.697642652873966318, 8.469867354517257141, 1.100000000000000089 ) ) ;
#7375 = DIRECTION ( 'NONE',  ( 0.000000000000000000, 1.000000000000000000, 0.000000000000000000 ) ) ;
#7376 = CARTESIAN_POINT ( 'NONE',  ( -2.700000000000003286, -1.499999999999997335, 1.200000000000000178 ) ) ;
#7377 = DIRECTION ( 'NONE',  ( -1.000000000000000000, 0.000000000000000000, 0.000000000000000000 ) ) ;
#7378 = SURFACE_STYLE_FILL_AREA ( #10120 ) ;
#7379 = CARTESIAN_POINT ( 'NONE',  ( -0.4586198500137319556, 2.147362469743642865, -29.20000000000000284 ) ) ;
#7380 = LINE ( 'NONE', #1770, #10604 ) ;
#7381 = LINE ( 'NONE', #6408, #3317 ) ;
#7382 = CARTESIAN_POINT ( 'NONE',  ( 1.229404446409628759, -7.994982302604838331, 1.000000000000000000 ) ) ;
#7383 = EDGE_LOOP ( 'NONE', ( #5906, #7427, #2918, #2651, #11077, #5446 ) ) ;
#7384 = EDGE_CURVE ( 'NONE', #5897, #1967, #973, .T. ) ;
#7385 = ORIENTED_EDGE ( 'NONE', *, *, #1110, .T. ) ;
#7386 = VECTOR ( 'NONE', #6208, 1000.000000000000000 ) ;
#7387 =( NAMED_UNIT ( * ) SI_UNIT ( $, .STERADIAN. ) SOLID_ANGLE_UNIT ( ) );
#7388 = FACE_OUTER_BOUND ( 'NONE', #1789, .T. ) ;
#7389 = PRESENTATION_STYLE_ASSIGNMENT (( #11218 ) ) ;
#7390 = LINE ( 'NONE', #7206, #3162 ) ;
#7391 = ORIENTED_EDGE ( 'NONE', *, *, #4123, .F. ) ;
#7392 = DIRECTION ( 'NONE',  ( -0.000000000000000000, 1.000000000000000000, -0.000000000000000000 ) ) ;
#7393 = CYLINDRICAL_SURFACE ( 'NONE', #4372, 0.5000000000000008882 ) ;
#7394 = DIRECTION ( 'NONE',  ( 1.000000000000000000, 0.000000000000000000, -0.000000000000000000 ) ) ;
#7395 = PRESENTATION_LAYER_ASSIGNMENT (  '', '', ( #5835 ) ) ;
#7396 = CARTESIAN_POINT ( 'NONE',  ( -0.1899999999999996414, -7.994982302604838331, 0.000000000000000000 ) ) ;
#7397 = ORIENTED_EDGE ( 'NONE', *, *, #3881, .T. ) ;
#7398 = EDGE_CURVE ( 'NONE', #8277, #10112, #4581, .T. ) ;
#7399 = ORIENTED_EDGE ( 'NONE', *, *, #8864, .F. ) ;
#7400 = VECTOR ( 'NONE', #6036, 1000.000000000000000 ) ;
#7401 = EDGE_CURVE ( 'NONE', #4237, #10630, #9132, .T. ) ;
#7402 = LINE ( 'NONE', #11113, #10857 ) ;
#7403 = CARTESIAN_POINT ( 'NONE',  ( 0.000000000000000000, -0.6974844531661972269, 1.500000000000000000 ) ) ;
#7404 =( NAMED_UNIT ( * ) SI_UNIT ( $, .STERADIAN. ) SOLID_ANGLE_UNIT ( ) );
#7405 = VERTEX_POINT ( 'NONE', #10300 ) ;
#7406 = EDGE_CURVE ( 'NONE', #7324, #9074, #8411, .T. ) ;
#7407 = CARTESIAN_POINT ( 'NONE',  ( 3.920639630881218807, 2.295341782195420954, -29.20000000000000284 ) ) ;
#7408 = VECTOR ( 'NONE', #947, 1000.000000000000000 ) ;
#7409 = DIRECTION ( 'NONE',  ( 1.000000000000000000, 0.000000000000000000, 0.000000000000000000 ) ) ;
#7410 =( NAMED_UNIT ( * ) SI_UNIT ( $, .STERADIAN. ) SOLID_ANGLE_UNIT ( ) );
#7411 = CARTESIAN_POINT ( 'NONE',  ( -0.8500000000000026423, -5.999999999999997335, 1.000000000000000000 ) ) ;
#7412 = UNCERTAINTY_MEASURE_WITH_UNIT (LENGTH_MEASURE( 1.000000000000000082E-05 ), #4245, 'distance_accuracy_value', 'NONE');
#7413 = ORIENTED_EDGE ( 'NONE', *, *, #6657, .F. ) ;
#7414 = EDGE_CURVE ( 'NONE', #817, #7806, #11565, .T. ) ;
#7415 = DIRECTION ( 'NONE',  ( 1.000000000000000000, 0.000000000000000000, 0.000000000000000000 ) ) ;
#7416 = AXIS2_PLACEMENT_3D ( 'NONE', #10086, #6430, #175 ) ;
#7417 = CARTESIAN_POINT ( 'NONE',  ( -3.500000000000003109, -4.649999999999995914, 1.000000000000000000 ) ) ;
#7418 = ORIENTED_EDGE ( 'NONE', *, *, #8928, .T. ) ;
#7419 = EDGE_LOOP ( 'NONE', ( #10624, #7034, #3850, #11441 ) ) ;
#7420 =( NAMED_UNIT ( * ) SI_UNIT ( $, .STERADIAN. ) SOLID_ANGLE_UNIT ( ) );
#7421 =( NAMED_UNIT ( * ) SI_UNIT ( $, .STERADIAN. ) SOLID_ANGLE_UNIT ( ) );
#7422 = VECTOR ( 'NONE', #10346, 1000.000000000000000 ) ;
#7423 = FILL_AREA_STYLE_COLOUR ( '', #5683 ) ;
#7424 = CARTESIAN_POINT ( 'NONE',  ( -2.614552833435666468, -1.197484453166197227, 1.500000000000000000 ) ) ;
#7425 = CARTESIAN_POINT ( 'NONE',  ( -1.814552833435666201, 0.000000000000000000, 1.500000000000000000 ) ) ;
#7426 = STYLED_ITEM ( 'NONE', ( #5148 ), #10225 ) ;
#7427 = ORIENTED_EDGE ( 'NONE', *, *, #5301, .T. ) ;
#7428 = ORIENTED_EDGE ( 'NONE', *, *, #4622, .T. ) ;
#7429 = EDGE_LOOP ( 'NONE', ( #11780, #10532, #8738, #8660 ) ) ;
#7430 = CARTESIAN_POINT ( 'NONE',  ( -2.897642652873967162, 0.000000000000000000, 1.100000000000000089 ) ) ;
#7431 = AXIS2_PLACEMENT_3D ( 'NONE', #9665, #1274, #421 ) ;
#7432 = CARTESIAN_POINT ( 'NONE',  ( 0.9999999999999952260, -4.649999999999996803, 1.000000000000000000 ) ) ;
#7433 = CARTESIAN_POINT ( 'NONE',  ( 0.000000000000000000, 2.147362469743642865, 1.100000000000000089 ) ) ;
#7434 = FILL_AREA_STYLE ('',( #9323 ) ) ;
#7435 = LINE ( 'NONE', #2003, #4242 ) ;
#7436 = DIRECTION ( 'NONE',  ( 0.000000000000000000, 0.000000000000000000, -1.000000000000000000 ) ) ;
#7437 = SURFACE_STYLE_FILL_AREA ( #6585 ) ;
#7438 = ORIENTED_EDGE ( 'NONE', *, *, #5668, .F. ) ;
#7439 = STYLED_ITEM ( 'NONE', ( #10149 ), #9140 ) ;
#7440 = EDGE_LOOP ( 'NONE', ( #10082, #317, #4741, #440 ) ) ;
#7441 = UNCERTAINTY_MEASURE_WITH_UNIT (LENGTH_MEASURE( 1.000000000000000082E-05 ), #4521, 'distance_accuracy_value', 'NONE');
#7442 = DIRECTION ( 'NONE',  ( 1.000000000000000000, 0.000000000000000000, -0.000000000000000000 ) ) ;
#7443 = SURFACE_SIDE_STYLE ('',( #7510 ) ) ;
#7444 = FILL_AREA_STYLE ('',( #10314 ) ) ;
#7445 = VERTEX_POINT ( 'NONE', #6879 ) ;
#7446 = FACE_OUTER_BOUND ( 'NONE', #4859, .T. ) ;
#7447 = ADVANCED_FACE ( 'NONE', ( #2131 ), #5917, .F. ) ;
#7448 = PRESENTATION_LAYER_ASSIGNMENT (  '', '', ( #76 ) ) ;
#7449 = DIRECTION ( 'NONE',  ( -0.000000000000000000, -0.000000000000000000, -1.000000000000000000 ) ) ;
#7450 = EDGE_CURVE ( 'NONE', #11890, #2464, #2706, .T. ) ;
#7451 = DIRECTION ( 'NONE',  ( -0.000000000000000000, 0.000000000000000000, 1.000000000000000000 ) ) ;
#7452 = CYLINDRICAL_SURFACE ( 'NONE', #5882, 0.09999999999999982514 ) ;
#7453 = ORIENTED_EDGE ( 'NONE', *, *, #11399, .F. ) ;
#7454 = ORIENTED_EDGE ( 'NONE', *, *, #866, .F. ) ;
#7455 = VECTOR ( 'NONE', #3431, 1000.000000000000000 ) ;
#7456 = CARTESIAN_POINT ( 'NONE',  ( -2.150000000000003020, -5.999999999999997335, 1.200000000000000178 ) ) ;
#7457 = FACE_BOUND ( 'NONE', #6085, .T. ) ;
#7458 = EDGE_CURVE ( 'NONE', #8584, #5452, #6823, .T. ) ;
#7459 = VERTEX_POINT ( 'NONE', #10357 ) ;
#7460 = VECTOR ( 'NONE', #263, 1000.000000000000000 ) ;
#7461 = CARTESIAN_POINT ( 'NONE',  ( -4.000000000000000888, -4.449999999999997513, 1.200000000000000178 ) ) ;
#7462 = CARTESIAN_POINT ( 'NONE',  ( -1.714552833435666335, -1.197484453166197227, 1.399999999999999911 ) ) ;
#7463 = CARTESIAN_POINT ( 'NONE',  ( -1.960000000000000409, -7.994982302604838331, 0.000000000000000000 ) ) ;
#7464 = AXIS2_PLACEMENT_3D ( 'NONE', #11885, #6460, #11022 ) ;
#7465 = ORIENTED_EDGE ( 'NONE', *, *, #866, .T. ) ;
#7466 = EDGE_CURVE ( 'NONE', #118, #6101, #3494, .T. ) ;
#7467 = AXIS2_PLACEMENT_3D ( 'NONE', #11155, #2987, #6716 ) ;
#7468 = EDGE_CURVE ( 'NONE', #11380, #6688, #8588, .T. ) ;
#7469 = AXIS2_PLACEMENT_3D ( 'NONE', #8533, #3839, #5916 ) ;
#7470 =( GEOMETRIC_REPRESENTATION_CONTEXT ( 3 ) GLOBAL_UNCERTAINTY_ASSIGNED_CONTEXT ( ( #10631 ) ) GLOBAL_UNIT_ASSIGNED_CONTEXT ( ( #6743, #9308, #5711 ) ) REPRESENTATION_CONTEXT ( 'NONE', 'WORKASPACE' ) );
#7471 = AXIS2_PLACEMENT_3D ( 'NONE', #11046, #10140, #1787 ) ;
#7472 =( LENGTH_UNIT ( ) NAMED_UNIT ( * ) SI_UNIT ( .MILLI., .METRE. ) );
#7473 = CARTESIAN_POINT ( 'NONE',  ( -4.879360369118781904, 2.295341782195420954, -29.20000000000000284 ) ) ;
#7474 = EDGE_LOOP ( 'NONE', ( #14, #4528, #5962, #9263 ) ) ;
#7475 = ORIENTED_EDGE ( 'NONE', *, *, #5017, .F. ) ;
#7476 = CARTESIAN_POINT ( 'NONE',  ( -5.692492299719079440, 0.000000000000000000, 1.500000000000000000 ) ) ;
#7477 = MECHANICAL_DESIGN_GEOMETRIC_PRESENTATION_REPRESENTATION (  '', ( #2605 ), #10586 ) ;
#7478 = DIRECTION ( 'NONE',  ( 0.000000000000000000, 1.000000000000000000, -0.000000000000000000 ) ) ;
#7479 =( LENGTH_UNIT ( ) NAMED_UNIT ( * ) SI_UNIT ( .MILLI., .METRE. ) );
#7480 = FACE_OUTER_BOUND ( 'NONE', #3771, .T. ) ;
#7481 = PRESENTATION_LAYER_ASSIGNMENT (  '', '', ( #11363 ) ) ;
#7482 = CARTESIAN_POINT ( 'NONE',  ( -5.692492299719079440, -3.188776141202243508, 1.500000000000000000 ) ) ;
#7483 = DIRECTION ( 'NONE',  ( 1.000000000000000000, 0.000000000000000000, 0.000000000000000000 ) ) ;
#7484 = AXIS2_PLACEMENT_3D ( 'NONE', #10802, #6975, #9889 ) ;
#7485 = CARTESIAN_POINT ( 'NONE',  ( 4.800000000000000711, -2.768682383288471271, 1.700000000000000178 ) ) ;
#7486 = ORIENTED_EDGE ( 'NONE', *, *, #2726, .T. ) ;
#7487 = ORIENTED_EDGE ( 'NONE', *, *, #11366, .T. ) ;
#7488 = CIRCLE ( 'NONE', #9050, 0.1494257208329539954 ) ;
#7489 = ORIENTED_EDGE ( 'NONE', *, *, #5067, .F. ) ;
#7490 = STYLED_ITEM ( 'NONE', ( #2980 ), #11925 ) ;
#7491 = COLOUR_RGB ( '',0.9882352941176471006, 0.7372549019607843590, 0.5176470588235293491 ) ;
#7492 = LINE ( 'NONE', #10167, #589 ) ;
#7493 = VERTEX_POINT ( 'NONE', #8760 ) ;
#7494 = DIRECTION ( 'NONE',  ( 0.000000000000000000, -0.000000000000000000, -1.000000000000000000 ) ) ;
#7495 = DIRECTION ( 'NONE',  ( 1.000000000000000000, 0.000000000000000000, 0.000000000000000000 ) ) ;
#7496 = FACE_OUTER_BOUND ( 'NONE', #9251, .T. ) ;
#7497 = DIRECTION ( 'NONE',  ( 1.000000000000000000, 0.000000000000000000, 0.000000000000000000 ) ) ;
#7498 = LINE ( 'NONE', #3660, #739 ) ;
#7499 = CARTESIAN_POINT ( 'NONE',  ( -4.902035936607395783, 5.496005818493205908, 1.100000000000000089 ) ) ;
#7500 = VECTOR ( 'NONE', #11746, 1000.000000000000000 ) ;
#7501 = CARTESIAN_POINT ( 'NONE',  ( -3.500000000000003109, -1.999999999999997335, 1.800000000000000044 ) ) ;
#7502 =( GEOMETRIC_REPRESENTATION_CONTEXT ( 3 ) GLOBAL_UNCERTAINTY_ASSIGNED_CONTEXT ( ( #1322 ) ) GLOBAL_UNIT_ASSIGNED_CONTEXT ( ( #4569, #6512, #12001 ) ) REPRESENTATION_CONTEXT ( 'NONE', 'WORKASPACE' ) );
#7503 = ORIENTED_EDGE ( 'NONE', *, *, #1735, .T. ) ;
#7504 = VERTEX_POINT ( 'NONE', #7749 ) ;
#7505 = EDGE_CURVE ( 'NONE', #551, #8112, #5430, .T. ) ;
#7506 = ADVANCED_FACE ( 'NONE', ( #323 ), #9675, .F. ) ;
#7507 = SURFACE_STYLE_USAGE ( .BOTH. , #3993 ) ;
#7508 = DIRECTION ( 'NONE',  ( -1.000000000000000000, 0.000000000000000000, 0.000000000000000000 ) ) ;
#7509 = DIRECTION ( 'NONE',  ( 1.000000000000000000, 0.000000000000000000, 0.000000000000000000 ) ) ;
#7510 = SURFACE_STYLE_FILL_AREA ( #2869 ) ;
#7511 = PLANE ( 'NONE',  #11618 ) ;
#7512 = DIRECTION ( 'NONE',  ( 0.000000000000000000, 0.000000000000000000, -1.000000000000000000 ) ) ;
#7513 = DIRECTION ( 'NONE',  ( 0.000000000000000000, 1.000000000000000000, 0.000000000000000000 ) ) ;
#7514 = FILL_AREA_STYLE ('',( #936 ) ) ;
#7515 = PRESENTATION_STYLE_ASSIGNMENT (( #2696 ) ) ;
#7516 = DIRECTION ( 'NONE',  ( 1.000000000000000000, 0.000000000000000000, 0.000000000000000000 ) ) ;
#7517 = ORIENTED_EDGE ( 'NONE', *, *, #8196, .T. ) ;
#7518 = ADVANCED_FACE ( 'NONE', ( #1167, #4865 ), #4070, .T. ) ;
#7519 = ORIENTED_EDGE ( 'NONE', *, *, #4888, .T. ) ;
#7520 = VECTOR ( 'NONE', #368, 1000.000000000000000 ) ;
#7521 = EDGE_CURVE ( 'NONE', #10164, #6292, #5857, .T. ) ;
#7522 = FACE_OUTER_BOUND ( 'NONE', #7231, .T. ) ;
#7523 = DIRECTION ( 'NONE',  ( 0.000000000000000000, 1.000000000000000000, -0.000000000000000000 ) ) ;
#7524 = ORIENTED_EDGE ( 'NONE', *, *, #6729, .T. ) ;
#7525 = PLANE ( 'NONE',  #3112 ) ;
#7526 = EDGE_CURVE ( 'NONE', #4800, #2194, #9534, .T. ) ;
#7527 = CARTESIAN_POINT ( 'NONE',  ( 2.820639630881218718, 2.295341782195420954, 0.000000000000000000 ) ) ;
#7528 = LINE ( 'NONE', #2045, #6071 ) ;
#7529 = UNCERTAINTY_MEASURE_WITH_UNIT (LENGTH_MEASURE( 1.000000000000000082E-05 ), #6216, 'distance_accuracy_value', 'NONE');
#7530 = EDGE_LOOP ( 'NONE', ( #11483, #7487 ) ) ;
#7531 = VECTOR ( 'NONE', #6945, 1000.000000000000000 ) ;
#7532 = ADVANCED_FACE ( 'NONE', ( #9002, #2416 ), #11796, .T. ) ;
#7533 = DIRECTION ( 'NONE',  ( -0.000000000000000000, 0.000000000000000000, 1.000000000000000000 ) ) ;
#7534 = AXIS2_PLACEMENT_3D ( 'NONE', #5373, #7394, #1546 ) ;
#7535 = LINE ( 'NONE', #4848, #10489 ) ;
#7536 = VERTEX_POINT ( 'NONE', #2530 ) ;
#7537 = ORIENTED_EDGE ( 'NONE', *, *, #7787, .F. ) ;
#7538 = DIRECTION ( 'NONE',  ( -0.000000000000000000, -0.000000000000000000, -1.000000000000000000 ) ) ;
#7539 = SURFACE_STYLE_USAGE ( .BOTH. , #4909 ) ;
#7540 = LINE ( 'NONE', #897, #3340 ) ;
#7541 = DIRECTION ( 'NONE',  ( 0.000000000000000000, 1.000000000000000000, -0.000000000000000000 ) ) ;
#7542 = PRESENTATION_LAYER_ASSIGNMENT (  '', '', ( #8123 ) ) ;
#7543 = FILL_AREA_STYLE_COLOUR ( '', #9642 ) ;
#7544 = DIRECTION ( 'NONE',  ( -0.000000000000000000, -0.000000000000000000, 1.000000000000000000 ) ) ;
#7545 = ORIENTED_EDGE ( 'NONE', *, *, #6635, .T. ) ;
#7546 = ORIENTED_EDGE ( 'NONE', *, *, #1965, .F. ) ;
#7547 = VERTEX_POINT ( 'NONE', #7054 ) ;
#7548 = LINE ( 'NONE', #3654, #4688 ) ;
#7549 = EDGE_CURVE ( 'NONE', #10151, #4338, #10766, .T. ) ;
#7550 = AXIS2_PLACEMENT_3D ( 'NONE', #1442, #5153, #3450 ) ;
#7551 = ORIENTED_EDGE ( 'NONE', *, *, #7073, .T. ) ;
#7552 = DIRECTION ( 'NONE',  ( 0.000000000000000000, -1.000000000000000000, 0.000000000000000000 ) ) ;
#7553 = CARTESIAN_POINT ( 'NONE',  ( -1.600000000000002975, -5.999999999999997335, 1.200000000000000178 ) ) ;
#7554 = FILL_AREA_STYLE_COLOUR ( '', #6677 ) ;
#7555 = DIRECTION ( 'NONE',  ( -0.000000000000000000, -0.000000000000000000, 1.000000000000000000 ) ) ;
#7556 = CARTESIAN_POINT ( 'NONE',  ( -0.4793603691187813820, 2.295341782195420954, 0.000000000000000000 ) ) ;
#7557 = ADVANCED_FACE ( 'NONE', ( #8151 ), #6256, .F. ) ;
#7558 = DIRECTION ( 'NONE',  ( 0.000000000000000000, -0.000000000000000000, 1.000000000000000000 ) ) ;
#7559 =( NAMED_UNIT ( * ) PLANE_ANGLE_UNIT ( ) SI_UNIT ( $, .RADIAN. ) );
#7560 = AXIS2_PLACEMENT_3D ( 'NONE', #2514, #3501, #7342 ) ;
#7561 =( NAMED_UNIT ( * ) PLANE_ANGLE_UNIT ( ) SI_UNIT ( $, .RADIAN. ) );
#7562 = VERTEX_POINT ( 'NONE', #10652 ) ;
#7563 = COLOUR_RGB ( '',0.9882352941176471006, 0.7372549019607843590, 0.5176470588235293491 ) ;
#7564 = EDGE_CURVE ( 'NONE', #4951, #1435, #2916, .T. ) ;
#7565 = VERTEX_POINT ( 'NONE', #4258 ) ;
#7566 = UNCERTAINTY_MEASURE_WITH_UNIT (LENGTH_MEASURE( 1.000000000000000082E-05 ), #3054, 'distance_accuracy_value', 'NONE');
#7567 = FILL_AREA_STYLE_COLOUR ( '', #639 ) ;
#7568 = VECTOR ( 'NONE', #4534, 1000.000000000000000 ) ;
#7569 = DIRECTION ( 'NONE',  ( -1.000000000000000000, 0.000000000000000000, -0.000000000000000000 ) ) ;
#7570 =( NAMED_UNIT ( * ) SI_UNIT ( $, .STERADIAN. ) SOLID_ANGLE_UNIT ( ) );
#7571 = CARTESIAN_POINT ( 'NONE',  ( 0.000000000000000000, -2.188776141202243508, 1.000000000000000000 ) ) ;
#7572 = DIRECTION ( 'NONE',  ( 1.000000000000000000, 0.000000000000000000, 0.000000000000000000 ) ) ;
#7573 = FILL_AREA_STYLE ('',( #8609 ) ) ;
#7574 = FILL_AREA_STYLE ('',( #5006 ) ) ;
#7575 = EDGE_CURVE ( 'NONE', #933, #817, #2300, .T. ) ;
#7576 = CARTESIAN_POINT ( 'NONE',  ( -3.999999999999995559, -2.999999999999996891, 1.200000000000000178 ) ) ;
#7577 = EDGE_CURVE ( 'NONE', #10179, #6441, #3398, .T. ) ;
#7578 = VECTOR ( 'NONE', #509, 1000.000000000000000 ) ;
#7579 = VERTEX_POINT ( 'NONE', #6194 ) ;
#7580 = COLOUR_RGB ( '',1.000000000000000000, 1.000000000000000000, 0.5019607843137254832 ) ;
#7581 = ADVANCED_FACE ( 'NONE', ( #4719 ), #8439, .F. ) ;
#7582 = VERTEX_POINT ( 'NONE', #119 ) ;
#7583 = LINE ( 'NONE', #6484, #2111 ) ;
#7584 = FACE_BOUND ( 'NONE', #6006, .T. ) ;
#7585 = CARTESIAN_POINT ( 'NONE',  ( 2.425948166299673581, 2.856906106631964093, -1.899999999999999911 ) ) ;
#7586 = ORIENTED_EDGE ( 'NONE', *, *, #6675, .F. ) ;
#7587 =( GEOMETRIC_REPRESENTATION_CONTEXT ( 3 ) GLOBAL_UNCERTAINTY_ASSIGNED_CONTEXT ( ( #10209 ) ) GLOBAL_UNIT_ASSIGNED_CONTEXT ( ( #334, #11463, #3167 ) ) REPRESENTATION_CONTEXT ( 'NONE', 'WORKASPACE' ) );
#7588 = ADVANCED_FACE ( 'NONE', ( #4897 ), #7525, .F. ) ;
#7589 = DIRECTION ( 'NONE',  ( -0.000000000000000000, 0.000000000000000000, 1.000000000000000000 ) ) ;
#7590 = FILL_AREA_STYLE ('',( #8799 ) ) ;
#7591 = SURFACE_STYLE_FILL_AREA ( #3876 ) ;
#7592 = CARTESIAN_POINT ( 'NONE',  ( -5.302035936607396138, 3.056906106631962938, 1.100000000000000089 ) ) ;
#7593 = ORIENTED_EDGE ( 'NONE', *, *, #4220, .T. ) ;
#7594 = AXIS2_PLACEMENT_3D ( 'NONE', #9972, #8882, #6136 ) ;
#7595 = FILL_AREA_STYLE_COLOUR ( '', #4214 ) ;
#7596 = EDGE_CURVE ( 'NONE', #4055, #406, #3303, .T. ) ;
#7597 = CARTESIAN_POINT ( 'NONE',  ( 0.000000000000000000, 0.000000000000000000, 1.200000000000000178 ) ) ;
#7598 = VECTOR ( 'NONE', #381, 1000.000000000000000 ) ;
#7599 = ORIENTED_EDGE ( 'NONE', *, *, #1110, .F. ) ;
#7600 = ORIENTED_EDGE ( 'NONE', *, *, #6610, .F. ) ;
#7601 = CARTESIAN_POINT ( 'NONE',  ( -1.400000000000002798, -6.499999999999997335, 1.200000000000000178 ) ) ;
#7602 = VECTOR ( 'NONE', #2505, 1000.000000000000000 ) ;
#7603 = LINE ( 'NONE', #2229, #2364 ) ;
#7604 = EDGE_CURVE ( 'NONE', #837, #4067, #5766, .T. ) ;
#7605 = LINE ( 'NONE', #11311, #1205 ) ;
#7606 = DIRECTION ( 'NONE',  ( 1.000000000000000000, 0.000000000000000000, -0.000000000000000000 ) ) ;
#7607 =( NAMED_UNIT ( * ) SI_UNIT ( $, .STERADIAN. ) SOLID_ANGLE_UNIT ( ) );
#7608 = EDGE_CURVE ( 'NONE', #8162, #12027, #9913, .T. ) ;
#7609 = ORIENTED_EDGE ( 'NONE', *, *, #969, .T. ) ;
#7610 = VECTOR ( 'NONE', #5737, 1000.000000000000000 ) ;
#7611 = VECTOR ( 'NONE', #4287, 1000.000000000000000 ) ;
#7612 = VERTEX_POINT ( 'NONE', #6608 ) ;
#7613 = ORIENTED_EDGE ( 'NONE', *, *, #8325, .F. ) ;
#7614 = VERTEX_POINT ( 'NONE', #11932 ) ;
#7615 = AXIS2_PLACEMENT_3D ( 'NONE', #4794, #1933, #1874 ) ;
#7616 = DIRECTION ( 'NONE',  ( -1.000000000000000000, 0.000000000000000000, 0.000000000000000000 ) ) ;
#7617 = VERTEX_POINT ( 'NONE', #1072 ) ;
#7618 = DIRECTION ( 'NONE',  ( 0.000000000000000000, 1.000000000000000000, 0.000000000000000000 ) ) ;
#7619 = DIRECTION ( 'NONE',  ( -1.000000000000000000, 0.000000000000000000, -0.000000000000000000 ) ) ;
#7620 = CARTESIAN_POINT ( 'NONE',  ( -0.8500000000000026423, -5.999999999999997335, 1.000000000000000000 ) ) ;
#7621 = SURFACE_SIDE_STYLE ('',( #3156 ) ) ;
#7622 = DIRECTION ( 'NONE',  ( 1.000000000000000000, 0.000000000000000000, 0.000000000000000000 ) ) ;
#7623 = EDGE_CURVE ( 'NONE', #8031, #9702, #7238, .T. ) ;
#7624 = DIRECTION ( 'NONE',  ( 0.000000000000000000, -0.000000000000000000, 1.000000000000000000 ) ) ;
#7625 = CARTESIAN_POINT ( 'NONE',  ( -5.702035936607396494, 8.869867354517255720, 1.000000000000000000 ) ) ;
#7626 = DIRECTION ( 'NONE',  ( 1.000000000000000000, 0.000000000000000000, 0.000000000000000000 ) ) ;
#7627 = FACE_OUTER_BOUND ( 'NONE', #7033, .T. ) ;
#7628 = ORIENTED_EDGE ( 'NONE', *, *, #6231, .T. ) ;
#7629 =( GEOMETRIC_REPRESENTATION_CONTEXT ( 3 ) GLOBAL_UNCERTAINTY_ASSIGNED_CONTEXT ( ( #1583 ) ) GLOBAL_UNIT_ASSIGNED_CONTEXT ( ( #1852, #5569, #11224 ) ) REPRESENTATION_CONTEXT ( 'NONE', 'WORKASPACE' ) );
#7630 = EDGE_CURVE ( 'NONE', #6238, #4369, #1135, .T. ) ;
#7631 = VERTEX_POINT ( 'NONE', #11006 ) ;
#7632 = CIRCLE ( 'NONE', #10154, 0.1000000000000000472 ) ;
#7633 = FACE_OUTER_BOUND ( 'NONE', #389, .T. ) ;
#7634 = DIRECTION ( 'NONE',  ( -0.000000000000000000, 0.000000000000000000, -1.000000000000000000 ) ) ;
#7635 = CARTESIAN_POINT ( 'NONE',  ( 0.9999999999999950040, -4.449999999999997513, 1.200000000000000178 ) ) ;
#7636 = CYLINDRICAL_SURFACE ( 'NONE', #1997, 0.1000000000000002554 ) ;
#7638 = PRESENTATION_LAYER_ASSIGNMENT (  '', '', ( #10736 ) ) ;
#7637 =( NAMED_UNIT ( * ) SI_UNIT ( $, .STERADIAN. ) SOLID_ANGLE_UNIT ( ) );
#7639 = DIRECTION ( 'NONE',  ( 0.000000000000000000, 0.000000000000000000, 1.000000000000000000 ) ) ;
#7640 = DIRECTION ( 'NONE',  ( -1.000000000000000000, -0.000000000000000000, -0.000000000000000000 ) ) ;
#7641 = DIRECTION ( 'NONE',  ( -1.000000000000000000, 0.000000000000000000, -0.000000000000000000 ) ) ;
#7642 =( LENGTH_UNIT ( ) NAMED_UNIT ( * ) SI_UNIT ( .MILLI., .METRE. ) );
#7643 = COLOUR_RGB ( '',0.9882352941176471006, 0.7372549019607843590, 0.5176470588235293491 ) ;
#7644 = ORIENTED_EDGE ( 'NONE', *, *, #10924, .T. ) ;
#7645 = EDGE_LOOP ( 'NONE', ( #5335, #4730, #4263, #201 ) ) ;
#7646 = PRESENTATION_LAYER_ASSIGNMENT (  '', '', ( #832 ) ) ;
#7647 = DIRECTION ( 'NONE',  ( -0.000000000000000000, -0.000000000000000000, -1.000000000000000000 ) ) ;
#7648 = CARTESIAN_POINT ( 'NONE',  ( -3.779360369118781371, 2.295341782195420954, -29.20000000000000284 ) ) ;
#7649 = DIRECTION ( 'NONE',  ( -0.000000000000000000, 0.000000000000000000, 1.000000000000000000 ) ) ;
#7650 = ORIENTED_EDGE ( 'NONE', *, *, #8611, .T. ) ;
#7651 = SURFACE_SIDE_STYLE ('',( #3929 ) ) ;
#7652 = DIRECTION ( 'NONE',  ( 1.000000000000000000, 0.000000000000000000, 0.000000000000000000 ) ) ;
#7653 =( LENGTH_UNIT ( ) NAMED_UNIT ( * ) SI_UNIT ( .MILLI., .METRE. ) );
#7654 = SURFACE_STYLE_FILL_AREA ( #4843 ) ;
#7656 = ADVANCED_FACE ( 'NONE', ( #10448 ), #2098, .F. ) ;
#7655 = UNCERTAINTY_MEASURE_WITH_UNIT (LENGTH_MEASURE( 1.000000000000000082E-05 ), #3050, 'distance_accuracy_value', 'NONE');
#7657 = ORIENTED_EDGE ( 'NONE', *, *, #7575, .F. ) ;
#7658 = AXIS2_PLACEMENT_3D ( 'NONE', #10850, #7331, #10903 ) ;
#7659 = DIRECTION ( 'NONE',  ( 0.000000000000000000, 0.000000000000000000, 1.000000000000000000 ) ) ;
#7660 = CARTESIAN_POINT ( 'NONE',  ( -2.500000000000003109, -1.999999999999997335, 1.200000000000000178 ) ) ;
#7661 = VERTEX_POINT ( 'NONE', #5700 ) ;
#7662 = EDGE_LOOP ( 'NONE', ( #10561, #825, #1938, #3999 ) ) ;
#7663 = SURFACE_SIDE_STYLE ('',( #130 ) ) ;
#7664 = VECTOR ( 'NONE', #4396, 1000.000000000000000 ) ;
#7665 = DIRECTION ( 'NONE',  ( 1.000000000000000000, -0.000000000000000000, 0.000000000000000000 ) ) ;
#7666 = CARTESIAN_POINT ( 'NONE',  ( -0.000000000000000000, 2.147362469743642865, 1.000000000000000000 ) ) ;
#7667 = VECTOR ( 'NONE', #2199, 1000.000000000000000 ) ;
#7668 = CARTESIAN_POINT ( 'NONE',  ( -0.3182825874325389548, 8.469867354517257141, 1.100000000000000089 ) ) ;
#7669 = LINE ( 'NONE', #5593, #11111 ) ;
#7670 = CARTESIAN_POINT ( 'NONE',  ( -2.729999999999999538, -7.994982302604838331, 1.100000000000000089 ) ) ;
#7671 = SURFACE_SIDE_STYLE ('',( #6811 ) ) ;
#7672 = ORIENTED_EDGE ( 'NONE', *, *, #7032, .F. ) ;
#7673 = PRESENTATION_LAYER_ASSIGNMENT (  '', '', ( #4555 ) ) ;
#7674 = EDGE_LOOP ( 'NONE', ( #9919, #1380, #6248, #3329 ) ) ;
#7675 = EDGE_LOOP ( 'NONE', ( #3995, #4849, #1083, #3503 ) ) ;
#7676 = ADVANCED_FACE ( 'NONE', ( #173 ), #5827, .F. ) ;
#7677 = ORIENTED_EDGE ( 'NONE', *, *, #4935, .T. ) ;
#7678 = AXIS2_PLACEMENT_3D ( 'NONE', #4269, #7187, #8035 ) ;
#7679 = EDGE_CURVE ( 'NONE', #1897, #4306, #10273, .T. ) ;
#7680 = CARTESIAN_POINT ( 'NONE',  ( 5.020639630881219340, 2.295341782195420954, -29.20000000000000284 ) ) ;
#7681 = ORIENTED_EDGE ( 'NONE', *, *, #7884, .F. ) ;
#7682 = LINE ( 'NONE', #11388, #2792 ) ;
#7683 = DIRECTION ( 'NONE',  ( -1.000000000000000000, -0.000000000000000000, -0.000000000000000000 ) ) ;
#7684 = AXIS2_PLACEMENT_3D ( 'NONE', #2458, #8073, #3445 ) ;
#7685 = STYLED_ITEM ( 'NONE', ( #2879 ), #11506 ) ;
#7686 = LINE ( 'NONE', #2132, #9883 ) ;
#7687 = COLOUR_RGB ( '',0.2509803921568627416, 0.2509803921568627416, 0.2509803921568627416 ) ;
#7688 = CARTESIAN_POINT ( 'NONE',  ( 0.000000000000000000, 0.5500997857322237339, 1.500000000000000000 ) ) ;
#7689 = FILL_AREA_STYLE_COLOUR ( '', #4049 ) ;
#7690 = LINE ( 'NONE', #11394, #7709 ) ;
#7691 = PRESENTATION_STYLE_ASSIGNMENT (( #3109 ) ) ;
#7692 =( GEOMETRIC_REPRESENTATION_CONTEXT ( 3 ) GLOBAL_UNCERTAINTY_ASSIGNED_CONTEXT ( ( #9750 ) ) GLOBAL_UNIT_ASSIGNED_CONTEXT ( ( #3583, #11074, #11936 ) ) REPRESENTATION_CONTEXT ( 'NONE', 'WORKASPACE' ) );
#7693 = ORIENTED_EDGE ( 'NONE', *, *, #7201, .F. ) ;
#7694 = AXIS2_PLACEMENT_3D ( 'NONE', #8450, #7533, #1080 ) ;
#7695 = AXIS2_PLACEMENT_3D ( 'NONE', #7195, #3301, #3357 ) ;
#7696 = ORIENTED_EDGE ( 'NONE', *, *, #8918, .T. ) ;
#7697 = AXIS2_PLACEMENT_3D ( 'NONE', #1656, #33, #12011 ) ;
#7698 = UNCERTAINTY_MEASURE_WITH_UNIT (LENGTH_MEASURE( 1.000000000000000082E-05 ), #10220, 'distance_accuracy_value', 'NONE');
#7699 = FACE_OUTER_BOUND ( 'NONE', #390, .T. ) ;
#7700 = LINE ( 'NONE', #2370, #7667 ) ;
#7701 = FILL_AREA_STYLE_COLOUR ( '', #7580 ) ;
#7702 = VECTOR ( 'NONE', #5249, 1000.000000000000000 ) ;
#7703 = DIRECTION ( 'NONE',  ( -0.000000000000000000, 1.000000000000000000, -0.000000000000000000 ) ) ;
#7704 = DIRECTION ( 'NONE',  ( -0.000000000000000000, 0.000000000000000000, 1.000000000000000000 ) ) ;
#7705 = DIRECTION ( 'NONE',  ( 0.000000000000000000, 1.000000000000000000, 0.000000000000000000 ) ) ;
#7706 = EDGE_CURVE ( 'NONE', #11188, #761, #3874, .T. ) ;
#7707 = CARTESIAN_POINT ( 'NONE',  ( -3.500000000000003109, -3.549999999999997602, 1.200000000000000178 ) ) ;
#7708 = CARTESIAN_POINT ( 'NONE',  ( 1.850000000000000089, -7.994982302604838331, 0.000000000000000000 ) ) ;
#7709 = VECTOR ( 'NONE', #11270, 1000.000000000000000 ) ;
#7710 = DIRECTION ( 'NONE',  ( -0.000000000000000000, -0.000000000000000000, 1.000000000000000000 ) ) ;
#7711 = EDGE_CURVE ( 'NONE', #6101, #118, #2513, .T. ) ;
#7712 = ORIENTED_EDGE ( 'NONE', *, *, #927, .F. ) ;
#7713 = VERTEX_POINT ( 'NONE', #5401 ) ;
#7714 = FACE_OUTER_BOUND ( 'NONE', #8834, .T. ) ;
#7715 = FACE_BOUND ( 'NONE', #8051, .T. ) ;
#7716 = CARTESIAN_POINT ( 'NONE',  ( 2.292975979834980471, -0.6427883380858903095, 1.500000000000000000 ) ) ;
#7717 = EDGE_LOOP ( 'NONE', ( #3678, #4473, #7275, #941 ) ) ;
#7718 = EDGE_CURVE ( 'NONE', #3743, #6183, #2947, .T. ) ;
#7719 = CARTESIAN_POINT ( 'NONE',  ( -1.950000000000002842, -5.999999999999997335, 1.000000000000000000 ) ) ;
#7720 = DIRECTION ( 'NONE',  ( 1.000000000000000000, 0.000000000000000000, 0.000000000000000000 ) ) ;
#7721 =( NAMED_UNIT ( * ) PLANE_ANGLE_UNIT ( ) SI_UNIT ( $, .RADIAN. ) );
#7722 = CARTESIAN_POINT ( 'NONE',  ( 0.4999999999999911182, -3.549999999999997158, 1.200000000000000178 ) ) ;
#7723 = EDGE_CURVE ( 'NONE', #10807, #10502, #3017, .T. ) ;
#7724 = ORIENTED_EDGE ( 'NONE', *, *, #1504, .F. ) ;
#7725 = ADVANCED_FACE ( 'NONE', ( #8218 ), #235, .T. ) ;
#7726 = PLANE ( 'NONE',  #6546 ) ;
#7727 = SURFACE_STYLE_FILL_AREA ( #8627 ) ;
#7728 = ORIENTED_EDGE ( 'NONE', *, *, #7706, .F. ) ;
#7729 = STYLED_ITEM ( 'NONE', ( #4792 ), #4662 ) ;
#7730 = EDGE_LOOP ( 'NONE', ( #11848, #11240, #4557, #11495 ) ) ;
#7731 =( LENGTH_UNIT ( ) NAMED_UNIT ( * ) SI_UNIT ( .MILLI., .METRE. ) );
#7732 = CARTESIAN_POINT ( 'NONE',  ( 4.719581602308915436, 0.05721166191411014568, 1.500000000000000000 ) ) ;
#7733 = SURFACE_STYLE_FILL_AREA ( #10404 ) ;
#7734 = DIRECTION ( 'NONE',  ( 1.000000000000000000, -0.000000000000000000, -0.000000000000000000 ) ) ;
#7735 = CARTESIAN_POINT ( 'NONE',  ( 2.292975979834980471, -0.6427883380858903095, 1.399999999999999911 ) ) ;
#7736 = CARTESIAN_POINT ( 'NONE',  ( -0.000000000000000000, 2.147362469743642865, 0.000000000000000000 ) ) ;
#7737 = LINE ( 'NONE', #310, #945 ) ;
#7738 = ORIENTED_EDGE ( 'NONE', *, *, #9047, .T. ) ;
#7739 = COLOUR_RGB ( '',1.000000000000000000, 1.000000000000000000, 0.5019607843137254832 ) ;
#7740 = EDGE_CURVE ( 'NONE', #8178, #2281, #7781, .T. ) ;
#7741 = ORIENTED_EDGE ( 'NONE', *, *, #2485, .F. ) ;
#7742 = ORIENTED_EDGE ( 'NONE', *, *, #7784, .T. ) ;
#7743 = VECTOR ( 'NONE', #5388, 1000.000000000000000 ) ;
#7744 = ORIENTED_EDGE ( 'NONE', *, *, #1965, .T. ) ;
#7745 = FACE_OUTER_BOUND ( 'NONE', #5910, .T. ) ;
#7746 = VERTEX_POINT ( 'NONE', #2158 ) ;
#7747 = FILL_AREA_STYLE_COLOUR ( '', #7867 ) ;
#7748 = MECHANICAL_DESIGN_GEOMETRIC_PRESENTATION_REPRESENTATION (  '', ( #9291 ), #11436 ) ;
#7749 = CARTESIAN_POINT ( 'NONE',  ( 0.9999999999999976685, -4.999999999999997335, 1.200000000000000178 ) ) ;
#7750 =( GEOMETRIC_REPRESENTATION_CONTEXT ( 3 ) GLOBAL_UNCERTAINTY_ASSIGNED_CONTEXT ( ( #4612 ) ) GLOBAL_UNIT_ASSIGNED_CONTEXT ( ( #6938, #10647, #10706 ) ) REPRESENTATION_CONTEXT ( 'NONE', 'WORKASPACE' ) );
#7751 = PRESENTATION_STYLE_ASSIGNMENT (( #6637 ) ) ;
#7752 = EDGE_CURVE ( 'NONE', #350, #9123, #3245, .T. ) ;
#7753 = CARTESIAN_POINT ( 'NONE',  ( 0.000000000000000000, 2.656906106631963915, 1.100000000000000089 ) ) ;
#7754 = DIRECTION ( 'NONE',  ( 1.000000000000000000, 0.000000000000000000, 0.000000000000000000 ) ) ;
#7755 =( NAMED_UNIT ( * ) SI_UNIT ( $, .STERADIAN. ) SOLID_ANGLE_UNIT ( ) );
#7756 =( NAMED_UNIT ( * ) SI_UNIT ( $, .STERADIAN. ) SOLID_ANGLE_UNIT ( ) );
#7757 = ORIENTED_EDGE ( 'NONE', *, *, #4575, .T. ) ;
#7758 = VECTOR ( 'NONE', #5731, 1000.000000000000000 ) ;
#7759 = ORIENTED_EDGE ( 'NONE', *, *, #9047, .F. ) ;
#7760 = VECTOR ( 'NONE', #9342, 1000.000000000000000 ) ;
#7761 = DIRECTION ( 'NONE',  ( -0.000000000000000000, -0.000000000000000000, -1.000000000000000000 ) ) ;
#7762 = LINE ( 'NONE', #271, #1855 ) ;
#7763 = LINE ( 'NONE', #2080, #11459 ) ;
#7764 = FACE_OUTER_BOUND ( 'NONE', #7124, .T. ) ;
#7765 = PRESENTATION_STYLE_ASSIGNMENT (( #9581 ) ) ;
#7766 = SURFACE_SIDE_STYLE ('',( #5752 ) ) ;
#7767 = STYLED_ITEM ( 'NONE', ( #9070 ), #8714 ) ;
#7768 = CARTESIAN_POINT ( 'NONE',  ( -3.499999999999999112, -4.099999999999996980, 1.000000000000000000 ) ) ;
#7769 =( LENGTH_UNIT ( ) NAMED_UNIT ( * ) SI_UNIT ( .MILLI., .METRE. ) );
#7770 = LINE ( 'NONE', #3063, #5200 ) ;
#7771 = CARTESIAN_POINT ( 'NONE',  ( 2.292975979834980471, -1.142788338085890087, 1.399999999999999911 ) ) ;
#7772 = PRESENTATION_LAYER_ASSIGNMENT (  '', '', ( #1340 ) ) ;
#7773 = CARTESIAN_POINT ( 'NONE',  ( 3.300000000000001155, -4.968682383288471449, 1.800000000000000266 ) ) ;
#7774 = ADVANCED_FACE ( 'NONE', ( #6793 ), #4960, .F. ) ;
#7775 = ORIENTED_EDGE ( 'NONE', *, *, #2014, .T. ) ;
#7776 = ORIENTED_EDGE ( 'NONE', *, *, #3742, .F. ) ;
#7777 = VECTOR ( 'NONE', #10328, 1000.000000000000000 ) ;
#7778 = CARTESIAN_POINT ( 'NONE',  ( -4.000000000000000888, -4.449999999999997513, 1.200000000000000178 ) ) ;
#7779 = FACE_OUTER_BOUND ( 'NONE', #1026, .T. ) ;
#7780 = VERTEX_POINT ( 'NONE', #9767 ) ;
#7781 = LINE ( 'NONE', #11479, #2330 ) ;
#7782 = CARTESIAN_POINT ( 'NONE',  ( -2.097642652873966007, 0.000000000000000000, 1.100000000000000089 ) ) ;
#7783 = VECTOR ( 'NONE', #11335, 1000.000000000000000 ) ;
#7784 = EDGE_CURVE ( 'NONE', #6940, #2291, #7805, .T. ) ;
#7785 = UNCERTAINTY_MEASURE_WITH_UNIT (LENGTH_MEASURE( 1.000000000000000082E-05 ), #4565, 'distance_accuracy_value', 'NONE');
#7786 = ORIENTED_EDGE ( 'NONE', *, *, #11092, .T. ) ;
#7787 = EDGE_CURVE ( 'NONE', #226, #9240, #6973, .T. ) ;
#7788 = SURFACE_STYLE_USAGE ( .BOTH. , #11486 ) ;
#7789 =( NAMED_UNIT ( * ) SI_UNIT ( $, .STERADIAN. ) SOLID_ANGLE_UNIT ( ) );
#7790 = ADVANCED_FACE ( 'NONE', ( #5079 ), #5133, .F. ) ;
#7791 = EDGE_LOOP ( 'NONE', ( #3613, #10028, #1640, #3900 ) ) ;
#7792 = EDGE_LOOP ( 'NONE', ( #1285, #71, #110, #7322, #3502, #7738 ) ) ;
#7793 = PRESENTATION_STYLE_ASSIGNMENT (( #472 ) ) ;
#7794 =( LENGTH_UNIT ( ) NAMED_UNIT ( * ) SI_UNIT ( .MILLI., .METRE. ) );
#7795 = CARTESIAN_POINT ( 'NONE',  ( -0.6900000000000005018, -7.994982302604838331, 1.100000000000000089 ) ) ;
#7796 = CARTESIAN_POINT ( 'NONE',  ( 3.500000000000000888, -2.768682383288471271, 1.000000000000000000 ) ) ;
#7797 = DIRECTION ( 'NONE',  ( 0.000000000000000000, -1.000000000000000000, 0.000000000000000000 ) ) ;
#7798 = DIRECTION ( 'NONE',  ( -1.000000000000000000, 0.000000000000000000, -0.000000000000000000 ) ) ;
#7799 = DIRECTION ( 'NONE',  ( -0.000000000000000000, -0.000000000000000000, 1.000000000000000000 ) ) ;
#7800 = EDGE_LOOP ( 'NONE', ( #7909, #801, #2668, #1605 ) ) ;
#7801 = VECTOR ( 'NONE', #9847, 1000.000000000000000 ) ;
#7802 = EDGE_CURVE ( 'NONE', #4296, #8935, #3311, .T. ) ;
#7803 = ORIENTED_EDGE ( 'NONE', *, *, #2557, .F. ) ;
#7804 = ORIENTED_EDGE ( 'NONE', *, *, #5406, .T. ) ;
#7805 = CIRCLE ( 'NONE', #3310, 0.5000000000000004441 ) ;
#7806 = VERTEX_POINT ( 'NONE', #2219 ) ;
#7807 = DIRECTION ( 'NONE',  ( -1.000000000000000000, -0.000000000000000000, -0.000000000000000000 ) ) ;
#7808 = SURFACE_STYLE_FILL_AREA ( #3158 ) ;
#7809 = PLANE ( 'NONE',  #2240 ) ;
#7810 = MECHANICAL_DESIGN_GEOMETRIC_PRESENTATION_REPRESENTATION (  '', ( #6890 ), #41 ) ;
#7811 = DIRECTION ( 'NONE',  ( 0.000000000000000000, 1.000000000000000000, 0.000000000000000000 ) ) ;
#7812 = SURFACE_STYLE_FILL_AREA ( #10428 ) ;
#7813 = ORIENTED_EDGE ( 'NONE', *, *, #6800, .F. ) ;
#7814 = ORIENTED_EDGE ( 'NONE', *, *, #3143, .T. ) ;
#7815 = MECHANICAL_DESIGN_GEOMETRIC_PRESENTATION_REPRESENTATION (  '', ( #8581 ), #4876 ) ;
#7816 = DIRECTION ( 'NONE',  ( 0.000000000000000000, 0.000000000000000000, 1.000000000000000000 ) ) ;
#7817 = VECTOR ( 'NONE', #10275, 1000.000000000000000 ) ;
#7818 = FILL_AREA_STYLE_COLOUR ( '', #10842 ) ;
#7819 = CARTESIAN_POINT ( 'NONE',  ( -2.828786089951735416, 2.295341782195420954, 1.000000000000000000 ) ) ;
#7820 = DIRECTION ( 'NONE',  ( 1.000000000000000000, 0.000000000000000000, 0.000000000000000000 ) ) ;
#7821 = CARTESIAN_POINT ( 'NONE',  ( -6.000000000000002665, 9.000000000000001776, 1.000000000000000000 ) ) ;
#7822 = MECHANICAL_DESIGN_GEOMETRIC_PRESENTATION_REPRESENTATION (  '', ( #1971 ), #10543 ) ;
#7823 = CARTESIAN_POINT ( 'NONE',  ( 1.080000000000000737, -7.994982302604838331, 0.000000000000000000 ) ) ;
#7824 =( LENGTH_UNIT ( ) NAMED_UNIT ( * ) SI_UNIT ( .MILLI., .METRE. ) );
#7825 = ORIENTED_EDGE ( 'NONE', *, *, #10653, .F. ) ;
#7826 = ORIENTED_EDGE ( 'NONE', *, *, #860, .F. ) ;
#7827 = AXIS2_PLACEMENT_3D ( 'NONE', #4216, #3422, #4278 ) ;
#7828 = ADVANCED_FACE ( 'NONE', ( #5953 ), #7834, .F. ) ;
#7829 =( NAMED_UNIT ( * ) PLANE_ANGLE_UNIT ( ) SI_UNIT ( $, .RADIAN. ) );
#7831 = EDGE_CURVE ( 'NONE', #11873, #4120, #5018, .T. ) ;
#7830 = DIRECTION ( 'NONE',  ( 0.000000000000000000, 0.000000000000000000, 1.000000000000000000 ) ) ;
#7832 = CARTESIAN_POINT ( 'NONE',  ( 0.6206396308812188733, 2.295341782195420954, 0.000000000000000000 ) ) ;
#7833 = VERTEX_POINT ( 'NONE', #7719 ) ;
#7834 = PLANE ( 'NONE',  #5658 ) ;
#7835 = PRESENTATION_LAYER_ASSIGNMENT (  '', '', ( #8612 ) ) ;
#7836 = LINE ( 'NONE', #9536, #6640 ) ;
#7837 = EDGE_LOOP ( 'NONE', ( #2196, #10620, #8674, #6754 ) ) ;
#7838 = MECHANICAL_DESIGN_GEOMETRIC_PRESENTATION_REPRESENTATION (  '', ( #832 ), #7053 ) ;
#7839 = EDGE_CURVE ( 'NONE', #9113, #1897, #2270, .T. ) ;
#7840 = SURFACE_STYLE_FILL_AREA ( #4178 ) ;
#7841 = ORIENTED_EDGE ( 'NONE', *, *, #3679, .F. ) ;
#7842 = ORIENTED_EDGE ( 'NONE', *, *, #68, .T. ) ;
#7843 = LINE ( 'NONE', #6864, #482 ) ;
#7844 = EDGE_CURVE ( 'NONE', #6418, #11559, #1489, .T. ) ;
#7845 = CARTESIAN_POINT ( 'NONE',  ( -0.5000000000000026645, -1.499999999999997335, 1.200000000000000178 ) ) ;
#7846 = ADVANCED_FACE ( 'NONE', ( #3183 ), #10626, .F. ) ;
#7847 = DIRECTION ( 'NONE',  ( 0.000000000000000000, 0.000000000000000000, -1.000000000000000000 ) ) ;
#7848 = CIRCLE ( 'NONE', #1244, 0.6205955535903713294 ) ;
#7849 = DIRECTION ( 'NONE',  ( -0.000000000000000000, 0.000000000000000000, 1.000000000000000000 ) ) ;
#7850 = ORIENTED_EDGE ( 'NONE', *, *, #2293, .T. ) ;
#7851 = ORIENTED_EDGE ( 'NONE', *, *, #717, .T. ) ;
#7852 = VECTOR ( 'NONE', #11508, 1000.000000000000000 ) ;
#7853 = VERTEX_POINT ( 'NONE', #9946 ) ;
#7854 = CARTESIAN_POINT ( 'NONE',  ( 0.4999999999999893974, -2.799999999999997158, 1.200000000000000178 ) ) ;
#7855 = STYLED_ITEM ( 'NONE', ( #3799 ), #467 ) ;
#7856 = EDGE_LOOP ( 'NONE', ( #12035, #3, #7953, #4064 ) ) ;
#7857 = LINE ( 'NONE', #7972, #10000 ) ;
#7858 =( NAMED_UNIT ( * ) SI_UNIT ( $, .STERADIAN. ) SOLID_ANGLE_UNIT ( ) );
#7859 = PLANE ( 'NONE',  #9655 ) ;
#7860 =( NAMED_UNIT ( * ) SI_UNIT ( $, .STERADIAN. ) SOLID_ANGLE_UNIT ( ) );
#7861 = CARTESIAN_POINT ( 'NONE',  ( -2.097642652873966007, 8.469867354517257141, 1.100000000000000089 ) ) ;
#7862 = LINE ( 'NONE', #2304, #4768 ) ;
#7863 = FACE_BOUND ( 'NONE', #8432, .T. ) ;
#7864 = LINE ( 'NONE', #6141, #10985 ) ;
#7865 = AXIS2_PLACEMENT_3D ( 'NONE', #4002, #4183, #9549 ) ;
#7866 = EDGE_LOOP ( 'NONE', ( #8544, #5983, #1942, #1134 ) ) ;
#7867 = COLOUR_RGB ( '',0.7960784313725489669, 0.8235294117647058432, 0.9372549019607843146 ) ;
#7868 = ORIENTED_EDGE ( 'NONE', *, *, #12036, .F. ) ;
#7869 = VECTOR ( 'NONE', #2821, 1000.000000000000000 ) ;
#7870 = CARTESIAN_POINT ( 'NONE',  ( 0.9999999999999893419, -2.799999999999997158, 1.000000000000000000 ) ) ;
#7871 = LINE ( 'NONE', #6954, #10775 ) ;
#7872 = CARTESIAN_POINT ( 'NONE',  ( 3.500000000000001332, -5.168682383288471627, 1.700000000000000178 ) ) ;
#7873 = DIRECTION ( 'NONE',  ( -0.000000000000000000, -0.000000000000000000, -1.000000000000000000 ) ) ;
#7874 = DIRECTION ( 'NONE',  ( 1.000000000000000000, 0.000000000000000000, 0.000000000000000000 ) ) ;
#7875 = CARTESIAN_POINT ( 'NONE',  ( -3.702035936607396049, 5.496005818493205908, 1.100000000000000089 ) ) ;
#7876 = FACE_OUTER_BOUND ( 'NONE', #81, .T. ) ;
#7877 = AXIS2_PLACEMENT_3D ( 'NONE', #8159, #2787, #6263 ) ;
#7878 = SURFACE_STYLE_FILL_AREA ( #10552 ) ;
#7879 = SURFACE_STYLE_USAGE ( .BOTH. , #6784 ) ;
#7880 = CIRCLE ( 'NONE', #113, 0.5000000000000004441 ) ;
#7881 =( GEOMETRIC_REPRESENTATION_CONTEXT ( 3 ) GLOBAL_UNCERTAINTY_ASSIGNED_CONTEXT ( ( #9712 ) ) GLOBAL_UNIT_ASSIGNED_CONTEXT ( ( #7642, #2209, #2027 ) ) REPRESENTATION_CONTEXT ( 'NONE', 'WORKASPACE' ) );
#7882 = CIRCLE ( 'NONE', #5744, 0.1000000000000002554 ) ;
#7883 = ORIENTED_EDGE ( 'NONE', *, *, #6498, .T. ) ;
#7884 = EDGE_CURVE ( 'NONE', #4338, #9965, #3433, .T. ) ;
#7885 = EDGE_CURVE ( 'NONE', #11108, #8629, #5853, .T. ) ;
#7886 = ORIENTED_EDGE ( 'NONE', *, *, #11994, .T. ) ;
#7887 = LINE ( 'NONE', #8854, #8066 ) ;
#7888 = DIRECTION ( 'NONE',  ( -1.000000000000000000, -1.927470528863119049E-16, 0.000000000000000000 ) ) ;
#7889 = DIRECTION ( 'NONE',  ( -1.000000000000000000, 0.000000000000000000, 0.000000000000000000 ) ) ;
#7890 = VECTOR ( 'NONE', #1514, 1000.000000000000000 ) ;
#7891 = FILL_AREA_STYLE ('',( #4162 ) ) ;
#7892 = ORIENTED_EDGE ( 'NONE', *, *, #6848, .T. ) ;
#7893 = DIRECTION ( 'NONE',  ( 1.000000000000000000, -0.000000000000000000, 0.000000000000000000 ) ) ;
#7894 = FACE_OUTER_BOUND ( 'NONE', #2424, .T. ) ;
#7895 =( LENGTH_UNIT ( ) NAMED_UNIT ( * ) SI_UNIT ( .MILLI., .METRE. ) );
#7896 = EDGE_CURVE ( 'NONE', #8473, #3852, #5191, .T. ) ;
#7897 = ORIENTED_EDGE ( 'NONE', *, *, #11342, .F. ) ;
#7898 = ORIENTED_EDGE ( 'NONE', *, *, #2863, .T. ) ;
#7899 = ORIENTED_EDGE ( 'NONE', *, *, #4646, .F. ) ;
#7900 = CARTESIAN_POINT ( 'NONE',  ( 0.000000000000000000, 0.4572116619141102234, 1.500000000000000000 ) ) ;
#7901 = DIRECTION ( 'NONE',  ( 0.000000000000000000, -1.000000000000000000, 0.000000000000000000 ) ) ;
#7902 = LINE ( 'NONE', #6065, #916 ) ;
#7903 = DIRECTION ( 'NONE',  ( -0.000000000000000000, 0.000000000000000000, -1.000000000000000000 ) ) ;
#7904 =( NAMED_UNIT ( * ) SI_UNIT ( $, .STERADIAN. ) SOLID_ANGLE_UNIT ( ) );
#7905 = CYLINDRICAL_SURFACE ( 'NONE', #1143, 0.1000000000000000472 ) ;
#7906 = UNCERTAINTY_MEASURE_WITH_UNIT (LENGTH_MEASURE( 1.000000000000000082E-05 ), #4585, 'distance_accuracy_value', 'NONE');
#7907 = ORIENTED_EDGE ( 'NONE', *, *, #3254, .F. ) ;
#7908 = VERTEX_POINT ( 'NONE', #11770 ) ;
#7909 = ORIENTED_EDGE ( 'NONE', *, *, #7047, .F. ) ;
#7910 = ORIENTED_EDGE ( 'NONE', *, *, #4022, .F. ) ;
#7911 = VECTOR ( 'NONE', #10030, 1000.000000000000000 ) ;
#7912 = AXIS2_PLACEMENT_3D ( 'NONE', #777, #11933, #3577 ) ;
#7913 = PLANE ( 'NONE',  #9 ) ;
#7914 = DIRECTION ( 'NONE',  ( 1.000000000000000000, 0.000000000000000000, 0.000000000000000000 ) ) ;
#7915 = ORIENTED_EDGE ( 'NONE', *, *, #4996, .F. ) ;
#7916 = CARTESIAN_POINT ( 'NONE',  ( -1.558619850013732266, 2.147362469743642865, 0.000000000000000000 ) ) ;
#7917 = LINE ( 'NONE', #11620, #3438 ) ;
#7918 = FACE_OUTER_BOUND ( 'NONE', #7367, .T. ) ;
#7919 = CARTESIAN_POINT ( 'NONE',  ( 0.9999999999999935607, -4.099999999999996980, 1.000000000000000000 ) ) ;
#7920 = LINE ( 'NONE', #8885, #7890 ) ;
#7921 = FACE_BOUND ( 'NONE', #3624, .T. ) ;
#7922 = AXIS2_PLACEMENT_3D ( 'NONE', #889, #644, #7287 ) ;
#7923 = ORIENTED_EDGE ( 'NONE', *, *, #6833, .F. ) ;
#7924 = ORIENTED_EDGE ( 'NONE', *, *, #5934, .T. ) ;
#7925 = EDGE_CURVE ( 'NONE', #6030, #226, #5463, .T. ) ;
#7926 = AXIS2_PLACEMENT_3D ( 'NONE', #2363, #4318, #385 ) ;
#7927 = SURFACE_STYLE_FILL_AREA ( #6834 ) ;
#7928 = FACE_OUTER_BOUND ( 'NONE', #7717, .T. ) ;
#7929 = EDGE_CURVE ( 'NONE', #10040, #8803, #8058, .T. ) ;
#7930 = CARTESIAN_POINT ( 'NONE',  ( 4.800000000000000711, -4.768682383288472160, 1.700000000000000178 ) ) ;
#7931 = DIRECTION ( 'NONE',  ( -1.000000000000000000, 0.000000000000000000, -0.000000000000000000 ) ) ;
#7932 = DIRECTION ( 'NONE',  ( 1.000000000000000000, 0.000000000000000000, 0.000000000000000000 ) ) ;
#7933 = CARTESIAN_POINT ( 'NONE',  ( 5.020639630881219340, 2.295341782195420954, 1.000000000000000000 ) ) ;
#7934 = CARTESIAN_POINT ( 'NONE',  ( -2.614552833435666468, -1.197484453166197227, 1.399999999999999911 ) ) ;
#7935 = CIRCLE ( 'NONE', #12029, 0.1000000000000000472 ) ;
#7936 = EDGE_LOOP ( 'NONE', ( #4812, #1402, #5469, #7786 ) ) ;
#7937 = VECTOR ( 'NONE', #7799, 1000.000000000000000 ) ;
#7938 = EDGE_CURVE ( 'NONE', #2862, #3947, #10703, .T. ) ;
#7939 = VERTEX_POINT ( 'NONE', #632 ) ;
#7940 = PRESENTATION_LAYER_ASSIGNMENT (  '', '', ( #1141 ) ) ;
#7941 = CARTESIAN_POINT ( 'NONE',  ( -3.500000000000000888, -4.649999999999996803, 1.200000000000000178 ) ) ;
#7942 = VECTOR ( 'NONE', #11582, 1000.000000000000000 ) ;
#7943 = CARTESIAN_POINT ( 'NONE',  ( -3.850595553590371534, -7.994982302604838331, 1.100000000000000089 ) ) ;
#7944 = CARTESIAN_POINT ( 'NONE',  ( -5.302035936607397026, 8.469867354517257141, 1.100000000000000089 ) ) ;
#7945 = CARTESIAN_POINT ( 'NONE',  ( -1.950000000000002842, -1.999999999999997335, 1.200000000000000178 ) ) ;
#7946 = ORIENTED_EDGE ( 'NONE', *, *, #10027, .T. ) ;
#7948 =( GEOMETRIC_REPRESENTATION_CONTEXT ( 3 ) GLOBAL_UNCERTAINTY_ASSIGNED_CONTEXT ( ( #7412 ) ) GLOBAL_UNIT_ASSIGNED_CONTEXT ( ( #4245, #2463, #1335 ) ) REPRESENTATION_CONTEXT ( 'NONE', 'WORKASPACE' ) );
#7947 = DIRECTION ( 'NONE',  ( 0.000000000000000000, 0.000000000000000000, 1.000000000000000000 ) ) ;
#7949 = EDGE_CURVE ( 'NONE', #6235, #4236, #4413, .T. ) ;
#7950 = CARTESIAN_POINT ( 'NONE',  ( -2.700000000000003286, -5.999999999999997335, 1.000000000000000000 ) ) ;
#7951 = CARTESIAN_POINT ( 'NONE',  ( 4.800000000000000711, -2.268682383288471271, 1.700000000000000178 ) ) ;
#7952 = EDGE_CURVE ( 'NONE', #10022, #8863, #8122, .T. ) ;
#7953 = ORIENTED_EDGE ( 'NONE', *, *, #10, .T. ) ;
#7954 = STYLED_ITEM ( 'NONE', ( #1314 ), #6689 ) ;
#7955 = VERTEX_POINT ( 'NONE', #2447 ) ;
#7956 = PRESENTATION_LAYER_ASSIGNMENT (  '', '', ( #6761 ) ) ;
#7957 = SURFACE_STYLE_USAGE ( .BOTH. , #4054 ) ;
#7958 = ORIENTED_EDGE ( 'NONE', *, *, #1618, .T. ) ;
#7959 = CIRCLE ( 'NONE', #2306, 0.1000000000000000472 ) ;
#7960 = ORIENTED_EDGE ( 'NONE', *, *, #9820, .T. ) ;
#7961 = CARTESIAN_POINT ( 'NONE',  ( -2.609404446409628875, -7.994982302604838331, 1.100000000000000089 ) ) ;
#7962 = FILL_AREA_STYLE ('',( #2459 ) ) ;
#7963 = FILL_AREA_STYLE_COLOUR ( '', #11423 ) ;
#7964 =( LENGTH_UNIT ( ) NAMED_UNIT ( * ) SI_UNIT ( .MILLI., .METRE. ) );
#7965 = CARTESIAN_POINT ( 'NONE',  ( 0.7700653517141731186, 2.295341782195420954, 1.000000000000000000 ) ) ;
#7966 = FACE_OUTER_BOUND ( 'NONE', #8130, .T. ) ;
#7967 = ORIENTED_EDGE ( 'NONE', *, *, #1493, .F. ) ;
#7968 = PRESENTATION_LAYER_ASSIGNMENT (  '', '', ( #6607 ) ) ;
#7969 = ORIENTED_EDGE ( 'NONE', *, *, #5956, .F. ) ;
#7970 = EDGE_CURVE ( 'NONE', #5944, #7459, #1727, .T. ) ;
#7971 = EDGE_LOOP ( 'NONE', ( #4593, #8198, #9736, #696 ) ) ;
#7972 = CARTESIAN_POINT ( 'NONE',  ( -0.8500000000000026423, -1.499999999999997335, 1.200000000000000178 ) ) ;
#7973 = PRESENTATION_STYLE_ASSIGNMENT (( #9792 ) ) ;
#7974 = ADVANCED_FACE ( 'NONE', ( #3491 ), #5438, .F. ) ;
#7975 = DIRECTION ( 'NONE',  ( 1.668003342285391304E-16, -1.000000000000000000, 0.000000000000000000 ) ) ;
#7976 = DIRECTION ( 'NONE',  ( 0.000000000000000000, 1.000000000000000000, -0.000000000000000000 ) ) ;
#7977 = LINE ( 'NONE', #10596, #7531 ) ;
#7978 = DIRECTION ( 'NONE',  ( -0.000000000000000000, -0.000000000000000000, -1.000000000000000000 ) ) ;
#7979 = FACE_BOUND ( 'NONE', #2883, .T. ) ;
#7980 = ORIENTED_EDGE ( 'NONE', *, *, #5545, .T. ) ;
#7981 = ORIENTED_EDGE ( 'NONE', *, *, #4925, .T. ) ;
#7982 = VECTOR ( 'NONE', #9583, 1000.000000000000000 ) ;
#7983 = SURFACE_STYLE_USAGE ( .BOTH. , #11879 ) ;
#7984 = EDGE_CURVE ( 'NONE', #1269, #1263, #7209, .T. ) ;
#7985 = DIRECTION ( 'NONE',  ( -1.000000000000000000, 0.000000000000000000, 0.000000000000000000 ) ) ;
#7986 = AXIS2_PLACEMENT_3D ( 'NONE', #489, #10477, #9561 ) ;
#7987 = CARTESIAN_POINT ( 'NONE',  ( 5.200000000000001066, -4.768682383288472160, 1.700000000000000178 ) ) ;
#7988 = CARTESIAN_POINT ( 'NONE',  ( -0.4793603691187813820, 2.295341782195420954, -29.20000000000000284 ) ) ;
#7989 = DIRECTION ( 'NONE',  ( 1.000000000000000000, 0.000000000000000000, 0.000000000000000000 ) ) ;
#7990 = SURFACE_SIDE_STYLE ('',( #11819 ) ) ;
#7991 = DIRECTION ( 'NONE',  ( 0.000000000000000000, 0.000000000000000000, 1.000000000000000000 ) ) ;
#7992 = EDGE_CURVE ( 'NONE', #10735, #12027, #9099, .T. ) ;
#7993 = DIRECTION ( 'NONE',  ( 0.000000000000000000, 0.000000000000000000, -1.000000000000000000 ) ) ;
#7994 = EDGE_LOOP ( 'NONE', ( #7600, #11625, #7428, #7551 ) ) ;
#7995 = AXIS2_PLACEMENT_3D ( 'NONE', #2137, #7811, #3961 ) ;
#7996 = VERTEX_POINT ( 'NONE', #7271 ) ;
#7997 = EDGE_CURVE ( 'NONE', #11078, #965, #4537, .T. ) ;
#7998 = SURFACE_STYLE_USAGE ( .BOTH. , #10005 ) ;
#7999 = DIRECTION ( 'NONE',  ( -0.000000000000000000, -0.000000000000000000, -1.000000000000000000 ) ) ;
#8000 = CARTESIAN_POINT ( 'NONE',  ( -2.679360369118781726, 2.295341782195420954, 1.000000000000000000 ) ) ;
#8001 = FILL_AREA_STYLE ('',( #10623 ) ) ;
#8002 = EDGE_LOOP ( 'NONE', ( #8981, #5362 ) ) ;
#8003 = AXIS2_PLACEMENT_3D ( 'NONE', #4854, #3093, #9436 ) ;
#8004 = LINE ( 'NONE', #11708, #10327 ) ;
#8005 =( NAMED_UNIT ( * ) PLANE_ANGLE_UNIT ( ) SI_UNIT ( $, .RADIAN. ) );
#8006 = SURFACE_STYLE_FILL_AREA ( #1261 ) ;
#8007 = ORIENTED_EDGE ( 'NONE', *, *, #7180, .F. ) ;
#8008 = VERTEX_POINT ( 'NONE', #6359 ) ;
#8009 = AXIS2_PLACEMENT_3D ( 'NONE', #618, #2554, #10789 ) ;
#8010 = AXIS2_PLACEMENT_3D ( 'NONE', #248, #11492, #9551 ) ;
#8011 = CARTESIAN_POINT ( 'NONE',  ( -4.516593218723101266, 0.6500997857322237117, 1.500000000000000000 ) ) ;
#8012 = VERTEX_POINT ( 'NONE', #571 ) ;
#8013 = ORIENTED_EDGE ( 'NONE', *, *, #10505, .F. ) ;
#8014 = DIRECTION ( 'NONE',  ( -0.000000000000000000, -0.000000000000000000, -1.000000000000000000 ) ) ;
#8015 = LINE ( 'NONE', #2403, #10289 ) ;
#8016 = UNCERTAINTY_MEASURE_WITH_UNIT (LENGTH_MEASURE( 1.000000000000000082E-05 ), #9216, 'distance_accuracy_value', 'NONE');
#8017 = ORIENTED_EDGE ( 'NONE', *, *, #351, .T. ) ;
#8018 = MECHANICAL_DESIGN_GEOMETRIC_PRESENTATION_REPRESENTATION (  '', ( #7439 ), #8994 ) ;
#8019 = EDGE_CURVE ( 'NONE', #9392, #11188, #2693, .T. ) ;
#8020 = ORIENTED_EDGE ( 'NONE', *, *, #7302, .F. ) ;
#8021 = CARTESIAN_POINT ( 'NONE',  ( 0.7544731550261016828, -2.389077535132158481, 1.399999999999999911 ) ) ;
#8022 = ORIENTED_EDGE ( 'NONE', *, *, #699, .F. ) ;
#8023 = CARTESIAN_POINT ( 'NONE',  ( 0.4999999999999976130, -5.199999999999997513, 1.200000000000000178 ) ) ;
#8024 = FILL_AREA_STYLE ('',( #4379 ) ) ;
#8025 =( NAMED_UNIT ( * ) PLANE_ANGLE_UNIT ( ) SI_UNIT ( $, .RADIAN. ) );
#8026 = CARTESIAN_POINT ( 'NONE',  ( -3.500000000000003109, -5.199999999999996625, 1.200000000000000178 ) ) ;
#8027 = FILL_AREA_STYLE_COLOUR ( '', #1283 ) ;
#8028 = DIRECTION ( 'NONE',  ( -0.000000000000000000, -0.000000000000000000, 1.000000000000000000 ) ) ;
#8029 = PRESENTATION_STYLE_ASSIGNMENT (( #2366 ) ) ;
#8030 = EDGE_CURVE ( 'NONE', #6475, #9123, #5371, .T. ) ;
#8031 = VERTEX_POINT ( 'NONE', #11969 ) ;
#8032 = VECTOR ( 'NONE', #6538, 1000.000000000000000 ) ;
#8033 = ADVANCED_FACE ( 'NONE', ( #11902 ), #10065, .F. ) ;
#8034 = ORIENTED_EDGE ( 'NONE', *, *, #7925, .F. ) ;
#8035 = DIRECTION ( 'NONE',  ( 0.000000000000000000, 0.000000000000000000, 1.000000000000000000 ) ) ;
#8036 = VERTEX_POINT ( 'NONE', #6419 ) ;
#8037 = DIRECTION ( 'NONE',  ( 0.000000000000000000, -0.000000000000000000, -1.000000000000000000 ) ) ;
#8038 = DIRECTION ( 'NONE',  ( -0.000000000000000000, -0.000000000000000000, -1.000000000000000000 ) ) ;
#8039 = PRESENTATION_LAYER_ASSIGNMENT (  '', '', ( #9785 ) ) ;
#8040 = DIRECTION ( 'NONE',  ( -0.000000000000000000, -0.000000000000000000, -1.000000000000000000 ) ) ;
#8041 = CARTESIAN_POINT ( 'NONE',  ( -3.230000000000000426, -7.994982302604838331, 1.100000000000000089 ) ) ;
#8042 = CARTESIAN_POINT ( 'NONE',  ( 1.850000000000000089, -7.994982302604838331, 1.100000000000000089 ) ) ;
#8043 = CARTESIAN_POINT ( 'NONE',  ( -2.500000000000003109, -5.999999999999997335, 1.000000000000000000 ) ) ;
#8044 = FILL_AREA_STYLE_COLOUR ( '', #11319 ) ;
#8045 = AXIS2_PLACEMENT_3D ( 'NONE', #665, #5478, #11806 ) ;
#8046 = FACE_OUTER_BOUND ( 'NONE', #5228, .T. ) ;
#8047 = VECTOR ( 'NONE', #7552, 1000.000000000000000 ) ;
#8048 = VERTEX_POINT ( 'NONE', #4291 ) ;
#8049 = EDGE_CURVE ( 'NONE', #5315, #9557, #8004, .T. ) ;
#8050 = COLOUR_RGB ( '',0.7960784313725489669, 0.8235294117647058432, 0.9372549019607843146 ) ;
#8051 = EDGE_LOOP ( 'NONE', ( #11629, #3517, #4559, #8657 ) ) ;
#8052 = EDGE_CURVE ( 'NONE', #1388, #7101, #10887, .T. ) ;
#8053 = CARTESIAN_POINT ( 'NONE',  ( 3.100000000000000977, -4.768682383288472160, 1.700000000000000178 ) ) ;
#8054 = CARTESIAN_POINT ( 'NONE',  ( 0.4999999999999891753, -2.999999999999996891, 1.200000000000000178 ) ) ;
#8055 = PRESENTATION_LAYER_ASSIGNMENT (  '', '', ( #2605 ) ) ;
#8056 = SURFACE_STYLE_USAGE ( .BOTH. , #7144 ) ;
#8057 = ORIENTED_EDGE ( 'NONE', *, *, #7992, .F. ) ;
#8058 = LINE ( 'NONE', #1606, #1751 ) ;
#8059 = EDGE_CURVE ( 'NONE', #10017, #9513, #11221, .T. ) ;
#8060 =( GEOMETRIC_REPRESENTATION_CONTEXT ( 3 ) GLOBAL_UNCERTAINTY_ASSIGNED_CONTEXT ( ( #5111 ) ) GLOBAL_UNIT_ASSIGNED_CONTEXT ( ( #1302, #3060, #7637 ) ) REPRESENTATION_CONTEXT ( 'NONE', 'WORKASPACE' ) );
#8061 = PRESENTATION_LAYER_ASSIGNMENT (  '', '', ( #2417 ) ) ;
#8062 = LINE ( 'NONE', #4539, #3070 ) ;
#8063 = DIRECTION ( 'NONE',  ( 1.000000000000000000, 0.000000000000000000, 0.000000000000000000 ) ) ;
#8064 = ORIENTED_EDGE ( 'NONE', *, *, #8209, .F. ) ;
#8065 = ORIENTED_EDGE ( 'NONE', *, *, #2843, .T. ) ;
#8066 = VECTOR ( 'NONE', #8909, 1000.000000000000000 ) ;
#8067 = VECTOR ( 'NONE', #7122, 1000.000000000000000 ) ;
#8068 = VECTOR ( 'NONE', #7558, 1000.000000000000000 ) ;
#8069 = ADVANCED_FACE ( 'NONE', ( #10189 ), #5567, .F. ) ;
#8070 = FACE_OUTER_BOUND ( 'NONE', #10718, .T. ) ;
#8071 = ORIENTED_EDGE ( 'NONE', *, *, #6382, .F. ) ;
#8072 = ORIENTED_EDGE ( 'NONE', *, *, #3745, .T. ) ;
#8073 = DIRECTION ( 'NONE',  ( 0.000000000000000000, 1.000000000000000000, -0.000000000000000000 ) ) ;
#8074 = ADVANCED_FACE ( 'NONE', ( #7446 ), #6722, .F. ) ;
#8075 = STYLED_ITEM ( 'NONE', ( #5073 ), #3123 ) ;
#8076 = LINE ( 'NONE', #4365, #6836 ) ;
#8077 = LINE ( 'NONE', #11783, #7743 ) ;
#8078 = DIRECTION ( 'NONE',  ( -1.000000000000000000, -0.000000000000000000, 0.000000000000000000 ) ) ;
#8079 = FACE_OUTER_BOUND ( 'NONE', #6158, .T. ) ;
#8080 = STYLED_ITEM ( 'NONE', ( #3404 ), #11065 ) ;
#8081 = VERTEX_POINT ( 'NONE', #9464 ) ;
#8082 = ADVANCED_FACE ( 'NONE', ( #2754 ), #9286, .F. ) ;
#8083 = VERTEX_POINT ( 'NONE', #934 ) ;
#8084 = CARTESIAN_POINT ( 'NONE',  ( -0.7182825874325390325, 5.837225230594265568, 1.000000000000000000 ) ) ;
#8085 =( NAMED_UNIT ( * ) SI_UNIT ( $, .STERADIAN. ) SOLID_ANGLE_UNIT ( ) );
#8086 = ORIENTED_EDGE ( 'NONE', *, *, #6424, .F. ) ;
#8087 = SURFACE_STYLE_USAGE ( .BOTH. , #4378 ) ;
#8088 = SURFACE_SIDE_STYLE ('',( #3216 ) ) ;
#8089 = DIRECTION ( 'NONE',  ( -1.000000000000000000, 0.000000000000000000, -0.000000000000000000 ) ) ;
#8090 = SURFACE_SIDE_STYLE ('',( #657 ) ) ;
#8091 = EDGE_CURVE ( 'NONE', #4010, #5227, #3910, .T. ) ;
#8092 = CARTESIAN_POINT ( 'NONE',  ( -3.499999999999999112, -3.899999999999997247, 1.000000000000000000 ) ) ;
#8093 = DIRECTION ( 'NONE',  ( -1.000000000000000000, -0.000000000000000000, -0.000000000000000000 ) ) ;
#8094 = DIRECTION ( 'NONE',  ( -0.000000000000000000, 0.000000000000000000, 1.000000000000000000 ) ) ;
#8095 = EDGE_CURVE ( 'NONE', #197, #8643, #11280, .T. ) ;
#8096 = ORIENTED_EDGE ( 'NONE', *, *, #11132, .T. ) ;
#8097 =( NAMED_UNIT ( * ) PLANE_ANGLE_UNIT ( ) SI_UNIT ( $, .RADIAN. ) );
#8098 = STYLED_ITEM ( 'NONE', ( #6802 ), #249 ) ;
#8099 = ORIENTED_EDGE ( 'NONE', *, *, #8460, .F. ) ;
#8100 = SURFACE_STYLE_FILL_AREA ( #10946 ) ;
#8101 = EDGE_CURVE ( 'NONE', #2515, #2185, #11162, .T. ) ;
#8102 = ORIENTED_EDGE ( 'NONE', *, *, #836, .T. ) ;
#8103 = CARTESIAN_POINT ( 'NONE',  ( 0.4999999999999929501, -4.099999999999996980, 1.000000000000000000 ) ) ;
#8104 = CARTESIAN_POINT ( 'NONE',  ( -3.499999999999996891, -3.549999999999997158, 1.200000000000000178 ) ) ;
#8105 = DIRECTION ( 'NONE',  ( -0.000000000000000000, 0.000000000000000000, 1.000000000000000000 ) ) ;
#8106 = DIRECTION ( 'NONE',  ( -1.000000000000000000, -0.000000000000000000, -0.000000000000000000 ) ) ;
#8107 = LINE ( 'NONE', #1710, #1913 ) ;
#8108 = COLOUR_RGB ( '',1.000000000000000000, 1.000000000000000000, 0.000000000000000000 ) ;
#8109 =( LENGTH_UNIT ( ) NAMED_UNIT ( * ) SI_UNIT ( .MILLI., .METRE. ) );
#8110 = DIRECTION ( 'NONE',  ( 0.000000000000000000, 1.000000000000000000, -0.000000000000000000 ) ) ;
#8111 = FACE_OUTER_BOUND ( 'NONE', #9574, .T. ) ;
#8112 = VERTEX_POINT ( 'NONE', #10317 ) ;
#8113 = VECTOR ( 'NONE', #10359, 1000.000000000000000 ) ;
#8114 = ORIENTED_EDGE ( 'NONE', *, *, #3016, .F. ) ;
#8115 = AXIS2_PLACEMENT_3D ( 'NONE', #4852, #8575, #3942 ) ;
#8116 = ADVANCED_FACE ( 'NONE', ( #221 ), #1119, .F. ) ;
#8117 = DIRECTION ( 'NONE',  ( 1.000000000000000000, 0.000000000000000000, 0.000000000000000000 ) ) ;
#8118 = DIRECTION ( 'NONE',  ( 1.000000000000000000, 0.000000000000000000, 0.000000000000000000 ) ) ;
#8119 = DIRECTION ( 'NONE',  ( 1.000000000000000000, 1.445602896647339410E-16, -0.000000000000000000 ) ) ;
#8120 = DIRECTION ( 'NONE',  ( -1.000000000000000000, -3.645772203419547916E-17, 0.000000000000000000 ) ) ;
#8121 = ORIENTED_EDGE ( 'NONE', *, *, #1982, .T. ) ;
#8122 = LINE ( 'NONE', #8251, #4091 ) ;
#8123 = STYLED_ITEM ( 'NONE', ( #6899 ), #1445 ) ;
#8124 = CARTESIAN_POINT ( 'NONE',  ( 2.470595553590371196, -7.994982302604838331, 1.000000000000000000 ) ) ;
#8125 = ADVANCED_FACE ( 'NONE', ( #11103 ), #3804, .T. ) ;
#8127 = DIRECTION ( 'NONE',  ( 0.000000000000000000, 0.000000000000000000, -1.000000000000000000 ) ) ;
#8126 = STYLED_ITEM ( 'NONE', ( #6005 ), #6331 ) ;
#8128 = VECTOR ( 'NONE', #10014, 1000.000000000000000 ) ;
#8129 = EDGE_LOOP ( 'NONE', ( #10942, #2571, #922, #12018 ) ) ;
#8130 = EDGE_LOOP ( 'NONE', ( #11261, #668, #6965, #5304 ) ) ;
#8131 = ORIENTED_EDGE ( 'NONE', *, *, #11592, .F. ) ;
#8132 = VECTOR ( 'NONE', #11264, 1000.000000000000000 ) ;
#8133 = VECTOR ( 'NONE', #3118, 1000.000000000000000 ) ;
#8134 = DIRECTION ( 'NONE',  ( 0.000000000000000000, -0.000000000000000000, 1.000000000000000000 ) ) ;
#8135 = ORIENTED_EDGE ( 'NONE', *, *, #2335, .F. ) ;
#8136 = ORIENTED_EDGE ( 'NONE', *, *, #1132, .F. ) ;
#8137 = LINE ( 'NONE', #2022, #11741 ) ;
#8138 = SURFACE_STYLE_FILL_AREA ( #7962 ) ;
#8139 = DIRECTION ( 'NONE',  ( -0.000000000000000000, 0.000000000000000000, 1.000000000000000000 ) ) ;
#8140 = SURFACE_STYLE_USAGE ( .BOTH. , #10089 ) ;
#8141 = UNCERTAINTY_MEASURE_WITH_UNIT (LENGTH_MEASURE( 1.000000000000000082E-05 ), #10258, 'distance_accuracy_value', 'NONE');
#8142 = ORIENTED_EDGE ( 'NONE', *, *, #574, .F. ) ;
#8143 = EDGE_CURVE ( 'NONE', #10502, #11257, #11287, .T. ) ;
#8144 = VERTEX_POINT ( 'NONE', #4825 ) ;
#8145 = EDGE_CURVE ( 'NONE', #551, #8965, #4658, .T. ) ;
#8146 = CARTESIAN_POINT ( 'NONE',  ( -4.879360369118781904, 2.295341782195420954, 0.000000000000000000 ) ) ;
#8147 = COLOUR_RGB ( '',1.000000000000000000, 1.000000000000000000, 0.000000000000000000 ) ;
#8148 = DIRECTION ( 'NONE',  ( 1.000000000000000000, 0.000000000000000000, 0.000000000000000000 ) ) ;
#8149 = ORIENTED_EDGE ( 'NONE', *, *, #7097, .T. ) ;
#8150 = DIRECTION ( 'NONE',  ( -3.294643545002303750E-16, 1.000000000000000000, 0.000000000000000000 ) ) ;
#8151 = FACE_OUTER_BOUND ( 'NONE', #1490, .T. ) ;
#8152 =( LENGTH_UNIT ( ) NAMED_UNIT ( * ) SI_UNIT ( .MILLI., .METRE. ) );
#8153 = LINE ( 'NONE', #1574, #5087 ) ;
#8154 = ADVANCED_FACE ( 'NONE', ( #4600 ), #11338, .F. ) ;
#8155 = DIRECTION ( 'NONE',  ( 1.000000000000000000, 0.000000000000000000, 0.000000000000000000 ) ) ;
#8156 = DIRECTION ( 'NONE',  ( -0.000000000000000000, 0.000000000000000000, 1.000000000000000000 ) ) ;
#8157 = DIRECTION ( 'NONE',  ( 0.000000000000000000, 1.000000000000000000, 0.000000000000000000 ) ) ;
#8158 = VECTOR ( 'NONE', #2492, 1000.000000000000000 ) ;
#8159 = CARTESIAN_POINT ( 'NONE',  ( 0.000000000000000000, 0.1572116619141101512, 1.500000000000000000 ) ) ;
#8160 = VECTOR ( 'NONE', #9460, 1000.000000000000000 ) ;
#8161 =( NAMED_UNIT ( * ) SI_UNIT ( $, .STERADIAN. ) SOLID_ANGLE_UNIT ( ) );
#8162 = VERTEX_POINT ( 'NONE', #10374 ) ;
#8163 = SURFACE_STYLE_USAGE ( .BOTH. , #3649 ) ;
#8164 =( GEOMETRIC_REPRESENTATION_CONTEXT ( 3 ) GLOBAL_UNCERTAINTY_ASSIGNED_CONTEXT ( ( #2560 ) ) GLOBAL_UNIT_ASSIGNED_CONTEXT ( ( #6604, #5640, #9591 ) ) REPRESENTATION_CONTEXT ( 'NONE', 'WORKASPACE' ) );
#8165 = ORIENTED_EDGE ( 'NONE', *, *, #9481, .T. ) ;
#8166 =( GEOMETRIC_REPRESENTATION_CONTEXT ( 3 ) GLOBAL_UNCERTAINTY_ASSIGNED_CONTEXT ( ( #10925 ) ) GLOBAL_UNIT_ASSIGNED_CONTEXT ( ( #2488, #4271, #5352 ) ) REPRESENTATION_CONTEXT ( 'NONE', 'WORKASPACE' ) );
#8167 = ORIENTED_EDGE ( 'NONE', *, *, #10809, .T. ) ;
#8168 = CARTESIAN_POINT ( 'NONE',  ( -3.758619850013732222, 2.147362469743642865, -29.20000000000000284 ) ) ;
#8169 = SURFACE_STYLE_USAGE ( .BOTH. , #793 ) ;
#8170 = LINE ( 'NONE', #9271, #6095 ) ;
#8171 = DIRECTION ( 'NONE',  ( 0.000000000000000000, -1.000000000000000000, 0.000000000000000000 ) ) ;
#8172 = LINE ( 'NONE', #9871, #6017 ) ;
#8173 = CYLINDRICAL_SURFACE ( 'NONE', #1069, 0.1000000000000000472 ) ;
#8174 = DIRECTION ( 'NONE',  ( -1.458308881367819166E-16, 1.000000000000000000, 0.000000000000000000 ) ) ;
#8175 = FACE_OUTER_BOUND ( 'NONE', #1996, .T. ) ;
#8176 = VERTEX_POINT ( 'NONE', #3738 ) ;
#8177 =( GEOMETRIC_REPRESENTATION_CONTEXT ( 3 ) GLOBAL_UNCERTAINTY_ASSIGNED_CONTEXT ( ( #11554 ) ) GLOBAL_UNIT_ASSIGNED_CONTEXT ( ( #3336, #1571, #5278 ) ) REPRESENTATION_CONTEXT ( 'NONE', 'WORKASPACE' ) );
#8178 = VERTEX_POINT ( 'NONE', #12028 ) ;
#8179 = UNCERTAINTY_MEASURE_WITH_UNIT (LENGTH_MEASURE( 1.000000000000000082E-05 ), #5499, 'distance_accuracy_value', 'NONE');
#8180 = LINE ( 'NONE', #746, #9026 ) ;
#8181 = DIRECTION ( 'NONE',  ( 1.000000000000000000, 0.000000000000000000, 0.000000000000000000 ) ) ;
#8182 = CARTESIAN_POINT ( 'NONE',  ( -6.000000000000002665, 9.000000000000001776, 1.000000000000000000 ) ) ;
#8183 = CARTESIAN_POINT ( 'NONE',  ( -5.192492299719079440, -4.811223858797751163, 1.399999999999999911 ) ) ;
#8184 = ORIENTED_EDGE ( 'NONE', *, *, #5386, .T. ) ;
#8185 = VECTOR ( 'NONE', #7392, 1000.000000000000000 ) ;
#8186 = DIRECTION ( 'NONE',  ( -0.000000000000000000, -0.000000000000000000, 1.000000000000000000 ) ) ;
#8187 = DIRECTION ( 'NONE',  ( -1.000000000000000000, 0.000000000000000000, 0.000000000000000000 ) ) ;
#8188 = PLANE ( 'NONE',  #1698 ) ;
#8189 = MECHANICAL_DESIGN_GEOMETRIC_PRESENTATION_REPRESENTATION (  '', ( #426 ), #6626 ) ;
#8190 = DIRECTION ( 'NONE',  ( -0.000000000000000000, -0.000000000000000000, -1.000000000000000000 ) ) ;
#8191 =( NAMED_UNIT ( * ) PLANE_ANGLE_UNIT ( ) SI_UNIT ( $, .RADIAN. ) );
#8192 = AXIS2_PLACEMENT_3D ( 'NONE', #7648, #4836, #11231 ) ;
#8193 = VERTEX_POINT ( 'NONE', #1055 ) ;
#8194 = VERTEX_POINT ( 'NONE', #8552 ) ;
#8195 = ORIENTED_EDGE ( 'NONE', *, *, #4246, .F. ) ;
#8196 = EDGE_CURVE ( 'NONE', #10031, #471, #4765, .T. ) ;
#8197 = VECTOR ( 'NONE', #5902, 1000.000000000000000 ) ;
#8198 = ORIENTED_EDGE ( 'NONE', *, *, #620, .T. ) ;
#8199 = EDGE_LOOP ( 'NONE', ( #2357, #10157, #1781, #9098 ) ) ;
#8200 = CARTESIAN_POINT ( 'NONE',  ( 2.693302080695410439, 3.056906106631963826, 1.000000000000000000 ) ) ;
#8201 = VECTOR ( 'NONE', #1375, 1000.000000000000000 ) ;
#8202 = DIRECTION ( 'NONE',  ( 0.000000000000000000, -1.000000000000000000, 0.000000000000000000 ) ) ;
#8203 = CARTESIAN_POINT ( 'NONE',  ( 2.292975979834980471, -0.6427883380858903095, 1.500000000000000000 ) ) ;
#8204 = FILL_AREA_STYLE ('',( #7225 ) ) ;
#8205 = CARTESIAN_POINT ( 'NONE',  ( 5.170065351714173474, 2.295341782195420954, -29.20000000000000284 ) ) ;
#8206 = ORIENTED_EDGE ( 'NONE', *, *, #1319, .T. ) ;
#8207 = STYLED_ITEM ( 'NONE', ( #10260 ), #2440 ) ;
#8208 = UNCERTAINTY_MEASURE_WITH_UNIT (LENGTH_MEASURE( 1.000000000000000082E-05 ), #8478, 'distance_accuracy_value', 'NONE');
#8209 = EDGE_CURVE ( 'NONE', #2380, #3715, #10497, .T. ) ;
#8210 = AXIS2_PLACEMENT_3D ( 'NONE', #1214, #11373, #11550 ) ;
#8211 = CARTESIAN_POINT ( 'NONE',  ( -1.050000000000002709, -6.499999999999997335, 1.200000000000000178 ) ) ;
#8212 = CARTESIAN_POINT ( 'NONE',  ( 1.850000000000000089, -7.994982302604838331, 1.000000000000000000 ) ) ;
#8213 = COLOUR_RGB ( '',1.000000000000000000, 1.000000000000000000, 0.000000000000000000 ) ;
#8214 = ORIENTED_EDGE ( 'NONE', *, *, #9296, .F. ) ;
#8215 = EDGE_CURVE ( 'NONE', #2542, #1269, #1303, .T. ) ;
#8216 = ORIENTED_EDGE ( 'NONE', *, *, #6130, .F. ) ;
#8217 =( NAMED_UNIT ( * ) SI_UNIT ( $, .STERADIAN. ) SOLID_ANGLE_UNIT ( ) );
#8218 = FACE_OUTER_BOUND ( 'NONE', #3252, .T. ) ;
#8219 = CARTESIAN_POINT ( 'NONE',  ( -0.000000000000000000, 0.5500997857322237339, 1.000000000000000000 ) ) ;
#8220 = EDGE_CURVE ( 'NONE', #11730, #1509, #6901, .T. ) ;
#8221 = CARTESIAN_POINT ( 'NONE',  ( -2.500000000000003109, -1.999999999999997335, 1.200000000000000178 ) ) ;
#8222 = CIRCLE ( 'NONE', #260, 0.5000000000000008882 ) ;
#8223 = DIRECTION ( 'NONE',  ( 1.000000000000000000, 0.000000000000000000, 0.000000000000000000 ) ) ;
#8224 = LINE ( 'NONE', #3582, #4442 ) ;
#8225 = ORIENTED_EDGE ( 'NONE', *, *, #12016, .F. ) ;
#8226 = ORIENTED_EDGE ( 'NONE', *, *, #10153, .F. ) ;
#8227 = COLOUR_RGB ( '',1.000000000000000000, 1.000000000000000000, 0.5019607843137254832 ) ;
#8228 = DIRECTION ( 'NONE',  ( 1.000000000000000000, 0.000000000000000000, -0.000000000000000000 ) ) ;
#8229 = ORIENTED_EDGE ( 'NONE', *, *, #7896, .T. ) ;
#8230 = DIRECTION ( 'NONE',  ( 1.000000000000000000, 0.000000000000000000, 0.000000000000000000 ) ) ;
#8231 = DIRECTION ( 'NONE',  ( 0.000000000000000000, -1.000000000000000000, 0.000000000000000000 ) ) ;
#8232 = CARTESIAN_POINT ( 'NONE',  ( 3.300000000000001155, -4.968682383288471449, 1.800000000000000266 ) ) ;
#8233 = DIRECTION ( 'NONE',  ( 1.000000000000000000, 0.000000000000000000, 0.000000000000000000 ) ) ;
#8234 = CARTESIAN_POINT ( 'NONE',  ( -0.6287860899517355717, 2.295341782195420954, 1.000000000000000000 ) ) ;
#8235 = CARTESIAN_POINT ( 'NONE',  ( 0.5799999999999997380, -7.994982302604838331, 0.000000000000000000 ) ) ;
#8236 =( NAMED_UNIT ( * ) PLANE_ANGLE_UNIT ( ) SI_UNIT ( $, .RADIAN. ) );
#8237 = PRESENTATION_STYLE_ASSIGNMENT (( #4527 ) ) ;
#8238 = DIRECTION ( 'NONE',  ( -0.000000000000000000, 0.000000000000000000, 1.000000000000000000 ) ) ;
#8239 = AXIS2_PLACEMENT_3D ( 'NONE', #7832, #5764, #4837 ) ;
#8240 = VERTEX_POINT ( 'NONE', #8781 ) ;
#8241 = EDGE_LOOP ( 'NONE', ( #269, #365, #2692, #664, #3276, #10898 ) ) ;
#8242 = STYLED_ITEM ( 'NONE', ( #7751 ), #4402 ) ;
#8243 =( NAMED_UNIT ( * ) SI_UNIT ( $, .STERADIAN. ) SOLID_ANGLE_UNIT ( ) );
#8244 = CARTESIAN_POINT ( 'NONE',  ( -2.580595553590371516, -7.994982302604838331, 1.000000000000000000 ) ) ;
#8245 = CIRCLE ( 'NONE', #5924, 0.1494257208329539954 ) ;
#8246 = CARTESIAN_POINT ( 'NONE',  ( -2.097642652873966007, 0.000000000000000000, 1.100000000000000089 ) ) ;
#8247 = PRESENTATION_STYLE_ASSIGNMENT (( #2629 ) ) ;
#8248 = LINE ( 'NONE', #1780, #5308 ) ;
#8249 = ORIENTED_EDGE ( 'NONE', *, *, #8472, .T. ) ;
#8250 =( GEOMETRIC_REPRESENTATION_CONTEXT ( 3 ) GLOBAL_UNCERTAINTY_ASSIGNED_CONTEXT ( ( #984 ) ) GLOBAL_UNIT_ASSIGNED_CONTEXT ( ( #784, #8097, #10232 ) ) REPRESENTATION_CONTEXT ( 'NONE', 'WORKASPACE' ) );
#8251 = CARTESIAN_POINT ( 'NONE',  ( -1.400000000000002798, -5.999999999999997335, 1.200000000000000178 ) ) ;
#8252 = DIRECTION ( 'NONE',  ( -0.000000000000000000, -0.000000000000000000, -1.000000000000000000 ) ) ;
#8253 = FILL_AREA_STYLE ('',( #877 ) ) ;
#8254 = LINE ( 'NONE', #7576, #2408 ) ;
#8255 = EDGE_CURVE ( 'NONE', #95, #5992, #8568, .T. ) ;
#8256 = VECTOR ( 'NONE', #4731, 1000.000000000000000 ) ;
#8257 = ORIENTED_EDGE ( 'NONE', *, *, #63, .F. ) ;
#8258 = ORIENTED_EDGE ( 'NONE', *, *, #3745, .F. ) ;
#8259 = VECTOR ( 'NONE', #9578, 1000.000000000000000 ) ;
#8260 = AXIS2_PLACEMENT_3D ( 'NONE', #2000, #1097, #6757 ) ;
#8261 = DIRECTION ( 'NONE',  ( 0.000000000000000000, 1.000000000000000000, 0.000000000000000000 ) ) ;
#8262 = MECHANICAL_DESIGN_GEOMETRIC_PRESENTATION_REPRESENTATION (  '', ( #4157 ), #2607 ) ;
#8263 = FILL_AREA_STYLE_COLOUR ( '', #10891 ) ;
#8264 = PRESENTATION_LAYER_ASSIGNMENT (  '', '', ( #7283 ) ) ;
#8265 =( NAMED_UNIT ( * ) PLANE_ANGLE_UNIT ( ) SI_UNIT ( $, .RADIAN. ) );
#8266 = ORIENTED_EDGE ( 'NONE', *, *, #11562, .F. ) ;
#8267 = EDGE_CURVE ( 'NONE', #6235, #11272, #4945, .T. ) ;
#8268 = ORIENTED_EDGE ( 'NONE', *, *, #2653, .T. ) ;
#8269 = DIRECTION ( 'NONE',  ( 1.000000000000000000, 0.000000000000000000, 0.000000000000000000 ) ) ;
#8270 = DIRECTION ( 'NONE',  ( 0.000000000000000000, 0.000000000000000000, 1.000000000000000000 ) ) ;
#8271 = CARTESIAN_POINT ( 'NONE',  ( 0.4999999999999972800, -3.899999999999997247, 1.000000000000000000 ) ) ;
#8272 = DIRECTION ( 'NONE',  ( -0.000000000000000000, 1.000000000000000000, -0.000000000000000000 ) ) ;
#8273 = UNCERTAINTY_MEASURE_WITH_UNIT (LENGTH_MEASURE( 1.000000000000000082E-05 ), #5296, 'distance_accuracy_value', 'NONE');
#8274 = ORIENTED_EDGE ( 'NONE', *, *, #710, .F. ) ;
#8275 = PLANE ( 'NONE',  #9275 ) ;
#8276 = DIRECTION ( 'NONE',  ( 0.000000000000000000, -0.000000000000000000, 1.000000000000000000 ) ) ;
#8277 = VERTEX_POINT ( 'NONE', #6778 ) ;
#8278 = ORIENTED_EDGE ( 'NONE', *, *, #7221, .T. ) ;
#8279 = CARTESIAN_POINT ( 'NONE',  ( 1.720639630881218185, 2.295341782195420954, -29.20000000000000284 ) ) ;
#8280 = AXIS2_PLACEMENT_3D ( 'NONE', #6765, #11207, #9509 ) ;
#8281 = CARTESIAN_POINT ( 'NONE',  ( 0.000000000000000000, 5.837225230594265568, 1.100000000000000089 ) ) ;
#8282 = CARTESIAN_POINT ( 'NONE',  ( -4.000000000000000000, -7.994982302604838331, 0.000000000000000000 ) ) ;
#8283 = UNCERTAINTY_MEASURE_WITH_UNIT (LENGTH_MEASURE( 1.000000000000000082E-05 ), #7653, 'distance_accuracy_value', 'NONE');
#8284 = CARTESIAN_POINT ( 'NONE',  ( 1.254473155026101683, -1.389077535132158481, 1.500000000000000000 ) ) ;
#8285 = CARTESIAN_POINT ( 'NONE',  ( 4.999899111776169747, 2.147362469743642865, 1.000000000000000000 ) ) ;
#8286 = CARTESIAN_POINT ( 'NONE',  ( 3.889999999999998792, -7.994982302604838331, 0.000000000000000000 ) ) ;
#8287 = CARTESIAN_POINT ( 'NONE',  ( -6.000000000000000000, -8.999999999999998224, 1.000000000000000000 ) ) ;
#8288 = VERTEX_POINT ( 'NONE', #10668 ) ;
#8289 = SURFACE_STYLE_USAGE ( .BOTH. , #11874 ) ;
#8290 = ORIENTED_EDGE ( 'NONE', *, *, #8775, .T. ) ;
#8291 = VERTEX_POINT ( 'NONE', #8666 ) ;
#8292 = CARTESIAN_POINT ( 'NONE',  ( 0.000000000000000000, -5.811223858797751163, 1.000000000000000000 ) ) ;
#8293 = DIRECTION ( 'NONE',  ( -0.000000000000000000, -0.000000000000000000, 1.000000000000000000 ) ) ;
#8294 =( LENGTH_UNIT ( ) NAMED_UNIT ( * ) SI_UNIT ( .MILLI., .METRE. ) );
#8295 = DIRECTION ( 'NONE',  ( -1.927470528863119049E-16, 1.000000000000000000, -0.000000000000000000 ) ) ;
#8296 = DIRECTION ( 'NONE',  ( 1.000000000000000000, 0.000000000000000000, 0.000000000000000000 ) ) ;
#8297 = DIRECTION ( 'NONE',  ( -0.000000000000000000, 1.000000000000000000, -0.000000000000000000 ) ) ;
#8298 = DIRECTION ( 'NONE',  ( 1.000000000000000000, -0.000000000000000000, 0.000000000000000000 ) ) ;
#8299 = CARTESIAN_POINT ( 'NONE',  ( 0.9999999999999976685, -5.199999999999997513, 1.000000000000000000 ) ) ;
#8300 = CARTESIAN_POINT ( 'NONE',  ( -1.400000000000002798, -1.999999999999997335, 1.200000000000000178 ) ) ;
#8301 = ORIENTED_EDGE ( 'NONE', *, *, #7623, .F. ) ;
#8302 = EDGE_CURVE ( 'NONE', #10756, #8891, #448, .T. ) ;
#8303 = ORIENTED_EDGE ( 'NONE', *, *, #7458, .F. ) ;
#8304 = EDGE_CURVE ( 'NONE', #4011, #11305, #2317, .T. ) ;
#8305 = DIRECTION ( 'NONE',  ( 1.000000000000000000, 0.000000000000000000, 0.000000000000000000 ) ) ;
#8306 = AXIS2_PLACEMENT_3D ( 'NONE', #542, #5163, #1572 ) ;
#8307 = DIRECTION ( 'NONE',  ( -0.000000000000000000, -0.000000000000000000, -1.000000000000000000 ) ) ;
#8308 = ORIENTED_EDGE ( 'NONE', *, *, #8943, .T. ) ;
#8309 = DIRECTION ( 'NONE',  ( 0.000000000000000000, -0.000000000000000000, 1.000000000000000000 ) ) ;
#8310 = PRODUCT_DEFINITION_SHAPE ( 'NONE', 'NONE',  #10938 ) ;
#8311 = FACE_OUTER_BOUND ( 'NONE', #6395, .T. ) ;
#8312 = FACE_OUTER_BOUND ( 'NONE', #7217, .T. ) ;
#8313 = SURFACE_STYLE_USAGE ( .BOTH. , #10069 ) ;
#8314 = EDGE_CURVE ( 'NONE', #8584, #8821, #4147, .T. ) ;
#8315 = CARTESIAN_POINT ( 'NONE',  ( -3.500000000000000888, -4.649999999999996803, 1.200000000000000178 ) ) ;
#8316 = EDGE_LOOP ( 'NONE', ( #198, #6799, #10992, #1671 ) ) ;
#8317 = AXIS2_PLACEMENT_3D ( 'NONE', #10922, #5, #6431 ) ;
#8318 = VERTEX_POINT ( 'NONE', #11523 ) ;
#8319 = CIRCLE ( 'NONE', #535, 0.4000000000000001887 ) ;
#8320 = CARTESIAN_POINT ( 'NONE',  ( -6.000000000000002665, 9.000000000000001776, 1.000000000000000000 ) ) ;
#8321 = FILL_AREA_STYLE ('',( #11114 ) ) ;
#8322 = AXIS2_PLACEMENT_3D ( 'NONE', #1012, #1869, #1927 ) ;
#8323 = LINE ( 'NONE', #8385, #5106 ) ;
#8324 = EDGE_LOOP ( 'NONE', ( #8072, #5513, #9300, #11316 ) ) ;
#8325 = EDGE_CURVE ( 'NONE', #10630, #11843, #2084, .T. ) ;
#8326 = FACE_OUTER_BOUND ( 'NONE', #10115, .T. ) ;
#8327 = CARTESIAN_POINT ( 'NONE',  ( 0.4999999999999948930, -4.649999999999996803, 1.200000000000000178 ) ) ;
#8328 = FACE_OUTER_BOUND ( 'NONE', #7800, .T. ) ;
#8329 = VERTEX_POINT ( 'NONE', #7707 ) ;
#8330 = UNCERTAINTY_MEASURE_WITH_UNIT (LENGTH_MEASURE( 1.000000000000000082E-05 ), #4732, 'distance_accuracy_value', 'NONE');
#8331 = PRESENTATION_LAYER_ASSIGNMENT (  '', '', ( #1129 ) ) ;
#8332 = LINE ( 'NONE', #9250, #11013 ) ;
#8333 = DIRECTION ( 'NONE',  ( -0.000000000000000000, -0.000000000000000000, -1.000000000000000000 ) ) ;
#8334 = ORIENTED_EDGE ( 'NONE', *, *, #2755, .T. ) ;
#8335 = AXIS2_PLACEMENT_3D ( 'NONE', #11452, #4073, #5977 ) ;
#8336 = ORIENTED_EDGE ( 'NONE', *, *, #7706, .T. ) ;
#8337 =( LENGTH_UNIT ( ) NAMED_UNIT ( * ) SI_UNIT ( .MILLI., .METRE. ) );
#8338 = AXIS2_PLACEMENT_3D ( 'NONE', #7930, #1240, #6035 ) ;
#8339 = LINE ( 'NONE', #7666, #5365 ) ;
#8340 = CARTESIAN_POINT ( 'NONE',  ( -1.400000000000003242, -5.999999999999997335, 1.200000000000000178 ) ) ;
#8341 = SURFACE_STYLE_USAGE ( .BOTH. , #8090 ) ;
#8342 = CARTESIAN_POINT ( 'NONE',  ( 0.9999999999999915623, -3.549999999999997158, 1.200000000000000178 ) ) ;
#8343 = PLANE ( 'NONE',  #3255 ) ;
#8344 =( LENGTH_UNIT ( ) NAMED_UNIT ( * ) SI_UNIT ( .MILLI., .METRE. ) );
#8345 = ORIENTED_EDGE ( 'NONE', *, *, #10136, .F. ) ;
#8346 = CIRCLE ( 'NONE', #10088, 0.1494257208329539954 ) ;
#8347 = CARTESIAN_POINT ( 'NONE',  ( -2.150000000000003020, -5.999999999999997335, 1.200000000000000178 ) ) ;
#8348 = ORIENTED_EDGE ( 'NONE', *, *, #7679, .F. ) ;
#8349 = VECTOR ( 'NONE', #8515, 1000.000000000000000 ) ;
#8350 = EDGE_CURVE ( 'NONE', #965, #322, #9757, .T. ) ;
#8351 = EDGE_CURVE ( 'NONE', #2122, #6940, #6841, .T. ) ;
#8352 = ORIENTED_EDGE ( 'NONE', *, *, #4618, .F. ) ;
#8353 = FACE_OUTER_BOUND ( 'NONE', #3075, .T. ) ;
#8354 = CYLINDRICAL_SURFACE ( 'NONE', #9528, 0.1494257208329542175 ) ;
#8355 = LINE ( 'NONE', #11204, #6575 ) ;
#8356 = CARTESIAN_POINT ( 'NONE',  ( 0.4999999999999975020, -5.199999999999996625, 1.000000000000000000 ) ) ;
#8357 = FILL_AREA_STYLE_COLOUR ( '', #5921 ) ;
#8358 = AXIS2_PLACEMENT_3D ( 'NONE', #6955, #6718, #1355 ) ;
#8359 = FILL_AREA_STYLE_COLOUR ( '', #7099 ) ;
#8360 = CARTESIAN_POINT ( 'NONE',  ( -0.5001008882238309194, 2.147362469743642865, 1.000000000000000000 ) ) ;
#8361 =( NAMED_UNIT ( * ) PLANE_ANGLE_UNIT ( ) SI_UNIT ( $, .RADIAN. ) );
#8362 = VERTEX_POINT ( 'NONE', #2204 ) ;
#8363 = VERTEX_POINT ( 'NONE', #11405 ) ;
#8364 = EDGE_CURVE ( 'NONE', #4993, #4233, #10550, .T. ) ;
#8365 = VECTOR ( 'NONE', #4746, 1000.000000000000000 ) ;
#8366 = CARTESIAN_POINT ( 'NONE',  ( 5.705872757806901063, 2.856906106631964093, 1.100000000000000089 ) ) ;
#8367 = PLANE ( 'NONE',  #3994 ) ;
#8368 = DIRECTION ( 'NONE',  ( 1.000000000000000000, -0.000000000000000000, -0.000000000000000000 ) ) ;
#8369 = SURFACE_STYLE_FILL_AREA ( #7444 ) ;
#8370 =( LENGTH_UNIT ( ) NAMED_UNIT ( * ) SI_UNIT ( .MILLI., .METRE. ) );
#8371 = ORIENTED_EDGE ( 'NONE', *, *, #8890, .T. ) ;
#8372 = EDGE_CURVE ( 'NONE', #2957, #2061, #4029, .T. ) ;
#8373 = EDGE_CURVE ( 'NONE', #3634, #5695, #9695, .T. ) ;
#8374 = CARTESIAN_POINT ( 'NONE',  ( 0.000000000000000000, 0.000000000000000000, 1.200000000000000178 ) ) ;
#8375 = DIRECTION ( 'NONE',  ( -1.000000000000000000, 0.000000000000000000, 0.000000000000000000 ) ) ;
#8376 = MECHANICAL_DESIGN_GEOMETRIC_PRESENTATION_REPRESENTATION (  '', ( #6813 ), #4281 ) ;
#8377 = FILL_AREA_STYLE_COLOUR ( '', #1213 ) ;
#8378 = DIRECTION ( 'NONE',  ( 1.000000000000000000, 0.000000000000000000, 0.000000000000000000 ) ) ;
#8379 = ORIENTED_EDGE ( 'NONE', *, *, #4639, .T. ) ;
#8380 = ORIENTED_EDGE ( 'NONE', *, *, #5688, .T. ) ;
#8381 = EDGE_CURVE ( 'NONE', #702, #11182, #5937, .T. ) ;
#8382 = AXIS2_PLACEMENT_3D ( 'NONE', #48, #160, #8309 ) ;
#8383 = FILL_AREA_STYLE ('',( #4668 ) ) ;
#8384 = DIRECTION ( 'NONE',  ( -0.000000000000000000, -0.000000000000000000, -1.000000000000000000 ) ) ;
#8385 = CARTESIAN_POINT ( 'NONE',  ( 5.300000000000000711, -4.768682383288472160, 1.600000000000000089 ) ) ;
#8386 = VERTEX_POINT ( 'NONE', #5004 ) ;
#8387 = DIRECTION ( 'NONE',  ( 0.000000000000000000, 0.000000000000000000, 1.000000000000000000 ) ) ;
#8388 = AXIS2_PLACEMENT_3D ( 'NONE', #26, #2971, #1822 ) ;
#8389 = DIRECTION ( 'NONE',  ( -0.000000000000000000, 0.000000000000000000, 1.000000000000000000 ) ) ;
#8390 = CARTESIAN_POINT ( 'NONE',  ( 0.4712139100482646836, 2.295341782195420954, 1.000000000000000000 ) ) ;
#8391 = UNCERTAINTY_MEASURE_WITH_UNIT (LENGTH_MEASURE( 1.000000000000000082E-05 ), #700, 'distance_accuracy_value', 'NONE');
#8392 = ORIENTED_EDGE ( 'NONE', *, *, #7302, .T. ) ;
#8393 = SURFACE_SIDE_STYLE ('',( #4904 ) ) ;
#8394 = CARTESIAN_POINT ( 'NONE',  ( -5.702035936607396494, 8.869867354517255720, 1.100000000000000089 ) ) ;
#8395 = EDGE_LOOP ( 'NONE', ( #7489, #7742, #12005, #2788 ) ) ;
#8396 = VERTEX_POINT ( 'NONE', #8722 ) ;
#8397 =( NAMED_UNIT ( * ) PLANE_ANGLE_UNIT ( ) SI_UNIT ( $, .RADIAN. ) );
#8398 = CARTESIAN_POINT ( 'NONE',  ( 0.4999999999999976130, -5.199999999999997513, 1.200000000000000178 ) ) ;
#8399 = VECTOR ( 'NONE', #8190, 1000.000000000000000 ) ;
#8400 = CARTESIAN_POINT ( 'NONE',  ( 0.4999999999999951150, -4.449999999999997513, 1.200000000000000178 ) ) ;
#8401 = LINE ( 'NONE', #7482, #4966 ) ;
#8402 = DIRECTION ( 'NONE',  ( 0.000000000000000000, 1.000000000000000000, 0.000000000000000000 ) ) ;
#8403 = EDGE_CURVE ( 'NONE', #6923, #5039, #397, .T. ) ;
#8404 = CIRCLE ( 'NONE', #2544, 0.1000000000000000472 ) ;
#8405 = ORIENTED_EDGE ( 'NONE', *, *, #10719, .T. ) ;
#8406 = VERTEX_POINT ( 'NONE', #3973 ) ;
#8407 = EDGE_LOOP ( 'NONE', ( #11347, #5501, #4711, #4405 ) ) ;
#8408 = CARTESIAN_POINT ( 'NONE',  ( 2.693302080695410439, 2.656906106631963915, 1.000000000000000000 ) ) ;
#8409 = ORIENTED_EDGE ( 'NONE', *, *, #11923, .T. ) ;
#8410 = VECTOR ( 'NONE', #6613, 1000.000000000000000 ) ;
#8411 = LINE ( 'NONE', #434, #6204 ) ;
#8412 = CARTESIAN_POINT ( 'NONE',  ( -2.897642652873967162, 0.000000000000000000, 1.100000000000000089 ) ) ;
#8413 = PLANE ( 'NONE',  #6777 ) ;
#8414 = EDGE_CURVE ( 'NONE', #3773, #10026, #3170, .T. ) ;
#8415 = CARTESIAN_POINT ( 'NONE',  ( 3.000000000000000888, -2.768682383288471271, 1.000000000000000000 ) ) ;
#8416 = DIRECTION ( 'NONE',  ( -0.000000000000000000, -0.000000000000000000, -1.000000000000000000 ) ) ;
#8417 = DIRECTION ( 'NONE',  ( -0.000000000000000000, -0.000000000000000000, 1.000000000000000000 ) ) ;
#8418 = EDGE_CURVE ( 'NONE', #5838, #624, #1359, .T. ) ;
#8419 = ORIENTED_EDGE ( 'NONE', *, *, #4453, .F. ) ;
#8420 =( GEOMETRIC_REPRESENTATION_CONTEXT ( 3 ) GLOBAL_UNCERTAINTY_ASSIGNED_CONTEXT ( ( #8016 ) ) GLOBAL_UNIT_ASSIGNED_CONTEXT ( ( #9216, #2746, #8243 ) ) REPRESENTATION_CONTEXT ( 'NONE', 'WORKASPACE' ) );
#8421 = ORIENTED_EDGE ( 'NONE', *, *, #5354, .F. ) ;
#8422 = DIRECTION ( 'NONE',  ( 1.000000000000000000, 0.000000000000000000, 0.000000000000000000 ) ) ;
#8423 = DIRECTION ( 'NONE',  ( -0.000000000000000000, -0.000000000000000000, -1.000000000000000000 ) ) ;
#8424 = DIRECTION ( 'NONE',  ( 0.000000000000000000, -1.000000000000000000, 0.000000000000000000 ) ) ;
#8425 = LINE ( 'NONE', #10185, #6199 ) ;
#8426 = LINE ( 'NONE', #3058, #1324 ) ;
#8427 = CARTESIAN_POINT ( 'NONE',  ( 3.920639630881218807, 2.295341782195420954, -29.20000000000000284 ) ) ;
#8428 = PRESENTATION_LAYER_ASSIGNMENT (  '', '', ( #1419 ) ) ;
#8429 =( NAMED_UNIT ( * ) SI_UNIT ( $, .STERADIAN. ) SOLID_ANGLE_UNIT ( ) );
#8430 = DIRECTION ( 'NONE',  ( -1.000000000000000000, 0.000000000000000000, -0.000000000000000000 ) ) ;
#8431 = ADVANCED_FACE ( 'NONE', ( #678 ), #11951, .T. ) ;
#8432 = EDGE_LOOP ( 'NONE', ( #1995, #2752, #5384, #330 ) ) ;
#8433 = ORIENTED_EDGE ( 'NONE', *, *, #1866, .F. ) ;
#8434 = MECHANICAL_DESIGN_GEOMETRIC_PRESENTATION_REPRESENTATION (  '', ( #2790 ), #6680 ) ;
#8435 = PRESENTATION_LAYER_ASSIGNMENT (  '', '', ( #8635 ) ) ;
#8436 = EDGE_CURVE ( 'NONE', #11014, #3039, #9709, .T. ) ;
#8437 = SURFACE_STYLE_USAGE ( .BOTH. , #9474 ) ;
#8438 = ORIENTED_EDGE ( 'NONE', *, *, #6298, .F. ) ;
#8439 = PLANE ( 'NONE',  #10113 ) ;
#8440 = PRESENTATION_LAYER_ASSIGNMENT (  '', '', ( #11726 ) ) ;
#8441 = DIRECTION ( 'NONE',  ( 0.000000000000000000, -0.000000000000000000, -1.000000000000000000 ) ) ;
#8442 = FILL_AREA_STYLE_COLOUR ( '', #3055 ) ;
#8443 = VECTOR ( 'NONE', #1527, 1000.000000000000000 ) ;
#8444 = ORIENTED_EDGE ( 'NONE', *, *, #2665, .T. ) ;
#8445 = VECTOR ( 'NONE', #1406, 1000.000000000000000 ) ;
#8446 = STYLED_ITEM ( 'NONE', ( #139 ), #3653 ) ;
#8447 = EDGE_CURVE ( 'NONE', #6454, #8012, #8172, .T. ) ;
#8448 = MECHANICAL_DESIGN_GEOMETRIC_PRESENTATION_REPRESENTATION (  '', ( #11167 ), #7470 ) ;
#8449 = MECHANICAL_DESIGN_GEOMETRIC_PRESENTATION_REPRESENTATION (  '', ( #299 ), #6496 ) ;
#8450 = CARTESIAN_POINT ( 'NONE',  ( -2.679360369118781726, 2.295341782195420954, 1.000000000000000000 ) ) ;
#8451 = CIRCLE ( 'NONE', #9238, 0.1494257208329539954 ) ;
#8452 = LINE ( 'NONE', #3700, #3069 ) ;
#8453 = EDGE_CURVE ( 'NONE', #3634, #10324, #763, .T. ) ;
#8454 = ORIENTED_EDGE ( 'NONE', *, *, #7007, .T. ) ;
#8455 = ORIENTED_EDGE ( 'NONE', *, *, #8095, .F. ) ;
#8456 = PLANE ( 'NONE',  #5134 ) ;
#8457 = AXIS2_PLACEMENT_3D ( 'NONE', #7016, #6213, #10729 ) ;
#8458 = CARTESIAN_POINT ( 'NONE',  ( 3.292975979834980471, -0.6427883380858901985, 1.000000000000000000 ) ) ;
#8459 = DIRECTION ( 'NONE',  ( 0.000000000000000000, 1.000000000000000000, 0.000000000000000000 ) ) ;
#8460 = EDGE_CURVE ( 'NONE', #8556, #11613, #614, .T. ) ;
#8461 = LINE ( 'NONE', #3830, #5470 ) ;
#8462 = CARTESIAN_POINT ( 'NONE',  ( -3.730000000000001315, -7.994982302604838331, 0.000000000000000000 ) ) ;
#8463 = VECTOR ( 'NONE', #10122, 1000.000000000000000 ) ;
#8464 = CARTESIAN_POINT ( 'NONE',  ( 0.7544731550261016828, -1.489077535132158570, 1.399999999999999911 ) ) ;
#8465 = ORIENTED_EDGE ( 'NONE', *, *, #9715, .T. ) ;
#8466 = ORIENTED_EDGE ( 'NONE', *, *, #5036, .F. ) ;
#8467 = AXIS2_PLACEMENT_3D ( 'NONE', #4879, #4026, #4760 ) ;
#8468 = EDGE_LOOP ( 'NONE', ( #10285, #2539, #10235, #2559 ) ) ;
#8469 = COLOUR_RGB ( '',0.7921568627450980005, 0.8196078431372548767, 0.9333333333333333481 ) ;
#8470 = PRESENTATION_LAYER_ASSIGNMENT (  '', '', ( #3814 ) ) ;
#8471 = PRESENTATION_STYLE_ASSIGNMENT (( #4801 ) ) ;
#8472 = EDGE_CURVE ( 'NONE', #8997, #8484, #5038, .T. ) ;
#8473 = VERTEX_POINT ( 'NONE', #10952 ) ;
#8474 = CARTESIAN_POINT ( 'NONE',  ( 4.999899111776169747, 2.147362469743642865, 0.000000000000000000 ) ) ;
#8475 = CARTESIAN_POINT ( 'NONE',  ( 3.292975979834980471, -0.04278833808588956150, 1.500000000000000000 ) ) ;
#8476 = EDGE_CURVE ( 'NONE', #3947, #6480, #10728, .T. ) ;
#8477 = PLANE ( 'NONE',  #6968 ) ;
#8478 =( LENGTH_UNIT ( ) NAMED_UNIT ( * ) SI_UNIT ( .MILLI., .METRE. ) );
#8479 = FILL_AREA_STYLE_COLOUR ( '', #549 ) ;
#8480 = EDGE_CURVE ( 'NONE', #1495, #6688, #1593, .T. ) ;
#8481 = DIRECTION ( 'NONE',  ( 0.000000000000000000, 0.000000000000000000, 1.000000000000000000 ) ) ;
#8482 = DIRECTION ( 'NONE',  ( 1.000000000000000000, 0.000000000000000000, 0.000000000000000000 ) ) ;
#8483 = EDGE_LOOP ( 'NONE', ( #6785, #3237, #1323, #4137 ) ) ;
#8484 = VERTEX_POINT ( 'NONE', #8234 ) ;
#8485 = EDGE_CURVE ( 'NONE', #2698, #11471, #9144, .T. ) ;
#8486 = CARTESIAN_POINT ( 'NONE',  ( -0.000000000000000000, 1.550099785732223845, 1.000000000000000000 ) ) ;
#8487 = DIRECTION ( 'NONE',  ( 1.000000000000000000, 0.000000000000000000, 0.000000000000000000 ) ) ;
#8488 =( LENGTH_UNIT ( ) NAMED_UNIT ( * ) SI_UNIT ( .MILLI., .METRE. ) );
#8489 = DIRECTION ( 'NONE',  ( 1.000000000000000000, 0.000000000000000000, 0.000000000000000000 ) ) ;
#8490 = LINE ( 'NONE', #7571, #9787 ) ;
#8491 = CARTESIAN_POINT ( 'NONE',  ( 5.000000000000000888, -2.468682383288471449, 1.800000000000000266 ) ) ;
#8492 = DIRECTION ( 'NONE',  ( -0.000000000000000000, 0.000000000000000000, 1.000000000000000000 ) ) ;
#8493 = DIRECTION ( 'NONE',  ( -1.000000000000000000, 0.000000000000000000, -0.000000000000000000 ) ) ;
#8494 = CARTESIAN_POINT ( 'NONE',  ( 4.389999999999999680, -7.994982302604838331, 1.000000000000000000 ) ) ;
#8495 = DIRECTION ( 'NONE',  ( -0.000000000000000000, -0.000000000000000000, -1.000000000000000000 ) ) ;
#8496 = EDGE_LOOP ( 'NONE', ( #575, #6103, #10646, #3587 ) ) ;
#8497 = EDGE_CURVE ( 'NONE', #1092, #6666, #8107, .T. ) ;
#8498 = ORIENTED_EDGE ( 'NONE', *, *, #4862, .F. ) ;
#8499 =( GEOMETRIC_REPRESENTATION_CONTEXT ( 3 ) GLOBAL_UNCERTAINTY_ASSIGNED_CONTEXT ( ( #8330 ) ) GLOBAL_UNIT_ASSIGNED_CONTEXT ( ( #4732, #305, #4003 ) ) REPRESENTATION_CONTEXT ( 'NONE', 'WORKASPACE' ) );
#8500 = EDGE_CURVE ( 'NONE', #9982, #4680, #559, .T. ) ;
#8501 = CARTESIAN_POINT ( 'NONE',  ( 2.392975979834980560, -1.142788338085890087, 1.500000000000000000 ) ) ;
#8503 = EDGE_CURVE ( 'NONE', #11775, #9748, #7255, .T. ) ;
#8502 = FACE_BOUND ( 'NONE', #3513, .T. ) ;
#8504 = CARTESIAN_POINT ( 'NONE',  ( 3.192975979834980826, -0.04278833808588954762, 1.399999999999999911 ) ) ;
#8505 = ORIENTED_EDGE ( 'NONE', *, *, #344, .F. ) ;
#8506 = DIRECTION ( 'NONE',  ( 0.000000000000000000, -0.000000000000000000, -1.000000000000000000 ) ) ;
#8507 = FACE_OUTER_BOUND ( 'NONE', #988, .T. ) ;
#8508 = FILL_AREA_STYLE_COLOUR ( '', #2857 ) ;
#8509 = DIRECTION ( 'NONE',  ( 1.000000000000000000, 0.000000000000000000, 0.000000000000000000 ) ) ;
#8510 = VECTOR ( 'NONE', #4490, 1000.000000000000000 ) ;
#8511 = ORIENTED_EDGE ( 'NONE', *, *, #5559, .T. ) ;
#8512 = COLOUR_RGB ( '',1.000000000000000000, 1.000000000000000000, 0.5019607843137254832 ) ;
#8513 = CARTESIAN_POINT ( 'NONE',  ( -3.499999999999997335, -3.349999999999997424, 1.200000000000000178 ) ) ;
#8514 = CIRCLE ( 'NONE', #6762, 0.1000000000000002554 ) ;
#8515 = DIRECTION ( 'NONE',  ( -0.000000000000000000, -0.000000000000000000, -1.000000000000000000 ) ) ;
#8516 = ORIENTED_EDGE ( 'NONE', *, *, #9983, .T. ) ;
#8517 = EDGE_LOOP ( 'NONE', ( #3546, #2074, #6850, #4673 ) ) ;
#8518 =( NAMED_UNIT ( * ) SI_UNIT ( $, .STERADIAN. ) SOLID_ANGLE_UNIT ( ) );
#8519 = CARTESIAN_POINT ( 'NONE',  ( 4.719581602308915436, -0.7427883380858898432, 1.399999999999999911 ) ) ;
#8520 = DIRECTION ( 'NONE',  ( 0.000000000000000000, -0.000000000000000000, -1.000000000000000000 ) ) ;
#8521 = ADVANCED_FACE ( 'NONE', ( #2616 ), #5355, .F. ) ;
#8522 = DIRECTION ( 'NONE',  ( -1.000000000000000000, 0.000000000000000000, 0.000000000000000000 ) ) ;
#8523 = AXIS2_PLACEMENT_3D ( 'NONE', #2327, #6048, #8857 ) ;
#8524 = DIRECTION ( 'NONE',  ( 0.000000000000000000, 0.000000000000000000, -1.000000000000000000 ) ) ;
#8525 = CARTESIAN_POINT ( 'NONE',  ( -4.000000000000003553, -4.999999999999997335, 1.200000000000000178 ) ) ;
#8526 = ORIENTED_EDGE ( 'NONE', *, *, #1099, .F. ) ;
#8527 = ORIENTED_EDGE ( 'NONE', *, *, #8403, .F. ) ;
#8528 = ORIENTED_EDGE ( 'NONE', *, *, #9994, .F. ) ;
#8529 = VECTOR ( 'NONE', #10047, 1000.000000000000000 ) ;
#8530 = CARTESIAN_POINT ( 'NONE',  ( -4.516593218723101266, 1.550099785732223845, 1.500000000000000000 ) ) ;
#8531 = AXIS2_PLACEMENT_3D ( 'NONE', #11988, #6246, #6432 ) ;
#8532 = ORIENTED_EDGE ( 'NONE', *, *, #10908, .T. ) ;
#8533 = CARTESIAN_POINT ( 'NONE',  ( 2.292975979834980471, 0.000000000000000000, 1.500000000000000000 ) ) ;
#8534 = CARTESIAN_POINT ( 'NONE',  ( 0.000000000000000000, 0.000000000000000000, 1.200000000000000178 ) ) ;
#8535 = LINE ( 'NONE', #11323, #8132 ) ;
#8536 = SURFACE_STYLE_USAGE ( .BOTH. , #11268 ) ;
#8537 = DIRECTION ( 'NONE',  ( 1.000000000000000000, 0.000000000000000000, -0.000000000000000000 ) ) ;
#8538 = CARTESIAN_POINT ( 'NONE',  ( 5.200000000000001066, -2.768682383288471271, 1.700000000000000178 ) ) ;
#8539 = DIRECTION ( 'NONE',  ( -0.000000000000000000, -0.000000000000000000, -1.000000000000000000 ) ) ;
#8540 = CIRCLE ( 'NONE', #7560, 0.5000000000000008882 ) ;
#8541 = DIRECTION ( 'NONE',  ( 0.000000000000000000, 0.000000000000000000, -1.000000000000000000 ) ) ;
#8542 = ORIENTED_EDGE ( 'NONE', *, *, #6289, .T. ) ;
#8543 = CIRCLE ( 'NONE', #925, 0.1494257208329542175 ) ;
#8544 = ORIENTED_EDGE ( 'NONE', *, *, #1249, .F. ) ;
#8545 = COLOUR_RGB ( '',1.000000000000000000, 1.000000000000000000, 0.5019607843137254832 ) ;
#8546 = DIRECTION ( 'NONE',  ( -0.000000000000000000, 0.000000000000000000, 1.000000000000000000 ) ) ;
#8547 = LINE ( 'NONE', #11581, #4065 ) ;
#8548 = FACE_OUTER_BOUND ( 'NONE', #10023, .T. ) ;
#8549 = EDGE_CURVE ( 'NONE', #624, #6923, #7435, .T. ) ;
#8550 = SURFACE_STYLE_FILL_AREA ( #9462 ) ;
#8551 = DIRECTION ( 'NONE',  ( -0.000000000000000000, -0.000000000000000000, -1.000000000000000000 ) ) ;
#8552 = CARTESIAN_POINT ( 'NONE',  ( 3.292975979834980471, 0.4572116619141102234, 1.399999999999999911 ) ) ;
#8553 = DIRECTION ( 'NONE',  ( -1.084202172485506406E-15, 1.000000000000000000, 0.000000000000000000 ) ) ;
#8554 = ORIENTED_EDGE ( 'NONE', *, *, #8414, .T. ) ;
#8555 = PRESENTATION_LAYER_ASSIGNMENT (  '', '', ( #4072 ) ) ;
#8556 = VERTEX_POINT ( 'NONE', #11146 ) ;
#8557 = LINE ( 'NONE', #8320, #5410 ) ;
#8558 = FACE_BOUND ( 'NONE', #8831, .T. ) ;
#8559 = LINE ( 'NONE', #5015, #1028 ) ;
#8560 = ORIENTED_EDGE ( 'NONE', *, *, #9516, .F. ) ;
#8561 = CARTESIAN_POINT ( 'NONE',  ( -2.097642652873966007, 5.496005818493205908, 1.100000000000000089 ) ) ;
#8562 = SURFACE_STYLE_USAGE ( .BOTH. , #5702 ) ;
#8563 = CARTESIAN_POINT ( 'NONE',  ( 4.389999999999999680, -7.994982302604838331, 1.100000000000000089 ) ) ;
#8564 = EDGE_CURVE ( 'NONE', #1880, #2667, #7498, .T. ) ;
#8565 = ORIENTED_EDGE ( 'NONE', *, *, #1549, .T. ) ;
#8566 = UNCERTAINTY_MEASURE_WITH_UNIT (LENGTH_MEASURE( 1.000000000000000082E-05 ), #245, 'distance_accuracy_value', 'NONE');
#8567 = EDGE_CURVE ( 'NONE', #9702, #11504, #4696, .T. ) ;
#8568 = CIRCLE ( 'NONE', #10124, 0.1494257208329539954 ) ;
#8569 = FILL_AREA_STYLE_COLOUR ( '', #4574 ) ;
#8570 = LINE ( 'NONE', #10458, #1533 ) ;
#8571 = AXIS2_PLACEMENT_3D ( 'NONE', #1222, #3102, #11446 ) ;
#8572 = ORIENTED_EDGE ( 'NONE', *, *, #7564, .F. ) ;
#8573 = ORIENTED_EDGE ( 'NONE', *, *, #11758, .F. ) ;
#8574 = DIRECTION ( 'NONE',  ( 1.000000000000000000, 0.000000000000000000, 0.000000000000000000 ) ) ;
#8575 = DIRECTION ( 'NONE',  ( 0.000000000000000000, -1.000000000000000000, 0.000000000000000000 ) ) ;
#8576 = PLANE ( 'NONE',  #8010 ) ;
#8577 = DIRECTION ( 'NONE',  ( -0.000000000000000000, -0.000000000000000000, -1.000000000000000000 ) ) ;
#8578 = CARTESIAN_POINT ( 'NONE',  ( -2.700000000000003286, -1.499999999999997335, 1.000000000000000000 ) ) ;
#8579 = DIRECTION ( 'NONE',  ( -0.000000000000000000, 0.000000000000000000, 1.000000000000000000 ) ) ;
#8580 = ORIENTED_EDGE ( 'NONE', *, *, #6573, .T. ) ;
#8581 = STYLED_ITEM ( 'NONE', ( #8237 ), #2757 ) ;
#8582 = ORIENTED_EDGE ( 'NONE', *, *, #11516, .T. ) ;
#8583 = ORIENTED_EDGE ( 'NONE', *, *, #6260, .T. ) ;
#8584 = VERTEX_POINT ( 'NONE', #6638 ) ;
#8585 = EDGE_CURVE ( 'NONE', #6688, #5897, #9208, .T. ) ;
#8586 = EDGE_CURVE ( 'NONE', #9113, #9504, #9453, .T. ) ;
#8587 = ORIENTED_EDGE ( 'NONE', *, *, #2151, .F. ) ;
#8588 = LINE ( 'NONE', #6634, #5048 ) ;
#8589 = CARTESIAN_POINT ( 'NONE',  ( 0.000000000000000000, 8.469867354517257141, 1.100000000000000089 ) ) ;
#8590 = LINE ( 'NONE', #11266, #7460 ) ;
#8591 =( NAMED_UNIT ( * ) PLANE_ANGLE_UNIT ( ) SI_UNIT ( $, .RADIAN. ) );
#8592 =( LENGTH_UNIT ( ) NAMED_UNIT ( * ) SI_UNIT ( .MILLI., .METRE. ) );
#8593 = PRESENTATION_LAYER_ASSIGNMENT (  '', '', ( #10725 ) ) ;
#8594 = LINE ( 'NONE', #9389, #11378 ) ;
#8595 = FACE_OUTER_BOUND ( 'NONE', #9290, .T. ) ;
#8596 = SURFACE_STYLE_FILL_AREA ( #328 ) ;
#8597 = ORIENTED_EDGE ( 'NONE', *, *, #11517, .F. ) ;
#8598 = COLOUR_RGB ( '',1.000000000000000000, 1.000000000000000000, 0.5019607843137254832 ) ;
#8599 = ORIENTED_EDGE ( 'NONE', *, *, #3024, .T. ) ;
#8600 = EDGE_CURVE ( 'NONE', #7285, #9513, #3844, .T. ) ;
#8601 = COLOUR_RGB ( '',0.9882352941176471006, 0.7372549019607843590, 0.5176470588235293491 ) ;
#8602 = PRESENTATION_STYLE_ASSIGNMENT (( #4878 ) ) ;
#8603 = LINE ( 'NONE', #3165, #11161 ) ;
#8604 = DIRECTION ( 'NONE',  ( 1.000000000000000000, 0.000000000000000000, 0.000000000000000000 ) ) ;
#8605 = EDGE_CURVE ( 'NONE', #10690, #5739, #6526, .T. ) ;
#8606 = PLANE ( 'NONE',  #4813 ) ;
#8607 = CARTESIAN_POINT ( 'NONE',  ( -6.000000000000000000, -8.999999999999998224, 1.000000000000000000 ) ) ;
#8608 = DIRECTION ( 'NONE',  ( 0.000000000000000000, -0.000000000000000000, 1.000000000000000000 ) ) ;
#8609 = FILL_AREA_STYLE_COLOUR ( '', #5600 ) ;
#8610 = CARTESIAN_POINT ( 'NONE',  ( -3.999999999999997335, -3.349999999999997424, 1.200000000000000178 ) ) ;
#8611 = EDGE_CURVE ( 'NONE', #4289, #4980, #4806, .T. ) ;
#8612 = STYLED_ITEM ( 'NONE', ( #8870 ), #9041 ) ;
#8613 = ORIENTED_EDGE ( 'NONE', *, *, #3757, .F. ) ;
#8614 = EDGE_LOOP ( 'NONE', ( #8034, #7825, #11745, #7537 ) ) ;
#8615 = STYLED_ITEM ( 'NONE', ( #9592 ), #9413 ) ;
#8616 = CARTESIAN_POINT ( 'NONE',  ( 5.781782254347279881, 8.469867354517257141, 1.100000000000000089 ) ) ;
#8617 = LINE ( 'NONE', #9414, #6627 ) ;
#8618 = DIRECTION ( 'NONE',  ( -1.000000000000000000, 0.000000000000000000, 0.000000000000000000 ) ) ;
#8619 = ORIENTED_EDGE ( 'NONE', *, *, #10312, .F. ) ;
#8620 = CARTESIAN_POINT ( 'NONE',  ( 0.000000000000000000, 0.000000000000000000, 1.200000000000000178 ) ) ;
#8621 = ADVANCED_FACE ( 'NONE', ( #6462 ), #8413, .T. ) ;
#8622 = CARTESIAN_POINT ( 'NONE',  ( 0.4999999999999948930, -4.649999999999996803, 1.200000000000000178 ) ) ;
#8623 = DIRECTION ( 'NONE',  ( -0.000000000000000000, 0.000000000000000000, 1.000000000000000000 ) ) ;
#8624 = PLANE ( 'NONE',  #1233 ) ;
#8625 = ORIENTED_EDGE ( 'NONE', *, *, #2014, .F. ) ;
#8626 = ADVANCED_FACE ( 'NONE', ( #2737 ), #10173, .T. ) ;
#8627 = FILL_AREA_STYLE ('',( #6060 ) ) ;
#8628 =( GEOMETRIC_REPRESENTATION_CONTEXT ( 3 ) GLOBAL_UNCERTAINTY_ASSIGNED_CONTEXT ( ( #8208 ) ) GLOBAL_UNIT_ASSIGNED_CONTEXT ( ( #8478, #2133, #1100 ) ) REPRESENTATION_CONTEXT ( 'NONE', 'WORKASPACE' ) );
#8629 = VERTEX_POINT ( 'NONE', #208 ) ;
#8630 = ORIENTED_EDGE ( 'NONE', *, *, #8731, .T. ) ;
#8631 = CARTESIAN_POINT ( 'NONE',  ( -3.500000000000003109, -2.799999999999997158, 1.000000000000000000 ) ) ;
#8632 = AXIS2_PLACEMENT_3D ( 'NONE', #10403, #3658, #4522 ) ;
#8633 = DIRECTION ( 'NONE',  ( -0.000000000000000000, -0.000000000000000000, -1.000000000000000000 ) ) ;
#8634 = CARTESIAN_POINT ( 'NONE',  ( 0.4999999999999951150, -4.449999999999997513, 1.200000000000000178 ) ) ;
#8635 = STYLED_ITEM ( 'NONE', ( #9217 ), #377 ) ;
#8636 = CARTESIAN_POINT ( 'NONE',  ( 0.5799999999999997380, -7.994982302604838331, 1.100000000000000089 ) ) ;
#8637 = CARTESIAN_POINT ( 'NONE',  ( 5.300000000000000711, -2.768682383288471271, 1.600000000000000089 ) ) ;
#8638 = CARTESIAN_POINT ( 'NONE',  ( 0.6206396308812188733, 2.295341782195420954, -29.20000000000000284 ) ) ;
#8639 = DIRECTION ( 'NONE',  ( -1.000000000000000000, -0.000000000000000000, -0.000000000000000000 ) ) ;
#8640 = EDGE_LOOP ( 'NONE', ( #4020, #11198, #5601, #3198 ) ) ;
#8641 = AXIS2_PLACEMENT_3D ( 'NONE', #5505, #162, #11107 ) ;
#8642 = ORIENTED_EDGE ( 'NONE', *, *, #1308, .T. ) ;
#8643 = VERTEX_POINT ( 'NONE', #4132 ) ;
#8644 = ORIENTED_EDGE ( 'NONE', *, *, #836, .F. ) ;
#8645 = DIRECTION ( 'NONE',  ( -0.000000000000000000, -0.000000000000000000, -1.000000000000000000 ) ) ;
#8646 = ORIENTED_EDGE ( 'NONE', *, *, #8585, .T. ) ;
#8647 = CARTESIAN_POINT ( 'NONE',  ( -0.6900000000000005018, -7.994982302604838331, 0.000000000000000000 ) ) ;
#8648 = EDGE_CURVE ( 'NONE', #1189, #2610, #379, .T. ) ;
#8649 = AXIS2_PLACEMENT_3D ( 'NONE', #6291, #5033, #6014 ) ;
#8650 = VECTOR ( 'NONE', #8252, 1000.000000000000000 ) ;
#8651 = FILL_AREA_STYLE ('',( #7554 ) ) ;
#8652 = SURFACE_STYLE_USAGE ( .BOTH. , #6825 ) ;
#8653 = LINE ( 'NONE', #6641, #10020 ) ;
#8654 = CARTESIAN_POINT ( 'NONE',  ( 5.999999999999997335, 9.000000000000001776, 1.000000000000000000 ) ) ;
#8655 = SURFACE_SIDE_STYLE ('',( #8596 ) ) ;
#8656 = AXIS2_PLACEMENT_3D ( 'NONE', #687, #6105, #10846 ) ;
#8657 = ORIENTED_EDGE ( 'NONE', *, *, #1350, .F. ) ;
#8658 = VECTOR ( 'NONE', #2897, 1000.000000000000000 ) ;
#8659 = STYLED_ITEM ( 'NONE', ( #9761 ), #11773 ) ;
#8660 = ORIENTED_EDGE ( 'NONE', *, *, #3227, .T. ) ;
#8661 = FACE_OUTER_BOUND ( 'NONE', #5339, .T. ) ;
#8662 = ADVANCED_FACE ( 'NONE', ( #11392 ), #2302, .T. ) ;
#8663 = SURFACE_STYLE_FILL_AREA ( #11402 ) ;
#8664 = CYLINDRICAL_SURFACE ( 'NONE', #9494, 0.6205955535903713294 ) ;
#8665 = CARTESIAN_POINT ( 'NONE',  ( -5.302035936607396138, 3.056906106631962938, 1.100000000000000089 ) ) ;
#8666 = CARTESIAN_POINT ( 'NONE',  ( -3.758619850013732222, 2.147362469743642865, 1.000000000000000888 ) ) ;
#8667 = MECHANICAL_DESIGN_GEOMETRIC_PRESENTATION_REPRESENTATION (  '', ( #11757 ), #6324 ) ;
#8668 = CARTESIAN_POINT ( 'NONE',  ( 0.7544731550261016828, -2.389077535132158481, 1.399999999999999911 ) ) ;
#8669 = CIRCLE ( 'NONE', #7303, 0.1494257208329539954 ) ;
#8670 = LINE ( 'NONE', #9643, #9302 ) ;
#8671 = DIRECTION ( 'NONE',  ( -1.000000000000000000, 0.000000000000000000, 0.000000000000000000 ) ) ;
#8672 = ADVANCED_FACE ( 'NONE', ( #11325 ), #2188, .T. ) ;
#8673 = FACE_OUTER_BOUND ( 'NONE', #11247, .T. ) ;
#8674 = ORIENTED_EDGE ( 'NONE', *, *, #11143, .T. ) ;
#8675 = EDGE_CURVE ( 'NONE', #10704, #6631, #4987, .T. ) ;
#8676 = ORIENTED_EDGE ( 'NONE', *, *, #11542, .T. ) ;
#8677 = ADVANCED_BREP_SHAPE_REPRESENTATION ( 'nrf24l01 mini', ( #1047, #3813 ), #1659 ) ;
#8678 = CARTESIAN_POINT ( 'NONE',  ( -0.06940444640962922795, -7.994982302604838331, 1.100000000000000089 ) ) ;
#8679 = FACE_BOUND ( 'NONE', #5100, .T. ) ;
#8680 = FILL_AREA_STYLE_COLOUR ( '', #1801 ) ;
#8681 = ORIENTED_EDGE ( 'NONE', *, *, #7885, .T. ) ;
#8682 = EDGE_CURVE ( 'NONE', #5571, #7780, #383, .T. ) ;
#8683 = DIRECTION ( 'NONE',  ( 0.000000000000000000, 0.000000000000000000, -1.000000000000000000 ) ) ;
#8684 =( NAMED_UNIT ( * ) PLANE_ANGLE_UNIT ( ) SI_UNIT ( $, .RADIAN. ) );
#8685 = CARTESIAN_POINT ( 'NONE',  ( -3.500000000000003109, -5.999999999999997335, 1.000000000000000000 ) ) ;
#8686 = EDGE_LOOP ( 'NONE', ( #7892, #10856, #1988, #11671 ) ) ;
#8687 = AXIS2_PLACEMENT_3D ( 'NONE', #1746, #1802, #11002 ) ;
#8688 = ORIENTED_EDGE ( 'NONE', *, *, #3777, .T. ) ;
#8689 = VECTOR ( 'NONE', #7975, 1000.000000000000000 ) ;
#8690 = ORIENTED_EDGE ( 'NONE', *, *, #4404, .F. ) ;
#8691 = LINE ( 'NONE', #8744, #1446 ) ;
#8692 = FACE_OUTER_BOUND ( 'NONE', #4838, .T. ) ;
#8693 = CARTESIAN_POINT ( 'NONE',  ( -1.728786089951735994, 2.295341782195420954, 0.000000000000000000 ) ) ;
#8694 = FILL_AREA_STYLE_COLOUR ( '', #3728 ) ;
#8695 = PLANE ( 'NONE',  #9806 ) ;
#8696 = ORIENTED_EDGE ( 'NONE', *, *, #720, .F. ) ;
#8697 = AXIS2_PLACEMENT_3D ( 'NONE', #5222, #1462, #11510 ) ;
#8698 = ORIENTED_EDGE ( 'NONE', *, *, #6190, .T. ) ;
#8699 = AXIS2_PLACEMENT_3D ( 'NONE', #7527, #8623, #9419 ) ;
#8700 = VERTEX_POINT ( 'NONE', #4441 ) ;
#8701 = LINE ( 'NONE', #5790, #10516 ) ;
#8702 = ORIENTED_EDGE ( 'NONE', *, *, #12033, .T. ) ;
#8703 = DIRECTION ( 'NONE',  ( -0.000000000000000000, 0.000000000000000000, 1.000000000000000000 ) ) ;
#8704 = STYLED_ITEM ( 'NONE', ( #2225 ), #6316 ) ;
#8705 =( LENGTH_UNIT ( ) NAMED_UNIT ( * ) SI_UNIT ( .MILLI., .METRE. ) );
#8706 = CARTESIAN_POINT ( 'NONE',  ( -3.500000000000001332, -4.449999999999997513, 1.200000000000000178 ) ) ;
#8707 = CIRCLE ( 'NONE', #6569, 0.1494257208329542175 ) ;
#8708 = FACE_OUTER_BOUND ( 'NONE', #8517, .T. ) ;
#8709 = DIRECTION ( 'NONE',  ( -1.000000000000000000, 0.000000000000000000, 0.000000000000000000 ) ) ;
#8710 = LINE ( 'NONE', #2479, #10713 ) ;
#8711 = ORIENTED_EDGE ( 'NONE', *, *, #4021, .F. ) ;
#8712 = ADVANCED_FACE ( 'NONE', ( #8942 ), #543, .F. ) ;
#8713 = AXIS2_PLACEMENT_3D ( 'NONE', #8232, #8105, #3531 ) ;
#8714 = ADVANCED_FACE ( 'NONE', ( #5342 ), #5164, .F. ) ;
#8715 = ORIENTED_EDGE ( 'NONE', *, *, #5165, .T. ) ;
#8716 = MECHANICAL_DESIGN_GEOMETRIC_PRESENTATION_REPRESENTATION (  '', ( #2670 ), #9686 ) ;
#8717 = SURFACE_SIDE_STYLE ('',( #7927 ) ) ;
#8718 = FACE_BOUND ( 'NONE', #8972, .T. ) ;
#8719 = LINE ( 'NONE', #272, #11655 ) ;
#8720 = LINE ( 'NONE', #394, #7942 ) ;
#8721 = STYLED_ITEM ( 'NONE', ( #10655 ), #8662 ) ;
#8722 = CARTESIAN_POINT ( 'NONE',  ( -0.4586198500137319556, 2.147362469743642865, 1.000000000000000888 ) ) ;
#8723 = DIRECTION ( 'NONE',  ( 1.000000000000000000, 0.000000000000000000, 0.000000000000000000 ) ) ;
#8724 = FILL_AREA_STYLE_COLOUR ( '', #6379 ) ;
#8725 = PLANE ( 'NONE',  #4114 ) ;
#8726 = PRESENTATION_LAYER_ASSIGNMENT (  '', '', ( #6184 ) ) ;
#8727 = ORIENTED_EDGE ( 'NONE', *, *, #2331, .T. ) ;
#8728 = ADVANCED_FACE ( 'NONE', ( #10825 ), #9794, .F. ) ;
#8729 = ORIENTED_EDGE ( 'NONE', *, *, #6709, .T. ) ;
#8730 = EDGE_CURVE ( 'NONE', #9894, #2126, #5281, .T. ) ;
#8731 = EDGE_CURVE ( 'NONE', #9748, #7112, #10349, .T. ) ;
#8732 = LINE ( 'NONE', #8794, #6043 ) ;
#8733 = SURFACE_STYLE_USAGE ( .BOTH. , #288 ) ;
#8734 = VERTEX_POINT ( 'NONE', #11681 ) ;
#8735 = PRESENTATION_STYLE_ASSIGNMENT (( #11353 ) ) ;
#8736 = CARTESIAN_POINT ( 'NONE',  ( -5.692492299719079440, 0.000000000000000000, 1.500000000000000000 ) ) ;
#8737 = AXIS2_PLACEMENT_3D ( 'NONE', #4524, #5238, #10838 ) ;
#8738 = ORIENTED_EDGE ( 'NONE', *, *, #3709, .T. ) ;
#8739 = MECHANICAL_DESIGN_GEOMETRIC_PRESENTATION_REPRESENTATION (  '', ( #5042 ), #237 ) ;
#8740 = VECTOR ( 'NONE', #9081, 1000.000000000000000 ) ;
#8741 = FILL_AREA_STYLE_COLOUR ( '', #1325 ) ;
#8742 = ORIENTED_EDGE ( 'NONE', *, *, #3046, .T. ) ;
#8743 = ORIENTED_EDGE ( 'NONE', *, *, #6568, .F. ) ;
#8744 = CARTESIAN_POINT ( 'NONE',  ( 0.000000000000000000, -3.188776141202243508, 1.000000000000000000 ) ) ;
#8745 = LINE ( 'NONE', #10574, #5186 ) ;
#8746 = CARTESIAN_POINT ( 'NONE',  ( -0.6287860899517355717, 2.295341782195420954, -29.20000000000000284 ) ) ;
#8747 = FILL_AREA_STYLE ('',( #695 ) ) ;
#8748 = DIRECTION ( 'NONE',  ( 1.000000000000000000, 0.000000000000000000, 0.000000000000000000 ) ) ;
#8749 = DIRECTION ( 'NONE',  ( 1.000000000000000000, 0.000000000000000000, -0.000000000000000000 ) ) ;
#8750 = UNCERTAINTY_MEASURE_WITH_UNIT (LENGTH_MEASURE( 1.000000000000000082E-05 ), #7083, 'distance_accuracy_value', 'NONE');
#8751 = VERTEX_POINT ( 'NONE', #495 ) ;
#8752 = VECTOR ( 'NONE', #491, 1000.000000000000000 ) ;
#8753 = ORIENTED_EDGE ( 'NONE', *, *, #731, .F. ) ;
#8754 = MECHANICAL_DESIGN_GEOMETRIC_PRESENTATION_REPRESENTATION (  '', ( #4489 ), #7202 ) ;
#8755 = ORIENTED_EDGE ( 'NONE', *, *, #7526, .F. ) ;
#8756 = AXIS2_PLACEMENT_3D ( 'NONE', #2996, #8492, #9340 ) ;
#8757 = LINE ( 'NONE', #1164, #7598 ) ;
#8758 = EDGE_LOOP ( 'NONE', ( #4417, #9431, #7339, #6264 ) ) ;
#8759 = LINE ( 'NONE', #6999, #4560 ) ;
#8760 = CARTESIAN_POINT ( 'NONE',  ( 4.871213910048265205, 2.295341782195420954, 0.000000000000000000 ) ) ;
#8761 = LINE ( 'NONE', #1395, #8689 ) ;
#8762 = DIRECTION ( 'NONE',  ( -0.000000000000000000, 0.000000000000000000, 1.000000000000000000 ) ) ;
#8763 = EDGE_CURVE ( 'NONE', #6292, #10380, #8153, .T. ) ;
#8764 = DIRECTION ( 'NONE',  ( -0.000000000000000000, -0.000000000000000000, 1.000000000000000000 ) ) ;
#8765 = EDGE_CURVE ( 'NONE', #7504, #7565, #656, .T. ) ;
#8766 = SURFACE_SIDE_STYLE ('',( #1346 ) ) ;
#8767 = AXIS2_PLACEMENT_3D ( 'NONE', #8000, #6915, #10797 ) ;
#8768 = PLANE ( 'NONE',  #51 ) ;
#8769 = CARTESIAN_POINT ( 'NONE',  ( -3.500000000000003109, -3.899999999999997247, 1.000000000000000000 ) ) ;
#8770 = ORIENTED_EDGE ( 'NONE', *, *, #2279, .F. ) ;
#8771 = ORIENTED_EDGE ( 'NONE', *, *, #6729, .F. ) ;
#8772 = AXIS2_PLACEMENT_3D ( 'NONE', #34, #9210, #11208 ) ;
#8773 = UNCERTAINTY_MEASURE_WITH_UNIT (LENGTH_MEASURE( 1.000000000000000082E-05 ), #9519, 'distance_accuracy_value', 'NONE');
#8774 = CARTESIAN_POINT ( 'NONE',  ( -0.8500000000000026423, -5.999999999999997335, 1.200000000000000178 ) ) ;
#8775 = EDGE_CURVE ( 'NONE', #4778, #966, #4108, .T. ) ;
#8776 = CARTESIAN_POINT ( 'NONE',  ( -5.702035936607396494, 2.147362469743642865, 1.100000000000000089 ) ) ;
#8777 = MECHANICAL_DESIGN_GEOMETRIC_PRESENTATION_REPRESENTATION (  '', ( #11117 ), #5265 ) ;
#8778 = FACE_OUTER_BOUND ( 'NONE', #11790, .T. ) ;
#8779 =( LENGTH_UNIT ( ) NAMED_UNIT ( * ) SI_UNIT ( .MILLI., .METRE. ) );
#8780 = PRESENTATION_STYLE_ASSIGNMENT (( #507 ) ) ;
#8781 = CARTESIAN_POINT ( 'NONE',  ( -0.5000000000000026645, -1.999999999999997335, 1.000000000000000000 ) ) ;
#8782 =( NAMED_UNIT ( * ) SI_UNIT ( $, .STERADIAN. ) SOLID_ANGLE_UNIT ( ) );
#8783 =( NAMED_UNIT ( * ) SI_UNIT ( $, .STERADIAN. ) SOLID_ANGLE_UNIT ( ) );
#8784 = VECTOR ( 'NONE', #2844, 1000.000000000000000 ) ;
#8785 = LINE ( 'NONE', #11698, #2368 ) ;
#8786 = CARTESIAN_POINT ( 'NONE',  ( 0.9999999999999915623, -3.549999999999997158, 1.200000000000000178 ) ) ;
#8787 = ORIENTED_EDGE ( 'NONE', *, *, #1919, .T. ) ;
#8788 = AXIS2_PLACEMENT_3D ( 'NONE', #11798, #3520, #7175 ) ;
#8789 = ORIENTED_EDGE ( 'NONE', *, *, #58, .T. ) ;
#8790 = ADVANCED_FACE ( 'NONE', ( #3461 ), #10880, .T. ) ;
#8791 = MECHANICAL_DESIGN_GEOMETRIC_PRESENTATION_REPRESENTATION (  '', ( #10353 ), #7629 ) ;
#8792 =( LENGTH_UNIT ( ) NAMED_UNIT ( * ) SI_UNIT ( .MILLI., .METRE. ) );
#8793 = FACE_OUTER_BOUND ( 'NONE', #1042, .T. ) ;
#8794 = CARTESIAN_POINT ( 'NONE',  ( -2.500000000000003109, -1.499999999999997335, 1.200000000000000178 ) ) ;
#8795 =( NAMED_UNIT ( * ) SI_UNIT ( $, .STERADIAN. ) SOLID_ANGLE_UNIT ( ) );
#8796 = ORIENTED_EDGE ( 'NONE', *, *, #983, .F. ) ;
#8797 = DIRECTION ( 'NONE',  ( -1.000000000000000000, 0.000000000000000000, -0.000000000000000000 ) ) ;
#8798 = AXIS2_PLACEMENT_3D ( 'NONE', #9177, #4491, #11119 ) ;
#8799 = FILL_AREA_STYLE_COLOUR ( '', #3923 ) ;
#8800 = DIRECTION ( 'NONE',  ( -0.000000000000000000, 0.000000000000000000, 1.000000000000000000 ) ) ;
#8801 = ORIENTED_EDGE ( 'NONE', *, *, #2767, .T. ) ;
#8802 = DIRECTION ( 'NONE',  ( 1.000000000000000000, 0.000000000000000000, 0.000000000000000000 ) ) ;
#8803 = VERTEX_POINT ( 'NONE', #1693 ) ;
#8804 = VERTEX_POINT ( 'NONE', #8826 ) ;
#8805 = SURFACE_STYLE_FILL_AREA ( #5146 ) ;
#8806 = CARTESIAN_POINT ( 'NONE',  ( 5.455872757806901063, 0.000000000000000000, 1.000000000000000000 ) ) ;
#8807 = DIRECTION ( 'NONE',  ( -0.000000000000000000, -0.000000000000000000, 1.000000000000000000 ) ) ;
#8808 = CIRCLE ( 'NONE', #8239, 0.1494257208329542175 ) ;
#8809 = CARTESIAN_POINT ( 'NONE',  ( 5.705872757806901063, 2.856906106631964093, 0.000000000000000000 ) ) ;
#8810 = CARTESIAN_POINT ( 'NONE',  ( -0.8500000000000026423, -1.999999999999997335, 1.000000000000000000 ) ) ;
#8811 = VERTEX_POINT ( 'NONE', #4202 ) ;
#8812 = ADVANCED_FACE ( 'NONE', ( #7918 ), #3280, .T. ) ;
#8813 = ORIENTED_EDGE ( 'NONE', *, *, #7938, .F. ) ;
#8814 = VERTEX_POINT ( 'NONE', #10224 ) ;
#8815 = EDGE_CURVE ( 'NONE', #10125, #4951, #4734, .T. ) ;
#8816 = VECTOR ( 'NONE', #858, 1000.000000000000000 ) ;
#8817 = ORIENTED_EDGE ( 'NONE', *, *, #2712, .F. ) ;
#8818 = STYLED_ITEM ( 'NONE', ( #10435 ), #9802 ) ;
#8819 = FILL_AREA_STYLE_COLOUR ( '', #2297 ) ;
#8820 = VECTOR ( 'NONE', #1662, 1000.000000000000000 ) ;
#8821 = VERTEX_POINT ( 'NONE', #1932 ) ;
#8822 = SURFACE_STYLE_USAGE ( .BOTH. , #10650 ) ;
#8823 = ADVANCED_FACE ( 'NONE', ( #9256 ), #4683, .F. ) ;
#8824 = DIRECTION ( 'NONE',  ( 1.000000000000000000, 0.000000000000000000, -0.000000000000000000 ) ) ;
#8825 = DIRECTION ( 'NONE',  ( 1.000000000000000000, 0.000000000000000000, 0.000000000000000000 ) ) ;
#8826 = CARTESIAN_POINT ( 'NONE',  ( -0.2854471665643398826, -1.197484453166197227, 1.000000000000000000 ) ) ;
#8827 = DIRECTION ( 'NONE',  ( 1.000000000000000000, 0.000000000000000000, 0.000000000000000000 ) ) ;
#8828 = PRESENTATION_STYLE_ASSIGNMENT (( #5109 ) ) ;
#8829 = CARTESIAN_POINT ( 'NONE',  ( -2.700000000000003286, -6.499999999999997335, 1.000000000000000000 ) ) ;
#8830 = VECTOR ( 'NONE', #4908, 1000.000000000000000 ) ;
#8831 = EDGE_LOOP ( 'NONE', ( #3949, #3836, #2294, #185 ) ) ;
#8832 =( GEOMETRIC_REPRESENTATION_CONTEXT ( 3 ) GLOBAL_UNCERTAINTY_ASSIGNED_CONTEXT ( ( #3796 ) ) GLOBAL_UNIT_ASSIGNED_CONTEXT ( ( #2541, #1522, #5174 ) ) REPRESENTATION_CONTEXT ( 'NONE', 'WORKASPACE' ) );
#8833 = PRESENTATION_LAYER_ASSIGNMENT (  '', '', ( #5129 ) ) ;
#8834 = EDGE_LOOP ( 'NONE', ( #1091, #1337, #7586, #10760 ) ) ;
#8835 = EDGE_CURVE ( 'NONE', #9430, #10807, #7540, .T. ) ;
#8836 = EDGE_CURVE ( 'NONE', #1911, #5909, #11315, .T. ) ;
#8837 = AXIS2_PLACEMENT_3D ( 'NONE', #7900, #6927, #3259 ) ;
#8838 = AXIS2_PLACEMENT_3D ( 'NONE', #5633, #6360, #5440 ) ;
#8839 = CARTESIAN_POINT ( 'NONE',  ( 3.292975979834980471, 0.4572116619141102234, 1.000000000000000000 ) ) ;
#8840 = EDGE_CURVE ( 'NONE', #9630, #7181, #6623, .T. ) ;
#8841 = CARTESIAN_POINT ( 'NONE',  ( 4.070065351714172941, 2.295341782195420954, 0.000000000000000000 ) ) ;
#8842 = CARTESIAN_POINT ( 'NONE',  ( -0.8500000000000026423, -6.499999999999997335, 1.200000000000000178 ) ) ;
#8843 = SURFACE_SIDE_STYLE ('',( #2432 ) ) ;
#8844 = CARTESIAN_POINT ( 'NONE',  ( 2.820639630881218718, 2.295341782195420954, 0.000000000000000000 ) ) ;
#8845 = DIRECTION ( 'NONE',  ( -0.000000000000000000, 0.000000000000000000, 1.000000000000000000 ) ) ;
#8846 =( NAMED_UNIT ( * ) PLANE_ANGLE_UNIT ( ) SI_UNIT ( $, .RADIAN. ) );
#8847 = AXIS2_PLACEMENT_3D ( 'NONE', #10041, #9264, #4513 ) ;
#8848 = DIRECTION ( 'NONE',  ( 1.000000000000000000, 0.000000000000000000, 0.000000000000000000 ) ) ;
#8849 = STYLED_ITEM ( 'NONE', ( #5811 ), #4192 ) ;
#8850 = PRESENTATION_LAYER_ASSIGNMENT (  '', '', ( #6118 ) ) ;
#8851 = ORIENTED_EDGE ( 'NONE', *, *, #3387, .T. ) ;
#8852 = EDGE_CURVE ( 'NONE', #7157, #9772, #4623, .T. ) ;
#8853 = ORIENTED_EDGE ( 'NONE', *, *, #1716, .F. ) ;
#8854 = CARTESIAN_POINT ( 'NONE',  ( -1.459999999999999520, -7.994982302604838331, 0.000000000000000000 ) ) ;
#8855 = PLANE ( 'NONE',  #1923 ) ;
#8856 = AXIS2_PLACEMENT_3D ( 'NONE', #4811, #2193, #8541 ) ;
#8857 = DIRECTION ( 'NONE',  ( 0.000000000000000000, 0.000000000000000000, -1.000000000000000000 ) ) ;
#8858 = AXIS2_PLACEMENT_3D ( 'NONE', #8638, #1934, #11194 ) ;
#8859 = DIRECTION ( 'NONE',  ( 1.000000000000000000, 0.000000000000000000, -0.000000000000000000 ) ) ;
#8860 = ORIENTED_EDGE ( 'NONE', *, *, #2402, .T. ) ;
#8861 = LINE ( 'NONE', #523, #8128 ) ;
#8862 = VERTEX_POINT ( 'NONE', #6505 ) ;
#8863 = VERTEX_POINT ( 'NONE', #8340 ) ;
#8864 = EDGE_CURVE ( 'NONE', #4814, #10803, #5471, .T. ) ;
#8865 = EDGE_CURVE ( 'NONE', #4346, #7188, #1873, .T. ) ;
#8866 = CARTESIAN_POINT ( 'NONE',  ( 0.000000000000000000, 0.000000000000000000, 1.500000000000000000 ) ) ;
#8867 = ORIENTED_EDGE ( 'NONE', *, *, #8091, .F. ) ;
#8868 = EDGE_LOOP ( 'NONE', ( #8290, #1393, #10642, #3409, #1013, #6863, #7313, #10351 ) ) ;
#8869 = DIRECTION ( 'NONE',  ( 1.000000000000000000, 0.000000000000000000, 0.000000000000000000 ) ) ;
#8870 = PRESENTATION_STYLE_ASSIGNMENT (( #5094 ) ) ;
#8871 = DIRECTION ( 'NONE',  ( -0.000000000000000000, 0.000000000000000000, 1.000000000000000000 ) ) ;
#8872 = UNCERTAINTY_MEASURE_WITH_UNIT (LENGTH_MEASURE( 1.000000000000000082E-05 ), #7964, 'distance_accuracy_value', 'NONE');
#8873 = ORIENTED_EDGE ( 'NONE', *, *, #968, .T. ) ;
#8874 = EDGE_CURVE ( 'NONE', #3593, #11121, #4562, .T. ) ;
#8875 = EDGE_LOOP ( 'NONE', ( #10429, #7332, #2901, #1924 ) ) ;
#8876 = VERTEX_POINT ( 'NONE', #3641 ) ;
#8877 = VECTOR ( 'NONE', #9786, 1000.000000000000000 ) ;
#8878 = AXIS2_PLACEMENT_3D ( 'NONE', #8398, #11864, #10223 ) ;
#8879 = FILL_AREA_STYLE ('',( #8263 ) ) ;
#8880 = ADVANCED_FACE ( 'NONE', ( #16 ), #7362, .T. ) ;
#8881 = ORIENTED_EDGE ( 'NONE', *, *, #7468, .T. ) ;
#8882 = DIRECTION ( 'NONE',  ( 0.000000000000000000, -0.000000000000000000, -1.000000000000000000 ) ) ;
#8883 = DIRECTION ( 'NONE',  ( 0.000000000000000000, 0.000000000000000000, 1.000000000000000000 ) ) ;
#8884 = CARTESIAN_POINT ( 'NONE',  ( -3.999999999999997335, -3.349999999999997424, 1.000000000000000000 ) ) ;
#8885 = CARTESIAN_POINT ( 'NONE',  ( 3.771213910048264673, 2.295341782195420954, -29.20000000000000284 ) ) ;
#8886 = FACE_BOUND ( 'NONE', #5276, .T. ) ;
#8887 = VECTOR ( 'NONE', #9358, 1000.000000000000000 ) ;
#8888 = SURFACE_SIDE_STYLE ('',( #9799 ) ) ;
#8889 = ORIENTED_EDGE ( 'NONE', *, *, #7180, .T. ) ;
#8890 = EDGE_CURVE ( 'NONE', #8193, #9067, #8404, .T. ) ;
#8891 = VERTEX_POINT ( 'NONE', #6746 ) ;
#8892 = UNCERTAINTY_MEASURE_WITH_UNIT (LENGTH_MEASURE( 1.000000000000000082E-05 ), #3706, 'distance_accuracy_value', 'NONE');
#8893 =( GEOMETRIC_REPRESENTATION_CONTEXT ( 3 ) GLOBAL_UNCERTAINTY_ASSIGNED_CONTEXT ( ( #6588 ) ) GLOBAL_UNIT_ASSIGNED_CONTEXT ( ( #4458, #5424, #11026 ) ) REPRESENTATION_CONTEXT ( 'NONE', 'WORKASPACE' ) );
#8894 = AXIS2_PLACEMENT_3D ( 'NONE', #7597, #11367, #11304 ) ;
#8895 = LINE ( 'NONE', #10114, #3574 ) ;
#8896 = STYLED_ITEM ( 'NONE', ( #6655 ), #5291 ) ;
#8897 = FILL_AREA_STYLE_COLOUR ( '', #3811 ) ;
#8898 = LINE ( 'NONE', #3230, #3770 ) ;
#8899 = SURFACE_SIDE_STYLE ('',( #9021 ) ) ;
#8900 = FILL_AREA_STYLE ('',( #679 ) ) ;
#8901 = CARTESIAN_POINT ( 'NONE',  ( -0.000000000000000000, 2.606906106631963649, 1.000000000000000000 ) ) ;
#8902 = DIRECTION ( 'NONE',  ( 0.000000000000000000, 1.000000000000000000, -0.000000000000000000 ) ) ;
#8903 = STYLED_ITEM ( 'NONE', ( #10849 ), #1258 ) ;
#8904 = ORIENTED_EDGE ( 'NONE', *, *, #11944, .T. ) ;
#8905 =( GEOMETRIC_REPRESENTATION_CONTEXT ( 3 ) GLOBAL_UNCERTAINTY_ASSIGNED_CONTEXT ( ( #4247 ) ) GLOBAL_UNIT_ASSIGNED_CONTEXT ( ( #660, #6843, #8783 ) ) REPRESENTATION_CONTEXT ( 'NONE', 'WORKASPACE' ) );
#8906 = ORIENTED_EDGE ( 'NONE', *, *, #10093, .F. ) ;
#8907 = EDGE_CURVE ( 'NONE', #1092, #5571, #307, .T. ) ;
#8908 = AXIS2_PLACEMENT_3D ( 'NONE', #436, #11509, #9568 ) ;
#8909 = DIRECTION ( 'NONE',  ( -0.000000000000000000, -0.000000000000000000, 1.000000000000000000 ) ) ;
#8910 = PRESENTATION_LAYER_ASSIGNMENT (  '', '', ( #3666 ) ) ;
#8911 = CARTESIAN_POINT ( 'NONE',  ( 0.000000000000000000, 2.147362469743642865, -29.20000000000000284 ) ) ;
#8912 = SURFACE_STYLE_FILL_AREA ( #6853 ) ;
#8913 = ORIENTED_EDGE ( 'NONE', *, *, #415, .F. ) ;
#8915 = COLOUR_RGB ( '',0.9882352941176471006, 0.7372549019607843590, 0.5176470588235293491 ) ;
#8914 = DIRECTION ( 'NONE',  ( -0.000000000000000000, 1.000000000000000000, -0.000000000000000000 ) ) ;
#8916 = CYLINDRICAL_SURFACE ( 'NONE', #7484, 0.1494257208329542175 ) ;
#8917 = CARTESIAN_POINT ( 'NONE',  ( -3.500000000000003997, -5.199999999999997513, 1.200000000000000178 ) ) ;
#8918 = EDGE_CURVE ( 'NONE', #8962, #3498, #9950, .T. ) ;
#8919 = ORIENTED_EDGE ( 'NONE', *, *, #4714, .T. ) ;
#8920 = STYLED_ITEM ( 'NONE', ( #5380 ), #6407 ) ;
#8921 = ORIENTED_EDGE ( 'NONE', *, *, #11543, .T. ) ;
#8922 = AXIS2_PLACEMENT_3D ( 'NONE', #9517, #10431, #1178 ) ;
#8923 = CARTESIAN_POINT ( 'NONE',  ( -3.230000000000000426, -7.994982302604838331, 0.000000000000000000 ) ) ;
#8924 = ORIENTED_EDGE ( 'NONE', *, *, #4074, .T. ) ;
#8925 =( GEOMETRIC_REPRESENTATION_CONTEXT ( 3 ) GLOBAL_UNCERTAINTY_ASSIGNED_CONTEXT ( ( #8750 ) ) GLOBAL_UNIT_ASSIGNED_CONTEXT ( ( #7083, #628, #9942 ) ) REPRESENTATION_CONTEXT ( 'NONE', 'WORKASPACE' ) );
#8926 = ORIENTED_EDGE ( 'NONE', *, *, #8019, .F. ) ;
#8927 = DIRECTION ( 'NONE',  ( 1.000000000000000000, 0.000000000000000000, -0.000000000000000000 ) ) ;
#8928 = EDGE_CURVE ( 'NONE', #4309, #11890, #10464, .T. ) ;
#8929 = DIRECTION ( 'NONE',  ( -1.000000000000000000, -0.000000000000000000, -0.000000000000000000 ) ) ;
#8930 = DIRECTION ( 'NONE',  ( 1.000000000000000000, 0.000000000000000000, 0.000000000000000000 ) ) ;
#8931 = PLANE ( 'NONE',  #8531 ) ;
#8932 = EDGE_CURVE ( 'NONE', #5648, #8178, #4115, .T. ) ;
#8933 = ORIENTED_EDGE ( 'NONE', *, *, #9213, .F. ) ;
#8934 = VECTOR ( 'NONE', #7985, 1000.000000000000000 ) ;
#8935 = VERTEX_POINT ( 'NONE', #7845 ) ;
#8936 = ORIENTED_EDGE ( 'NONE', *, *, #3671, .T. ) ;
#8937 = DIRECTION ( 'NONE',  ( 0.000000000000000000, 1.000000000000000000, 0.000000000000000000 ) ) ;
#8938 =( NAMED_UNIT ( * ) PLANE_ANGLE_UNIT ( ) SI_UNIT ( $, .RADIAN. ) );
#8939 = VERTEX_POINT ( 'NONE', #4853 ) ;
#8940 = CARTESIAN_POINT ( 'NONE',  ( -2.614552833435666468, -0.6974844531661972269, 1.500000000000000000 ) ) ;
#8941 = CARTESIAN_POINT ( 'NONE',  ( -2.150000000000003020, -1.999999999999997335, 1.200000000000000178 ) ) ;
#8942 = FACE_OUTER_BOUND ( 'NONE', #9845, .T. ) ;
#8943 = EDGE_CURVE ( 'NONE', #11477, #8484, #5032, .T. ) ;
#8944 = CARTESIAN_POINT ( 'NONE',  ( -2.614552833435666468, -1.197484453166197227, 1.500000000000000000 ) ) ;
#8945 = FILL_AREA_STYLE_COLOUR ( '', #6236 ) ;
#8946 = DIRECTION ( 'NONE',  ( 1.000000000000000000, -0.000000000000000000, -0.000000000000000000 ) ) ;
#8947 = EDGE_LOOP ( 'NONE', ( #4545, #5132 ) ) ;
#8948 = ADVANCED_FACE ( 'NONE', ( #5843 ), #8576, .F. ) ;
#8949 = ORIENTED_EDGE ( 'NONE', *, *, #1614, .F. ) ;
#8950 = VECTOR ( 'NONE', #3061, 1000.000000000000000 ) ;
#8951 = ADVANCED_FACE ( 'NONE', ( #3943 ), #6684, .F. ) ;
#8952 = FACE_OUTER_BOUND ( 'NONE', #1368, .T. ) ;
#8953 = ORIENTED_EDGE ( 'NONE', *, *, #662, .F. ) ;
#8954 = CARTESIAN_POINT ( 'NONE',  ( 0.4712139100482646836, 2.295341782195420954, 0.000000000000000000 ) ) ;
#8955 = PRESENTATION_STYLE_ASSIGNMENT (( #733 ) ) ;
#8956 = CARTESIAN_POINT ( 'NONE',  ( 0.4712139100482646836, 2.295341782195420954, -29.20000000000000284 ) ) ;
#8957 =( NAMED_UNIT ( * ) PLANE_ANGLE_UNIT ( ) SI_UNIT ( $, .RADIAN. ) );
#8958 = PRESENTATION_STYLE_ASSIGNMENT (( #5064 ) ) ;
#8959 = CARTESIAN_POINT ( 'NONE',  ( 5.300000000000000711, -4.768682383288472160, 1.000000000000000000 ) ) ;
#8960 =( NAMED_UNIT ( * ) PLANE_ANGLE_UNIT ( ) SI_UNIT ( $, .RADIAN. ) );
#8961 = CARTESIAN_POINT ( 'NONE',  ( 5.781782254347279881, 0.000000000000000000, 1.100000000000000089 ) ) ;
#8962 = VERTEX_POINT ( 'NONE', #3031 ) ;
#8963 = COLOUR_RGB ( '',1.000000000000000000, 1.000000000000000000, 0.000000000000000000 ) ;
#8964 = EDGE_CURVE ( 'NONE', #8965, #7154, #4519, .T. ) ;
#8965 = VERTEX_POINT ( 'NONE', #3889 ) ;
#8966 = COLOUR_RGB ( '',1.000000000000000000, 1.000000000000000000, 0.5019607843137254832 ) ;
#8967 = EDGE_CURVE ( 'NONE', #5602, #4922, #7632, .T. ) ;
#8968 = DIRECTION ( 'NONE',  ( 0.000000000000000000, 0.000000000000000000, 1.000000000000000000 ) ) ;
#8969 = LINE ( 'NONE', #9941, #9821 ) ;
#8970 = DIRECTION ( 'NONE',  ( -0.000000000000000000, 1.000000000000000000, -0.000000000000000000 ) ) ;
#8971 = CARTESIAN_POINT ( 'NONE',  ( 0.9999999999999952260, -4.649999999999996803, 1.200000000000000178 ) ) ;
#8972 = EDGE_LOOP ( 'NONE', ( #11812, #7826 ) ) ;
#8973 = CIRCLE ( 'NONE', #10905, 0.1494257208329539954 ) ;
#8974 = DIRECTION ( 'NONE',  ( 0.000000000000000000, 1.000000000000000000, 0.000000000000000000 ) ) ;
#8975 = EDGE_CURVE ( 'NONE', #6571, #9772, #7603, .T. ) ;
#8976 = LINE ( 'NONE', #9043, #6701 ) ;
#8977 = DIRECTION ( 'NONE',  ( 1.000000000000000000, 0.000000000000000000, 0.000000000000000000 ) ) ;
#8978 =( NAMED_UNIT ( * ) SI_UNIT ( $, .STERADIAN. ) SOLID_ANGLE_UNIT ( ) );
#8979 = AXIS2_PLACEMENT_3D ( 'NONE', #3401, #7119, #11866 ) ;
#8980 = VERTEX_POINT ( 'NONE', #4793 ) ;
#8981 = ORIENTED_EDGE ( 'NONE', *, *, #11303, .T. ) ;
#8982 = CIRCLE ( 'NONE', #9379, 0.1000000000000000472 ) ;
#8983 = VECTOR ( 'NONE', #11996, 1000.000000000000000 ) ;
#8984 = EDGE_CURVE ( 'NONE', #1912, #11317, #3930, .T. ) ;
#8985 = DIRECTION ( 'NONE',  ( -0.000000000000000000, -0.000000000000000000, 1.000000000000000000 ) ) ;
#8986 = ORIENTED_EDGE ( 'NONE', *, *, #9516, .T. ) ;
#8987 = VERTEX_POINT ( 'NONE', #10523 ) ;
#8988 = CARTESIAN_POINT ( 'NONE',  ( -0.5000000000000026645, -1.499999999999997335, 1.000000000000000000 ) ) ;
#8989 = FACE_OUTER_BOUND ( 'NONE', #622, .T. ) ;
#8990 = FACE_OUTER_BOUND ( 'NONE', #6572, .T. ) ;
#8991 =( NAMED_UNIT ( * ) PLANE_ANGLE_UNIT ( ) SI_UNIT ( $, .RADIAN. ) );
#8992 = UNCERTAINTY_MEASURE_WITH_UNIT (LENGTH_MEASURE( 1.000000000000000082E-05 ), #2328, 'distance_accuracy_value', 'NONE');
#8993 = ORIENTED_EDGE ( 'NONE', *, *, #4888, .F. ) ;
#8994 =( GEOMETRIC_REPRESENTATION_CONTEXT ( 3 ) GLOBAL_UNCERTAINTY_ASSIGNED_CONTEXT ( ( #5210 ) ) GLOBAL_UNIT_ASSIGNED_CONTEXT ( ( #1797, #3695, #7410 ) ) REPRESENTATION_CONTEXT ( 'NONE', 'WORKASPACE' ) );
#8995 = EDGE_CURVE ( 'NONE', #149, #8318, #190, .T. ) ;
#8996 = ORIENTED_EDGE ( 'NONE', *, *, #6848, .F. ) ;
#8997 = VERTEX_POINT ( 'NONE', #5901 ) ;
#8998 = DIRECTION ( 'NONE',  ( -1.000000000000000000, -0.000000000000000000, -0.000000000000000000 ) ) ;
#8999 = ORIENTED_EDGE ( 'NONE', *, *, #10995, .F. ) ;
#9000 = FILL_AREA_STYLE ('',( #1750 ) ) ;
#9001 =( GEOMETRIC_REPRESENTATION_CONTEXT ( 3 ) GLOBAL_UNCERTAINTY_ASSIGNED_CONTEXT ( ( #585 ) ) GLOBAL_UNIT_ASSIGNED_CONTEXT ( ( #1045, #4758, #7387 ) ) REPRESENTATION_CONTEXT ( 'NONE', 'WORKASPACE' ) );
#9002 = FACE_OUTER_BOUND ( 'NONE', #10793, .T. ) ;
#9003 = CARTESIAN_POINT ( 'NONE',  ( 0.000000000000000000, -2.289077535132158836, 1.399999999999999911 ) ) ;
#9004 = DIRECTION ( 'NONE',  ( 0.000000000000000000, -1.000000000000000000, 0.000000000000000000 ) ) ;
#9005 =( NAMED_UNIT ( * ) PLANE_ANGLE_UNIT ( ) SI_UNIT ( $, .RADIAN. ) );
#9006 = DIRECTION ( 'NONE',  ( -1.084202172485504434E-16, 1.000000000000000000, 0.000000000000000000 ) ) ;
#9007 = DIRECTION ( 'NONE',  ( 1.000000000000000000, 0.000000000000000000, 0.000000000000000000 ) ) ;
#9008 = FACE_BOUND ( 'NONE', #1317, .T. ) ;
#9009 = DIRECTION ( 'NONE',  ( -0.000000000000000000, 0.000000000000000000, 1.000000000000000000 ) ) ;
#9010 = ORIENTED_EDGE ( 'NONE', *, *, #1023, .F. ) ;
#9011 = VECTOR ( 'NONE', #11532, 1000.000000000000000 ) ;
#9012 = ORIENTED_EDGE ( 'NONE', *, *, #8372, .T. ) ;
#9013 = UNCERTAINTY_MEASURE_WITH_UNIT (LENGTH_MEASURE( 1.000000000000000082E-05 ), #3708, 'distance_accuracy_value', 'NONE');
#9014 = LINE ( 'NONE', #3592, #5724 ) ;
#9015 = ORIENTED_EDGE ( 'NONE', *, *, #4720, .T. ) ;
#9016 = DIRECTION ( 'NONE',  ( -0.000000000000000000, -0.000000000000000000, -1.000000000000000000 ) ) ;
#9017 = CARTESIAN_POINT ( 'NONE',  ( 1.349999999999999201, -7.994982302604838331, 0.000000000000000000 ) ) ;
#9018 = MECHANICAL_DESIGN_GEOMETRIC_PRESENTATION_REPRESENTATION (  '', ( #11726 ), #2006 ) ;
#9019 = CARTESIAN_POINT ( 'NONE',  ( 4.890000000000000568, -7.994982302604838331, 0.000000000000000000 ) ) ;
#9020 = CARTESIAN_POINT ( 'NONE',  ( 0.7700653517141731186, 2.295341782195420954, -29.20000000000000284 ) ) ;
#9021 = SURFACE_STYLE_FILL_AREA ( #9932 ) ;
#9022 = VECTOR ( 'NONE', #7068, 1000.000000000000000 ) ;
#9023 = DIRECTION ( 'NONE',  ( -1.000000000000000000, -0.000000000000000000, -0.000000000000000000 ) ) ;
#9024 = CYLINDRICAL_SURFACE ( 'NONE', #5543, 0.1000000000000000472 ) ;
#9025 = FACE_OUTER_BOUND ( 'NONE', #4889, .T. ) ;
#9026 = VECTOR ( 'NONE', #10061, 1000.000000000000000 ) ;
#9027 =( NAMED_UNIT ( * ) SI_UNIT ( $, .STERADIAN. ) SOLID_ANGLE_UNIT ( ) );
#9028 =( GEOMETRIC_REPRESENTATION_CONTEXT ( 3 ) GLOBAL_UNCERTAINTY_ASSIGNED_CONTEXT ( ( #4390 ) ) GLOBAL_UNIT_ASSIGNED_CONTEXT ( ( #4452, #2732, #5606 ) ) REPRESENTATION_CONTEXT ( 'NONE', 'WORKASPACE' ) );
#9029 = EDGE_LOOP ( 'NONE', ( #10350, #3211, #11409, #4163 ) ) ;
#9030 = VECTOR ( 'NONE', #7538, 1000.000000000000000 ) ;
#9031 = VECTOR ( 'NONE', #878, 1000.000000000000000 ) ;
#9032 = VERTEX_POINT ( 'NONE', #8693 ) ;
#9033 = AXIS2_PLACEMENT_3D ( 'NONE', #2333, #1545, #522 ) ;
#9034 = UNCERTAINTY_MEASURE_WITH_UNIT (LENGTH_MEASURE( 1.000000000000000082E-05 ), #7472, 'distance_accuracy_value', 'NONE');
#9035 = ADVANCED_FACE ( 'NONE', ( #1620 ), #3449, .F. ) ;
#9036 = CARTESIAN_POINT ( 'NONE',  ( 3.740595553590370770, -7.994982302604838331, 1.000000000000000000 ) ) ;
#9037 = CARTESIAN_POINT ( 'NONE',  ( 5.705872757806901063, 2.856906106631964093, 1.100000000000000089 ) ) ;
#9038 =( NAMED_UNIT ( * ) SI_UNIT ( $, .STERADIAN. ) SOLID_ANGLE_UNIT ( ) );
#9039 = CARTESIAN_POINT ( 'NONE',  ( 0.4999999999999976130, -5.199999999999997513, 1.200000000000000178 ) ) ;
#9040 = ORIENTED_EDGE ( 'NONE', *, *, #989, .F. ) ;
#9041 = ADVANCED_FACE ( 'NONE', ( #1559 ), #10545, .T. ) ;
#9042 = DIRECTION ( 'NONE',  ( 0.000000000000000000, 0.000000000000000000, 1.000000000000000000 ) ) ;
#9043 = CARTESIAN_POINT ( 'NONE',  ( -4.102035936607395961, 5.837225230594265568, 1.100000000000000089 ) ) ;
#9044 =( GEOMETRIC_REPRESENTATION_CONTEXT ( 3 ) GLOBAL_UNCERTAINTY_ASSIGNED_CONTEXT ( ( #11921 ) ) GLOBAL_UNIT_ASSIGNED_CONTEXT ( ( #7769, #2146, #3062 ) ) REPRESENTATION_CONTEXT ( 'NONE', 'WORKASPACE' ) );
#9045 = LINE ( 'NONE', #7151, #1503 ) ;
#9046 = FACE_OUTER_BOUND ( 'NONE', #11169, .T. ) ;
#9047 = EDGE_CURVE ( 'NONE', #10479, #4392, #3936, .T. ) ;
#9048 = ORIENTED_EDGE ( 'NONE', *, *, #3786, .F. ) ;
#9049 = ORIENTED_EDGE ( 'NONE', *, *, #4022, .T. ) ;
#9050 = AXIS2_PLACEMENT_3D ( 'NONE', #2689, #5433, #986 ) ;
#9051 = ORIENTED_EDGE ( 'NONE', *, *, #5682, .F. ) ;
#9052 = VECTOR ( 'NONE', #11697, 1000.000000000000000 ) ;
#9053 = EDGE_CURVE ( 'NONE', #232, #8240, #10638, .T. ) ;
#9054 = DIRECTION ( 'NONE',  ( -1.000000000000000000, -0.000000000000000000, -0.000000000000000000 ) ) ;
#9055 = VERTEX_POINT ( 'NONE', #6066 ) ;
#9056 = VERTEX_POINT ( 'NONE', #1384 ) ;
#9057 = DIRECTION ( 'NONE',  ( 1.000000000000000000, 0.000000000000000000, 0.000000000000000000 ) ) ;
#9058 = STYLED_ITEM ( 'NONE', ( #11580 ), #3379 ) ;
#9059 = FACE_OUTER_BOUND ( 'NONE', #9984, .T. ) ;
#9060 = FILL_AREA_STYLE ('',( #10754 ) ) ;
#9061 = SURFACE_STYLE_FILL_AREA ( #5328 ) ;
#9062 = VECTOR ( 'NONE', #9916, 1000.000000000000000 ) ;
#9063 = EDGE_LOOP ( 'NONE', ( #135, #5325, #9049, #7172 ) ) ;
#9064 = ORIENTED_EDGE ( 'NONE', *, *, #6239, .T. ) ;
#9065 = DIRECTION ( 'NONE',  ( -0.000000000000000000, -0.000000000000000000, -1.000000000000000000 ) ) ;
#9066 = CARTESIAN_POINT ( 'NONE',  ( -1.579360369118781637, 2.295341782195420954, 1.000000000000000000 ) ) ;
#9067 = VERTEX_POINT ( 'NONE', #3382 ) ;
#9068 =( NAMED_UNIT ( * ) PLANE_ANGLE_UNIT ( ) SI_UNIT ( $, .RADIAN. ) );
#9069 = DIRECTION ( 'NONE',  ( 0.000000000000000000, 0.000000000000000000, 1.000000000000000000 ) ) ;
#9070 = PRESENTATION_STYLE_ASSIGNMENT (( #9975 ) ) ;
#9071 = CARTESIAN_POINT ( 'NONE',  ( -0.5000000000000026645, -6.499999999999997335, 1.200000000000000178 ) ) ;
#9072 = DIRECTION ( 'NONE',  ( 0.000000000000000000, -1.000000000000000000, 0.000000000000000000 ) ) ;
#9073 = DIRECTION ( 'NONE',  ( 0.000000000000000000, 0.000000000000000000, 1.000000000000000000 ) ) ;
#9074 = VERTEX_POINT ( 'NONE', #4185 ) ;
#9075 = LINE ( 'NONE', #8347, #3009 ) ;
#9076 = AXIS2_PLACEMENT_3D ( 'NONE', #8146, #7355, #7415 ) ;
#9077 = VERTEX_POINT ( 'NONE', #7107 ) ;
#9078 = FILL_AREA_STYLE ('',( #1647 ) ) ;
#9079 = VERTEX_POINT ( 'NONE', #9780 ) ;
#9080 =( LENGTH_UNIT ( ) NAMED_UNIT ( * ) SI_UNIT ( .MILLI., .METRE. ) );
#9081 = DIRECTION ( 'NONE',  ( -0.000000000000000000, -0.000000000000000000, 1.000000000000000000 ) ) ;
#9082 = DIRECTION ( 'NONE',  ( -0.000000000000000000, -0.000000000000000000, 1.000000000000000000 ) ) ;
#9083 = CARTESIAN_POINT ( 'NONE',  ( 0.4999999999999911182, -3.549999999999997158, 1.200000000000000178 ) ) ;
#9084 = DIRECTION ( 'NONE',  ( -0.000000000000000000, -0.000000000000000000, 1.000000000000000000 ) ) ;
#9085 =( NAMED_UNIT ( * ) SI_UNIT ( $, .STERADIAN. ) SOLID_ANGLE_UNIT ( ) );
#9086 = LINE ( 'NONE', #737, #10212 ) ;
#9087 = CARTESIAN_POINT ( 'NONE',  ( 1.850000000000000089, -7.994982302604838331, 1.100000000000000089 ) ) ;
#9088 = CARTESIAN_POINT ( 'NONE',  ( 5.000000000000000888, -2.468682383288471449, 1.700000000000000178 ) ) ;
#9089 = ADVANCED_FACE ( 'NONE', ( #4243 ), #11784, .F. ) ;
#9090 = ORIENTED_EDGE ( 'NONE', *, *, #4404, .T. ) ;
#9091 = CIRCLE ( 'NONE', #3840, 0.5000000000000008882 ) ;
#9092 = EDGE_LOOP ( 'NONE', ( #10912, #10830 ) ) ;
#9093 = PRESENTATION_LAYER_ASSIGNMENT (  '', '', ( #2866 ) ) ;
#9094 = SURFACE_SIDE_STYLE ('',( #4467 ) ) ;
#9095 = SURFACE_SIDE_STYLE ('',( #11217 ) ) ;
#9096 = DIRECTION ( 'NONE',  ( 1.000000000000000000, 0.000000000000000000, -0.000000000000000000 ) ) ;
#9097 = DIRECTION ( 'NONE',  ( 1.000000000000000000, 0.000000000000000000, 0.000000000000000000 ) ) ;
#9098 = ORIENTED_EDGE ( 'NONE', *, *, #2390, .T. ) ;
#9099 = LINE ( 'NONE', #10906, #2719 ) ;
#9100 = DIRECTION ( 'NONE',  ( -0.000000000000000000, -0.000000000000000000, 1.000000000000000000 ) ) ;
#9102 = CYLINDRICAL_SURFACE ( 'NONE', #3250, 0.6205955535903713294 ) ;
#9101 = VECTOR ( 'NONE', #3195, 1000.000000000000000 ) ;
#9103 = ADVANCED_FACE ( 'NONE', ( #8990 ), #3753, .T. ) ;
#9104 = PLANE ( 'NONE',  #10534 ) ;
#9105 = CIRCLE ( 'NONE', #6173, 0.09999999999999982514 ) ;
#9106 = ORIENTED_EDGE ( 'NONE', *, *, #7608, .T. ) ;
#9107 = VERTEX_POINT ( 'NONE', #9299 ) ;
#9108 = VERTEX_POINT ( 'NONE', #8271 ) ;
#9109 = EDGE_CURVE ( 'NONE', #253, #6918, #5647, .T. ) ;
#9110 = VECTOR ( 'NONE', #7130, 1000.000000000000000 ) ;
#9111 =( GEOMETRIC_REPRESENTATION_CONTEXT ( 3 ) GLOBAL_UNCERTAINTY_ASSIGNED_CONTEXT ( ( #4119 ) ) GLOBAL_UNIT_ASSIGNED_CONTEXT ( ( #4188, #8991, #11920 ) ) REPRESENTATION_CONTEXT ( 'NONE', 'WORKASPACE' ) );
#9112 = FILL_AREA_STYLE_COLOUR ( '', #9199 ) ;
#9113 = VERTEX_POINT ( 'NONE', #11179 ) ;
#9114 = VERTEX_POINT ( 'NONE', #2833 ) ;
#9115 = DIRECTION ( 'NONE',  ( -0.000000000000000000, -0.000000000000000000, -1.000000000000000000 ) ) ;
#9116 = CARTESIAN_POINT ( 'NONE',  ( -2.150000000000003020, -1.499999999999997335, 1.200000000000000178 ) ) ;
#9117 = CARTESIAN_POINT ( 'NONE',  ( 1.254473155026101683, -1.389077535132158481, 1.399999999999999911 ) ) ;
#9118 = SURFACE_SIDE_STYLE ('',( #10277 ) ) ;
#9119 = LINE ( 'NONE', #8205, #11447 ) ;
#9120 = UNCERTAINTY_MEASURE_WITH_UNIT (LENGTH_MEASURE( 1.000000000000000082E-05 ), #1374, 'distance_accuracy_value', 'NONE');
#9121 = ORIENTED_EDGE ( 'NONE', *, *, #4618, .T. ) ;
#9122 = AXIS2_PLACEMENT_3D ( 'NONE', #5467, #9126, #2714 ) ;
#9123 = VERTEX_POINT ( 'NONE', #9242 ) ;
#9124 = LINE ( 'NONE', #3514, #340 ) ;
#9125 = STYLED_ITEM ( 'NONE', ( #9884 ), #6801 ) ;
#9126 = DIRECTION ( 'NONE',  ( 0.000000000000000000, 1.000000000000000000, 0.000000000000000000 ) ) ;
#9127 = ORIENTED_EDGE ( 'NONE', *, *, #459, .T. ) ;
#9128 = CARTESIAN_POINT ( 'NONE',  ( -1.558619850013732266, 2.147362469743642865, -29.20000000000000284 ) ) ;
#9129 = DIRECTION ( 'NONE',  ( 0.000000000000000000, 0.000000000000000000, 1.000000000000000000 ) ) ;
#9130 =( NAMED_UNIT ( * ) PLANE_ANGLE_UNIT ( ) SI_UNIT ( $, .RADIAN. ) );
#9131 = VECTOR ( 'NONE', #4333, 1000.000000000000000 ) ;
#9132 = CIRCLE ( 'NONE', #9905, 0.6205955535903713294 ) ;
#9133 = ORIENTED_EDGE ( 'NONE', *, *, #4325, .F. ) ;
#9134 = DIRECTION ( 'NONE',  ( 1.000000000000000000, 0.000000000000000000, 0.000000000000000000 ) ) ;
#9135 = VERTEX_POINT ( 'NONE', #8390 ) ;
#9136 = DIRECTION ( 'NONE',  ( -1.000000000000000000, 0.000000000000000000, 0.000000000000000000 ) ) ;
#9137 = ADVANCED_FACE ( 'NONE', ( #6376 ), #11987, .F. ) ;
#9138 = ORIENTED_EDGE ( 'NONE', *, *, #4340, .T. ) ;
#9139 = DIRECTION ( 'NONE',  ( 0.000000000000000000, -1.000000000000000000, 0.000000000000000000 ) ) ;
#9140 = ADVANCED_FACE ( 'NONE', ( #8328 ), #1681, .F. ) ;
#9141 = LINE ( 'NONE', #1767, #8529 ) ;
#9142 = CARTESIAN_POINT ( 'NONE',  ( -2.679360369118781726, 2.295341782195420954, 0.000000000000000000 ) ) ;
#9143 = LINE ( 'NONE', #11023, #11154 ) ;
#9144 = LINE ( 'NONE', #5297, #9306 ) ;
#9145 = CARTESIAN_POINT ( 'NONE',  ( -3.999999999999997335, -3.549999999999997158, 1.200000000000000178 ) ) ;
#9146 = SURFACE_STYLE_FILL_AREA ( #1834 ) ;
#9147 = ORIENTED_EDGE ( 'NONE', *, *, #8143, .F. ) ;
#9148 = VECTOR ( 'NONE', #5644, 1000.000000000000000 ) ;
#9149 = VERTEX_POINT ( 'NONE', #2770 ) ;
#9150 = UNCERTAINTY_MEASURE_WITH_UNIT (LENGTH_MEASURE( 1.000000000000000082E-05 ), #9507, 'distance_accuracy_value', 'NONE');
#9151 = EDGE_CURVE ( 'NONE', #1970, #11093, #5389, .T. ) ;
#9152 = PRESENTATION_LAYER_ASSIGNMENT (  '', '', ( #2336 ) ) ;
#9153 = FACE_OUTER_BOUND ( 'NONE', #6349, .T. ) ;
#9154 = DIRECTION ( 'NONE',  ( 1.000000000000000000, 0.000000000000000000, 0.000000000000000000 ) ) ;
#9155 = DIRECTION ( 'NONE',  ( 1.000000000000000000, 0.000000000000000000, 0.000000000000000000 ) ) ;
#9156 = CARTESIAN_POINT ( 'NONE',  ( 2.470595553590371196, -7.994982302604838331, 1.100000000000000089 ) ) ;
#9157 = CARTESIAN_POINT ( 'NONE',  ( -2.500000000000003109, -5.999999999999997335, 1.000000000000000000 ) ) ;
#9158 = ORIENTED_EDGE ( 'NONE', *, *, #8586, .T. ) ;
#9159 = DIRECTION ( 'NONE',  ( -1.000000000000000000, 0.000000000000000000, 0.000000000000000000 ) ) ;
#9160 = CARTESIAN_POINT ( 'NONE',  ( 2.350000000000000977, -7.994982302604838331, 0.000000000000000000 ) ) ;
#9161 = FILL_AREA_STYLE ('',( #4415 ) ) ;
#9162 = SURFACE_STYLE_FILL_AREA ( #11283 ) ;
#9163 = PRESENTATION_LAYER_ASSIGNMENT (  '', '', ( #2341 ) ) ;
#9164 = VERTEX_POINT ( 'NONE', #4549 ) ;
#9165 = ORIENTED_EDGE ( 'NONE', *, *, #9657, .F. ) ;
#9166 = ORIENTED_EDGE ( 'NONE', *, *, #2880, .F. ) ;
#9167 = COLOUR_RGB ( '',0.2509803921568627416, 0.2509803921568627416, 0.2509803921568627416 ) ;
#9168 = SURFACE_SIDE_STYLE ('',( #5450 ) ) ;
#9169 =( LENGTH_UNIT ( ) NAMED_UNIT ( * ) SI_UNIT ( .MILLI., .METRE. ) );
#9170 = FACE_OUTER_BOUND ( 'NONE', #4355, .T. ) ;
#9171 = EDGE_LOOP ( 'NONE', ( #11597, #1953, #4802, #3697 ) ) ;
#9172 = ORIENTED_EDGE ( 'NONE', *, *, #7075, .F. ) ;
#9173 = CARTESIAN_POINT ( 'NONE',  ( 4.871213910048265205, 2.295341782195420954, -29.20000000000000284 ) ) ;
#9174 = VECTOR ( 'NONE', #7652, 1000.000000000000000 ) ;
#9175 = CYLINDRICAL_SURFACE ( 'NONE', #4105, 0.1494257208329539954 ) ;
#9176 = DIRECTION ( 'NONE',  ( -1.000000000000000000, 0.000000000000000000, 0.000000000000000000 ) ) ;
#9177 = CARTESIAN_POINT ( 'NONE',  ( 3.292975979834980471, 0.000000000000000000, 1.500000000000000000 ) ) ;
#9178 = ORIENTED_EDGE ( 'NONE', *, *, #2278, .F. ) ;
#9179 = MECHANICAL_DESIGN_GEOMETRIC_PRESENTATION_REPRESENTATION (  '', ( #5093 ), #10731 ) ;
#9180 = VECTOR ( 'NONE', #7976, 1000.000000000000000 ) ;
#9181 = CARTESIAN_POINT ( 'NONE',  ( 0.000000000000000000, -3.188776141202243508, 1.500000000000000000 ) ) ;
#9182 = DIRECTION ( 'NONE',  ( 1.000000000000000000, 0.000000000000000000, 0.000000000000000000 ) ) ;
#9183 = VECTOR ( 'NONE', #4335, 1000.000000000000000 ) ;
#9184 = VERTEX_POINT ( 'NONE', #10450 ) ;
#9185 = EDGE_LOOP ( 'NONE', ( #998, #2556, #10142, #9265 ) ) ;
#9186 = DIRECTION ( 'NONE',  ( -0.000000000000000000, 0.000000000000000000, 1.000000000000000000 ) ) ;
#9187 = FILL_AREA_STYLE_COLOUR ( '', #5777 ) ;
#9188 =( NAMED_UNIT ( * ) PLANE_ANGLE_UNIT ( ) SI_UNIT ( $, .RADIAN. ) );
#9189 = EDGE_CURVE ( 'NONE', #6877, #4517, #1979, .T. ) ;
#9190 = CARTESIAN_POINT ( 'NONE',  ( 5.219581602308915436, 0.05721166191411014568, 1.500000000000000000 ) ) ;
#9191 =( GEOMETRIC_REPRESENTATION_CONTEXT ( 3 ) GLOBAL_UNCERTAINTY_ASSIGNED_CONTEXT ( ( #8872 ) ) GLOBAL_UNIT_ASSIGNED_CONTEXT ( ( #7964, #475, #5149 ) ) REPRESENTATION_CONTEXT ( 'NONE', 'WORKASPACE' ) );
#9192 = DIRECTION ( 'NONE',  ( -0.000000000000000000, 0.000000000000000000, 1.000000000000000000 ) ) ;
#9193 = PRESENTATION_STYLE_ASSIGNMENT (( #2599 ) ) ;
#9194 = SURFACE_STYLE_USAGE ( .BOTH. , #1757 ) ;
#9195 = EDGE_CURVE ( 'NONE', #9982, #2051, #2161, .T. ) ;
#9196 = EDGE_LOOP ( 'NONE', ( #2381, #1886, #1444, #3372 ) ) ;
#9197 = PRESENTATION_STYLE_ASSIGNMENT (( #8163 ) ) ;
#9198 = ORIENTED_EDGE ( 'NONE', *, *, #10719, .F. ) ;
#9199 = COLOUR_RGB ( '',1.000000000000000000, 1.000000000000000000, 0.5019607843137254832 ) ;
#9200 = CARTESIAN_POINT ( 'NONE',  ( 2.425948166299673581, 2.856906106631964093, 1.100000000000000089 ) ) ;
#9201 = EDGE_CURVE ( 'NONE', #9422, #11504, #10335, .T. ) ;
#9202 = ORIENTED_EDGE ( 'NONE', *, *, #11398, .T. ) ;
#9203 = SURFACE_STYLE_USAGE ( .BOTH. , #10116 ) ;
#9204 = CARTESIAN_POINT ( 'NONE',  ( -2.897642652873967162, 0.000000000000000000, 1.000000000000000000 ) ) ;
#9205 = SURFACE_STYLE_FILL_AREA ( #10610 ) ;
#9206 = PRESENTATION_STYLE_ASSIGNMENT (( #2735 ) ) ;
#9207 = CARTESIAN_POINT ( 'NONE',  ( -1.285447166564339883, -1.197484453166197227, 1.000000000000000000 ) ) ;
#9208 = LINE ( 'NONE', #142, #179 ) ;
#9209 = CARTESIAN_POINT ( 'NONE',  ( -2.500000000000003109, -6.499999999999997335, 1.000000000000000000 ) ) ;
#9210 = DIRECTION ( 'NONE',  ( -0.000000000000000000, 0.000000000000000000, 1.000000000000000000 ) ) ;
#9211 = CYLINDRICAL_SURFACE ( 'NONE', #1857, 0.1494257208329539954 ) ;
#9212 = ORIENTED_EDGE ( 'NONE', *, *, #2877, .T. ) ;
#9213 = EDGE_CURVE ( 'NONE', #4179, #5695, #8222, .T. ) ;
#9214 = ORIENTED_EDGE ( 'NONE', *, *, #8101, .T. ) ;
#9215 = EDGE_CURVE ( 'NONE', #1870, #3243, #9478, .T. ) ;
#9216 =( LENGTH_UNIT ( ) NAMED_UNIT ( * ) SI_UNIT ( .MILLI., .METRE. ) );
#9217 = PRESENTATION_STYLE_ASSIGNMENT (( #10845 ) ) ;
#9218 = VECTOR ( 'NONE', #7253, 1000.000000000000000 ) ;
#9219 = DIRECTION ( 'NONE',  ( -0.000000000000000000, -0.000000000000000000, 1.000000000000000000 ) ) ;
#9220 = DIRECTION ( 'NONE',  ( 0.000000000000000000, 0.000000000000000000, 1.000000000000000000 ) ) ;
#9221 = DIRECTION ( 'NONE',  ( -0.000000000000000000, -1.000000000000000000, -0.000000000000000000 ) ) ;
#9222 = ORIENTED_EDGE ( 'NONE', *, *, #9500, .T. ) ;
#9223 = AXIS2_PLACEMENT_3D ( 'NONE', #6221, #7081, #7203 ) ;
#9224 = DIRECTION ( 'NONE',  ( -1.084202172485504434E-16, 1.000000000000000000, 0.000000000000000000 ) ) ;
#9225 = CARTESIAN_POINT ( 'NONE',  ( 1.229404446409628759, -7.994982302604838331, 1.100000000000000089 ) ) ;
#9226 = CARTESIAN_POINT ( 'NONE',  ( -4.500000000000000888, -7.994982302604838331, 1.100000000000000089 ) ) ;
#9227 =( NAMED_UNIT ( * ) SI_UNIT ( $, .STERADIAN. ) SOLID_ANGLE_UNIT ( ) );
#9228 = CARTESIAN_POINT ( 'NONE',  ( -1.728786089951735994, 2.295341782195420954, -29.20000000000000284 ) ) ;
#9229 = MECHANICAL_DESIGN_GEOMETRIC_PRESENTATION_REPRESENTATION (  '', ( #2796 ), #10389 ) ;
#9230 = ORIENTED_EDGE ( 'NONE', *, *, #2151, .T. ) ;
#9231 = ORIENTED_EDGE ( 'NONE', *, *, #7139, .T. ) ;
#9232 = COLOUR_RGB ( '',1.000000000000000000, 1.000000000000000000, 0.5019607843137254832 ) ;
#9233 = COLOUR_RGB ( '',1.000000000000000000, 1.000000000000000000, 0.5019607843137254832 ) ;
#9234 = CARTESIAN_POINT ( 'NONE',  ( 3.192975979834980826, -0.04278833808588954762, 1.500000000000000000 ) ) ;
#9235 = VECTOR ( 'NONE', #1358, 1000.000000000000000 ) ;
#9236 = VECTOR ( 'NONE', #7516, 1000.000000000000000 ) ;
#9237 = DIRECTION ( 'NONE',  ( 0.000000000000000000, -0.000000000000000000, -1.000000000000000000 ) ) ;
#9238 = AXIS2_PLACEMENT_3D ( 'NONE', #7210, #2568, #4414 ) ;
#9239 = PLANE ( 'NONE',  #2195 ) ;
#9240 = VERTEX_POINT ( 'NONE', #11358 ) ;
#9241 = DIRECTION ( 'NONE',  ( 0.000000000000000000, 0.000000000000000000, -1.000000000000000000 ) ) ;
#9242 = CARTESIAN_POINT ( 'NONE',  ( 2.841380149986267867, 2.147362469743642865, 1.000000000000000888 ) ) ;
#9243 = STYLED_ITEM ( 'NONE', ( #1814 ), #2970 ) ;
#9244 = UNCERTAINTY_MEASURE_WITH_UNIT (LENGTH_MEASURE( 1.000000000000000082E-05 ), #3298, 'distance_accuracy_value', 'NONE');
#9245 = VERTEX_POINT ( 'NONE', #4962 ) ;
#9246 =( GEOMETRIC_REPRESENTATION_CONTEXT ( 3 ) GLOBAL_UNCERTAINTY_ASSIGNED_CONTEXT ( ( #7080 ) ) GLOBAL_UNIT_ASSIGNED_CONTEXT ( ( #4053, #1265, #5894 ) ) REPRESENTATION_CONTEXT ( 'NONE', 'WORKASPACE' ) );
#9247 = EDGE_CURVE ( 'NONE', #10393, #9557, #10511, .T. ) ;
#9248 = EDGE_CURVE ( 'NONE', #6918, #1509, #1983, .T. ) ;
#9249 = COLOUR_RGB ( '',1.000000000000000000, 1.000000000000000000, 1.000000000000000000 ) ;
#9250 = CARTESIAN_POINT ( 'NONE',  ( -0.8500000000000026423, -1.999999999999997335, 1.000000000000000000 ) ) ;
#9251 = EDGE_LOOP ( 'NONE', ( #690, #5819, #2210, #66 ) ) ;
#9252 = ORIENTED_EDGE ( 'NONE', *, *, #9841, .T. ) ;
#9253 = SURFACE_STYLE_FILL_AREA ( #2717 ) ;
#9254 = PRESENTATION_LAYER_ASSIGNMENT (  '', '', ( #502 ) ) ;
#9255 = SURFACE_STYLE_FILL_AREA ( #4561 ) ;
#9256 = FACE_OUTER_BOUND ( 'NONE', #5891, .T. ) ;
#9257 = DIRECTION ( 'NONE',  ( 1.000000000000000000, -0.000000000000000000, 0.000000000000000000 ) ) ;
#9258 = CARTESIAN_POINT ( 'NONE',  ( -1.190000000000001279, -7.994982302604838331, 1.100000000000000089 ) ) ;
#9259 = DIRECTION ( 'NONE',  ( -0.000000000000000000, -0.000000000000000000, -1.000000000000000000 ) ) ;
#9260 = EDGE_CURVE ( 'NONE', #10283, #4933, #5098, .T. ) ;
#9261 = FILL_AREA_STYLE_COLOUR ( '', #4367 ) ;
#9262 = EDGE_CURVE ( 'NONE', #3138, #11471, #1074, .T. ) ;
#9263 = ORIENTED_EDGE ( 'NONE', *, *, #9841, .F. ) ;
#9264 = DIRECTION ( 'NONE',  ( 0.000000000000000000, 1.000000000000000000, 0.000000000000000000 ) ) ;
#9265 = ORIENTED_EDGE ( 'NONE', *, *, #4935, .F. ) ;
#9266 = EDGE_CURVE ( 'NONE', #8012, #11430, #4324, .T. ) ;
#9267 = PLANE ( 'NONE',  #7986 ) ;
#9268 = ORIENTED_EDGE ( 'NONE', *, *, #9904, .T. ) ;
#9269 = SURFACE_SIDE_STYLE ('',( #6523 ) ) ;
#9270 = LINE ( 'NONE', #3841, #1169 ) ;
#9271 = CARTESIAN_POINT ( 'NONE',  ( -3.302035936607394362, -4.815388332950267844E-16, 1.000000000000000000 ) ) ;
#9272 = LINE ( 'NONE', #796, #3642 ) ;
#9273 = DIRECTION ( 'NONE',  ( -1.000000000000000000, -1.084202172485506603E-15, 0.000000000000000000 ) ) ;
#9274 = EDGE_CURVE ( 'NONE', #10026, #11318, #6735, .T. ) ;
#9275 = AXIS2_PLACEMENT_3D ( 'NONE', #9181, #5586, #11791 ) ;
#9276 = LINE ( 'NONE', #12014, #114 ) ;
#9277 = EDGE_LOOP ( 'NONE', ( #9659, #10818, #4037, #2528 ) ) ;
#9278 = EDGE_LOOP ( 'NONE', ( #9339, #3128 ) ) ;
#9279 = SURFACE_STYLE_FILL_AREA ( #11098 ) ;
#9280 = AXIS2_PLACEMENT_3D ( 'NONE', #9434, #10521, #6564 ) ;
#9281 = CARTESIAN_POINT ( 'NONE',  ( 0.4999999999999948930, -4.649999999999996803, 1.000000000000000000 ) ) ;
#9282 = CARTESIAN_POINT ( 'NONE',  ( 0.4999999999999913403, -3.349999999999997424, 1.200000000000000178 ) ) ;
#9283 = PLANE ( 'NONE',  #4633 ) ;
#9284 = SURFACE_STYLE_USAGE ( .BOTH. , #808 ) ;
#9285 = ORIENTED_EDGE ( 'NONE', *, *, #592, .T. ) ;
#9286 = CYLINDRICAL_SURFACE ( 'NONE', #7006, 0.1494257208329539954 ) ;
#9287 = FILL_AREA_STYLE_COLOUR ( '', #2030 ) ;
#9288 = ORIENTED_EDGE ( 'NONE', *, *, #3209, .T. ) ;
#9289 = MECHANICAL_DESIGN_GEOMETRIC_PRESENTATION_REPRESENTATION (  '', ( #9660 ), #530 ) ;
#9290 = EDGE_LOOP ( 'NONE', ( #8071, #6129, #1672, #11249 ) ) ;
#9291 = STYLED_ITEM ( 'NONE', ( #8247 ), #1266 ) ;
#9292 = FACE_OUTER_BOUND ( 'NONE', #2409, .T. ) ;
#9293 = SURFACE_STYLE_FILL_AREA ( #8321 ) ;
#9294 = PRESENTATION_LAYER_ASSIGNMENT (  '', '', ( #8704 ) ) ;
#9295 = ORIENTED_EDGE ( 'NONE', *, *, #1815, .T. ) ;
#9296 = EDGE_CURVE ( 'NONE', #11128, #11004, #7528, .T. ) ;
#9297 =( NAMED_UNIT ( * ) SI_UNIT ( $, .STERADIAN. ) SOLID_ANGLE_UNIT ( ) );
#9298 = LINE ( 'NONE', #950, #4418 ) ;
#9299 = CARTESIAN_POINT ( 'NONE',  ( 3.899899111776169658, 2.147362469743642865, 0.000000000000000000 ) ) ;
#9300 = ORIENTED_EDGE ( 'NONE', *, *, #7036, .F. ) ;
#9301 = UNCERTAINTY_MEASURE_WITH_UNIT (LENGTH_MEASURE( 1.000000000000000082E-05 ), #8152, 'distance_accuracy_value', 'NONE');
#9302 = VECTOR ( 'NONE', #4384, 1000.000000000000000 ) ;
#9303 = EDGE_CURVE ( 'NONE', #4124, #8144, #1139, .T. ) ;
#9304 = CARTESIAN_POINT ( 'NONE',  ( 3.119999999999999662, -7.994982302604838331, 1.000000000000000000 ) ) ;
#9305 = VERTEX_POINT ( 'NONE', #2894 ) ;
#9306 = VECTOR ( 'NONE', #3534, 1000.000000000000000 ) ;
#9307 = ORIENTED_EDGE ( 'NONE', *, *, #9362, .T. ) ;
#9308 =( NAMED_UNIT ( * ) PLANE_ANGLE_UNIT ( ) SI_UNIT ( $, .RADIAN. ) );
#9309 = EDGE_CURVE ( 'NONE', #10507, #9055, #2186, .T. ) ;
#9310 = SURFACE_STYLE_USAGE ( .BOTH. , #10033 ) ;
#9311 = SURFACE_STYLE_USAGE ( .BOTH. , #5592 ) ;
#9312 = PLANE ( 'NONE',  #6844 ) ;
#9313 = FILL_AREA_STYLE ('',( #7364 ) ) ;
#9314 = DIRECTION ( 'NONE',  ( -0.000000000000000000, 0.000000000000000000, 1.000000000000000000 ) ) ;
#9315 = ORIENTED_EDGE ( 'NONE', *, *, #5131, .F. ) ;
#9316 = AXIS2_PLACEMENT_3D ( 'NONE', #9351, #5511, #10199 ) ;
#9317 = ORIENTED_EDGE ( 'NONE', *, *, #8975, .F. ) ;
#9318 = ORIENTED_EDGE ( 'NONE', *, *, #4292, .T. ) ;
#9319 = SURFACE_SIDE_STYLE ('',( #3714 ) ) ;
#9320 = ORIENTED_EDGE ( 'NONE', *, *, #427, .F. ) ;
#9321 = CARTESIAN_POINT ( 'NONE',  ( -1.400000000000002798, -1.999999999999997335, 1.200000000000000178 ) ) ;
#9322 = CARTESIAN_POINT ( 'NONE',  ( -3.629934648285827237, 2.295341782195420954, 1.000000000000000000 ) ) ;
#9323 = FILL_AREA_STYLE_COLOUR ( '', #6092 ) ;
#9324 = VECTOR ( 'NONE', #5000, 1000.000000000000000 ) ;
#9325 = PRESENTATION_STYLE_ASSIGNMENT (( #8536 ) ) ;
#9326 = DIRECTION ( 'NONE',  ( -0.000000000000000000, -0.000000000000000000, -1.000000000000000000 ) ) ;
#9327 = DIRECTION ( 'NONE',  ( -0.000000000000000000, 0.000000000000000000, 1.000000000000000000 ) ) ;
#9328 = DIRECTION ( 'NONE',  ( 0.000000000000000000, 0.000000000000000000, 1.000000000000000000 ) ) ;
#9329 = CARTESIAN_POINT ( 'NONE',  ( 4.999899111776169747, 2.147362469743642865, -29.20000000000000284 ) ) ;
#9330 = ORIENTED_EDGE ( 'NONE', *, *, #6306, .F. ) ;
#9331 = ADVANCED_FACE ( 'NONE', ( #2950, #5769 ), #8624, .T. ) ;
#9332 = ORIENTED_EDGE ( 'NONE', *, *, #6876, .T. ) ;
#9333 = VECTOR ( 'NONE', #7065, 1000.000000000000000 ) ;
#9334 =( NAMED_UNIT ( * ) SI_UNIT ( $, .STERADIAN. ) SOLID_ANGLE_UNIT ( ) );
#9335 =( NAMED_UNIT ( * ) PLANE_ANGLE_UNIT ( ) SI_UNIT ( $, .RADIAN. ) );
#9336 = LINE ( 'NONE', #2749, #4262 ) ;
#9337 = SURFACE_STYLE_USAGE ( .BOTH. , #158 ) ;
#9338 = CARTESIAN_POINT ( 'NONE',  ( -3.500000000000003997, -5.199999999999997513, 1.000000000000000000 ) ) ;
#9339 = ORIENTED_EDGE ( 'NONE', *, *, #10648, .T. ) ;
#9340 = DIRECTION ( 'NONE',  ( 1.000000000000000000, 0.000000000000000000, 0.000000000000000000 ) ) ;
#9341 = CARTESIAN_POINT ( 'NONE',  ( -1.600000000000002975, -1.499999999999997335, 1.200000000000000178 ) ) ;
#9342 = DIRECTION ( 'NONE',  ( -1.626303258728256651E-16, 1.000000000000000000, -0.000000000000000000 ) ) ;
#9343 = AXIS2_PLACEMENT_3D ( 'NONE', #1918, #7589, #10032 ) ;
#9344 = EDGE_CURVE ( 'NONE', #8751, #8876, #12021, .T. ) ;
#9345 = DIRECTION ( 'NONE',  ( -0.000000000000000000, -0.000000000000000000, 1.000000000000000000 ) ) ;
#9346 = EDGE_LOOP ( 'NONE', ( #4724, #6830 ) ) ;
#9347 = EDGE_CURVE ( 'NONE', #2015, #8277, #154, .T. ) ;
#9348 = EDGE_LOOP ( 'NONE', ( #3490, #7397, #5560, #5603 ) ) ;
#9349 = VECTOR ( 'NONE', #3367, 1000.000000000000000 ) ;
#9350 = ADVANCED_FACE ( 'NONE', ( #3854 ), #1901, .T. ) ;
#9351 = CARTESIAN_POINT ( 'NONE',  ( 1.254473155026102127, -2.289077535132158836, 1.399999999999999911 ) ) ;
#9352 = FACE_BOUND ( 'NONE', #10246, .T. ) ;
#9353 = CARTESIAN_POINT ( 'NONE',  ( 0.000000000000000000, 0.000000000000000000, 1.500000000000000000 ) ) ;
#9354 = ORIENTED_EDGE ( 'NONE', *, *, #7046, .T. ) ;
#9355 = FILL_AREA_STYLE ('',( #4503 ) ) ;
#9356 = DIRECTION ( 'NONE',  ( -1.458308881367819166E-16, 1.000000000000000000, 0.000000000000000000 ) ) ;
#9357 = VECTOR ( 'NONE', #7914, 1000.000000000000000 ) ;
#9358 = DIRECTION ( 'NONE',  ( -1.000000000000000000, -0.000000000000000000, -0.000000000000000000 ) ) ;
#9359 = ORIENTED_EDGE ( 'NONE', *, *, #8030, .T. ) ;
#9360 = VECTOR ( 'NONE', #3663, 1000.000000000000000 ) ;
#9361 = ADVANCED_FACE ( 'NONE', ( #11097 ), #9239, .T. ) ;
#9362 = EDGE_CURVE ( 'NONE', #2291, #12015, #8323, .T. ) ;
#9363 = CARTESIAN_POINT ( 'NONE',  ( -4.900100888223831497, 2.147362469743642865, -29.20000000000000284 ) ) ;
#9364 = ADVANCED_FACE ( 'NONE', ( #6369 ), #11176, .F. ) ;
#9365 = VECTOR ( 'NONE', #293, 1000.000000000000000 ) ;
#9366 = DIRECTION ( 'NONE',  ( 1.000000000000000000, 0.000000000000000000, 0.000000000000000000 ) ) ;
#9367 = ORIENTED_EDGE ( 'NONE', *, *, #5230, .F. ) ;
#9368 = ORIENTED_EDGE ( 'NONE', *, *, #10029, .F. ) ;
#9369 = LINE ( 'NONE', #8634, #4789 ) ;
#9370 = LINE ( 'NONE', #1215, #2350 ) ;
#9371 = CARTESIAN_POINT ( 'NONE',  ( 3.292975979834980471, -0.6427883380858901985, 1.399999999999999911 ) ) ;
#9372 = SURFACE_STYLE_FILL_AREA ( #3521 ) ;
#9373 = CARTESIAN_POINT ( 'NONE',  ( 0.000000000000000000, -3.088776141202243419, 1.399999999999999911 ) ) ;
#9374 = EDGE_CURVE ( 'NONE', #6019, #6372, #5641, .T. ) ;
#9375 = AXIS2_PLACEMENT_3D ( 'NONE', #4060, #9607, #5714 ) ;
#9376 = ORIENTED_EDGE ( 'NONE', *, *, #3549, .T. ) ;
#9377 = ORIENTED_EDGE ( 'NONE', *, *, #11715, .F. ) ;
#9378 = ORIENTED_EDGE ( 'NONE', *, *, #9918, .T. ) ;
#9379 = AXIS2_PLACEMENT_3D ( 'NONE', #7934, #2320, #7991 ) ;
#9380 = DIRECTION ( 'NONE',  ( 1.000000000000000000, 0.000000000000000000, 0.000000000000000000 ) ) ;
#9381 = VERTEX_POINT ( 'NONE', #11115 ) ;
#9382 = CARTESIAN_POINT ( 'NONE',  ( -2.460000000000001297, -7.994982302604838331, 0.000000000000000000 ) ) ;
#9383 = COLOUR_RGB ( '',1.000000000000000000, 1.000000000000000000, 0.000000000000000000 ) ;
#9384 = DIRECTION ( 'NONE',  ( -1.000000000000000000, 0.000000000000000000, -0.000000000000000000 ) ) ;
#9385 = CARTESIAN_POINT ( 'NONE',  ( 3.200000000000001510, -5.068682383288471982, 1.800000000000000266 ) ) ;
#9386 =( NAMED_UNIT ( * ) PLANE_ANGLE_UNIT ( ) SI_UNIT ( $, .RADIAN. ) );
#9387 = EDGE_CURVE ( 'NONE', #7955, #11718, #3691, .T. ) ;
#9388 = CARTESIAN_POINT ( 'NONE',  ( -0.5001008882238309194, 2.147362469743642865, 0.000000000000000000 ) ) ;
#9389 = CARTESIAN_POINT ( 'NONE',  ( 1.571213910048264051, 2.295341782195420954, -29.20000000000000284 ) ) ;
#9390 = SURFACE_SIDE_STYLE ('',( #6828 ) ) ;
#9391 = CARTESIAN_POINT ( 'NONE',  ( -2.679360369118781726, 2.295341782195420954, -29.20000000000000284 ) ) ;
#9392 = VERTEX_POINT ( 'NONE', #5576 ) ;
#9393 = EDGE_CURVE ( 'NONE', #9123, #3948, #6078, .T. ) ;
#9394 = ADVANCED_FACE ( 'NONE', ( #9170 ), #5512, .F. ) ;
#9395 = ORIENTED_EDGE ( 'NONE', *, *, #5392, .T. ) ;
#9396 = UNCERTAINTY_MEASURE_WITH_UNIT (LENGTH_MEASURE( 1.000000000000000082E-05 ), #9508, 'distance_accuracy_value', 'NONE');
#9397 = DIRECTION ( 'NONE',  ( 0.000000000000000000, 0.000000000000000000, 1.000000000000000000 ) ) ;
#9398 = DIRECTION ( 'NONE',  ( -0.000000000000000000, -0.000000000000000000, 1.000000000000000000 ) ) ;
#9399 = LINE ( 'NONE', #10253, #8160 ) ;
#9400 = DIRECTION ( 'NONE',  ( 1.000000000000000000, 0.000000000000000000, 0.000000000000000000 ) ) ;
#9401 = CARTESIAN_POINT ( 'NONE',  ( 4.800000000000000711, -5.268682383288471271, 1.000000000000000000 ) ) ;
#9402 =( LENGTH_UNIT ( ) NAMED_UNIT ( * ) SI_UNIT ( .MILLI., .METRE. ) );
#9403 = DIRECTION ( 'NONE',  ( -0.000000000000000000, -0.000000000000000000, 1.000000000000000000 ) ) ;
#9404 = VECTOR ( 'NONE', #159, 1000.000000000000000 ) ;
#9405 = DIRECTION ( 'NONE',  ( -0.000000000000000000, 0.000000000000000000, 1.000000000000000000 ) ) ;
#9406 = CARTESIAN_POINT ( 'NONE',  ( -0.000000000000000000, 0.4572116619141102234, 1.000000000000000000 ) ) ;
#9407 = DIRECTION ( 'NONE',  ( -0.000000000000000000, 0.000000000000000000, 1.000000000000000000 ) ) ;
#9408 = ORIENTED_EDGE ( 'NONE', *, *, #5682, .T. ) ;
#9409 = AXIS2_PLACEMENT_3D ( 'NONE', #6958, #9931, #7069 ) ;
#9410 = EDGE_LOOP ( 'NONE', ( #10740, #4420, #3791, #10584 ) ) ;
#9411 = CIRCLE ( 'NONE', #284, 0.6205955535903713294 ) ;
#9412 = AXIS2_PLACEMENT_3D ( 'NONE', #1538, #5248, #625 ) ;
#9413 = ADVANCED_FACE ( 'NONE', ( #10386 ), #1256, .F. ) ;
#9414 = CARTESIAN_POINT ( 'NONE',  ( 0.000000000000000000, -1.197484453166197227, 1.500000000000000000 ) ) ;
#9415 = CYLINDRICAL_SURFACE ( 'NONE', #5903, 0.1494257208329542175 ) ;
#9416 = ORIENTED_EDGE ( 'NONE', *, *, #4416, .T. ) ;
#9417 = CARTESIAN_POINT ( 'NONE',  ( -2.700000000000003286, -5.999999999999997335, 1.200000000000000178 ) ) ;
#9418 =( NAMED_UNIT ( * ) PLANE_ANGLE_UNIT ( ) SI_UNIT ( $, .RADIAN. ) );
#9419 = DIRECTION ( 'NONE',  ( 1.000000000000000000, 0.000000000000000000, 0.000000000000000000 ) ) ;
#9420 = DIRECTION ( 'NONE',  ( -0.000000000000000000, -0.000000000000000000, -1.000000000000000000 ) ) ;
#9421 = VECTOR ( 'NONE', #3090, 1000.000000000000000 ) ;
#9422 = VERTEX_POINT ( 'NONE', #1974 ) ;
#9423 =( GEOMETRIC_REPRESENTATION_CONTEXT ( 3 ) GLOBAL_UNCERTAINTY_ASSIGNED_CONTEXT ( ( #7566 ) ) GLOBAL_UNIT_ASSIGNED_CONTEXT ( ( #3054, #10607, #10546 ) ) REPRESENTATION_CONTEXT ( 'NONE', 'WORKASPACE' ) );
#9424 = MECHANICAL_DESIGN_GEOMETRIC_PRESENTATION_REPRESENTATION (  '', ( #11553 ), #9804 ) ;
#9425 = EDGE_CURVE ( 'NONE', #7244, #6501, #10364, .T. ) ;
#9426 = AXIS2_PLACEMENT_3D ( 'NONE', #5091, #4238, #10519 ) ;
#9427 = DIRECTION ( 'NONE',  ( 0.000000000000000000, 0.000000000000000000, 1.000000000000000000 ) ) ;
#9428 = VECTOR ( 'NONE', #8493, 1000.000000000000000 ) ;
#9429 = LINE ( 'NONE', #184, #4659 ) ;
#9430 = VERTEX_POINT ( 'NONE', #4958 ) ;
#9431 = ORIENTED_EDGE ( 'NONE', *, *, #2767, .F. ) ;
#9432 = LINE ( 'NONE', #11431, #2985 ) ;
#9433 = VECTOR ( 'NONE', #7133, 1000.000000000000000 ) ;
#9434 = CARTESIAN_POINT ( 'NONE',  ( 0.000000000000000000, -2.368682383288471360, 1.600000000000000089 ) ) ;
#9435 = DIRECTION ( 'NONE',  ( -0.000000000000000000, -1.000000000000000000, -0.000000000000000000 ) ) ;
#9436 = DIRECTION ( 'NONE',  ( 0.000000000000000000, 0.000000000000000000, 1.000000000000000000 ) ) ;
#9437 = VECTOR ( 'NONE', #7347, 1000.000000000000000 ) ;
#9438 = AXIS2_PLACEMENT_3D ( 'NONE', #7773, #3065, #224 ) ;
#9439 = DIRECTION ( 'NONE',  ( -0.000000000000000000, 0.000000000000000000, 1.000000000000000000 ) ) ;
#9440 =( GEOMETRIC_REPRESENTATION_CONTEXT ( 3 ) GLOBAL_UNCERTAINTY_ASSIGNED_CONTEXT ( ( #10090 ) ) GLOBAL_UNIT_ASSIGNED_CONTEXT ( ( #161, #3864, #10376 ) ) REPRESENTATION_CONTEXT ( 'NONE', 'WORKASPACE' ) );
#9441 = ORIENTED_EDGE ( 'NONE', *, *, #7466, .F. ) ;
#9442 = ORIENTED_EDGE ( 'NONE', *, *, #5056, .F. ) ;
#9443 = AXIS2_PLACEMENT_3D ( 'NONE', #392, #8546, #11334 ) ;
#9444 = ORIENTED_EDGE ( 'NONE', *, *, #6145, .T. ) ;
#9445 = ADVANCED_FACE ( 'NONE', ( #1133 ), #9415, .F. ) ;
#9446 = MECHANICAL_DESIGN_GEOMETRIC_PRESENTATION_REPRESENTATION (  '', ( #7490 ), #6518 ) ;
#9447 = VECTOR ( 'NONE', #11326, 1000.000000000000000 ) ;
#9448 = CYLINDRICAL_SURFACE ( 'NONE', #8388, 0.1000000000000000472 ) ;
#9449 = VERTEX_POINT ( 'NONE', #1316 ) ;
#9450 = PLANE ( 'NONE',  #8260 ) ;
#9451 = DIRECTION ( 'NONE',  ( 0.000000000000000000, 1.000000000000000000, 0.000000000000000000 ) ) ;
#9452 = DIRECTION ( 'NONE',  ( -0.000000000000000000, 0.000000000000000000, 1.000000000000000000 ) ) ;
#9453 = LINE ( 'NONE', #5610, #4824 ) ;
#9454 = FACE_BOUND ( 'NONE', #11387, .T. ) ;
#9455 = DIRECTION ( 'NONE',  ( -0.000000000000000000, -0.000000000000000000, -1.000000000000000000 ) ) ;
#9456 = ORIENTED_EDGE ( 'NONE', *, *, #182, .F. ) ;
#9457 = ORIENTED_EDGE ( 'NONE', *, *, #1689, .T. ) ;
#9458 = DIRECTION ( 'NONE',  ( 1.000000000000000000, 0.000000000000000000, 0.000000000000000000 ) ) ;
#9459 =( LENGTH_UNIT ( ) NAMED_UNIT ( * ) SI_UNIT ( .MILLI., .METRE. ) );
#9460 = DIRECTION ( 'NONE',  ( -0.000000000000000000, -0.000000000000000000, -1.000000000000000000 ) ) ;
#9461 = DIRECTION ( 'NONE',  ( -0.000000000000000000, 0.000000000000000000, 1.000000000000000000 ) ) ;
#9462 = FILL_AREA_STYLE ('',( #5751 ) ) ;
#9463 = DIRECTION ( 'NONE',  ( 0.000000000000000000, -0.000000000000000000, -1.000000000000000000 ) ) ;
#9464 = CARTESIAN_POINT ( 'NONE',  ( -1.339404446409629079, -7.994982302604838331, 1.100000000000000089 ) ) ;
#9465 = ADVANCED_FACE ( 'NONE', ( #7779 ), #6854, .F. ) ;
#9466 =( NAMED_UNIT ( * ) PLANE_ANGLE_UNIT ( ) SI_UNIT ( $, .RADIAN. ) );
#9467 = DIRECTION ( 'NONE',  ( 1.000000000000000000, 0.000000000000000000, 0.000000000000000000 ) ) ;
#9468 = DIRECTION ( 'NONE',  ( 1.000000000000000000, 0.000000000000000000, 0.000000000000000000 ) ) ;
#9469 = EDGE_LOOP ( 'NONE', ( #11379, #1775, #11061, #4856 ) ) ;
#9470 = ORIENTED_EDGE ( 'NONE', *, *, #2899, .T. ) ;
#9471 = VECTOR ( 'NONE', #9065, 1000.000000000000000 ) ;
#9472 =( GEOMETRIC_REPRESENTATION_CONTEXT ( 3 ) GLOBAL_UNCERTAINTY_ASSIGNED_CONTEXT ( ( #5520 ) ) GLOBAL_UNIT_ASSIGNED_CONTEXT ( ( #4681, #7239, #1692 ) ) REPRESENTATION_CONTEXT ( 'NONE', 'WORKASPACE' ) );
#9473 = DIRECTION ( 'NONE',  ( -1.000000000000000000, -0.000000000000000000, -0.000000000000000000 ) ) ;
#9474 = SURFACE_SIDE_STYLE ('',( #4716 ) ) ;
#9475 = ORIENTED_EDGE ( 'NONE', *, *, #10924, .F. ) ;
#9476 = DIRECTION ( 'NONE',  ( 0.000000000000000000, 1.000000000000000000, -0.000000000000000000 ) ) ;
#9477 = CARTESIAN_POINT ( 'NONE',  ( -0.3854471665643398604, 0.000000000000000000, 1.500000000000000000 ) ) ;
#9478 = LINE ( 'NONE', #1262, #8410 ) ;
#9479 = VECTOR ( 'NONE', #10024, 1000.000000000000000 ) ;
#9480 = ORIENTED_EDGE ( 'NONE', *, *, #7521, .T. ) ;
#9481 = EDGE_CURVE ( 'NONE', #2185, #11286, #4777, .T. ) ;
#9482 = EDGE_CURVE ( 'NONE', #3386, #11928, #8808, .T. ) ;
#9483 = CIRCLE ( 'NONE', #7341, 0.1494257208329539954 ) ;
#9484 = CARTESIAN_POINT ( 'NONE',  ( -5.192492299719079440, -3.188776141202243508, 1.000000000000000000 ) ) ;
#9485 =( GEOMETRIC_REPRESENTATION_CONTEXT ( 3 ) GLOBAL_UNCERTAINTY_ASSIGNED_CONTEXT ( ( #7 ) ) GLOBAL_UNIT_ASSIGNED_CONTEXT ( ( #4253, #7050, #8085 ) ) REPRESENTATION_CONTEXT ( 'NONE', 'WORKASPACE' ) );
#9486 =( GEOMETRIC_REPRESENTATION_CONTEXT ( 3 ) GLOBAL_UNCERTAINTY_ASSIGNED_CONTEXT ( ( #7290 ) ) GLOBAL_UNIT_ASSIGNED_CONTEXT ( ( #11045, #7334, #5442 ) ) REPRESENTATION_CONTEXT ( 'NONE', 'WORKASPACE' ) );
#9487 = CARTESIAN_POINT ( 'NONE',  ( -1.950000000000002842, -6.499999999999997335, 1.200000000000000178 ) ) ;
#9488 = EDGE_LOOP ( 'NONE', ( #8933, #4830 ) ) ;
#9489 = ORIENTED_EDGE ( 'NONE', *, *, #6673, .T. ) ;
#9490 = FILL_AREA_STYLE ('',( #2052 ) ) ;
#9491 = DIRECTION ( 'NONE',  ( 0.000000000000000000, -0.000000000000000000, 1.000000000000000000 ) ) ;
#9492 = LINE ( 'NONE', #1016, #7132 ) ;
#9493 = LINE ( 'NONE', #1156, #240 ) ;
#9494 = AXIS2_PLACEMENT_3D ( 'NONE', #506, #3352, #1356 ) ;
#9495 = CARTESIAN_POINT ( 'NONE',  ( 3.000000000000000888, -2.268682383288471271, 1.000000000000000000 ) ) ;
#9496 = ORIENTED_EDGE ( 'NONE', *, *, #6185, .F. ) ;
#9497 = CIRCLE ( 'NONE', #181, 0.1494257208329539954 ) ;
#9498 = ORIENTED_EDGE ( 'NONE', *, *, #11345, .T. ) ;
#9499 = ORIENTED_EDGE ( 'NONE', *, *, #1311, .F. ) ;
#9500 = EDGE_CURVE ( 'NONE', #9107, #8962, #171, .T. ) ;
#9501 = ORIENTED_EDGE ( 'NONE', *, *, #1984, .F. ) ;
#9502 = MECHANICAL_DESIGN_GEOMETRIC_PRESENTATION_REPRESENTATION (  '', ( #11241 ), #5024 ) ;
#9503 = AXIS2_PLACEMENT_3D ( 'NONE', #10358, #2734, #6459 ) ;
#9504 = VERTEX_POINT ( 'NONE', #2096 ) ;
#9505 = FACE_OUTER_BOUND ( 'NONE', #3935, .T. ) ;
#9506 = EDGE_CURVE ( 'NONE', #7504, #11727, #11476, .T. ) ;
#9507 =( LENGTH_UNIT ( ) NAMED_UNIT ( * ) SI_UNIT ( .MILLI., .METRE. ) );
#9508 =( LENGTH_UNIT ( ) NAMED_UNIT ( * ) SI_UNIT ( .MILLI., .METRE. ) );
#9509 = DIRECTION ( 'NONE',  ( 1.000000000000000000, 0.000000000000000000, 0.000000000000000000 ) ) ;
#9510 = CARTESIAN_POINT ( 'NONE',  ( 1.850000000000000089, -7.994982302604838331, 0.000000000000000000 ) ) ;
#9511 = PRESENTATION_LAYER_ASSIGNMENT (  '', '', ( #7954 ) ) ;
#9512 = DIRECTION ( 'NONE',  ( 1.000000000000000000, 4.336808689942017736E-16, -0.000000000000000000 ) ) ;
#9513 = VERTEX_POINT ( 'NONE', #11290 ) ;
#9514 = ORIENTED_EDGE ( 'NONE', *, *, #1221, .T. ) ;
#9515 = UNCERTAINTY_MEASURE_WITH_UNIT (LENGTH_MEASURE( 1.000000000000000082E-05 ), #3609, 'distance_accuracy_value', 'NONE');
#9516 = EDGE_CURVE ( 'NONE', #7661, #1567, #1612, .T. ) ;
#9517 = CARTESIAN_POINT ( 'NONE',  ( -1.960000000000000409, -7.994982302604838331, 1.100000000000000089 ) ) ;
#9518 = MECHANICAL_DESIGN_GEOMETRIC_PRESENTATION_REPRESENTATION (  '', ( #7954 ), #9710 ) ;
#9519 =( LENGTH_UNIT ( ) NAMED_UNIT ( * ) SI_UNIT ( .MILLI., .METRE. ) );
#9520 = CARTESIAN_POINT ( 'NONE',  ( -5.702035936607396494, 8.869867354517255720, 1.100000000000000089 ) ) ;
#9521 = CARTESIAN_POINT ( 'NONE',  ( 5.219581602308915436, -0.7427883380858898432, 1.500000000000000000 ) ) ;
#9522 = CARTESIAN_POINT ( 'NONE',  ( 5.781782254347279881, 0.000000000000000000, 1.000000000000000000 ) ) ;
#9523 = DIRECTION ( 'NONE',  ( 1.000000000000000000, 1.084834357360921750E-16, 0.000000000000000000 ) ) ;
#9524 = DIRECTION ( 'NONE',  ( -1.000000000000000000, -0.000000000000000000, -0.000000000000000000 ) ) ;
#9525 = DIRECTION ( 'NONE',  ( 0.000000000000000000, 1.000000000000000000, 0.000000000000000000 ) ) ;
#9526 = DIRECTION ( 'NONE',  ( -0.000000000000000000, -0.000000000000000000, 1.000000000000000000 ) ) ;
#9527 = ORIENTED_EDGE ( 'NONE', *, *, #5976, .T. ) ;
#9528 = AXIS2_PLACEMENT_3D ( 'NONE', #791, #8293, #7495 ) ;
#9529 = EDGE_CURVE ( 'NONE', #10914, #1994, #8559, .T. ) ;
#9530 = VERTEX_POINT ( 'NONE', #3127 ) ;
#9531 = CARTESIAN_POINT ( 'NONE',  ( 0.4999999999999951150, -4.449999999999997513, 1.000000000000000000 ) ) ;
#9532 = DIRECTION ( 'NONE',  ( -0.000000000000000000, -0.000000000000000000, -1.000000000000000000 ) ) ;
#9533 = VERTEX_POINT ( 'NONE', #6791 ) ;
#9534 = CIRCLE ( 'NONE', #1373, 0.1000000000000000472 ) ;
#9535 = DIRECTION ( 'NONE',  ( 1.000000000000000000, 0.000000000000000000, 0.000000000000000000 ) ) ;
#9536 = CARTESIAN_POINT ( 'NONE',  ( 0.000000000000000000, 2.656906106631963915, 1.100000000000000089 ) ) ;
#9537 = LINE ( 'NONE', #10449, #7337 ) ;
#9538 = DIRECTION ( 'NONE',  ( 1.000000000000000000, 0.000000000000000000, 0.000000000000000000 ) ) ;
#9539 = ORIENTED_EDGE ( 'NONE', *, *, #10218, .T. ) ;
#9540 = UNCERTAINTY_MEASURE_WITH_UNIT (LENGTH_MEASURE( 1.000000000000000082E-05 ), #9402, 'distance_accuracy_value', 'NONE');
#9541 = VECTOR ( 'NONE', #1243, 1000.000000000000000 ) ;
#9542 = EDGE_CURVE ( 'NONE', #2237, #2829, #10560, .T. ) ;
#9543 = DIRECTION ( 'NONE',  ( 0.000000000000000000, -1.000000000000000000, 0.000000000000000000 ) ) ;
#9544 = DIRECTION ( 'NONE',  ( -1.000000000000000000, 0.000000000000000000, 0.000000000000000000 ) ) ;
#9545 = AXIS2_PLACEMENT_3D ( 'NONE', #7854, #4012, #3152 ) ;
#9546 = ORIENTED_EDGE ( 'NONE', *, *, #10801, .T. ) ;
#9547 = VERTEX_POINT ( 'NONE', #1422 ) ;
#9548 = SURFACE_STYLE_USAGE ( .BOTH. , #73 ) ;
#9549 = DIRECTION ( 'NONE',  ( -0.000000000000000000, 0.000000000000000000, -1.000000000000000000 ) ) ;
#9550 = LINE ( 'NONE', #3827, #4610 ) ;
#9551 = DIRECTION ( 'NONE',  ( 0.000000000000000000, 0.000000000000000000, 1.000000000000000000 ) ) ;
#9552 = DIRECTION ( 'NONE',  ( 0.000000000000000000, 0.000000000000000000, 1.000000000000000000 ) ) ;
#9553 = PLANE ( 'NONE',  #7088 ) ;
#9554 = VERTEX_POINT ( 'NONE', #2268 ) ;
#9555 = VECTOR ( 'NONE', #1230, 1000.000000000000000 ) ;
#9556 = VERTEX_POINT ( 'NONE', #9039 ) ;
#9557 = VERTEX_POINT ( 'NONE', #5076 ) ;
#9558 = ADVANCED_FACE ( 'NONE', ( #2503 ), #11834, .F. ) ;
#9559 = ORIENTED_EDGE ( 'NONE', *, *, #1776, .T. ) ;
#9560 = CIRCLE ( 'NONE', #11502, 0.5000000000000004441 ) ;
#9561 = DIRECTION ( 'NONE',  ( 0.000000000000000000, 0.000000000000000000, 1.000000000000000000 ) ) ;
#9562 = ADVANCED_FACE ( 'NONE', ( #7025 ), #4224, .T. ) ;
#9563 = ORIENTED_EDGE ( 'NONE', *, *, #3720, .F. ) ;
#9564 = SURFACE_STYLE_USAGE ( .BOTH. , #11449 ) ;
#9565 = DIRECTION ( 'NONE',  ( 1.000000000000000000, 0.000000000000000000, 0.000000000000000000 ) ) ;
#9566 = SURFACE_STYLE_USAGE ( .BOTH. , #5858 ) ;
#9567 = DIRECTION ( 'NONE',  ( 0.000000000000000000, -0.000000000000000000, 1.000000000000000000 ) ) ;
#9568 = DIRECTION ( 'NONE',  ( -0.000000000000000000, 0.000000000000000000, -1.000000000000000000 ) ) ;
#9569 = DIRECTION ( 'NONE',  ( -0.000000000000000000, 0.000000000000000000, 1.000000000000000000 ) ) ;
#9570 = COLOUR_RGB ( '',1.000000000000000000, 1.000000000000000000, 0.5019607843137254832 ) ;
#9571 = EDGE_CURVE ( 'NONE', #2637, #3620, #7146, .T. ) ;
#9572 = CARTESIAN_POINT ( 'NONE',  ( 3.292975979834980471, 0.000000000000000000, 1.000000000000000000 ) ) ;
#9573 = CARTESIAN_POINT ( 'NONE',  ( 2.499404446409628111, -7.994982302604838331, 1.100000000000000089 ) ) ;
#9574 = EDGE_LOOP ( 'NONE', ( #1569, #8266, #9651, #9920 ) ) ;
#9575 = ORIENTED_EDGE ( 'NONE', *, *, #103, .T. ) ;
#9576 = EDGE_CURVE ( 'NONE', #11368, #9074, #1542, .T. ) ;
#9577 = PRESENTATION_LAYER_ASSIGNMENT (  '', '', ( #5484 ) ) ;
#9578 = DIRECTION ( 'NONE',  ( -0.000000000000000000, -0.000000000000000000, -1.000000000000000000 ) ) ;
#9579 = CARTESIAN_POINT ( 'NONE',  ( -1.960000000000000409, -7.994982302604838331, 1.100000000000000089 ) ) ;
#9580 = DIRECTION ( 'NONE',  ( -0.000000000000000000, 0.000000000000000000, 1.000000000000000000 ) ) ;
#9581 = SURFACE_STYLE_USAGE ( .BOTH. , #5686 ) ;
#9582 = DIRECTION ( 'NONE',  ( 1.000000000000000000, 0.000000000000000000, 0.000000000000000000 ) ) ;
#9583 = DIRECTION ( 'NONE',  ( 0.000000000000000000, -1.000000000000000000, 0.000000000000000000 ) ) ;
#9584 = CARTESIAN_POINT ( 'NONE',  ( -0.8500000000000026423, -1.999999999999997335, 1.200000000000000178 ) ) ;
#9585 = CARTESIAN_POINT ( 'NONE',  ( 0.9999999999999915623, -3.549999999999997158, 1.200000000000000178 ) ) ;
#9586 = DIRECTION ( 'NONE',  ( 0.000000000000000000, 0.000000000000000000, 1.000000000000000000 ) ) ;
#9587 = AXIS2_PLACEMENT_3D ( 'NONE', #11664, #2461, #5267 ) ;
#9588 = ORIENTED_EDGE ( 'NONE', *, *, #648, .F. ) ;
#9589 = VERTEX_POINT ( 'NONE', #11768 ) ;
#9590 = CARTESIAN_POINT ( 'NONE',  ( -5.692492299719079440, -5.811223858797751163, 1.000000000000000000 ) ) ;
#9591 =( NAMED_UNIT ( * ) SI_UNIT ( $, .STERADIAN. ) SOLID_ANGLE_UNIT ( ) );
#9592 = PRESENTATION_STYLE_ASSIGNMENT (( #8733 ) ) ;
#9593 = ORIENTED_EDGE ( 'NONE', *, *, #7929, .T. ) ;
#9594 = CARTESIAN_POINT ( 'NONE',  ( -1.050000000000002709, -1.499999999999997335, 1.200000000000000178 ) ) ;
#9595 = FACE_OUTER_BOUND ( 'NONE', #7419, .T. ) ;
#9596 = DIRECTION ( 'NONE',  ( 1.000000000000000000, 0.000000000000000000, 0.000000000000000000 ) ) ;
#9597 = DIRECTION ( 'NONE',  ( 0.000000000000000000, 0.000000000000000000, 1.000000000000000000 ) ) ;
#9598 = ORIENTED_EDGE ( 'NONE', *, *, #8964, .T. ) ;
#9599 =( GEOMETRIC_REPRESENTATION_CONTEXT ( 3 ) GLOBAL_UNCERTAINTY_ASSIGNED_CONTEXT ( ( #4368 ) ) GLOBAL_UNIT_ASSIGNED_CONTEXT ( ( #8370, #46, #7268 ) ) REPRESENTATION_CONTEXT ( 'NONE', 'WORKASPACE' ) );
#9600 = AXIS2_PLACEMENT_3D ( 'NONE', #8041, #4332, #1653 ) ;
#9601 = ORIENTED_EDGE ( 'NONE', *, *, #1088, .F. ) ;
#9602 = VERTEX_POINT ( 'NONE', #5252 ) ;
#9603 = CARTESIAN_POINT ( 'NONE',  ( -1.400000000000002798, -5.999999999999997335, 1.200000000000000178 ) ) ;
#9604 = MECHANICAL_DESIGN_GEOMETRIC_PRESENTATION_REPRESENTATION (  '', ( #8818 ), #1628 ) ;
#9605 = DIRECTION ( 'NONE',  ( -0.000000000000000000, -0.000000000000000000, -1.000000000000000000 ) ) ;
#9606 = COLOUR_RGB ( '',1.000000000000000000, 1.000000000000000000, 0.000000000000000000 ) ;
#9607 = DIRECTION ( 'NONE',  ( -0.000000000000000000, 0.000000000000000000, 1.000000000000000000 ) ) ;
#9608 = EDGE_CURVE ( 'NONE', #11794, #7215, #630, .T. ) ;
#9609 = SURFACE_SIDE_STYLE ('',( #2508 ) ) ;
#9610 = LINE ( 'NONE', #3263, #5135 ) ;
#9611 = CARTESIAN_POINT ( 'NONE',  ( -4.879360369118781904, 2.295341782195420954, 1.000000000000000000 ) ) ;
#9612 = AXIS2_PLACEMENT_3D ( 'NONE', #10480, #9622, #7494 ) ;
#9613 = EDGE_CURVE ( 'NONE', #7631, #10074, #10178, .T. ) ;
#9614 = EDGE_LOOP ( 'NONE', ( #8630, #10194, #3824, #3692 ) ) ;
#9615 = CIRCLE ( 'NONE', #3966, 0.6205955535903713294 ) ;
#9616 = VECTOR ( 'NONE', #10980, 1000.000000000000000 ) ;
#9617 = ORIENTED_EDGE ( 'NONE', *, *, #11833, .T. ) ;
#9618 = ORIENTED_EDGE ( 'NONE', *, *, #10057, .F. ) ;
#9619 = AXIS2_PLACEMENT_3D ( 'NONE', #8464, #11195, #10785 ) ;
#9620 = LINE ( 'NONE', #4068, #6827 ) ;
#9621 = ORIENTED_EDGE ( 'NONE', *, *, #234, .F. ) ;
#9622 = DIRECTION ( 'NONE',  ( 0.000000000000000000, -1.000000000000000000, 0.000000000000000000 ) ) ;
#9623 = DIRECTION ( 'NONE',  ( 1.000000000000000000, 4.336808689942017736E-16, -0.000000000000000000 ) ) ;
#9624 = VECTOR ( 'NONE', #10372, 1000.000000000000000 ) ;
#9625 = CIRCLE ( 'NONE', #7695, 0.1000000000000000472 ) ;
#9626 = VECTOR ( 'NONE', #5256, 1000.000000000000000 ) ;
#9627 = EDGE_CURVE ( 'NONE', #5838, #4265, #3612, .T. ) ;
#9628 = SURFACE_STYLE_USAGE ( .BOTH. , #5919 ) ;
#9629 = CYLINDRICAL_SURFACE ( 'NONE', #9739, 0.5000000000000008882 ) ;
#9630 = VERTEX_POINT ( 'NONE', #6417 ) ;
#9631 = ADVANCED_FACE ( 'NONE', ( #11101 ), #11040, .T. ) ;
#9632 = EDGE_CURVE ( 'NONE', #6370, #9056, #7390, .T. ) ;
#9633 = PRESENTATION_LAYER_ASSIGNMENT (  '', '', ( #2818 ) ) ;
#9634 = ORIENTED_EDGE ( 'NONE', *, *, #11776, .F. ) ;
#9635 = UNCERTAINTY_MEASURE_WITH_UNIT (LENGTH_MEASURE( 1.000000000000000082E-05 ), #3683, 'distance_accuracy_value', 'NONE');
#9636 = DIRECTION ( 'NONE',  ( 1.000000000000000000, 0.000000000000000000, 0.000000000000000000 ) ) ;
#9637 = CARTESIAN_POINT ( 'NONE',  ( 2.499404446409628111, -7.994982302604838331, 1.100000000000000089 ) ) ;
#9638 =( LENGTH_UNIT ( ) NAMED_UNIT ( * ) SI_UNIT ( .MILLI., .METRE. ) );
#9639 = PLANE ( 'NONE',  #867 ) ;
#9640 = DIRECTION ( 'NONE',  ( 1.000000000000000000, -0.000000000000000000, -0.000000000000000000 ) ) ;
#9641 = CARTESIAN_POINT ( 'NONE',  ( -3.500000000000001332, -4.449999999999997513, 1.200000000000000178 ) ) ;
#9642 = COLOUR_RGB ( '',0.000000000000000000, 0.000000000000000000, 0.000000000000000000 ) ;
#9643 = CARTESIAN_POINT ( 'NONE',  ( -4.729934648285827770, 2.295341782195420954, -29.20000000000000284 ) ) ;
#9644 =( NAMED_UNIT ( * ) PLANE_ANGLE_UNIT ( ) SI_UNIT ( $, .RADIAN. ) );
#9645 = FILL_AREA_STYLE ('',( #4033 ) ) ;
#9646 = ORIENTED_EDGE ( 'NONE', *, *, #8564, .F. ) ;
#9647 = VERTEX_POINT ( 'NONE', #10131 ) ;
#9648 = FILL_AREA_STYLE_COLOUR ( '', #1148 ) ;
#9649 = CARTESIAN_POINT ( 'NONE',  ( 0.9999999999999952260, -4.649999999999996803, 1.000000000000000000 ) ) ;
#9650 =( LENGTH_UNIT ( ) NAMED_UNIT ( * ) SI_UNIT ( .MILLI., .METRE. ) );
#9651 = ORIENTED_EDGE ( 'NONE', *, *, #8500, .F. ) ;
#9652 = DIRECTION ( 'NONE',  ( 1.000000000000000000, 0.000000000000000000, 0.000000000000000000 ) ) ;
#9653 = ORIENTED_EDGE ( 'NONE', *, *, #11011, .T. ) ;
#9654 = UNCERTAINTY_MEASURE_WITH_UNIT (LENGTH_MEASURE( 1.000000000000000082E-05 ), #11605, 'distance_accuracy_value', 'NONE');
#9655 = AXIS2_PLACEMENT_3D ( 'NONE', #3640, #11007, #10935 ) ;
#9656 = EDGE_CURVE ( 'NONE', #1506, #5138, #8248, .T. ) ;
#9657 = EDGE_CURVE ( 'NONE', #7713, #9381, #3677, .T. ) ;
#9658 = FILL_AREA_STYLE ('',( #9717 ) ) ;
#9659 = ORIENTED_EDGE ( 'NONE', *, *, #5007, .F. ) ;
#9660 = STYLED_ITEM ( 'NONE', ( #6552 ), #4967 ) ;
#9661 = ORIENTED_EDGE ( 'NONE', *, *, #3709, .F. ) ;
#9662 = CARTESIAN_POINT ( 'NONE',  ( 0.4999999999999929501, -4.099999999999996980, 1.200000000000000178 ) ) ;
#9663 = CARTESIAN_POINT ( 'NONE',  ( 3.500000000000001332, -5.268682383288471271, 1.000000000000000000 ) ) ;
#9664 = CARTESIAN_POINT ( 'NONE',  ( 3.740595553590370770, -7.994982302604838331, 1.100000000000000089 ) ) ;
#9665 = CARTESIAN_POINT ( 'NONE',  ( -0.6900000000000005018, -7.994982302604838331, 1.100000000000000089 ) ) ;
#9666 = ORIENTED_EDGE ( 'NONE', *, *, #10673, .F. ) ;
#9667 = VECTOR ( 'NONE', #7120, 1000.000000000000000 ) ;
#9668 = ORIENTED_EDGE ( 'NONE', *, *, #552, .F. ) ;
#9669 = EDGE_CURVE ( 'NONE', #3947, #2862, #7848, .T. ) ;
#9670 = ORIENTED_EDGE ( 'NONE', *, *, #7896, .F. ) ;
#9671 = EDGE_CURVE ( 'NONE', #2281, #5925, #2815, .T. ) ;
#9672 = PRESENTATION_STYLE_ASSIGNMENT (( #1392 ) ) ;
#9673 = ORIENTED_EDGE ( 'NONE', *, *, #7970, .F. ) ;
#9674 =( GEOMETRIC_REPRESENTATION_CONTEXT ( 3 ) GLOBAL_UNCERTAINTY_ASSIGNED_CONTEXT ( ( #8179 ) ) GLOBAL_UNIT_ASSIGNED_CONTEXT ( ( #5499, #2750, #9038 ) ) REPRESENTATION_CONTEXT ( 'NONE', 'WORKASPACE' ) );
#9675 = PLANE ( 'NONE',  #4268 ) ;
#9676 = COLOUR_RGB ( '',0.9882352941176471006, 0.7372549019607843590, 0.5176470588235293491 ) ;
#9677 = CARTESIAN_POINT ( 'NONE',  ( 3.292975979834980471, -1.142788338085890087, 1.000000000000000000 ) ) ;
#9678 =( GEOMETRIC_REPRESENTATION_CONTEXT ( 3 ) GLOBAL_UNCERTAINTY_ASSIGNED_CONTEXT ( ( #6444 ) ) GLOBAL_UNIT_ASSIGNED_CONTEXT ( ( #7895, #4294, #9769 ) ) REPRESENTATION_CONTEXT ( 'NONE', 'WORKASPACE' ) );
#9679 = DIRECTION ( 'NONE',  ( 1.000000000000000000, 0.000000000000000000, 0.000000000000000000 ) ) ;
#9680 = FILL_AREA_STYLE ('',( #5979 ) ) ;
#9681 = EDGE_CURVE ( 'NONE', #10851, #11004, #873, .T. ) ;
#9682 = CARTESIAN_POINT ( 'NONE',  ( 0.4999999999999970024, -1.999999999999997335, 1.000000000000000000 ) ) ;
#9683 = VERTEX_POINT ( 'NONE', #8183 ) ;
#9684 = VECTOR ( 'NONE', #32, 1000.000000000000000 ) ;
#9685 = VERTEX_POINT ( 'NONE', #10255 ) ;
#9686 =( GEOMETRIC_REPRESENTATION_CONTEXT ( 3 ) GLOBAL_UNCERTAINTY_ASSIGNED_CONTEXT ( ( #3509 ) ) GLOBAL_UNIT_ASSIGNED_CONTEXT ( ( #5875, #9697, #10882 ) ) REPRESENTATION_CONTEXT ( 'NONE', 'WORKASPACE' ) );
#9687 = EDGE_CURVE ( 'NONE', #10022, #3376, #4598, .T. ) ;
#9688 = CARTESIAN_POINT ( 'NONE',  ( 5.219581602308915436, 0.05721166191411014568, 1.399999999999999911 ) ) ;
#9689 = LINE ( 'NONE', #1472, #7500 ) ;
#9690 = CARTESIAN_POINT ( 'NONE',  ( -1.600000000000002975, -6.499999999999997335, 1.200000000000000178 ) ) ;
#9691 = CARTESIAN_POINT ( 'NONE',  ( 5.200000000000001066, -2.768682383288471271, 1.600000000000000089 ) ) ;
#9692 = LINE ( 'NONE', #6210, #1819 ) ;
#9693 = CARTESIAN_POINT ( 'NONE',  ( 2.799899111776169125, 2.147362469743642865, -29.20000000000000284 ) ) ;
#9694 = MECHANICAL_DESIGN_GEOMETRIC_PRESENTATION_REPRESENTATION (  '', ( #11626 ), #6384 ) ;
#9695 = LINE ( 'NONE', #5120, #7578 ) ;
#9696 = PLANE ( 'NONE',  #11184 ) ;
#9697 =( NAMED_UNIT ( * ) PLANE_ANGLE_UNIT ( ) SI_UNIT ( $, .RADIAN. ) );
#9698 = SURFACE_SIDE_STYLE ('',( #2262 ) ) ;
#9699 = AXIS2_PLACEMENT_3D ( 'NONE', #9783, #3383, #10700 ) ;
#9700 = FACE_OUTER_BOUND ( 'NONE', #5346, .T. ) ;
#9701 = ORIENTED_EDGE ( 'NONE', *, *, #4676, .F. ) ;
#9702 = VERTEX_POINT ( 'NONE', #12026 ) ;
#9703 = VECTOR ( 'NONE', #7647, 1000.000000000000000 ) ;
#9704 = DIRECTION ( 'NONE',  ( -0.000000000000000000, -0.000000000000000000, -1.000000000000000000 ) ) ;
#9705 = ORIENTED_EDGE ( 'NONE', *, *, #152, .F. ) ;
#9706 = EDGE_CURVE ( 'NONE', #4236, #8700, #11899, .T. ) ;
#9707 = CARTESIAN_POINT ( 'NONE',  ( -4.516593218723101266, 0.000000000000000000, 1.500000000000000000 ) ) ;
#9708 = LINE ( 'NONE', #10628, #9365 ) ;
#9709 = CIRCLE ( 'NONE', #4463, 0.5000000000000008882 ) ;
#9710 =( GEOMETRIC_REPRESENTATION_CONTEXT ( 3 ) GLOBAL_UNCERTAINTY_ASSIGNED_CONTEXT ( ( #11181 ) ) GLOBAL_UNIT_ASSIGNED_CONTEXT ( ( #6047, #7829, #4222 ) ) REPRESENTATION_CONTEXT ( 'NONE', 'WORKASPACE' ) );
#9711 = ADVANCED_FACE ( 'NONE', ( #6356 ), #10008, .T. ) ;
#9712 = UNCERTAINTY_MEASURE_WITH_UNIT (LENGTH_MEASURE( 1.000000000000000082E-05 ), #7642, 'distance_accuracy_value', 'NONE');
#9713 = ORIENTED_EDGE ( 'NONE', *, *, #6822, .T. ) ;
#9714 = AXIS2_PLACEMENT_3D ( 'NONE', #5189, #7889, #2384 ) ;
#9715 = EDGE_CURVE ( 'NONE', #1790, #3035, #5369, .T. ) ;
#9716 = AXIS2_PLACEMENT_3D ( 'NONE', #10890, #10837, #3351 ) ;
#9717 = FILL_AREA_STYLE_COLOUR ( '', #361 ) ;
#9718 = ORIENTED_EDGE ( 'NONE', *, *, #9542, .T. ) ;
#9719 = ORIENTED_EDGE ( 'NONE', *, *, #384, .T. ) ;
#9720 = CARTESIAN_POINT ( 'NONE',  ( -5.702035936607396494, 2.147362469743642865, 1.000000000000000000 ) ) ;
#9721 = CARTESIAN_POINT ( 'NONE',  ( -2.150000000000003020, -1.999999999999997335, 1.200000000000000178 ) ) ;
#9722 = DIRECTION ( 'NONE',  ( -0.000000000000000000, -0.000000000000000000, -1.000000000000000000 ) ) ;
#9723 =( NAMED_UNIT ( * ) PLANE_ANGLE_UNIT ( ) SI_UNIT ( $, .RADIAN. ) );
#9724 = LINE ( 'NONE', #7212, #1774 ) ;
#9725 = UNCERTAINTY_MEASURE_WITH_UNIT (LENGTH_MEASURE( 1.000000000000000082E-05 ), #597, 'distance_accuracy_value', 'NONE');
#9726 = ORIENTED_EDGE ( 'NONE', *, *, #7521, .F. ) ;
#9727 = VECTOR ( 'NONE', #9476, 1000.000000000000000 ) ;
#9728 = EDGE_CURVE ( 'NONE', #3302, #350, #6874, .T. ) ;
#9729 = EDGE_CURVE ( 'NONE', #7780, #5833, #2202, .T. ) ;
#9730 = ORIENTED_EDGE ( 'NONE', *, *, #1919, .F. ) ;
#9731 = EDGE_CURVE ( 'NONE', #6516, #702, #3971, .T. ) ;
#9732 = COLOUR_RGB ( '',0.9882352941176471006, 0.7372549019607843590, 0.5176470588235293491 ) ;
#9733 = ORIENTED_EDGE ( 'NONE', *, *, #5852, .F. ) ;
#9734 = FACE_OUTER_BOUND ( 'NONE', #2495, .T. ) ;
#9735 = FILL_AREA_STYLE ('',( #10587 ) ) ;
#9736 = ORIENTED_EDGE ( 'NONE', *, *, #2823, .F. ) ;
#9737 = FILL_AREA_STYLE_COLOUR ( '', #6107 ) ;
#9738 = DIRECTION ( 'NONE',  ( 0.000000000000000000, 0.000000000000000000, 1.000000000000000000 ) ) ;
#9739 = AXIS2_PLACEMENT_3D ( 'NONE', #9510, #3108, #3848 ) ;
#9740 = CARTESIAN_POINT ( 'NONE',  ( 0.000000000000000000, 0.000000000000000000, 1.500000000000000000 ) ) ;
#9741 = EDGE_CURVE ( 'NONE', #9647, #6305, #11529, .T. ) ;
#9742 = LINE ( 'NONE', #9851, #11420 ) ;
#9743 = FILL_AREA_STYLE ('',( #8027 ) ) ;
#9744 = PRESENTATION_LAYER_ASSIGNMENT (  '', '', ( #5042 ) ) ;
#9745 = FACE_BOUND ( 'NONE', #9278, .T. ) ;
#9746 = CARTESIAN_POINT ( 'NONE',  ( 3.292975979834980471, -0.04278833808588956150, 1.000000000000000000 ) ) ;
#9747 = ORIENTED_EDGE ( 'NONE', *, *, #4090, .T. ) ;
#9748 = VERTEX_POINT ( 'NONE', #336 ) ;
#9749 = VECTOR ( 'NONE', #3033, 1000.000000000000000 ) ;
#9750 = UNCERTAINTY_MEASURE_WITH_UNIT (LENGTH_MEASURE( 1.000000000000000082E-05 ), #3583, 'distance_accuracy_value', 'NONE');
#9751 = ADVANCED_FACE ( 'NONE', ( #10496 ), #7636, .T. ) ;
#9752 = LINE ( 'NONE', #8103, #7280 ) ;
#9753 = VECTOR ( 'NONE', #4045, 1000.000000000000000 ) ;
#9754 = DIRECTION ( 'NONE',  ( 1.000000000000000000, 0.000000000000000000, 0.000000000000000000 ) ) ;
#9755 = SURFACE_SIDE_STYLE ('',( #10666 ) ) ;
#9756 = CARTESIAN_POINT ( 'NONE',  ( -5.692492299719079440, -2.288776141202243153, 1.500000000000000000 ) ) ;
#9757 = LINE ( 'NONE', #4088, #7982 ) ;
#9758 = CYLINDRICAL_SURFACE ( 'NONE', #6315, 0.1000000000000000472 ) ;
#9759 =( NAMED_UNIT ( * ) SI_UNIT ( $, .STERADIAN. ) SOLID_ANGLE_UNIT ( ) );
#9760 = EDGE_CURVE ( 'NONE', #4256, #11344, #6482, .T. ) ;
#9761 = PRESENTATION_STYLE_ASSIGNMENT (( #6040 ) ) ;
#9762 = ADVANCED_FACE ( 'NONE', ( #6776 ), #11220, .T. ) ;
#9763 = VERTEX_POINT ( 'NONE', #9401 ) ;
#9764 = AXIS2_PLACEMENT_3D ( 'NONE', #2720, #6387, #10101 ) ;
#9765 = ORIENTED_EDGE ( 'NONE', *, *, #1985, .T. ) ;
#9766 = EDGE_LOOP ( 'NONE', ( #9771, #4158, #1543, #8017 ) ) ;
#9767 = CARTESIAN_POINT ( 'NONE',  ( 5.781782254347279881, 8.469867354517257141, 1.000000000000000000 ) ) ;
#9768 = AXIS2_PLACEMENT_3D ( 'NONE', #354, #4901, #6670 ) ;
#9769 =( NAMED_UNIT ( * ) SI_UNIT ( $, .STERADIAN. ) SOLID_ANGLE_UNIT ( ) );
#9770 = EDGE_CURVE ( 'NONE', #5315, #3150, #10315, .T. ) ;
#9771 = ORIENTED_EDGE ( 'NONE', *, *, #2351, .F. ) ;
#9772 = VERTEX_POINT ( 'NONE', #1052 ) ;
#9773 = EDGE_CURVE ( 'NONE', #8811, #8643, #8490, .T. ) ;
#9774 = STYLED_ITEM ( 'NONE', ( #11215 ), #9361 ) ;
#9775 = PLANE ( 'NONE',  #11232 ) ;
#9776 = ORIENTED_EDGE ( 'NONE', *, *, #524, .T. ) ;
#9777 = EDGE_LOOP ( 'NONE', ( #11300, #5994, #6539, #654 ) ) ;
#9778 = LINE ( 'NONE', #9662, #3003 ) ;
#9779 = SURFACE_SIDE_STYLE ('',( #11719 ) ) ;
#9780 = CARTESIAN_POINT ( 'NONE',  ( -2.897642652873967162, 5.837225230594265568, 1.100000000000000089 ) ) ;
#9781 = COLOUR_RGB ( '',0.7960784313725489669, 0.8235294117647058432, 0.9372549019607843146 ) ;
#9782 = SURFACE_SIDE_STYLE ('',( #11493 ) ) ;
#9783 = CARTESIAN_POINT ( 'NONE',  ( -3.500000000000003997, -5.199999999999997513, 1.200000000000000178 ) ) ;
#9784 = ORIENTED_EDGE ( 'NONE', *, *, #165, .F. ) ;
#9785 = STYLED_ITEM ( 'NONE', ( #5421 ), #4282 ) ;
#9786 = DIRECTION ( 'NONE',  ( -0.000000000000000000, -0.000000000000000000, -1.000000000000000000 ) ) ;
#9787 = VECTOR ( 'NONE', #11278, 1000.000000000000000 ) ;
#9788 = CARTESIAN_POINT ( 'NONE',  ( 2.292975979834980471, -1.142788338085890087, 1.500000000000000000 ) ) ;
#9789 = VECTOR ( 'NONE', #1603, 1000.000000000000000 ) ;
#9790 = VERTEX_POINT ( 'NONE', #6652 ) ;
#9791 = DIRECTION ( 'NONE',  ( -0.000000000000000000, -0.000000000000000000, -1.000000000000000000 ) ) ;
#9792 = SURFACE_STYLE_USAGE ( .BOTH. , #8088 ) ;
#9793 = CARTESIAN_POINT ( 'NONE',  ( 5.100000000000001421, -2.568682383288471538, 1.800000000000000266 ) ) ;
#9794 = PLANE ( 'NONE',  #7037 ) ;
#9795 = PRESENTATION_STYLE_ASSIGNMENT (( #1345 ) ) ;
#9796 = PRESENTATION_LAYER_ASSIGNMENT (  '', '', ( #4157 ) ) ;
#9797 = SURFACE_STYLE_FILL_AREA ( #9743 ) ;
#9798 =( NAMED_UNIT ( * ) PLANE_ANGLE_UNIT ( ) SI_UNIT ( $, .RADIAN. ) );
#9799 = SURFACE_STYLE_FILL_AREA ( #601 ) ;
#9800 = MECHANICAL_DESIGN_GEOMETRIC_PRESENTATION_REPRESENTATION (  '', ( #6693 ), #1437 ) ;
#9801 = ORIENTED_EDGE ( 'NONE', *, *, #1607, .F. ) ;
#9802 = ADVANCED_FACE ( 'NONE', ( #10371 ), #2021, .F. ) ;
#9803 = AXIS2_PLACEMENT_3D ( 'NONE', #11632, #2253, #5984 ) ;
#9804 =( GEOMETRIC_REPRESENTATION_CONTEXT ( 3 ) GLOBAL_UNCERTAINTY_ASSIGNED_CONTEXT ( ( #6951 ) ) GLOBAL_UNIT_ASSIGNED_CONTEXT ( ( #9080, #10236, #5547 ) ) REPRESENTATION_CONTEXT ( 'NONE', 'WORKASPACE' ) );
#9805 = ORIENTED_EDGE ( 'NONE', *, *, #11517, .T. ) ;
#9806 = AXIS2_PLACEMENT_3D ( 'NONE', #371, #4062, #7798 ) ;
#9807 = LINE ( 'NONE', #4997, #1253 ) ;
#9808 = SURFACE_STYLE_FILL_AREA ( #505 ) ;
#9809 = CARTESIAN_POINT ( 'NONE',  ( 0.7544731550261016828, -1.489077535132158570, 1.500000000000000000 ) ) ;
#9810 = FILL_AREA_STYLE_COLOUR ( '', #10279 ) ;
#9811 = CARTESIAN_POINT ( 'NONE',  ( 4.389999999999999680, -7.994982302604838331, 0.000000000000000000 ) ) ;
#9812 = CARTESIAN_POINT ( 'NONE',  ( -3.730000000000001315, -7.994982302604838331, 1.100000000000000089 ) ) ;
#9813 = DIRECTION ( 'NONE',  ( 1.000000000000000000, 0.000000000000000000, 0.000000000000000000 ) ) ;
#9814 = DIRECTION ( 'NONE',  ( 0.000000000000000000, 0.000000000000000000, 1.000000000000000000 ) ) ;
#9815 = CIRCLE ( 'NONE', #8656, 0.1000000000000000472 ) ;
#9816 = PRESENTATION_STYLE_ASSIGNMENT (( #6039 ) ) ;
#9817 = CARTESIAN_POINT ( 'NONE',  ( -3.800100888223830520, 2.147362469743642865, 0.000000000000000000 ) ) ;
#9818 = ORIENTED_EDGE ( 'NONE', *, *, #10974, .T. ) ;
#9819 = ORIENTED_EDGE ( 'NONE', *, *, #2465, .F. ) ;
#9820 = EDGE_CURVE ( 'NONE', #11559, #1879, #6491, .T. ) ;
#9821 = VECTOR ( 'NONE', #5497, 1000.000000000000000 ) ;
#9822 = FILL_AREA_STYLE ('',( #566 ) ) ;
#9823 = STYLED_ITEM ( 'NONE', ( #10230 ), #8677 ) ;
#9825 = EDGE_CURVE ( 'NONE', #3386, #9135, #9869, .T. ) ;
#9824 = FACE_OUTER_BOUND ( 'NONE', #7440, .T. ) ;
#9826 = ORIENTED_EDGE ( 'NONE', *, *, #476, .T. ) ;
#9827 = CARTESIAN_POINT ( 'NONE',  ( -3.500000000000003109, -1.999999999999997335, 1.800000000000000044 ) ) ;
#9828 = CARTESIAN_POINT ( 'NONE',  ( -4.500000000000000888, -7.994982302604838331, 1.100000000000000089 ) ) ;
#9829 = VERTEX_POINT ( 'NONE', #7819 ) ;
#9830 = VERTEX_POINT ( 'NONE', #8842 ) ;
#9831 =( NAMED_UNIT ( * ) SI_UNIT ( $, .STERADIAN. ) SOLID_ANGLE_UNIT ( ) );
#9832 = ORIENTED_EDGE ( 'NONE', *, *, #8648, .T. ) ;
#9833 = EDGE_LOOP ( 'NONE', ( #2282, #3525, #10410, #4094 ) ) ;
#9834 = DIRECTION ( 'NONE',  ( 1.000000000000000000, 0.000000000000000000, 0.000000000000000000 ) ) ;
#9835 = PRESENTATION_STYLE_ASSIGNMENT (( #10810 ) ) ;
#9836 = PRESENTATION_STYLE_ASSIGNMENT (( #3381 ) ) ;
#9837 = EDGE_CURVE ( 'NONE', #2637, #8288, #2489, .T. ) ;
#9838 = PRESENTATION_STYLE_ASSIGNMENT (( #11552 ) ) ;
#9839 = UNCERTAINTY_MEASURE_WITH_UNIT (LENGTH_MEASURE( 1.000000000000000082E-05 ), #5794, 'distance_accuracy_value', 'NONE');
#9840 = ORIENTED_EDGE ( 'NONE', *, *, #2062, .T. ) ;
#9841 = EDGE_CURVE ( 'NONE', #6372, #7612, #9692, .T. ) ;
#9842 = VERTEX_POINT ( 'NONE', #9756 ) ;
#9843 = ORIENTED_EDGE ( 'NONE', *, *, #9837, .T. ) ;
#9844 = CARTESIAN_POINT ( 'NONE',  ( -2.700000000000003286, -5.999999999999997335, 1.200000000000000178 ) ) ;
#9845 = EDGE_LOOP ( 'NONE', ( #5670, #10746, #9903, #11558 ) ) ;
#9846 = LINE ( 'NONE', #3154, #10770 ) ;
#9847 = DIRECTION ( 'NONE',  ( 0.000000000000000000, 1.000000000000000000, 0.000000000000000000 ) ) ;
#9848 =( LENGTH_UNIT ( ) NAMED_UNIT ( * ) SI_UNIT ( .MILLI., .METRE. ) );
#9849 = DIRECTION ( 'NONE',  ( -0.000000000000000000, 0.000000000000000000, 1.000000000000000000 ) ) ;
#9850 = ADVANCED_FACE ( 'NONE', ( #395 ), #2373, .F. ) ;
#9851 = CARTESIAN_POINT ( 'NONE',  ( -0.000000000000000000, 2.147362469743642865, 1.000000000000000000 ) ) ;
#9852 = MECHANICAL_DESIGN_GEOMETRIC_PRESENTATION_REPRESENTATION (  '', ( #4804 ), #7137 ) ;
#9853 = DIRECTION ( 'NONE',  ( -1.000000000000000000, -1.084202172485504434E-16, 0.000000000000000000 ) ) ;
#9854 = FACE_OUTER_BOUND ( 'NONE', #3320, .T. ) ;
#9855 = AXIS2_PLACEMENT_3D ( 'NONE', #294, #3933, #65 ) ;
#9856 =( NAMED_UNIT ( * ) PLANE_ANGLE_UNIT ( ) SI_UNIT ( $, .RADIAN. ) );
#9857 = ADVANCED_FACE ( 'NONE', ( #11521 ), #447, .F. ) ;
#9858 = ORIENTED_EDGE ( 'NONE', *, *, #8864, .T. ) ;
#9859 = ORIENTED_EDGE ( 'NONE', *, *, #8600, .T. ) ;
#9860 = UNCERTAINTY_MEASURE_WITH_UNIT (LENGTH_MEASURE( 1.000000000000000082E-05 ), #10486, 'distance_accuracy_value', 'NONE');
#9861 = EDGE_CURVE ( 'NONE', #5028, #2163, #6284, .T. ) ;
#9862 = AXIS2_PLACEMENT_3D ( 'NONE', #7753, #1948, #7624 ) ;
#9863 = VECTOR ( 'NONE', #6381, 1000.000000000000000 ) ;
#9864 = MECHANICAL_DESIGN_GEOMETRIC_PRESENTATION_REPRESENTATION (  '', ( #2091 ), #9678 ) ;
#9865 = ORIENTED_EDGE ( 'NONE', *, *, #11132, .F. ) ;
#9866 = FILL_AREA_STYLE ('',( #2429 ) ) ;
#9867 = DIRECTION ( 'NONE',  ( -0.000000000000000000, -0.000000000000000000, -1.000000000000000000 ) ) ;
#9868 = DIRECTION ( 'NONE',  ( 0.000000000000000000, 1.000000000000000000, 0.000000000000000000 ) ) ;
#9869 = LINE ( 'NONE', #8956, #3565 ) ;
#9870 = PLANE ( 'NONE',  #5741 ) ;
#9871 = CARTESIAN_POINT ( 'NONE',  ( -0.000000000000000000, 2.147362469743642865, 1.000000000000000000 ) ) ;
#9872 = CARTESIAN_POINT ( 'NONE',  ( -2.729999999999999538, -7.994982302604838331, 0.000000000000000000 ) ) ;
#9873 = PLANE ( 'NONE',  #7827 ) ;
#9874 = CARTESIAN_POINT ( 'NONE',  ( -5.192492299719079440, -3.188776141202243508, 1.500000000000000000 ) ) ;
#9875 = VECTOR ( 'NONE', #219, 1000.000000000000000 ) ;
#9876 = ORIENTED_EDGE ( 'NONE', *, *, #8476, .T. ) ;
#9877 = MECHANICAL_DESIGN_GEOMETRIC_PRESENTATION_REPRESENTATION (  '', ( #1909 ), #11440 ) ;
#9878 = EDGE_CURVE ( 'NONE', #11318, #10097, #10611, .T. ) ;
#9879 = VERTEX_POINT ( 'NONE', #2431 ) ;
#9880 = AXIS2_PLACEMENT_3D ( 'NONE', #10034, #9004, #2595 ) ;
#9881 = PLANE ( 'NONE',  #9412 ) ;
#9882 = LINE ( 'NONE', #2382, #7702 ) ;
#9883 = VECTOR ( 'NONE', #3957, 1000.000000000000000 ) ;
#9884 = PRESENTATION_STYLE_ASSIGNMENT (( #2501 ) ) ;
#9885 = PLANE ( 'NONE',  #9714 ) ;
#9886 = VERTEX_POINT ( 'NONE', #2315 ) ;
#9888 = VECTOR ( 'NONE', #6492, 1000.000000000000000 ) ;
#9887 = DIRECTION ( 'NONE',  ( -1.000000000000000000, -1.084202172485504434E-16, 0.000000000000000000 ) ) ;
#9889 = DIRECTION ( 'NONE',  ( 1.000000000000000000, 0.000000000000000000, 0.000000000000000000 ) ) ;
#9890 = DIRECTION ( 'NONE',  ( -1.000000000000000000, 0.000000000000000000, 0.000000000000000000 ) ) ;
#9891 = ADVANCED_FACE ( 'NONE', ( #2548 ), #5420, .F. ) ;
#9892 = VERTEX_POINT ( 'NONE', #2959 ) ;
#9893 = VECTOR ( 'NONE', #286, 1000.000000000000000 ) ;
#9894 = VERTEX_POINT ( 'NONE', #1652 ) ;
#9895 = AXIS2_PLACEMENT_3D ( 'NONE', #7473, #5707, #11187 ) ;
#9896 = CARTESIAN_POINT ( 'NONE',  ( 0.000000000000000000, 3.106906106631963649, 1.100000000000000089 ) ) ;
#9897 = EDGE_LOOP ( 'NONE', ( #8214, #5851, #3122, #10993 ) ) ;
#9898 = VECTOR ( 'NONE', #5498, 1000.000000000000000 ) ;
#9899 = ORIENTED_EDGE ( 'NONE', *, *, #4816, .T. ) ;
#9900 = CARTESIAN_POINT ( 'NONE',  ( 3.740595553590370770, -7.994982302604838331, 1.100000000000000089 ) ) ;
#9901 = SURFACE_STYLE_FILL_AREA ( #3202 ) ;
#9902 = DIRECTION ( 'NONE',  ( 1.000000000000000000, 0.000000000000000000, 0.000000000000000000 ) ) ;
#9903 = ORIENTED_EDGE ( 'NONE', *, *, #252, .F. ) ;
#9904 = EDGE_CURVE ( 'NONE', #2264, #8814, #8245, .T. ) ;
#9905 = AXIS2_PLACEMENT_3D ( 'NONE', #5607, #6580, #4694 ) ;
#9906 = ORIENTED_EDGE ( 'NONE', *, *, #10524, .T. ) ;
#9907 = ORIENTED_EDGE ( 'NONE', *, *, #4530, .F. ) ;
#9908 = FACE_OUTER_BOUND ( 'NONE', #7005, .T. ) ;
#9909 = VERTEX_POINT ( 'NONE', #10893 ) ;
#9910 = CARTESIAN_POINT ( 'NONE',  ( -0.06940444640962922795, -7.994982302604838331, 1.100000000000000089 ) ) ;
#9911 = SURFACE_STYLE_USAGE ( .BOTH. , #7118 ) ;
#9912 = CARTESIAN_POINT ( 'NONE',  ( 3.119999999999999662, -7.994982302604838331, 0.000000000000000000 ) ) ;
#9913 = CIRCLE ( 'NONE', #6420, 0.5000000000000004441 ) ;
#9914 = DIRECTION ( 'NONE',  ( 1.000000000000000000, 0.000000000000000000, 0.000000000000000000 ) ) ;
#9915 = DIRECTION ( 'NONE',  ( 1.000000000000000000, 0.000000000000000000, 0.000000000000000000 ) ) ;
#9916 = DIRECTION ( 'NONE',  ( 1.000000000000000000, 0.000000000000000000, 0.000000000000000000 ) ) ;
#9917 = FACE_OUTER_BOUND ( 'NONE', #698, .T. ) ;
#9918 = EDGE_CURVE ( 'NONE', #11471, #9504, #8170, .T. ) ;
#9919 = ORIENTED_EDGE ( 'NONE', *, *, #6774, .T. ) ;
#9920 = ORIENTED_EDGE ( 'NONE', *, *, #9195, .T. ) ;
#9921 = AXIS2_PLACEMENT_3D ( 'NONE', #10133, #9042, #691 ) ;
#9922 = EDGE_CURVE ( 'NONE', #3315, #2606, #2581, .T. ) ;
#9923 = DIRECTION ( 'NONE',  ( -0.000000000000000000, 0.000000000000000000, -1.000000000000000000 ) ) ;
#9924 = EDGE_LOOP ( 'NONE', ( #9563, #2984, #5348, #5104 ) ) ;
#9925 = CARTESIAN_POINT ( 'NONE',  ( -2.150000000000003020, -1.499999999999997335, 1.200000000000000178 ) ) ;
#9926 = FACE_OUTER_BOUND ( 'NONE', #417, .T. ) ;
#9927 = EDGE_CURVE ( 'NONE', #376, #1218, #9411, .T. ) ;
#9928 = AXIS2_PLACEMENT_3D ( 'NONE', #6696, #6576, #1998 ) ;
#9929 = CARTESIAN_POINT ( 'NONE',  ( -4.902035936607396671, 8.469867354517257141, 1.100000000000000089 ) ) ;
#9930 = SURFACE_STYLE_FILL_AREA ( #4211 ) ;
#9931 = DIRECTION ( 'NONE',  ( -1.000000000000000000, 0.000000000000000000, -0.000000000000000000 ) ) ;
#9932 = FILL_AREA_STYLE ('',( #11751 ) ) ;
#9933 = DIRECTION ( 'NONE',  ( -0.000000000000000000, -0.000000000000000000, 1.000000000000000000 ) ) ;
#9934 = DIRECTION ( 'NONE',  ( 1.000000000000000000, -0.000000000000000000, 0.000000000000000000 ) ) ;
#9935 = ORIENTED_EDGE ( 'NONE', *, *, #3859, .T. ) ;
#9936 = COLOUR_RGB ( '',1.000000000000000000, 1.000000000000000000, 0.5019607843137254832 ) ;
#9937 = EDGE_CURVE ( 'NONE', #5477, #9055, #6271, .T. ) ;
#9938 = EDGE_LOOP ( 'NONE', ( #3822, #5035, #11805, #9621 ) ) ;
#9939 = AXIS2_PLACEMENT_3D ( 'NONE', #3751, #8387, #10147 ) ;
#9940 = DIRECTION ( 'NONE',  ( -0.000000000000000000, 0.000000000000000000, 1.000000000000000000 ) ) ;
#9941 = CARTESIAN_POINT ( 'NONE',  ( 0.4999999999999976130, -5.199999999999997513, 1.200000000000000178 ) ) ;
#9942 =( NAMED_UNIT ( * ) SI_UNIT ( $, .STERADIAN. ) SOLID_ANGLE_UNIT ( ) );
#9943 = CARTESIAN_POINT ( 'NONE',  ( -3.500000000000001332, -4.449999999999997513, 1.200000000000000178 ) ) ;
#9944 = ORIENTED_EDGE ( 'NONE', *, *, #5067, .T. ) ;
#9945 = MECHANICAL_DESIGN_GEOMETRIC_PRESENTATION_REPRESENTATION (  '', ( #7227 ), #11901 ) ;
#9946 = CARTESIAN_POINT ( 'NONE',  ( -2.609404446409628875, -7.994982302604838331, 1.000000000000000000 ) ) ;
#9947 = FILL_AREA_STYLE_COLOUR ( '', #869 ) ;
#9948 = PLANE ( 'NONE',  #7534 ) ;
#9949 = SURFACE_STYLE_USAGE ( .BOTH. , #10907 ) ;
#9950 = CIRCLE ( 'NONE', #9375, 0.1494257208329539954 ) ;
#9951 = ORIENTED_EDGE ( 'NONE', *, *, #10826, .F. ) ;
#9952 = ORIENTED_EDGE ( 'NONE', *, *, #731, .T. ) ;
#9953 = VERTEX_POINT ( 'NONE', #3532 ) ;
#9954 = COLOUR_RGB ( '',0.7960784313725489669, 0.8235294117647058432, 0.9372549019607843146 ) ;
#9955 = DIRECTION ( 'NONE',  ( 1.000000000000000000, 0.000000000000000000, 0.000000000000000000 ) ) ;
#9956 = ORIENTED_EDGE ( 'NONE', *, *, #2653, .F. ) ;
#9957 = ORIENTED_EDGE ( 'NONE', *, *, #8472, .F. ) ;
#9958 = CARTESIAN_POINT ( 'NONE',  ( 1.720639630881218185, 2.295341782195420954, -29.20000000000000284 ) ) ;
#9959 =( LENGTH_UNIT ( ) NAMED_UNIT ( * ) SI_UNIT ( .MILLI., .METRE. ) );
#9960 = LINE ( 'NONE', #2580, #11803 ) ;
#9961 = DIRECTION ( 'NONE',  ( -0.000000000000000000, -0.000000000000000000, -1.000000000000000000 ) ) ;
#9962 = PLANE ( 'NONE',  #5817 ) ;
#9963 = UNCERTAINTY_MEASURE_WITH_UNIT (LENGTH_MEASURE( 1.000000000000000082E-05 ), #5701, 'distance_accuracy_value', 'NONE');
#9964 = ORIENTED_EDGE ( 'NONE', *, *, #10995, .T. ) ;
#9965 = VERTEX_POINT ( 'NONE', #11084 ) ;
#9966 = CARTESIAN_POINT ( 'NONE',  ( 0.000000000000000000, 5.837225230594265568, 1.100000000000000089 ) ) ;
#9967 = DIRECTION ( 'NONE',  ( 0.000000000000000000, 0.000000000000000000, 1.000000000000000000 ) ) ;
#9968 = EDGE_CURVE ( 'NONE', #8240, #5739, #4455, .T. ) ;
#9969 = ORIENTED_EDGE ( 'NONE', *, *, #6506, .T. ) ;
#9970 = SURFACE_STYLE_FILL_AREA ( #9000 ) ;
#9971 = AXIS2_PLACEMENT_3D ( 'NONE', #5810, #7704, #4027 ) ;
#9972 = CARTESIAN_POINT ( 'NONE',  ( 3.300000000000001155, -4.968682383288471449, 1.700000000000000178 ) ) ;
#9973 = EDGE_CURVE ( 'NONE', #5246, #149, #11816, .T. ) ;
#9974 =( NAMED_UNIT ( * ) PLANE_ANGLE_UNIT ( ) SI_UNIT ( $, .RADIAN. ) );
#9975 = SURFACE_STYLE_USAGE ( .BOTH. , #1634 ) ;
#9976 = CARTESIAN_POINT ( 'NONE',  ( 0.000000000000000000, -1.489077535132158570, 1.399999999999999911 ) ) ;
#9977 = PRESENTATION_STYLE_ASSIGNMENT (( #5005 ) ) ;
#9978 = SURFACE_STYLE_FILL_AREA ( #10229 ) ;
#9979 = DIRECTION ( 'NONE',  ( -1.084202172485504434E-16, 1.000000000000000000, 0.000000000000000000 ) ) ;
#9980 = ORIENTED_EDGE ( 'NONE', *, *, #3176, .F. ) ;
#9981 = CARTESIAN_POINT ( 'NONE',  ( -3.230000000000000426, -7.994982302604838331, 0.000000000000000000 ) ) ;
#9982 = VERTEX_POINT ( 'NONE', #9083 ) ;
#9983 = EDGE_CURVE ( 'NONE', #6805, #3886, #849, .T. ) ;
#9984 = EDGE_LOOP ( 'NONE', ( #8921, #4066, #534, #10749 ) ) ;
#9985 = LINE ( 'NONE', #5483, #5927 ) ;
#9986 = DIRECTION ( 'NONE',  ( 1.000000000000000000, -0.000000000000000000, -0.000000000000000000 ) ) ;
#9987 = AXIS2_PLACEMENT_3D ( 'NONE', #11584, #1476, #2374 ) ;
#9988 = CARTESIAN_POINT ( 'NONE',  ( -4.000000000000001776, -4.649999999999996803, 1.200000000000000178 ) ) ;
#9989 = CARTESIAN_POINT ( 'NONE',  ( -1.600000000000002975, -5.999999999999997335, 1.200000000000000178 ) ) ;
#9990 =( NAMED_UNIT ( * ) SI_UNIT ( $, .STERADIAN. ) SOLID_ANGLE_UNIT ( ) );
#9991 = CARTESIAN_POINT ( 'NONE',  ( -0.000000000000000000, 2.147362469743642865, 0.000000000000000000 ) ) ;
#9992 = CARTESIAN_POINT ( 'NONE',  ( -5.313812213263914508, 2.656906106631963915, 1.100000000000000089 ) ) ;
#9993 = PLANE ( 'NONE',  #8009 ) ;
#9994 = EDGE_CURVE ( 'NONE', #7297, #11430, #3476, .T. ) ;
#9995 = AXIS2_PLACEMENT_3D ( 'NONE', #9688, #4207, #6896 ) ;
#9996 = EDGE_CURVE ( 'NONE', #5695, #4179, #2393, .T. ) ;
#9997 = CARTESIAN_POINT ( 'NONE',  ( -4.000000000000001776, -4.649999999999996803, 1.000000000000000000 ) ) ;
#9998 = CIRCLE ( 'NONE', #4357, 0.1000000000000000472 ) ;
#9999 = ORIENTED_EDGE ( 'NONE', *, *, #5530, .T. ) ;
#10000 = VECTOR ( 'NONE', #9791, 1000.000000000000000 ) ;
#10001 = MECHANICAL_DESIGN_GEOMETRIC_PRESENTATION_REPRESENTATION (  '', ( #7685 ), #5930 ) ;
#10002 = ORIENTED_EDGE ( 'NONE', *, *, #2081, .F. ) ;
#10003 = COLOUR_RGB ( '',1.000000000000000000, 1.000000000000000000, 0.000000000000000000 ) ;
#10004 = DIRECTION ( 'NONE',  ( 0.000000000000000000, 1.000000000000000000, -0.000000000000000000 ) ) ;
#10005 = SURFACE_SIDE_STYLE ('',( #517 ) ) ;
#10006 = CARTESIAN_POINT ( 'NONE',  ( 2.693302080695410439, 0.000000000000000000, 1.100000000000000089 ) ) ;
#10007 = CARTESIAN_POINT ( 'NONE',  ( -4.516593218723101266, 0.000000000000000000, 1.500000000000000000 ) ) ;
#10008 = PLANE ( 'NONE',  #3763 ) ;
#10009 = ORIENTED_EDGE ( 'NONE', *, *, #11411, .F. ) ;
#10010 = DIRECTION ( 'NONE',  ( 1.000000000000000000, -0.000000000000000000, -0.000000000000000000 ) ) ;
#10011 = VECTOR ( 'NONE', #396, 1000.000000000000000 ) ;
#10012 =( GEOMETRIC_REPRESENTATION_CONTEXT ( 3 ) GLOBAL_UNCERTAINTY_ASSIGNED_CONTEXT ( ( #11299 ) ) GLOBAL_UNIT_ASSIGNED_CONTEXT ( ( #7824, #5818, #400 ) ) REPRESENTATION_CONTEXT ( 'NONE', 'WORKASPACE' ) );
#10013 = VECTOR ( 'NONE', #2206, 1000.000000000000000 ) ;
#10014 = DIRECTION ( 'NONE',  ( -1.000000000000000000, 0.000000000000000000, -0.000000000000000000 ) ) ;
#10015 = CARTESIAN_POINT ( 'NONE',  ( 1.720639630881218185, 2.295341782195420954, 1.000000000000000000 ) ) ;
#10016 = ORIENTED_EDGE ( 'NONE', *, *, #3551, .T. ) ;
#10017 = VERTEX_POINT ( 'NONE', #2675 ) ;
#10018 = ORIENTED_EDGE ( 'NONE', *, *, #4325, .T. ) ;
#10019 = MECHANICAL_DESIGN_GEOMETRIC_PRESENTATION_REPRESENTATION (  '', ( #10796 ), #7109 ) ;
#10020 = VECTOR ( 'NONE', #2007, 1000.000000000000000 ) ;
#10021 = CYLINDRICAL_SURFACE ( 'NONE', #4446, 0.1494257208329542175 ) ;
#10022 = VERTEX_POINT ( 'NONE', #7601 ) ;
#10023 = EDGE_LOOP ( 'NONE', ( #6707, #1454, #10603, #1717 ) ) ;
#10024 = DIRECTION ( 'NONE',  ( -0.000000000000000000, -0.000000000000000000, -1.000000000000000000 ) ) ;
#10025 = DIRECTION ( 'NONE',  ( -0.000000000000000000, -0.000000000000000000, -1.000000000000000000 ) ) ;
#10026 = VERTEX_POINT ( 'NONE', #7376 ) ;
#10027 = EDGE_CURVE ( 'NONE', #8863, #11078, #10118, .T. ) ;
#10028 = ORIENTED_EDGE ( 'NONE', *, *, #1461, .T. ) ;
#10029 = EDGE_CURVE ( 'NONE', #4922, #7631, #11308, .T. ) ;
#10030 = DIRECTION ( 'NONE',  ( 0.000000000000000000, -0.000000000000000000, 1.000000000000000000 ) ) ;
#10031 = VERTEX_POINT ( 'NONE', #8356 ) ;
#10032 = DIRECTION ( 'NONE',  ( 1.000000000000000000, 0.000000000000000000, 0.000000000000000000 ) ) ;
#10033 = SURFACE_SIDE_STYLE ('',( #74 ) ) ;
#10034 = CARTESIAN_POINT ( 'NONE',  ( -3.500000000000003997, -4.999999999999997335, 1.200000000000000178 ) ) ;
#10035 = LINE ( 'NONE', #8221, #605 ) ;
#10036 = LINE ( 'NONE', #6509, #3996 ) ;
#10037 = DIRECTION ( 'NONE',  ( -0.000000000000000000, -1.000000000000000000, -0.000000000000000000 ) ) ;
#10038 = ADVANCED_FACE ( 'NONE', ( #188 ), #6681, .T. ) ;
#10039 = SHAPE_DEFINITION_REPRESENTATION ( #8310, #8677 ) ;
#10040 = VERTEX_POINT ( 'NONE', #10695 ) ;
#10041 = CARTESIAN_POINT ( 'NONE',  ( -6.000000000000000000, -8.999999999999998224, 1.000000000000000000 ) ) ;
#10042 = EDGE_LOOP ( 'NONE', ( #1208, #590, #9876, #2589 ) ) ;
#10043 = LINE ( 'NONE', #10833, #1054 ) ;
#10044 = EDGE_LOOP ( 'NONE', ( #948, #11490, #8096, #2915 ) ) ;
#10045 = FILL_AREA_STYLE_COLOUR ( '', #1057 ) ;
#10046 = CARTESIAN_POINT ( 'NONE',  ( 3.292975979834980471, -0.04278833808588956150, 1.399999999999999911 ) ) ;
#10047 = DIRECTION ( 'NONE',  ( -0.000000000000000000, -0.000000000000000000, -1.000000000000000000 ) ) ;
#10048 = DIRECTION ( 'NONE',  ( -1.000000000000000000, -0.000000000000000000, -0.000000000000000000 ) ) ;
#10049 = PRESENTATION_STYLE_ASSIGNMENT (( #7191 ) ) ;
#10050 = AXIS2_PLACEMENT_3D ( 'NONE', #7795, #5092, #4059 ) ;
#10051 = CARTESIAN_POINT ( 'NONE',  ( 4.389999999999999680, -7.994982302604838331, 1.100000000000000089 ) ) ;
#10052 = DIRECTION ( 'NONE',  ( -0.000000000000000000, -0.000000000000000000, -1.000000000000000000 ) ) ;
#10053 = DIRECTION ( 'NONE',  ( -0.000000000000000000, -0.000000000000000000, -1.000000000000000000 ) ) ;
#10054 = CARTESIAN_POINT ( 'NONE',  ( 0.9999999999999952260, -4.649999999999996803, 1.200000000000000178 ) ) ;
#10055 = ORIENTED_EDGE ( 'NONE', *, *, #11016, .T. ) ;
#10056 = CIRCLE ( 'NONE', #163, 0.1494257208329542175 ) ;
#10057 = EDGE_CURVE ( 'NONE', #2103, #7405, #6744, .T. ) ;
#10058 = EDGE_LOOP ( 'NONE', ( #6816, #6008, #1748, #6643 ) ) ;
#10059 = AXIS2_PLACEMENT_3D ( 'NONE', #7272, #5257, #5313 ) ;
#10060 = PRESENTATION_STYLE_ASSIGNMENT (( #7507 ) ) ;
#10061 = DIRECTION ( 'NONE',  ( 0.000000000000000000, -1.000000000000000000, 0.000000000000000000 ) ) ;
#10062 = PLANE ( 'NONE',  #765 ) ;
#10063 = LINE ( 'NONE', #5309, #2466 ) ;
#10064 = EDGE_LOOP ( 'NONE', ( #1744, #10554 ) ) ;
#10065 = PLANE ( 'NONE',  #1564 ) ;
#10066 = AXIS2_PLACEMENT_3D ( 'NONE', #8182, #8119, #2502 ) ;
#10067 = DIRECTION ( 'NONE',  ( 0.000000000000000000, 0.000000000000000000, -1.000000000000000000 ) ) ;
#10068 = SURFACE_STYLE_FILL_AREA ( #9161 ) ;
#10069 = SURFACE_SIDE_STYLE ('',( #5444 ) ) ;
#10070 = MECHANICAL_DESIGN_GEOMETRIC_PRESENTATION_REPRESENTATION (  '', ( #2099 ), #8905 ) ;
#10071 = CARTESIAN_POINT ( 'NONE',  ( 0.4999999999999970024, -1.999999999999997335, 1.000000000000000000 ) ) ;
#10072 = ORIENTED_EDGE ( 'NONE', *, *, #6763, .T. ) ;
#10073 = EDGE_LOOP ( 'NONE', ( #1329, #2715, #3468, #1044 ) ) ;
#10074 = VERTEX_POINT ( 'NONE', #1211 ) ;
#10075 = COLOUR_RGB ( '',0.7960784313725489669, 0.8235294117647058432, 0.9372549019607843146 ) ;
#10076 = VECTOR ( 'NONE', #1707, 1000.000000000000000 ) ;
#10077 = ADVANCED_FACE ( 'NONE', ( #8692 ), #367, .F. ) ;
#10078 = AXIS2_PLACEMENT_3D ( 'NONE', #3095, #4976, #5847 ) ;
#10079 = CARTESIAN_POINT ( 'NONE',  ( -1.050000000000002709, -5.999999999999997335, 1.200000000000000178 ) ) ;
#10080 = LINE ( 'NONE', #10708, #2152 ) ;
#10081 = SURFACE_STYLE_FILL_AREA ( #5381 ) ;
#10082 = ORIENTED_EDGE ( 'NONE', *, *, #9820, .F. ) ;
#10083 = VERTEX_POINT ( 'NONE', #7732 ) ;
#10084 = LINE ( 'NONE', #8988, #1644 ) ;
#10085 = EDGE_CURVE ( 'NONE', #4306, #9790, #4851, .T. ) ;
#10086 = CARTESIAN_POINT ( 'NONE',  ( -2.150000000000003020, -1.999999999999997335, 1.200000000000000178 ) ) ;
#10087 = PLANE ( 'NONE',  #6560 ) ;
#10088 = AXIS2_PLACEMENT_3D ( 'NONE', #6914, #5823, #458 ) ;
#10089 = SURFACE_SIDE_STYLE ('',( #9061 ) ) ;
#10090 = UNCERTAINTY_MEASURE_WITH_UNIT (LENGTH_MEASURE( 1.000000000000000082E-05 ), #161, 'distance_accuracy_value', 'NONE');
#10091 = ORIENTED_EDGE ( 'NONE', *, *, #10471, .F. ) ;
#10092 = VECTOR ( 'NONE', #9458, 1000.000000000000000 ) ;
#10093 = EDGE_CURVE ( 'NONE', #11177, #7547, #4159, .T. ) ;
#10094 = CARTESIAN_POINT ( 'NONE',  ( -5.692492299719079440, -2.188776141202243508, 1.399999999999999911 ) ) ;
#10095 = CIRCLE ( 'NONE', #5637, 0.1494257208329539954 ) ;
#10096 = DIRECTION ( 'NONE',  ( -0.000000000000000000, -0.000000000000000000, -1.000000000000000000 ) ) ;
#10097 = VERTEX_POINT ( 'NONE', #1330 ) ;
#10098 = ORIENTED_EDGE ( 'NONE', *, *, #7406, .F. ) ;
#10099 = CARTESIAN_POINT ( 'NONE',  ( -4.902035936607394007, -1.615046105591286940E-15, 1.100000000000000089 ) ) ;
#10100 = PRESENTATION_STYLE_ASSIGNMENT (( #7361 ) ) ;
#10101 = DIRECTION ( 'NONE',  ( 1.084202172485506603E-15, -1.000000000000000000, 0.000000000000000000 ) ) ;
#10102 = LINE ( 'NONE', #1753, #4307 ) ;
#10103 = ADVANCED_FACE ( 'NONE', ( #6010 ), #4112, .F. ) ;
#10104 = DIRECTION ( 'NONE',  ( 0.000000000000000000, 0.000000000000000000, 1.000000000000000000 ) ) ;
#10105 = DIRECTION ( 'NONE',  ( 1.000000000000000000, 0.000000000000000000, 0.000000000000000000 ) ) ;
#10106 = DIRECTION ( 'NONE',  ( -0.000000000000000000, 1.000000000000000000, -0.000000000000000000 ) ) ;
#10107 = VECTOR ( 'NONE', #3780, 1000.000000000000000 ) ;
#10108 = FILL_AREA_STYLE_COLOUR ( '', #8469 ) ;
#10109 = EDGE_CURVE ( 'NONE', #1295, #5452, #11432, .T. ) ;
#10110 = ORIENTED_EDGE ( 'NONE', *, *, #1299, .T. ) ;
#10111 = DIRECTION ( 'NONE',  ( 0.000000000000000000, -0.000000000000000000, -1.000000000000000000 ) ) ;
#10112 = VERTEX_POINT ( 'NONE', #9663 ) ;
#10113 = AXIS2_PLACEMENT_3D ( 'NONE', #11293, #1691, #8506 ) ;
#10114 = CARTESIAN_POINT ( 'NONE',  ( -3.499999999999997335, -3.349999999999997424, 1.200000000000000178 ) ) ;
#10115 = EDGE_LOOP ( 'NONE', ( #1749, #1163, #11993, #1232 ) ) ;
#10116 = SURFACE_SIDE_STYLE ('',( #2672 ) ) ;
#10117 = DIRECTION ( 'NONE',  ( -0.000000000000000000, -0.000000000000000000, -1.000000000000000000 ) ) ;
#10118 = LINE ( 'NONE', #9989, #2213 ) ;
#10119 = DIRECTION ( 'NONE',  ( 0.000000000000000000, 0.000000000000000000, -1.000000000000000000 ) ) ;
#10120 = FILL_AREA_STYLE ('',( #10240 ) ) ;
#10121 = LINE ( 'NONE', #2678, #2662 ) ;
#10122 = DIRECTION ( 'NONE',  ( -0.000000000000000000, -1.000000000000000000, -0.000000000000000000 ) ) ;
#10123 = ORIENTED_EDGE ( 'NONE', *, *, #3670, .F. ) ;
#10124 = AXIS2_PLACEMENT_3D ( 'NONE', #8844, #10437, #6959 ) ;
#10125 = VERTEX_POINT ( 'NONE', #3260 ) ;
#10126 = VECTOR ( 'NONE', #2063, 1000.000000000000000 ) ;
#10127 = FILL_AREA_STYLE_COLOUR ( '', #7247 ) ;
#10128 = CARTESIAN_POINT ( 'NONE',  ( -4.500000000000000888, -7.994982302604838331, 1.100000000000000089 ) ) ;
#10129 = DIRECTION ( 'NONE',  ( 1.000000000000000000, 0.000000000000000000, 0.000000000000000000 ) ) ;
#10130 = CARTESIAN_POINT ( 'NONE',  ( -1.185447166564339794, -1.197484453166197227, 1.500000000000000000 ) ) ;
#10131 = CARTESIAN_POINT ( 'NONE',  ( 1.200595553590371178, -7.994982302604838331, 1.100000000000000089 ) ) ;
#10132 = EDGE_LOOP ( 'NONE', ( #5310, #2455, #3762, #751, #5506, #4607 ) ) ;
#10133 = CARTESIAN_POINT ( 'NONE',  ( 4.389999999999999680, -7.994982302604838331, 1.100000000000000089 ) ) ;
#10134 = EDGE_CURVE ( 'NONE', #6441, #8891, #6986, .T. ) ;
#10135 = CARTESIAN_POINT ( 'NONE',  ( 5.000000000000000888, -2.568682383288471538, 1.800000000000000266 ) ) ;
#10136 = EDGE_CURVE ( 'NONE', #7101, #4773, #11371, .T. ) ;
#10137 = DIRECTION ( 'NONE',  ( -0.000000000000000000, 0.000000000000000000, -1.000000000000000000 ) ) ;
#10138 = VECTOR ( 'NONE', #10955, 1000.000000000000000 ) ;
#10139 = DIRECTION ( 'NONE',  ( 0.000000000000000000, 0.000000000000000000, 1.000000000000000000 ) ) ;
#10140 = DIRECTION ( 'NONE',  ( -0.000000000000000000, 0.000000000000000000, 1.000000000000000000 ) ) ;
#10141 = EDGE_LOOP ( 'NONE', ( #3359, #5416, #5409, #1836 ) ) ;
#10142 = ORIENTED_EDGE ( 'NONE', *, *, #8030, .F. ) ;
#10143 = AXIS2_PLACEMENT_3D ( 'NONE', #2286, #6013, #4477 ) ;
#10144 = CARTESIAN_POINT ( 'NONE',  ( 2.693302080695410439, 2.656906106631963915, 1.100000000000000089 ) ) ;
#10145 = ORIENTED_EDGE ( 'NONE', *, *, #1350, .T. ) ;
#10146 = ADVANCED_FACE ( 'NONE', ( #1382 ), #4058, .F. ) ;
#10147 = DIRECTION ( 'NONE',  ( 1.000000000000000000, 0.000000000000000000, 0.000000000000000000 ) ) ;
#10148 = DIRECTION ( 'NONE',  ( -0.000000000000000000, -0.000000000000000000, -1.000000000000000000 ) ) ;
#10149 = PRESENTATION_STYLE_ASSIGNMENT (( #5459 ) ) ;
#10150 =( LENGTH_UNIT ( ) NAMED_UNIT ( * ) SI_UNIT ( .MILLI., .METRE. ) );
#10151 = VERTEX_POINT ( 'NONE', #5266 ) ;
#10152 = UNCERTAINTY_MEASURE_WITH_UNIT (LENGTH_MEASURE( 1.000000000000000082E-05 ), #4397, 'distance_accuracy_value', 'NONE');
#10153 = EDGE_CURVE ( 'NONE', #1492, #10919, #4240, .T. ) ;
#10154 = AXIS2_PLACEMENT_3D ( 'NONE', #3203, #11434, #3091 ) ;
#10155 = CARTESIAN_POINT ( 'NONE',  ( -1.190000000000001279, -7.994982302604838331, 0.000000000000000000 ) ) ;
#10156 = CARTESIAN_POINT ( 'NONE',  ( -0.3000000000000025424, -5.999999999999997335, 1.200000000000000178 ) ) ;
#10157 = ORIENTED_EDGE ( 'NONE', *, *, #8765, .F. ) ;
#10158 = EDGE_CURVE ( 'NONE', #4309, #4536, #7223, .T. ) ;
#10159 = ORIENTED_EDGE ( 'NONE', *, *, #11711, .F. ) ;
#10160 = SURFACE_STYLE_USAGE ( .BOTH. , #2659 ) ;
#10161 = DIRECTION ( 'NONE',  ( 0.000000000000000000, -0.000000000000000000, -1.000000000000000000 ) ) ;
#10162 = MECHANICAL_DESIGN_GEOMETRIC_PRESENTATION_REPRESENTATION (  '', ( #8612 ), #11912 ) ;
#10163 = DIRECTION ( 'NONE',  ( 1.000000000000000000, -1.084202172485504434E-16, 0.000000000000000000 ) ) ;
#10164 = VERTEX_POINT ( 'NONE', #7105 ) ;
#10165 = EDGE_LOOP ( 'NONE', ( #7899, #9832, #1093, #8371, #39, #10764 ) ) ;
#10166 = AXIS2_PLACEMENT_3D ( 'NONE', #7585, #10506, #2945 ) ;
#10167 = CARTESIAN_POINT ( 'NONE',  ( -0.5000000000000026645, -1.999999999999997335, 1.200000000000000178 ) ) ;
#10168 = ORIENTED_EDGE ( 'NONE', *, *, #10379, .T. ) ;
#10169 = PLANE ( 'NONE',  #4847 ) ;
#10170 = CARTESIAN_POINT ( 'NONE',  ( 0.4999999999999929501, -4.099999999999996980, 1.200000000000000178 ) ) ;
#10171 = FILL_AREA_STYLE_COLOUR ( '', #3962 ) ;
#10172 = DIRECTION ( 'NONE',  ( 0.000000000000000000, -0.000000000000000000, -1.000000000000000000 ) ) ;
#10173 = CYLINDRICAL_SURFACE ( 'NONE', #5397, 0.6205955535903713294 ) ;
#10174 = DIRECTION ( 'NONE',  ( -0.000000000000000000, -0.000000000000000000, -1.000000000000000000 ) ) ;
#10175 = DIRECTION ( 'NONE',  ( 1.000000000000000000, 0.000000000000000000, 0.000000000000000000 ) ) ;
#10176 = FACE_OUTER_BOUND ( 'NONE', #2573, .T. ) ;
#10177 = FILL_AREA_STYLE_COLOUR ( '', #3011 ) ;
#10178 = CIRCLE ( 'NONE', #7658, 0.1000000000000000472 ) ;
#10179 = VERTEX_POINT ( 'NONE', #9116 ) ;
#10180 = ORIENTED_EDGE ( 'NONE', *, *, #10109, .F. ) ;
#10181 = ADVANCED_FACE ( 'NONE', ( #6243 ), #2579, .F. ) ;
#10182 = PLANE ( 'NONE',  #7467 ) ;
#10183 = CARTESIAN_POINT ( 'NONE',  ( 2.820639630881218718, 2.295341782195420954, -29.20000000000000284 ) ) ;
#10184 = COLOUR_RGB ( '',1.000000000000000000, 1.000000000000000000, 0.5019607843137254832 ) ;
#10185 = CARTESIAN_POINT ( 'NONE',  ( -2.497642652873966362, 0.000000000000000000, 1.000000000000000000 ) ) ;
#10186 = DIRECTION ( 'NONE',  ( 0.000000000000000000, 0.000000000000000000, 1.000000000000000000 ) ) ;
#10187 = FILL_AREA_STYLE ('',( #6474 ) ) ;
#10188 = ORIENTED_EDGE ( 'NONE', *, *, #8967, .T. ) ;
#10189 = FACE_OUTER_BOUND ( 'NONE', #432, .T. ) ;
#10190 = LINE ( 'NONE', #9160, #1840 ) ;
#10191 = DIRECTION ( 'NONE',  ( 1.000000000000000000, 0.000000000000000000, 0.000000000000000000 ) ) ;
#10192 = CARTESIAN_POINT ( 'NONE',  ( -0.3182825874325388438, 5.496005818493205908, 1.000000000000000000 ) ) ;
#10193 = AXIS2_PLACEMENT_3D ( 'NONE', #7476, #10402, #2840 ) ;
#10194 = ORIENTED_EDGE ( 'NONE', *, *, #10522, .T. ) ;
#10195 = EDGE_CURVE ( 'NONE', #11182, #10661, #11852, .T. ) ;
#10196 = ORIENTED_EDGE ( 'NONE', *, *, #4944, .F. ) ;
#10197 = MECHANICAL_DESIGN_GEOMETRIC_PRESENTATION_REPRESENTATION (  '', ( #5129 ), #9028 ) ;
#10198 = EDGE_CURVE ( 'NONE', #4536, #2464, #8076, .T. ) ;
#10199 = DIRECTION ( 'NONE',  ( 0.000000000000000000, 1.000000000000000000, 0.000000000000000000 ) ) ;
#10200 = AXIS2_PLACEMENT_3D ( 'NONE', #9603, #1270, #6985 ) ;
#10201 = CIRCLE ( 'NONE', #11375, 0.5000000000000008882 ) ;
#10202 = CARTESIAN_POINT ( 'NONE',  ( 0.5799999999999997380, -7.994982302604838331, 1.100000000000000089 ) ) ;
#10203 = VECTOR ( 'NONE', #11044, 1000.000000000000000 ) ;
#10204 = DIRECTION ( 'NONE',  ( 1.000000000000000000, 0.000000000000000000, 0.000000000000000000 ) ) ;
#10205 = ORIENTED_EDGE ( 'NONE', *, *, #7185, .T. ) ;
#10206 = DIRECTION ( 'NONE',  ( -0.000000000000000000, -0.000000000000000000, 1.000000000000000000 ) ) ;
#10207 = PLANE ( 'NONE',  #10828 ) ;
#10208 = COLOUR_RGB ( '',0.2509803921568627416, 0.2509803921568627416, 0.2509803921568627416 ) ;
#10209 = UNCERTAINTY_MEASURE_WITH_UNIT (LENGTH_MEASURE( 1.000000000000000082E-05 ), #334, 'distance_accuracy_value', 'NONE');
#10210 = VERTEX_POINT ( 'NONE', #7160 ) ;
#10211 = PRESENTATION_LAYER_ASSIGNMENT (  '', '', ( #6708 ) ) ;
#10212 = VECTOR ( 'NONE', #10052, 1000.000000000000000 ) ;
#10213 = EDGE_CURVE ( 'NONE', #8288, #4706, #5387, .T. ) ;
#10214 = CARTESIAN_POINT ( 'NONE',  ( -1.600000000000002975, -1.999999999999997335, 1.200000000000000178 ) ) ;
#10215 = CARTESIAN_POINT ( 'NONE',  ( -5.192492299719079440, 0.000000000000000000, 1.000000000000000000 ) ) ;
#10216 =( GEOMETRIC_REPRESENTATION_CONTEXT ( 3 ) GLOBAL_UNCERTAINTY_ASSIGNED_CONTEXT ( ( #8773 ) ) GLOBAL_UNIT_ASSIGNED_CONTEXT ( ( #9519, #3968, #1114 ) ) REPRESENTATION_CONTEXT ( 'NONE', 'WORKASPACE' ) );
#10217 = ORIENTED_EDGE ( 'NONE', *, *, #1079, .F. ) ;
#10218 = EDGE_CURVE ( 'NONE', #8288, #10179, #3447, .T. ) ;
#10219 = ORIENTED_EDGE ( 'NONE', *, *, #2609, .F. ) ;
#10220 =( LENGTH_UNIT ( ) NAMED_UNIT ( * ) SI_UNIT ( .MILLI., .METRE. ) );
#10221 = VECTOR ( 'NONE', #10541, 1000.000000000000000 ) ;
#10222 = VECTOR ( 'NONE', #3094, 1000.000000000000000 ) ;
#10223 = DIRECTION ( 'NONE',  ( 0.000000000000000000, -0.000000000000000000, 1.000000000000000000 ) ) ;
#10224 = CARTESIAN_POINT ( 'NONE',  ( -2.529934648285827592, 2.295341782195420954, 0.000000000000000000 ) ) ;
#10225 = ADVANCED_FACE ( 'NONE', ( #8989 ), #581, .F. ) ;
#10226 = CARTESIAN_POINT ( 'NONE',  ( 3.300000000000000711, -2.568682383288471538, 1.800000000000000266 ) ) ;
#10227 = LINE ( 'NONE', #8342, #6724 ) ;
#10228 = CARTESIAN_POINT ( 'NONE',  ( 0.000000000000000000, -5.811223858797751163, 1.500000000000000000 ) ) ;
#10229 = FILL_AREA_STYLE ('',( #6330 ) ) ;
#10230 = PRESENTATION_STYLE_ASSIGNMENT (( #9194 ) ) ;
#10231 = VERTEX_POINT ( 'NONE', #2708 ) ;
#10232 =( NAMED_UNIT ( * ) SI_UNIT ( $, .STERADIAN. ) SOLID_ANGLE_UNIT ( ) );
#10233 = ORIENTED_EDGE ( 'NONE', *, *, #9481, .F. ) ;
#10234 = ADVANCED_FACE ( 'NONE', ( #6374 ), #10996, .T. ) ;
#10235 = ORIENTED_EDGE ( 'NONE', *, *, #2826, .F. ) ;
#10236 =( NAMED_UNIT ( * ) PLANE_ANGLE_UNIT ( ) SI_UNIT ( $, .RADIAN. ) );
#10237 = CARTESIAN_POINT ( 'NONE',  ( 5.010595553590371232, -7.994982302604838331, 1.000000000000000000 ) ) ;
#10238 = CARTESIAN_POINT ( 'NONE',  ( 3.500000000000000888, -2.368682383288471360, 1.700000000000000178 ) ) ;
#10239 = PRESENTATION_STYLE_ASSIGNMENT (( #6525 ) ) ;
#10240 = FILL_AREA_STYLE_COLOUR ( '', #12038 ) ;
#10241 = LINE ( 'NONE', #5611, #3246 ) ;
#10242 = ADVANCED_FACE ( 'NONE', ( #8326 ), #9175, .F. ) ;
#10243 = LINE ( 'NONE', #9145, #8463 ) ;
#10244 = STYLED_ITEM ( 'NONE', ( #1868 ), #123 ) ;
#10245 = DIRECTION ( 'NONE',  ( -0.000000000000000000, -0.000000000000000000, 1.000000000000000000 ) ) ;
#10246 = EDGE_LOOP ( 'NONE', ( #1417, #2450 ) ) ;
#10247 = EDGE_CURVE ( 'NONE', #2046, #8997, #2644, .T. ) ;
#10248 = ORIENTED_EDGE ( 'NONE', *, *, #11485, .F. ) ;
#10249 = UNCERTAINTY_MEASURE_WITH_UNIT (LENGTH_MEASURE( 1.000000000000000082E-05 ), #3527, 'distance_accuracy_value', 'NONE');
#10250 = CARTESIAN_POINT ( 'NONE',  ( -3.500000000000003109, -1.999999999999997335, 1.000000000000000000 ) ) ;
#10251 = AXIS2_PLACEMENT_3D ( 'NONE', #9912, #2301, #2360 ) ;
#10252 = SURFACE_SIDE_STYLE ('',( #7264 ) ) ;
#10253 = CARTESIAN_POINT ( 'NONE',  ( -0.3000000000000025424, -1.499999999999997335, 1.200000000000000178 ) ) ;
#10254 = CARTESIAN_POINT ( 'NONE',  ( -2.700000000000003286, -6.499999999999997335, 1.200000000000000178 ) ) ;
#10255 = CARTESIAN_POINT ( 'NONE',  ( -4.502035936607396316, 5.837225230594265568, 1.100000000000000089 ) ) ;
#10256 = ORIENTED_EDGE ( 'NONE', *, *, #5236, .F. ) ;
#10257 = DIRECTION ( 'NONE',  ( 0.000000000000000000, 0.000000000000000000, -1.000000000000000000 ) ) ;
#10258 =( LENGTH_UNIT ( ) NAMED_UNIT ( * ) SI_UNIT ( .MILLI., .METRE. ) );
#10259 = DIRECTION ( 'NONE',  ( 0.000000000000000000, 0.000000000000000000, 1.000000000000000000 ) ) ;
#10260 = PRESENTATION_STYLE_ASSIGNMENT (( #8313 ) ) ;
#10261 = CYLINDRICAL_SURFACE ( 'NONE', #8641, 0.1000000000000000472 ) ;
#10262 = ADVANCED_FACE ( 'NONE', ( #8507 ), #4671, .F. ) ;
#10263 = EDGE_LOOP ( 'NONE', ( #4013, #6679, #6334, #742, #6422, #6348, #6493, #10219, #8206, #4713, #7147, #1550, #11604, #7085, #6522, #9726, #3778, #4485, #803, #11136, #11942, #1865, #3838, #1488 ) ) ;
#10264 = AXIS2_PLACEMENT_3D ( 'NONE', #8519, #2960, #2841 ) ;
#10265 = EDGE_CURVE ( 'NONE', #4339, #1014, #3133, .T. ) ;
#10266 = ORIENTED_EDGE ( 'NONE', *, *, #648, .T. ) ;
#10267 = CIRCLE ( 'NONE', #3453, 0.5000000000000004441 ) ;
#10268 = CARTESIAN_POINT ( 'NONE',  ( -0.3182825874325389548, 8.469867354517257141, 1.100000000000000089 ) ) ;
#10269 =( GEOMETRIC_REPRESENTATION_CONTEXT ( 3 ) GLOBAL_UNCERTAINTY_ASSIGNED_CONTEXT ( ( #953 ) ) GLOBAL_UNIT_ASSIGNED_CONTEXT ( ( #1432, #363, #7789 ) ) REPRESENTATION_CONTEXT ( 'NONE', 'WORKASPACE' ) );
#10270 =( NAMED_UNIT ( * ) SI_UNIT ( $, .STERADIAN. ) SOLID_ANGLE_UNIT ( ) );
#10271 = ORIENTED_EDGE ( 'NONE', *, *, #1969, .F. ) ;
#10272 = EDGE_CURVE ( 'NONE', #6631, #7955, #64, .T. ) ;
#10274 = VECTOR ( 'NONE', #6055, 1000.000000000000000 ) ;
#10273 = LINE ( 'NONE', #8561, #970 ) ;
#10275 = DIRECTION ( 'NONE',  ( -0.000000000000000000, -0.000000000000000000, 1.000000000000000000 ) ) ;
#10276 = LINE ( 'NONE', #1922, #724 ) ;
#10277 = SURFACE_STYLE_FILL_AREA ( #5517 ) ;
#10278 = ORIENTED_EDGE ( 'NONE', *, *, #3361, .T. ) ;
#10279 = COLOUR_RGB ( '',1.000000000000000000, 1.000000000000000000, 0.000000000000000000 ) ;
#10280 = PRESENTATION_LAYER_ASSIGNMENT (  '', '', ( #3462 ) ) ;
#10281 = LINE ( 'NONE', #6738, #8658 ) ;
#10282 = LINE ( 'NONE', #4787, #6166 ) ;
#10283 = VERTEX_POINT ( 'NONE', #4547 ) ;
#10284 = VECTOR ( 'NONE', #1101, 1000.000000000000000 ) ;
#10285 = ORIENTED_EDGE ( 'NONE', *, *, #4845, .T. ) ;
#10286 =( GEOMETRIC_REPRESENTATION_CONTEXT ( 3 ) GLOBAL_UNCERTAINTY_ASSIGNED_CONTEXT ( ( #5622 ) ) GLOBAL_UNIT_ASSIGNED_CONTEXT ( ( #3535, #6405, #9085 ) ) REPRESENTATION_CONTEXT ( 'NONE', 'WORKASPACE' ) );
#10287 = LINE ( 'NONE', #11309, #7328 ) ;
#10288 = DIRECTION ( 'NONE',  ( -1.000000000000000000, 0.000000000000000000, 0.000000000000000000 ) ) ;
#10289 = VECTOR ( 'NONE', #4118, 1000.000000000000000 ) ;
#10290 = CARTESIAN_POINT ( 'NONE',  ( 2.693302080695410439, 3.056906106631963826, 1.100000000000000089 ) ) ;
#10291 = EDGE_CURVE ( 'NONE', #6756, #774, #6551, .T. ) ;
#10292 = DIRECTION ( 'NONE',  ( 0.000000000000000000, 0.000000000000000000, -1.000000000000000000 ) ) ;
#10293 = ORIENTED_EDGE ( 'NONE', *, *, #7221, .F. ) ;
#10294 = VECTOR ( 'NONE', #2575, 1000.000000000000000 ) ;
#10295 = EDGE_LOOP ( 'NONE', ( #1699, #4984, #954, #865 ) ) ;
#10296 = ORIENTED_EDGE ( 'NONE', *, *, #899, .T. ) ;
#10297 = PLANE ( 'NONE',  #9928 ) ;
#10298 = VERTEX_POINT ( 'NONE', #1740 ) ;
#10299 = LINE ( 'NONE', #4315, #2998 ) ;
#10300 = CARTESIAN_POINT ( 'NONE',  ( -1.600100888223831230, 2.147362469743642865, 1.000000000000000000 ) ) ;
#10301 = DIRECTION ( 'NONE',  ( 1.000000000000000000, 0.000000000000000000, 0.000000000000000000 ) ) ;
#10302 = VECTOR ( 'NONE', #6212, 1000.000000000000000 ) ;
#10303 =( LENGTH_UNIT ( ) NAMED_UNIT ( * ) SI_UNIT ( .MILLI., .METRE. ) );
#10304 = VECTOR ( 'NONE', #1664, 1000.000000000000000 ) ;
#10305 = PRESENTATION_STYLE_ASSIGNMENT (( #89 ) ) ;
#10306 = FACE_OUTER_BOUND ( 'NONE', #3266, .T. ) ;
#10307 = DIRECTION ( 'NONE',  ( 1.000000000000000000, 0.000000000000000000, 0.000000000000000000 ) ) ;
#10308 = COLOUR_RGB ( '',0.000000000000000000, 0.000000000000000000, 0.000000000000000000 ) ;
#10309 = ORIENTED_EDGE ( 'NONE', *, *, #10911, .F. ) ;
#10310 = ADVANCED_FACE ( 'NONE', ( #11985 ), #1795, .F. ) ;
#10311 = ORIENTED_EDGE ( 'NONE', *, *, #7185, .F. ) ;
#10312 = EDGE_CURVE ( 'NONE', #4322, #8804, #120, .T. ) ;
#10313 = DIRECTION ( 'NONE',  ( 1.000000000000000000, 0.000000000000000000, 0.000000000000000000 ) ) ;
#10314 = FILL_AREA_STYLE_COLOUR ( '', #1898 ) ;
#10315 = LINE ( 'NONE', #4882, #10382 ) ;
#10316 = DIRECTION ( 'NONE',  ( -1.000000000000000000, -1.084202172485506603E-15, 0.000000000000000000 ) ) ;
#10317 = CARTESIAN_POINT ( 'NONE',  ( 1.080000000000000737, -7.994982302604838331, 0.000000000000000000 ) ) ;
#10318 = PRESENTATION_STYLE_ASSIGNMENT (( #11971 ) ) ;
#10319 = FACE_OUTER_BOUND ( 'NONE', #6022, .T. ) ;
#10320 = PRESENTATION_LAYER_ASSIGNMENT (  '', '', ( #3500 ) ) ;
#10321 = DIRECTION ( 'NONE',  ( -1.445602896647339163E-16, 1.000000000000000000, 0.000000000000000000 ) ) ;
#10322 = EDGE_CURVE ( 'NONE', #12015, #10735, #6611, .T. ) ;
#10323 = FACE_OUTER_BOUND ( 'NONE', #6812, .T. ) ;
#10324 = VERTEX_POINT ( 'NONE', #2222 ) ;
#10325 = VECTOR ( 'NONE', #5726, 1000.000000000000000 ) ;
#10326 = ORIENTED_EDGE ( 'NONE', *, *, #2593, .F. ) ;
#10327 = VECTOR ( 'NONE', #4708, 1000.000000000000000 ) ;
#10328 = DIRECTION ( 'NONE',  ( 1.000000000000000000, 0.000000000000000000, 0.000000000000000000 ) ) ;
#10329 =( LENGTH_UNIT ( ) NAMED_UNIT ( * ) SI_UNIT ( .MILLI., .METRE. ) );
#10330 = ORIENTED_EDGE ( 'NONE', *, *, #10582, .F. ) ;
#10331 = PRESENTATION_LAYER_ASSIGNMENT (  '', '', ( #426 ) ) ;
#10332 = CARTESIAN_POINT ( 'NONE',  ( -3.500000000000003109, -1.999999999999997335, 1.000000000000000000 ) ) ;
#10333 = AXIS2_PLACEMENT_3D ( 'NONE', #4775, #4097, #4041 ) ;
#10334 =( NAMED_UNIT ( * ) SI_UNIT ( $, .STERADIAN. ) SOLID_ANGLE_UNIT ( ) );
#10335 = LINE ( 'NONE', #5831, #1599 ) ;
#10336 = EDGE_LOOP ( 'NONE', ( #8644, #9489, #576, #6163 ) ) ;
#10337 = CIRCLE ( 'NONE', #7995, 0.1000000000000000472 ) ;
#10338 = FACE_OUTER_BOUND ( 'NONE', #525, .T. ) ;
#10339 = VECTOR ( 'NONE', #8929, 1000.000000000000000 ) ;
#10340 = CARTESIAN_POINT ( 'NONE',  ( 2.292975979834980471, 0.4572116619141102234, 1.399999999999999911 ) ) ;
#10341 = ORIENTED_EDGE ( 'NONE', *, *, #7839, .T. ) ;
#10342 = VERTEX_POINT ( 'NONE', #4899 ) ;
#10343 = FILL_AREA_STYLE_COLOUR ( '', #5125 ) ;
#10344 =( GEOMETRIC_REPRESENTATION_CONTEXT ( 3 ) GLOBAL_UNCERTAINTY_ASSIGNED_CONTEXT ( ( #8892 ) ) GLOBAL_UNIT_ASSIGNED_CONTEXT ( ( #3706, #9005, #2785 ) ) REPRESENTATION_CONTEXT ( 'NONE', 'WORKASPACE' ) );
#10345 = CARTESIAN_POINT ( 'NONE',  ( -0.3000000000000025424, -1.999999999999997335, 1.200000000000000178 ) ) ;
#10346 = DIRECTION ( 'NONE',  ( -0.000000000000000000, -1.000000000000000000, -0.000000000000000000 ) ) ;
#10347 = PLANE ( 'NONE',  #5322 ) ;
#10348 = FILL_AREA_STYLE_COLOUR ( '', #8915 ) ;
#10349 = CIRCLE ( 'NONE', #1588, 0.1494257208329539954 ) ;
#10350 = ORIENTED_EDGE ( 'NONE', *, *, #6712, .F. ) ;
#10351 = ORIENTED_EDGE ( 'NONE', *, *, #1716, .T. ) ;
#10352 = ORIENTED_EDGE ( 'NONE', *, *, #9393, .T. ) ;
#10353 = STYLED_ITEM ( 'NONE', ( #7515 ), #2453 ) ;
#10354 = EDGE_CURVE ( 'NONE', #3150, #11873, #3131, .T. ) ;
#10355 = EDGE_LOOP ( 'NONE', ( #5665, #8511, #2816, #5881 ) ) ;
#10356 = VECTOR ( 'NONE', #3878, 1000.000000000000000 ) ;
#10357 = CARTESIAN_POINT ( 'NONE',  ( -2.700000000000003286, -6.499999999999997335, 1.200000000000000178 ) ) ;
#10358 = CARTESIAN_POINT ( 'NONE',  ( -1.050000000000002709, -6.499999999999997335, 1.200000000000000178 ) ) ;
#10359 = DIRECTION ( 'NONE',  ( -0.000000000000000000, 1.000000000000000000, -0.000000000000000000 ) ) ;
#10360 =( NAMED_UNIT ( * ) SI_UNIT ( $, .STERADIAN. ) SOLID_ANGLE_UNIT ( ) );
#10361 = DIRECTION ( 'NONE',  ( 0.000000000000000000, 0.000000000000000000, 1.000000000000000000 ) ) ;
#10362 = SURFACE_STYLE_FILL_AREA ( #4873 ) ;
#10363 = ORIENTED_EDGE ( 'NONE', *, *, #11815, .T. ) ;
#10364 = CIRCLE ( 'NONE', #11714, 0.09999999999999982514 ) ;
#10365 = ORIENTED_EDGE ( 'NONE', *, *, #11192, .F. ) ;
#10366 = EDGE_CURVE ( 'NONE', #4933, #10283, #2536, .T. ) ;
#10367 = SURFACE_SIDE_STYLE ('',( #9279 ) ) ;
#10368 = FACE_OUTER_BOUND ( 'NONE', #10512, .T. ) ;
#10369 = CARTESIAN_POINT ( 'NONE',  ( -1.579360369118781637, 2.295341782195420954, 0.000000000000000000 ) ) ;
#10370 = CARTESIAN_POINT ( 'NONE',  ( -4.639120910976532221E-18, -0.04278833808588920068, 1.000000000000000000 ) ) ;
#10371 = FACE_OUTER_BOUND ( 'NONE', #10058, .T. ) ;
#10372 = DIRECTION ( 'NONE',  ( 0.000000000000000000, 1.000000000000000000, -0.000000000000000000 ) ) ;
#10373 = EDGE_CURVE ( 'NONE', #7562, #6072, #2100, .T. ) ;
#10374 = CARTESIAN_POINT ( 'NONE',  ( 4.800000000000000711, -2.268682383288471271, 1.000000000000000000 ) ) ;
#10375 = VECTOR ( 'NONE', #4656, 1000.000000000000000 ) ;
#10376 =( NAMED_UNIT ( * ) SI_UNIT ( $, .STERADIAN. ) SOLID_ANGLE_UNIT ( ) );
#10377 = CYLINDRICAL_SURFACE ( 'NONE', #11621, 0.5000000000000008882 ) ;
#10378 = CARTESIAN_POINT ( 'NONE',  ( -3.230000000000000426, -7.994982302604838331, 1.100000000000000089 ) ) ;
#10379 = EDGE_CURVE ( 'NONE', #11189, #4392, #4103, .T. ) ;
#10380 = VERTEX_POINT ( 'NONE', #409 ) ;
#10381 = ORIENTED_EDGE ( 'NONE', *, *, #10218, .F. ) ;
#10382 = VECTOR ( 'NONE', #1959, 1000.000000000000000 ) ;
#10383 = VECTOR ( 'NONE', #3673, 1000.000000000000000 ) ;
#10384 = DIRECTION ( 'NONE',  ( -0.000000000000000000, 0.000000000000000000, 1.000000000000000000 ) ) ;
#10385 = FACE_BOUND ( 'NONE', #8947, .T. ) ;
#10386 = FACE_OUTER_BOUND ( 'NONE', #2169, .T. ) ;
#10387 = ORIENTED_EDGE ( 'NONE', *, *, #7577, .T. ) ;
#10388 = DIRECTION ( 'NONE',  ( 0.000000000000000000, 0.000000000000000000, 1.000000000000000000 ) ) ;
#10389 =( GEOMETRIC_REPRESENTATION_CONTEXT ( 3 ) GLOBAL_UNCERTAINTY_ASSIGNED_CONTEXT ( ( #5866 ) ) GLOBAL_UNIT_ASSIGNED_CONTEXT ( ( #7731, #8397, #8518 ) ) REPRESENTATION_CONTEXT ( 'NONE', 'WORKASPACE' ) );
#10390 = SURFACE_STYLE_USAGE ( .BOTH. , #6668 ) ;
#10391 = DIRECTION ( 'NONE',  ( -0.000000000000000000, -0.000000000000000000, -1.000000000000000000 ) ) ;
#10392 = VECTOR ( 'NONE', #7665, 1000.000000000000000 ) ;
#10393 = VERTEX_POINT ( 'NONE', #5767 ) ;
#10394 = COLOUR_RGB ( '',1.000000000000000000, 1.000000000000000000, 0.5019607843137254832 ) ;
#10395 = AXIS2_PLACEMENT_3D ( 'NONE', #854, #2543, #6268 ) ;
#10396 = AXIS2_PLACEMENT_3D ( 'NONE', #2283, #5963, #9834 ) ;
#10397 = AXIS2_PLACEMENT_3D ( 'NONE', #11312, #7606, #8524 ) ;
#10398 = CARTESIAN_POINT ( 'NONE',  ( 3.119999999999999662, -7.994982302604838331, 1.100000000000000089 ) ) ;
#10399 = DIRECTION ( 'NONE',  ( -0.000000000000000000, -1.000000000000000000, -0.000000000000000000 ) ) ;
#10400 = ORIENTED_EDGE ( 'NONE', *, *, #4039, .T. ) ;
#10401 = ORIENTED_EDGE ( 'NONE', *, *, #2352, .T. ) ;
#10402 = DIRECTION ( 'NONE',  ( 1.000000000000000000, 0.000000000000000000, -0.000000000000000000 ) ) ;
#10403 = CARTESIAN_POINT ( 'NONE',  ( -5.692492299719079440, -3.088776141202243419, 1.399999999999999911 ) ) ;
#10404 = FILL_AREA_STYLE ('',( #1212 ) ) ;
#10405 = CARTESIAN_POINT ( 'NONE',  ( -3.879404446409629337, -7.994982302604838331, 1.100000000000000089 ) ) ;
#10406 = CARTESIAN_POINT ( 'NONE',  ( 1.254473155026101683, -1.489077535132158570, 1.500000000000000000 ) ) ;
#10408 = CARTESIAN_POINT ( 'NONE',  ( 0.5799999999999997380, -7.994982302604838331, 1.100000000000000089 ) ) ;
#10407 = AXIS2_PLACEMENT_3D ( 'NONE', #800, #8238, #10956 ) ;
#10409 = CARTESIAN_POINT ( 'NONE',  ( -1.714552833435666335, 0.000000000000000000, 1.399999999999999911 ) ) ;
#10410 = ORIENTED_EDGE ( 'NONE', *, *, #9506, .F. ) ;
#10411 = EDGE_CURVE ( 'NONE', #7833, #965, #4840, .T. ) ;
#10412 = ORIENTED_EDGE ( 'NONE', *, *, #7711, .F. ) ;
#10413 = ORIENTED_EDGE ( 'NONE', *, *, #3456, .F. ) ;
#10414 = VECTOR ( 'NONE', #11763, 1000.000000000000000 ) ;
#10415 = ORIENTED_EDGE ( 'NONE', *, *, #6660, .T. ) ;
#10416 = COLOUR_RGB ( '',0.9882352941176471006, 0.7372549019607843590, 0.5176470588235293491 ) ;
#10417 =( GEOMETRIC_REPRESENTATION_CONTEXT ( 3 ) GLOBAL_UNCERTAINTY_ASSIGNED_CONTEXT ( ( #10452 ) ) GLOBAL_UNIT_ASSIGNED_CONTEXT ( ( #7058, #6139, #6082 ) ) REPRESENTATION_CONTEXT ( 'NONE', 'WORKASPACE' ) );
#10418 = DIRECTION ( 'NONE',  ( 1.000000000000000000, 0.000000000000000000, 0.000000000000000000 ) ) ;
#10419 = VERTEX_POINT ( 'NONE', #11356 ) ;
#10420 =( NAMED_UNIT ( * ) PLANE_ANGLE_UNIT ( ) SI_UNIT ( $, .RADIAN. ) );
#10421 = DIRECTION ( 'NONE',  ( -1.000000000000000000, 0.000000000000000000, 0.000000000000000000 ) ) ;
#10422 = DIRECTION ( 'NONE',  ( -0.000000000000000000, -0.000000000000000000, -1.000000000000000000 ) ) ;
#10423 =( LENGTH_UNIT ( ) NAMED_UNIT ( * ) SI_UNIT ( .MILLI., .METRE. ) );
#10424 = EDGE_CURVE ( 'NONE', #8363, #2369, #9708, .T. ) ;
#10425 = CARTESIAN_POINT ( 'NONE',  ( 2.693302080695410439, 2.656906106631963915, 1.100000000000000089 ) ) ;
#10426 = LINE ( 'NONE', #210, #11979 ) ;
#10427 = FILL_AREA_STYLE_COLOUR ( '', #8963 ) ;
#10428 = FILL_AREA_STYLE ('',( #5923 ) ) ;
#10429 = ORIENTED_EDGE ( 'NONE', *, *, #1972, .T. ) ;
#10430 = ORIENTED_EDGE ( 'NONE', *, *, #2968, .F. ) ;
#10431 = DIRECTION ( 'NONE',  ( 0.000000000000000000, 0.000000000000000000, 1.000000000000000000 ) ) ;
#10432 = CARTESIAN_POINT ( 'NONE',  ( 2.619999999999998774, -7.994982302604838331, 0.000000000000000000 ) ) ;
#10433 = CARTESIAN_POINT ( 'NONE',  ( 3.100000000000000977, -2.768682383288471271, 1.600000000000000089 ) ) ;
#10434 =( LENGTH_UNIT ( ) NAMED_UNIT ( * ) SI_UNIT ( .MILLI., .METRE. ) );
#10435 = PRESENTATION_STYLE_ASSIGNMENT (( #6720 ) ) ;
#10436 = SURFACE_STYLE_FILL_AREA ( #6721 ) ;
#10437 = DIRECTION ( 'NONE',  ( -0.000000000000000000, 0.000000000000000000, 1.000000000000000000 ) ) ;
#10438 = LINE ( 'NONE', #6903, #5732 ) ;
#10439 = SURFACE_STYLE_USAGE ( .BOTH. , #3000 ) ;
#10440 = SURFACE_SIDE_STYLE ('',( #6727 ) ) ;
#10441 = EDGE_CURVE ( 'NONE', #4369, #1482, #5020, .T. ) ;
#10442 = ORIENTED_EDGE ( 'NONE', *, *, #4590, .F. ) ;
#10443 = ORIENTED_EDGE ( 'NONE', *, *, #10588, .T. ) ;
#10444 = PRESENTATION_LAYER_ASSIGNMENT (  '', '', ( #7729 ) ) ;
#10445 = DIRECTION ( 'NONE',  ( 0.000000000000000000, 0.000000000000000000, -1.000000000000000000 ) ) ;
#10446 = DIRECTION ( 'NONE',  ( -0.000000000000000000, -0.000000000000000000, 1.000000000000000000 ) ) ;
#10447 = ORIENTED_EDGE ( 'NONE', *, *, #1249, .T. ) ;
#10448 = FACE_OUTER_BOUND ( 'NONE', #1063, .T. ) ;
#10449 = CARTESIAN_POINT ( 'NONE',  ( 0.6413801499862683553, 2.147362469743642865, -29.20000000000000284 ) ) ;
#10450 = CARTESIAN_POINT ( 'NONE',  ( -1.400000000000002798, -1.999999999999997335, 1.200000000000000178 ) ) ;
#10451 = AXIS2_PLACEMENT_3D ( 'NONE', #4672, #8389, #5829 ) ;
#10452 = UNCERTAINTY_MEASURE_WITH_UNIT (LENGTH_MEASURE( 1.000000000000000082E-05 ), #7058, 'distance_accuracy_value', 'NONE');
#10453 = ORIENTED_EDGE ( 'NONE', *, *, #4050, .F. ) ;
#10454 = EDGE_CURVE ( 'NONE', #6110, #10083, #11481, .T. ) ;
#10455 = PRESENTATION_LAYER_ASSIGNMENT (  '', '', ( #1124 ) ) ;
#10456 = CARTESIAN_POINT ( 'NONE',  ( 0.9999999999999976685, -5.199999999999997513, 1.200000000000000178 ) ) ;
#10457 = VECTOR ( 'NONE', #9366, 1000.000000000000000 ) ;
#10458 = CARTESIAN_POINT ( 'NONE',  ( -1.050000000000002709, -5.999999999999997335, 1.200000000000000178 ) ) ;
#10459 = EDGE_CURVE ( 'NONE', #10794, #6469, #7836, .T. ) ;
#10460 = ORIENTED_EDGE ( 'NONE', *, *, #2899, .F. ) ;
#10461 = VERTEX_POINT ( 'NONE', #11421 ) ;
#10462 = CARTESIAN_POINT ( 'NONE',  ( 0.000000000000000000, -4.811223858797751163, 1.399999999999999911 ) ) ;
#10463 = LINE ( 'NONE', #5712, #3631 ) ;
#10464 = LINE ( 'NONE', #10405, #437 ) ;
#10465 = CARTESIAN_POINT ( 'NONE',  ( -2.700000000000003286, -1.999999999999997335, 1.200000000000000178 ) ) ;
#10466 = MECHANICAL_DESIGN_GEOMETRIC_PRESENTATION_REPRESENTATION (  '', ( #1129 ), #3652 ) ;
#10467 = CARTESIAN_POINT ( 'NONE',  ( 3.192975979834980826, 0.4572116619141102234, 1.500000000000000000 ) ) ;
#10468 = LINE ( 'NONE', #2119, #7363 ) ;
#10469 = VERTEX_POINT ( 'NONE', #8622 ) ;
#10470 = AXIS2_PLACEMENT_3D ( 'NONE', #9585, #1306, #11407 ) ;
#10471 = EDGE_CURVE ( 'NONE', #1897, #2011, #10509, .T. ) ;
#10472 = ORIENTED_EDGE ( 'NONE', *, *, #11500, .F. ) ;
#10473 = ORIENTED_EDGE ( 'NONE', *, *, #4416, .F. ) ;
#10474 = ORIENTED_EDGE ( 'NONE', *, *, #9482, .T. ) ;
#10475 = AXIS2_PLACEMENT_3D ( 'NONE', #9740, #8762, #7622 ) ;
#10476 = AXIS2_PLACEMENT_3D ( 'NONE', #4395, #5295, #10782 ) ;
#10477 = DIRECTION ( 'NONE',  ( -1.000000000000000000, 0.000000000000000000, 0.000000000000000000 ) ) ;
#10478 = MECHANICAL_DESIGN_GEOMETRIC_PRESENTATION_REPRESENTATION (  '', ( #2884 ), #12040 ) ;
#10479 = VERTEX_POINT ( 'NONE', #3077 ) ;
#10480 = CARTESIAN_POINT ( 'NONE',  ( 0.4999999999999951150, -4.449999999999997513, 1.200000000000000178 ) ) ;
#10481 = DIRECTION ( 'NONE',  ( 1.000000000000000000, 0.000000000000000000, -0.000000000000000000 ) ) ;
#10482 = SURFACE_STYLE_FILL_AREA ( #3043 ) ;
#10483 = PRESENTATION_STYLE_ASSIGNMENT (( #4986 ) ) ;
#10484 = EDGE_CURVE ( 'NONE', #3498, #1567, #6858, .T. ) ;
#10485 = CARTESIAN_POINT ( 'NONE',  ( 2.619999999999998774, -7.994982302604838331, 1.100000000000000089 ) ) ;
#10486 =( LENGTH_UNIT ( ) NAMED_UNIT ( * ) SI_UNIT ( .MILLI., .METRE. ) );
#10487 = VECTOR ( 'NONE', #8985, 1000.000000000000000 ) ;
#10488 = ORIENTED_EDGE ( 'NONE', *, *, #1614, .T. ) ;
#10489 = VECTOR ( 'NONE', #4617, 1000.000000000000000 ) ;
#10490 = ORIENTED_EDGE ( 'NONE', *, *, #7338, .F. ) ;
#10491 = AXIS2_PLACEMENT_3D ( 'NONE', #8246, #3675, #11276 ) ;
#10492 = SURFACE_STYLE_USAGE ( .BOTH. , #8717 ) ;
#10493 = DIRECTION ( 'NONE',  ( -1.072532262148024225E-16, 1.000000000000000000, 0.000000000000000000 ) ) ;
#10494 = PRESENTATION_STYLE_ASSIGNMENT (( #3057 ) ) ;
#10495 = LINE ( 'NONE', #10370, #168 ) ;
#10496 = FACE_OUTER_BOUND ( 'NONE', #9277, .T. ) ;
#10497 = LINE ( 'NONE', #1184, #7400 ) ;
#10498 = PRESENTATION_STYLE_ASSIGNMENT (( #4826 ) ) ;
#10499 = LINE ( 'NONE', #4151, #11236 ) ;
#10500 = DIRECTION ( 'NONE',  ( 0.000000000000000000, 1.000000000000000000, 0.000000000000000000 ) ) ;
#10501 = ORIENTED_EDGE ( 'NONE', *, *, #8485, .T. ) ;
#10502 = VERTEX_POINT ( 'NONE', #5080 ) ;
#10503 = EDGE_CURVE ( 'NONE', #9449, #11448, #6920, .T. ) ;
#10504 = CARTESIAN_POINT ( 'NONE',  ( -5.192492299719079440, -5.811223858797751163, 1.500000000000000000 ) ) ;
#10505 = EDGE_CURVE ( 'NONE', #6451, #8176, #1260, .T. ) ;
#10506 = DIRECTION ( 'NONE',  ( -0.000000000000000000, -0.000000000000000000, 1.000000000000000000 ) ) ;
#10507 = VERTEX_POINT ( 'NONE', #10563 ) ;
#10508 = MECHANICAL_DESIGN_GEOMETRIC_PRESENTATION_REPRESENTATION (  '', ( #5244 ), #8177 ) ;
#10509 = LINE ( 'NONE', #7782, #9753 ) ;
#10510 = CARTESIAN_POINT ( 'NONE',  ( -4.902035936607396671, 8.469867354517257141, 1.000000000000000000 ) ) ;
#10511 = LINE ( 'NONE', #8685, #10356 ) ;
#10512 = EDGE_LOOP ( 'NONE', ( #3424, #10799, #10982, #11661 ) ) ;
#10513 = AXIS2_PLACEMENT_3D ( 'NONE', #8620, #6919, #8797 ) ;
#10514 = ADVANCED_FACE ( 'NONE', ( #9595 ), #2271, .T. ) ;
#10515 = CARTESIAN_POINT ( 'NONE',  ( -0.04059555359037150118, -7.994982302604838331, 1.100000000000000089 ) ) ;
#10516 = VECTOR ( 'NONE', #2296, 1000.000000000000000 ) ;
#10517 = ORIENTED_EDGE ( 'NONE', *, *, #8453, .T. ) ;
#10518 = EDGE_LOOP ( 'NONE', ( #4632, #8392, #982, #22, #7311, #1929 ) ) ;
#10519 = DIRECTION ( 'NONE',  ( 0.000000000000000000, 0.000000000000000000, 1.000000000000000000 ) ) ;
#10520 = CARTESIAN_POINT ( 'NONE',  ( 0.000000000000000000, 2.147362469743642865, -29.20000000000000284 ) ) ;
#10521 = DIRECTION ( 'NONE',  ( 1.000000000000000000, 0.000000000000000000, 0.000000000000000000 ) ) ;
#10522 = EDGE_CURVE ( 'NONE', #7112, #11555, #8451, .T. ) ;
#10523 = CARTESIAN_POINT ( 'NONE',  ( -1.297642652873966185, 8.869867354517255720, 1.100000000000000089 ) ) ;
#10524 = EDGE_CURVE ( 'NONE', #4431, #11380, #8976, .T. ) ;
#10525 = LINE ( 'NONE', #2174, #4701 ) ;
#10526 = DIRECTION ( 'NONE',  ( 0.000000000000000000, -1.000000000000000000, 0.000000000000000000 ) ) ;
#10527 = LINE ( 'NONE', #1158, #6388 ) ;
#10528 = VERTEX_POINT ( 'NONE', #8124 ) ;
#10529 = VECTOR ( 'NONE', #9455, 1000.000000000000000 ) ;
#10530 = ORIENTED_EDGE ( 'NONE', *, *, #6298, .T. ) ;
#10531 = ORIENTED_EDGE ( 'NONE', *, *, #11906, .T. ) ;
#10532 = ORIENTED_EDGE ( 'NONE', *, *, #6145, .F. ) ;
#10533 = EDGE_CURVE ( 'NONE', #6192, #631, #693, .T. ) ;
#10534 = AXIS2_PLACEMENT_3D ( 'NONE', #369, #758, #4350 ) ;
#10535 = CARTESIAN_POINT ( 'NONE',  ( -0.000000000000000000, 2.656906106631963915, 1.000000000000000000 ) ) ;
#10536 = ORIENTED_EDGE ( 'NONE', *, *, #5230, .T. ) ;
#10537 =( NAMED_UNIT ( * ) SI_UNIT ( $, .STERADIAN. ) SOLID_ANGLE_UNIT ( ) );
#10538 = SURFACE_STYLE_FILL_AREA ( #11450 ) ;
#10539 = FILL_AREA_STYLE_COLOUR ( '', #11767 ) ;
#10540 = LINE ( 'NONE', #2008, #5669 ) ;
#10541 = DIRECTION ( 'NONE',  ( -0.000000000000000000, -0.000000000000000000, -1.000000000000000000 ) ) ;
#10542 = ORIENTED_EDGE ( 'NONE', *, *, #2004, .T. ) ;
#10543 =( GEOMETRIC_REPRESENTATION_CONTEXT ( 3 ) GLOBAL_UNCERTAINTY_ASSIGNED_CONTEXT ( ( #2197 ) ) GLOBAL_UNIT_ASSIGNED_CONTEXT ( ( #1332, #5314, #813 ) ) REPRESENTATION_CONTEXT ( 'NONE', 'WORKASPACE' ) );
#10544 = ORIENTED_EDGE ( 'NONE', *, *, #11122, .F. ) ;
#10545 = TOROIDAL_SURFACE ( 'NONE', #5893, 0.4000000000000000222, 0.1000000000000000056 ) ;
#10546 =( NAMED_UNIT ( * ) SI_UNIT ( $, .STERADIAN. ) SOLID_ANGLE_UNIT ( ) );
#10547 = PLANE ( 'NONE',  #8467 ) ;
#10548 = DIRECTION ( 'NONE',  ( 0.000000000000000000, 1.000000000000000000, 0.000000000000000000 ) ) ;
#10549 = CARTESIAN_POINT ( 'NONE',  ( -1.459999999999999520, -7.994982302604838331, 1.100000000000000089 ) ) ;
#10550 = LINE ( 'NONE', #339, #11094 ) ;
#10551 = PLANE ( 'NONE',  #5333 ) ;
#10552 = FILL_AREA_STYLE ('',( #8724 ) ) ;
#10553 = FILL_AREA_STYLE_COLOUR ( '', #10915 ) ;
#10554 = ORIENTED_EDGE ( 'NONE', *, *, #6483, .T. ) ;
#10555 = EDGE_CURVE ( 'NONE', #5097, #4875, #5136, .T. ) ;
#10556 = ORIENTED_EDGE ( 'NONE', *, *, #5526, .T. ) ;
#10557 =( GEOMETRIC_REPRESENTATION_CONTEXT ( 3 ) GLOBAL_UNCERTAINTY_ASSIGNED_CONTEXT ( ( #3385 ) ) GLOBAL_UNIT_ASSIGNED_CONTEXT ( ( #11036, #5624, #9334 ) ) REPRESENTATION_CONTEXT ( 'NONE', 'WORKASPACE' ) );
#10558 = SURFACE_SIDE_STYLE ('',( #3124 ) ) ;
#10559 = DIRECTION ( 'NONE',  ( -0.000000000000000000, -0.000000000000000000, -1.000000000000000000 ) ) ;
#10560 = LINE ( 'NONE', #460, #6867 ) ;
#10561 = ORIENTED_EDGE ( 'NONE', *, *, #481, .F. ) ;
#10562 = CARTESIAN_POINT ( 'NONE',  ( 4.800000000000000711, -2.768682383288471271, 1.600000000000000089 ) ) ;
#10563 = CARTESIAN_POINT ( 'NONE',  ( 4.890000000000000568, -7.994982302604838331, 1.100000000000000089 ) ) ;
#10564 = FILL_AREA_STYLE_COLOUR ( '', #5383 ) ;
#10565 = ADVANCED_FACE ( 'NONE', ( #11837 ), #5372, .F. ) ;
#10566 = UNCERTAINTY_MEASURE_WITH_UNIT (LENGTH_MEASURE( 1.000000000000000082E-05 ), #4079, 'distance_accuracy_value', 'NONE');
#10567 = ORIENTED_EDGE ( 'NONE', *, *, #11777, .F. ) ;
#10568 = VECTOR ( 'NONE', #1182, 1000.000000000000000 ) ;
#10569 = ADVANCED_FACE ( 'NONE', ( #7894 ), #8916, .F. ) ;
#10570 = COLOUR_RGB ( '',1.000000000000000000, 1.000000000000000000, 0.5019607843137254832 ) ;
#10571 = ORIENTED_EDGE ( 'NONE', *, *, #2726, .F. ) ;
#10572 = ORIENTED_EDGE ( 'NONE', *, *, #5668, .T. ) ;
#10573 = DIRECTION ( 'NONE',  ( -0.000000000000000000, 0.000000000000000000, -1.000000000000000000 ) ) ;
#10574 = CARTESIAN_POINT ( 'NONE',  ( -6.000000000000000000, -8.999999999999998224, 0.000000000000000000 ) ) ;
#10575 = MECHANICAL_DESIGN_GEOMETRIC_PRESENTATION_REPRESENTATION (  '', ( #7855 ), #4552 ) ;
#10576 = DIRECTION ( 'NONE',  ( 0.000000000000000000, 0.000000000000000000, 1.000000000000000000 ) ) ;
#10577 = SURFACE_STYLE_FILL_AREA ( #3146 ) ;
#10578 = DIRECTION ( 'NONE',  ( -0.000000000000000000, -0.000000000000000000, 1.000000000000000000 ) ) ;
#10579 = DIRECTION ( 'NONE',  ( 0.000000000000000000, -1.000000000000000000, 0.000000000000000000 ) ) ;
#10580 =( GEOMETRIC_REPRESENTATION_CONTEXT ( 3 ) GLOBAL_UNCERTAINTY_ASSIGNED_CONTEXT ( ( #3411 ) ) GLOBAL_UNIT_ASSIGNED_CONTEXT ( ( #6455, #10420, #10537 ) ) REPRESENTATION_CONTEXT ( 'NONE', 'WORKASPACE' ) );
#10581 = EDGE_LOOP ( 'NONE', ( #5850, #11611, #1109, #4579 ) ) ;
#10582 = EDGE_CURVE ( 'NONE', #7297, #3386, #5323, .T. ) ;
#10583 =( GEOMETRIC_REPRESENTATION_CONTEXT ( 3 ) GLOBAL_UNCERTAINTY_ASSIGNED_CONTEXT ( ( #6433 ) ) GLOBAL_UNIT_ASSIGNED_CONTEXT ( ( #1669, #3312, #5193 ) ) REPRESENTATION_CONTEXT ( 'NONE', 'WORKASPACE' ) );
#10584 = ORIENTED_EDGE ( 'NONE', *, *, #1810, .F. ) ;
#10585 = ORIENTED_EDGE ( 'NONE', *, *, #7604, .T. ) ;
#10586 =( GEOMETRIC_REPRESENTATION_CONTEXT ( 3 ) GLOBAL_UNCERTAINTY_ASSIGNED_CONTEXT ( ( #9013 ) ) GLOBAL_UNIT_ASSIGNED_CONTEXT ( ( #3708, #2664, #4444 ) ) REPRESENTATION_CONTEXT ( 'NONE', 'WORKASPACE' ) );
#10587 = FILL_AREA_STYLE_COLOUR ( '', #228 ) ;
#10588 = EDGE_CURVE ( 'NONE', #10231, #11982, #4228, .T. ) ;
#10589 = ORIENTED_EDGE ( 'NONE', *, *, #6424, .T. ) ;
#10590 = CARTESIAN_POINT ( 'NONE',  ( 3.119999999999999662, -7.994982302604838331, 1.100000000000000089 ) ) ;
#10591 = DIRECTION ( 'NONE',  ( 1.000000000000000000, 0.000000000000000000, 0.000000000000000000 ) ) ;
#10592 = AXIS2_PLACEMENT_3D ( 'NONE', #4487, #10316, #10865 ) ;
#10593 = COLOUR_RGB ( '',0.7960784313725489669, 0.8235294117647058432, 0.9372549019607843146 ) ;
#10594 =( GEOMETRIC_REPRESENTATION_CONTEXT ( 3 ) GLOBAL_UNCERTAINTY_ASSIGNED_CONTEXT ( ( #3022 ) ) GLOBAL_UNIT_ASSIGNED_CONTEXT ( ( #797, #8236, #10360 ) ) REPRESENTATION_CONTEXT ( 'NONE', 'WORKASPACE' ) );
#10595 = SURFACE_SIDE_STYLE ('',( #2068 ) ) ;
#10596 = CARTESIAN_POINT ( 'NONE',  ( -3.629934648285827237, 2.295341782195420954, -29.20000000000000284 ) ) ;
#10597 = FACE_OUTER_BOUND ( 'NONE', #5494, .T. ) ;
#10598 = FACE_BOUND ( 'NONE', #1175, .T. ) ;
#10599 = PRESENTATION_STYLE_ASSIGNMENT (( #3908 ) ) ;
#10600 = AXIS2_PLACEMENT_3D ( 'NONE', #6415, #6472, #1722 ) ;
#10601 = VERTEX_POINT ( 'NONE', #7030 ) ;
#10602 = COLOUR_RGB ( '',0.9882352941176471006, 0.7372549019607843590, 0.5176470588235293491 ) ;
#10603 = ORIENTED_EDGE ( 'NONE', *, *, #5892, .F. ) ;
#10604 = VECTOR ( 'NONE', #7436, 1000.000000000000000 ) ;
#10605 = UNCERTAINTY_MEASURE_WITH_UNIT (LENGTH_MEASURE( 1.000000000000000082E-05 ), #8344, 'distance_accuracy_value', 'NONE');
#10606 = ADVANCED_FACE ( 'NONE', ( #10744 ), #2388, .F. ) ;
#10607 =( NAMED_UNIT ( * ) PLANE_ANGLE_UNIT ( ) SI_UNIT ( $, .RADIAN. ) );
#10608 = ADVANCED_FACE ( 'NONE', ( #6227 ), #5690, .T. ) ;
#10609 = AXIS2_PLACEMENT_3D ( 'NONE', #3292, #2313, #11813 ) ;
#10610 = FILL_AREA_STYLE ('',( #7818 ) ) ;
#10611 = LINE ( 'NONE', #3229, #9022 ) ;
#10612 = DIRECTION ( 'NONE',  ( -1.000000000000000000, -0.000000000000000000, -0.000000000000000000 ) ) ;
#10613 = DIRECTION ( 'NONE',  ( 1.000000000000000000, 0.000000000000000000, 0.000000000000000000 ) ) ;
#10614 = AXIS2_PLACEMENT_3D ( 'NONE', #17, #8156, #8223 ) ;
#10615 = FACE_OUTER_BOUND ( 'NONE', #9348, .T. ) ;
#10616 = PLANE ( 'NONE',  #1782 ) ;
#10617 = DIRECTION ( 'NONE',  ( -0.000000000000000000, -0.000000000000000000, -1.000000000000000000 ) ) ;
#10618 = ADVANCED_FACE ( 'NONE', ( #755 ), #10976, .T. ) ;
#10619 = ORIENTED_EDGE ( 'NONE', *, *, #3516, .F. ) ;
#10620 = ORIENTED_EDGE ( 'NONE', *, *, #8500, .T. ) ;
#10621 = DIRECTION ( 'NONE',  ( 1.927470528863119049E-16, -1.000000000000000000, 0.000000000000000000 ) ) ;
#10622 = CARTESIAN_POINT ( 'NONE',  ( -5.192492299719079440, -2.188776141202243508, 1.399999999999999911 ) ) ;
#10623 = FILL_AREA_STYLE_COLOUR ( '', #9781 ) ;
#10624 = ORIENTED_EDGE ( 'NONE', *, *, #8928, .F. ) ;
#10625 = ADVANCED_FACE ( 'NONE', ( #104 ), #2756, .F. ) ;
#10626 = PLANE ( 'NONE',  #10513 ) ;
#10627 = EDGE_CURVE ( 'NONE', #5537, #1648, #10190, .T. ) ;
#10628 = CARTESIAN_POINT ( 'NONE',  ( -5.692492299719079440, -4.811223858797751163, 1.500000000000000000 ) ) ;
#10629 = EDGE_CURVE ( 'NONE', #9886, #6370, #4538, .T. ) ;
#10630 = VERTEX_POINT ( 'NONE', #9225 ) ;
#10631 = UNCERTAINTY_MEASURE_WITH_UNIT (LENGTH_MEASURE( 1.000000000000000082E-05 ), #6743, 'distance_accuracy_value', 'NONE');
#10632 = CIRCLE ( 'NONE', #9076, 0.1494257208329539954 ) ;
#10633 = EDGE_CURVE ( 'NONE', #3687, #1911, #3615, .T. ) ;
#10634 = EDGE_LOOP ( 'NONE', ( #520, #5412, #5260, #11760 ) ) ;
#10635 = STYLED_ITEM ( 'NONE', ( #9836 ), #4784 ) ;
#10636 = VERTEX_POINT ( 'NONE', #876 ) ;
#10637 = CARTESIAN_POINT ( 'NONE',  ( 4.389999999999999680, -7.994982302604838331, 0.000000000000000000 ) ) ;
#10638 = LINE ( 'NONE', #583, #4903 ) ;
#10639 = CARTESIAN_POINT ( 'NONE',  ( -5.692492299719079440, -4.811223858797751163, 1.000000000000000000 ) ) ;
#10640 = DIRECTION ( 'NONE',  ( 1.000000000000000000, 0.000000000000000000, -0.000000000000000000 ) ) ;
#10641 = FACE_OUTER_BOUND ( 'NONE', #1279, .T. ) ;
#10642 = ORIENTED_EDGE ( 'NONE', *, *, #8052, .T. ) ;
#10643 = VECTOR ( 'NONE', #1811, 1000.000000000000000 ) ;
#10644 = ORIENTED_EDGE ( 'NONE', *, *, #1493, .T. ) ;
#10645 = ADVANCED_FACE ( 'NONE', ( #8311 ), #7393, .F. ) ;
#10646 = ORIENTED_EDGE ( 'NONE', *, *, #7414, .T. ) ;
#10647 =( NAMED_UNIT ( * ) PLANE_ANGLE_UNIT ( ) SI_UNIT ( $, .RADIAN. ) );
#10648 = EDGE_CURVE ( 'NONE', #3039, #11014, #11175, .T. ) ;
#10649 = ORIENTED_EDGE ( 'NONE', *, *, #2279, .T. ) ;
#10650 = SURFACE_SIDE_STYLE ('',( #6135 ) ) ;
#10651 = AXIS2_PLACEMENT_3D ( 'NONE', #5685, #2992, #9400 ) ;
#10652 = CARTESIAN_POINT ( 'NONE',  ( 0.9999999999999895639, -2.999999999999996891, 1.200000000000000178 ) ) ;
#10653 = EDGE_CURVE ( 'NONE', #5519, #6030, #4089, .T. ) ;
#10654 =( NAMED_UNIT ( * ) PLANE_ANGLE_UNIT ( ) SI_UNIT ( $, .RADIAN. ) );
#10655 = PRESENTATION_STYLE_ASSIGNMENT (( #325 ) ) ;
#10656 = VECTOR ( 'NONE', #4686, 1000.000000000000000 ) ;
#10657 = CARTESIAN_POINT ( 'NONE',  ( 1.850000000000000089, -7.994982302604838331, 1.100000000000000089 ) ) ;
#10658 = LINE ( 'NONE', #6029, #11183 ) ;
#10659 = VERTEX_POINT ( 'NONE', #11406 ) ;
#10660 = AXIS2_PLACEMENT_3D ( 'NONE', #2613, #6341, #10301 ) ;
#10661 = VERTEX_POINT ( 'NONE', #5874 ) ;
#10662 = PRESENTATION_LAYER_ASSIGNMENT (  '', '', ( #2884 ) ) ;
#10663 = CARTESIAN_POINT ( 'NONE',  ( -1.950000000000002842, -5.999999999999997335, 1.200000000000000178 ) ) ;
#10664 = CARTESIAN_POINT ( 'NONE',  ( -1.400000000000002798, -6.499999999999997335, 1.000000000000000000 ) ) ;
#10665 = CARTESIAN_POINT ( 'NONE',  ( 3.292975979834980471, 0.4572116619141102234, 1.500000000000000000 ) ) ;
#10666 = SURFACE_STYLE_FILL_AREA ( #1474 ) ;
#10667 = FACE_OUTER_BOUND ( 'NONE', #7645, .T. ) ;
#10668 = CARTESIAN_POINT ( 'NONE',  ( -1.950000000000002842, -1.499999999999997335, 1.200000000000000178 ) ) ;
#10669 = CARTESIAN_POINT ( 'NONE',  ( -3.230000000000000426, -7.994982302604838331, 1.000000000000000000 ) ) ;
#10670 = CARTESIAN_POINT ( 'NONE',  ( -2.150000000000003020, -1.499999999999997335, 1.000000000000000000 ) ) ;
#10671 = CARTESIAN_POINT ( 'NONE',  ( -0.6900000000000005018, -7.994982302604838331, 0.000000000000000000 ) ) ;
#10672 = CARTESIAN_POINT ( 'NONE',  ( 0.7544731550261016828, -2.389077535132158481, 1.500000000000000000 ) ) ;
#10673 = EDGE_CURVE ( 'NONE', #3100, #6398, #2997, .T. ) ;
#10674 = CIRCLE ( 'NONE', #2467, 0.6205955535903713294 ) ;
#10675 = FILL_AREA_STYLE ('',( #740 ) ) ;
#10676 = ORIENTED_EDGE ( 'NONE', *, *, #11690, .T. ) ;
#10677 = ORIENTED_EDGE ( 'NONE', *, *, #165, .T. ) ;
#10678 = CIRCLE ( 'NONE', #6601, 0.1494257208329542175 ) ;
#10679 =( NAMED_UNIT ( * ) SI_UNIT ( $, .STERADIAN. ) SOLID_ANGLE_UNIT ( ) );
#10680 = DIRECTION ( 'NONE',  ( -1.000000000000000000, 0.000000000000000000, 0.000000000000000000 ) ) ;
#10681 = CYLINDRICAL_SURFACE ( 'NONE', #8523, 0.1000000000000000472 ) ;
#10682 = DIRECTION ( 'NONE',  ( -0.000000000000000000, -0.000000000000000000, -1.000000000000000000 ) ) ;
#10683 = ORIENTED_EDGE ( 'NONE', *, *, #12033, .F. ) ;
#10684 = DIRECTION ( 'NONE',  ( 0.000000000000000000, -1.000000000000000000, 0.000000000000000000 ) ) ;
#10685 = FILL_AREA_STYLE ('',( #9947 ) ) ;
#10686 = COLOUR_RGB ( '',1.000000000000000000, 1.000000000000000000, 0.000000000000000000 ) ;
#10687 = DIRECTION ( 'NONE',  ( -1.000000000000000000, 0.000000000000000000, 0.000000000000000000 ) ) ;
#10688 = VECTOR ( 'NONE', #203, 1000.000000000000000 ) ;
#10689 = UNCERTAINTY_MEASURE_WITH_UNIT (LENGTH_MEASURE( 1.000000000000000082E-05 ), #4914, 'distance_accuracy_value', 'NONE');
#10690 = VERTEX_POINT ( 'NONE', #9584 ) ;
#10691 =( NAMED_UNIT ( * ) PLANE_ANGLE_UNIT ( ) SI_UNIT ( $, .RADIAN. ) );
#10692 = EDGE_LOOP ( 'NONE', ( #1987, #5546 ) ) ;
#10693 = ORIENTED_EDGE ( 'NONE', *, *, #9247, .T. ) ;
#10694 = FACE_OUTER_BOUND ( 'NONE', #403, .T. ) ;
#10695 = CARTESIAN_POINT ( 'NONE',  ( -4.016593218723101266, 0.6500997857322237117, 1.500000000000000000 ) ) ;
#10696 = EDGE_CURVE ( 'NONE', #8803, #11559, #10438, .T. ) ;
#10697 =( NAMED_UNIT ( * ) PLANE_ANGLE_UNIT ( ) SI_UNIT ( $, .RADIAN. ) );
#10698 = SURFACE_STYLE_USAGE ( .BOTH. , #3507 ) ;
#10699 = DIRECTION ( 'NONE',  ( 0.000000000000000000, -1.000000000000000000, 0.000000000000000000 ) ) ;
#10700 = DIRECTION ( 'NONE',  ( 0.000000000000000000, 0.000000000000000000, 1.000000000000000000 ) ) ;
#10701 = UNCERTAINTY_MEASURE_WITH_UNIT (LENGTH_MEASURE( 1.000000000000000082E-05 ), #7479, 'distance_accuracy_value', 'NONE');
#10702 = VERTEX_POINT ( 'NONE', #1245 ) ;
#10703 = CIRCLE ( 'NONE', #9921, 0.6205955535903713294 ) ;
#10704 = VERTEX_POINT ( 'NONE', #9641 ) ;
#10705 = ORIENTED_EDGE ( 'NONE', *, *, #11627, .T. ) ;
#10706 =( NAMED_UNIT ( * ) SI_UNIT ( $, .STERADIAN. ) SOLID_ANGLE_UNIT ( ) );
#10707 = VECTOR ( 'NONE', #5990, 1000.000000000000000 ) ;
#10708 = CARTESIAN_POINT ( 'NONE',  ( 2.292975979834980471, -0.6427883380858903095, 1.000000000000000000 ) ) ;
#10709 = ORIENTED_EDGE ( 'NONE', *, *, #4714, .F. ) ;
#10710 = CARTESIAN_POINT ( 'NONE',  ( 0.4999999999999913403, -3.349999999999997424, 1.200000000000000178 ) ) ;
#10711 = CARTESIAN_POINT ( 'NONE',  ( 3.119999999999999662, -7.994982302604838331, 0.000000000000000000 ) ) ;
#10712 = DIRECTION ( 'NONE',  ( -1.000000000000000000, 0.000000000000000000, 0.000000000000000000 ) ) ;
#10713 = VECTOR ( 'NONE', #8028, 1000.000000000000000 ) ;
#10714 = FILL_AREA_STYLE_COLOUR ( '', #8601 ) ;
#10715 = CARTESIAN_POINT ( 'NONE',  ( -1.579360369118781637, 2.295341782195420954, 1.000000000000000000 ) ) ;
#10716 = CARTESIAN_POINT ( 'NONE',  ( -3.500000000000003997, -5.199999999999997513, 1.200000000000000178 ) ) ;
#10717 = ADVANCED_FACE ( 'NONE', ( #6842 ), #10551, .F. ) ;
#10718 = EDGE_LOOP ( 'NONE', ( #1553, #11651, #10776, #8532 ) ) ;
#10719 = EDGE_CURVE ( 'NONE', #3852, #3345, #341, .T. ) ;
#10720 = VERTEX_POINT ( 'NONE', #3974 ) ;
#10721 = PRESENTATION_LAYER_ASSIGNMENT (  '', '', ( #3526 ) ) ;
#10722 = UNCERTAINTY_MEASURE_WITH_UNIT (LENGTH_MEASURE( 1.000000000000000082E-05 ), #6037, 'distance_accuracy_value', 'NONE');
#10723 = CARTESIAN_POINT ( 'NONE',  ( -1.050000000000002709, -1.499999999999997335, 1.200000000000000178 ) ) ;
#10724 = LINE ( 'NONE', #8776, #2238 ) ;
#10725 = STYLED_ITEM ( 'NONE', ( #2043 ), #10514 ) ;
#10726 = LINE ( 'NONE', #2372, #9333 ) ;
#10727 = SURFACE_STYLE_USAGE ( .BOTH. , #11464 ) ;
#10728 = LINE ( 'NONE', #7015, #8158 ) ;
#10729 = DIRECTION ( 'NONE',  ( 1.000000000000000000, 0.000000000000000000, 0.000000000000000000 ) ) ;
#10730 = DIRECTION ( 'NONE',  ( 0.000000000000000000, -1.000000000000000000, 0.000000000000000000 ) ) ;
#10731 =( GEOMETRIC_REPRESENTATION_CONTEXT ( 3 ) GLOBAL_UNCERTAINTY_ASSIGNED_CONTEXT ( ( #10832 ) ) GLOBAL_UNIT_ASSIGNED_CONTEXT ( ( #279, #9644, #3976 ) ) REPRESENTATION_CONTEXT ( 'NONE', 'WORKASPACE' ) );
#10732 = CARTESIAN_POINT ( 'NONE',  ( 0.000000000000000000, 8.469867354517257141, 1.100000000000000089 ) ) ;
#10733 = EDGE_LOOP ( 'NONE', ( #2731, #3316, #8216, #3869 ) ) ;
#10734 = AXIS2_PLACEMENT_3D ( 'NONE', #7796, #8520, #11310 ) ;
#10735 = VERTEX_POINT ( 'NONE', #8959 ) ;
#10736 = STYLED_ITEM ( 'NONE', ( #9816 ), #2652 ) ;
#10737 = ADVANCED_FACE ( 'NONE', ( #1413 ), #9758, .T. ) ;
#10738 = FILL_AREA_STYLE ('',( #3363 ) ) ;
#10739 = PLANE ( 'NONE',  #416 ) ;
#10740 = ORIENTED_EDGE ( 'NONE', *, *, #1449, .T. ) ;
#10741 = DIRECTION ( 'NONE',  ( 1.000000000000000000, 0.000000000000000000, 0.000000000000000000 ) ) ;
#10742 = EDGE_CURVE ( 'NONE', #7713, #2237, #616, .T. ) ;
#10743 =( GEOMETRIC_REPRESENTATION_CONTEXT ( 3 ) GLOBAL_UNCERTAINTY_ASSIGNED_CONTEXT ( ( #2405 ) ) GLOBAL_UNIT_ASSIGNED_CONTEXT ( ( #2710, #1742, #2646 ) ) REPRESENTATION_CONTEXT ( 'NONE', 'WORKASPACE' ) );
#10744 = FACE_OUTER_BOUND ( 'NONE', #2110, .T. ) ;
#10745 = DIRECTION ( 'NONE',  ( 1.000000000000000000, 0.000000000000000000, 0.000000000000000000 ) ) ;
#10746 = ORIENTED_EDGE ( 'NONE', *, *, #10861, .F. ) ;
#10747 = EDGE_LOOP ( 'NONE', ( #3939, #3895, #3347, #7851 ) ) ;
#10748 = ADVANCED_FACE ( 'NONE', ( #3421 ), #9024, .T. ) ;
#10749 = ORIENTED_EDGE ( 'NONE', *, *, #200, .T. ) ;
#10750 = VERTEX_POINT ( 'NONE', #4277 ) ;
#10751 = ADVANCED_FACE ( 'NONE', ( #7876 ), #5299, .F. ) ;
#10752 = DIRECTION ( 'NONE',  ( -0.000000000000000000, -0.000000000000000000, -1.000000000000000000 ) ) ;
#10753 = DIRECTION ( 'NONE',  ( -1.000000000000000000, 0.000000000000000000, 0.000000000000000000 ) ) ;
#10754 = FILL_AREA_STYLE_COLOUR ( '', #7643 ) ;
#10755 = CARTESIAN_POINT ( 'NONE',  ( 0.000000000000000000, -4.811223858797751163, 1.000000000000000000 ) ) ;
#10756 = VERTEX_POINT ( 'NONE', #10670 ) ;
#10757 = EDGE_CURVE ( 'NONE', #5452, #9965, #6097, .T. ) ;
#10758 = EDGE_LOOP ( 'NONE', ( #10571, #8906 ) ) ;
#10759 = AXIS2_PLACEMENT_3D ( 'NONE', #7688, #5859, #9567 ) ;
#10760 = ORIENTED_EDGE ( 'NONE', *, *, #117, .F. ) ;
#10761 = VECTOR ( 'NONE', #8106, 1000.000000000000000 ) ;
#10762 =( NAMED_UNIT ( * ) SI_UNIT ( $, .STERADIAN. ) SOLID_ANGLE_UNIT ( ) );
#10763 = COLOUR_RGB ( '',1.000000000000000000, 1.000000000000000000, 0.5019607843137254832 ) ;
#10764 = ORIENTED_EDGE ( 'NONE', *, *, #8095, .T. ) ;
#10765 = LINE ( 'NONE', #10822, #11361 ) ;
#10766 = LINE ( 'NONE', #5219, #8752 ) ;
#10767 = DIRECTION ( 'NONE',  ( -0.000000000000000000, -0.000000000000000000, 1.000000000000000000 ) ) ;
#10768 = DIRECTION ( 'NONE',  ( 1.000000000000000000, 0.000000000000000000, 0.000000000000000000 ) ) ;
#10769 = ADVANCED_FACE ( 'NONE', ( #10896 ), #9696, .F. ) ;
#10770 = VECTOR ( 'NONE', #6878, 1000.000000000000000 ) ;
#10771 = DIRECTION ( 'NONE',  ( 0.000000000000000000, 0.000000000000000000, 1.000000000000000000 ) ) ;
#10772 =( NAMED_UNIT ( * ) SI_UNIT ( $, .STERADIAN. ) SOLID_ANGLE_UNIT ( ) );
#10773 = CARTESIAN_POINT ( 'NONE',  ( 3.119999999999999662, -7.994982302604838331, 1.100000000000000089 ) ) ;
#10774 = ORIENTED_EDGE ( 'NONE', *, *, #7398, .T. ) ;
#10775 = VECTOR ( 'NONE', #6033, 1000.000000000000000 ) ;
#10776 = ORIENTED_EDGE ( 'NONE', *, *, #3516, .T. ) ;
#10777 = CIRCLE ( 'NONE', #4564, 0.1494257208329542175 ) ;
#10778 = PLANE ( 'NONE',  #6104 ) ;
#10779 = EDGE_CURVE ( 'NONE', #6200, #9530, #11088, .T. ) ;
#10780 = PLANE ( 'NONE',  #3775 ) ;
#10781 = LINE ( 'NONE', #5235, #6025 ) ;
#10782 = DIRECTION ( 'NONE',  ( 0.000000000000000000, -0.000000000000000000, -1.000000000000000000 ) ) ;
#10783 = PLANE ( 'NONE',  #1251 ) ;
#10784 = DIRECTION ( 'NONE',  ( -0.000000000000000000, -0.000000000000000000, -1.000000000000000000 ) ) ;
#10785 = DIRECTION ( 'NONE',  ( 0.000000000000000000, 1.000000000000000000, 0.000000000000000000 ) ) ;
#10786 =( NAMED_UNIT ( * ) SI_UNIT ( $, .STERADIAN. ) SOLID_ANGLE_UNIT ( ) );
#10787 = AXIS2_PLACEMENT_3D ( 'NONE', #7933, #8845, #7989 ) ;
#10788 = STYLED_ITEM ( 'NONE', ( #4388 ), #338 ) ;
#10789 = DIRECTION ( 'NONE',  ( 0.000000000000000000, 0.000000000000000000, 1.000000000000000000 ) ) ;
#10790 = LINE ( 'NONE', #562, #6909 ) ;
#10791 = AXIS2_PLACEMENT_3D ( 'NONE', #10732, #2378, #6100 ) ;
#10792 = PRESENTATION_LAYER_ASSIGNMENT (  '', '', ( #11972 ) ) ;
#10793 = EDGE_LOOP ( 'NONE', ( #5655, #9015 ) ) ;
#10794 = VERTEX_POINT ( 'NONE', #9992 ) ;
#10795 = FACE_BOUND ( 'NONE', #9488, .T. ) ;
#10796 = STYLED_ITEM ( 'NONE', ( #10599 ), #11894 ) ;
#10797 = DIRECTION ( 'NONE',  ( 1.000000000000000000, 0.000000000000000000, 0.000000000000000000 ) ) ;
#10798 =( NAMED_UNIT ( * ) PLANE_ANGLE_UNIT ( ) SI_UNIT ( $, .RADIAN. ) );
#10799 = ORIENTED_EDGE ( 'NONE', *, *, #8840, .F. ) ;
#10800 = CARTESIAN_POINT ( 'NONE',  ( -3.499999999999995115, -2.799999999999997158, 1.200000000000000178 ) ) ;
#10801 = EDGE_CURVE ( 'NONE', #4993, #6713, #3806, .T. ) ;
#10802 = CARTESIAN_POINT ( 'NONE',  ( -0.4793603691187813820, 2.295341782195420954, -29.20000000000000284 ) ) ;
#10803 = VERTEX_POINT ( 'NONE', #2552 ) ;
#10804 = ORIENTED_EDGE ( 'NONE', *, *, #2081, .T. ) ;
#10805 = FILL_AREA_STYLE_COLOUR ( '', #8147 ) ;
#10806 = EDGE_LOOP ( 'NONE', ( #10544, #1824, #5072, #8619 ) ) ;
#10807 = VERTEX_POINT ( 'NONE', #6528 ) ;
#10808 = PLANE ( 'NONE',  #7684 ) ;
#10809 = EDGE_CURVE ( 'NONE', #4124, #11066, #1712, .T. ) ;
#10810 = SURFACE_STYLE_USAGE ( .BOTH. , #10921 ) ;
#10811 =( NAMED_UNIT ( * ) PLANE_ANGLE_UNIT ( ) SI_UNIT ( $, .RADIAN. ) );
#10812 = VECTOR ( 'NONE', #2166, 1000.000000000000000 ) ;
#10813 = FILL_AREA_STYLE_COLOUR ( '', #3668 ) ;
#10814 = UNCERTAINTY_MEASURE_WITH_UNIT (LENGTH_MEASURE( 1.000000000000000082E-05 ), #3558, 'distance_accuracy_value', 'NONE');
#10815 = ORIENTED_EDGE ( 'NONE', *, *, #10366, .T. ) ;
#10816 = EDGE_CURVE ( 'NONE', #933, #11182, #4587, .T. ) ;
#10817 = EDGE_CURVE ( 'NONE', #7617, #10210, #6345, .T. ) ;
#10818 = ORIENTED_EDGE ( 'NONE', *, *, #2882, .F. ) ;
#10819 = MECHANICAL_DESIGN_GEOMETRIC_PRESENTATION_REPRESENTATION (  '', ( #4991 ), #5972 ) ;
#10820 = CARTESIAN_POINT ( 'NONE',  ( 4.389999999999999680, -7.994982302604838331, 1.100000000000000089 ) ) ;
#10821 = ORIENTED_EDGE ( 'NONE', *, *, #2701, .T. ) ;
#10822 = CARTESIAN_POINT ( 'NONE',  ( -1.429934648285827503, 2.295341782195420954, -29.20000000000000284 ) ) ;
#10823 = PRESENTATION_STYLE_ASSIGNMENT (( #9911 ) ) ;
#10824 = PLANE ( 'NONE',  #6152 ) ;
#10825 = FACE_OUTER_BOUND ( 'NONE', #1351, .T. ) ;
#10826 = EDGE_CURVE ( 'NONE', #6923, #4265, #3536, .T. ) ;
#10827 = DIRECTION ( 'NONE',  ( 0.000000000000000000, -1.000000000000000000, 0.000000000000000000 ) ) ;
#10828 = AXIS2_PLACEMENT_3D ( 'NONE', #5516, #9241, #3694 ) ;
#10829 =( LENGTH_UNIT ( ) NAMED_UNIT ( * ) SI_UNIT ( .MILLI., .METRE. ) );
#10830 = ORIENTED_EDGE ( 'NONE', *, *, #9260, .F. ) ;
#10831 = ORIENTED_EDGE ( 'NONE', *, *, #4090, .F. ) ;
#10832 = UNCERTAINTY_MEASURE_WITH_UNIT (LENGTH_MEASURE( 1.000000000000000082E-05 ), #279, 'distance_accuracy_value', 'NONE');
#10833 = CARTESIAN_POINT ( 'NONE',  ( -1.297642652873966185, 0.000000000000000000, 1.000000000000000000 ) ) ;
#10834 = AXIS2_PLACEMENT_3D ( 'NONE', #3493, #1121, #3975 ) ;
#10835 = EDGE_LOOP ( 'NONE', ( #5525, #4892 ) ) ;
#10836 =( NAMED_UNIT ( * ) SI_UNIT ( $, .STERADIAN. ) SOLID_ANGLE_UNIT ( ) );
#10837 = DIRECTION ( 'NONE',  ( 0.000000000000000000, 1.000000000000000000, -0.000000000000000000 ) ) ;
#10838 = DIRECTION ( 'NONE',  ( 1.000000000000000000, 0.000000000000000000, 0.000000000000000000 ) ) ;
#10839 = LINE ( 'NONE', #510, #4171 ) ;
#10840 = CARTESIAN_POINT ( 'NONE',  ( 0.7544731550261015718, 8.180014337612921424E-17, 1.500000000000000000 ) ) ;
#10841 = SURFACE_SIDE_STYLE ('',( #2321 ) ) ;
#10842 = COLOUR_RGB ( '',1.000000000000000000, 1.000000000000000000, 0.5019607843137254832 ) ;
#10843 = ORIENTED_EDGE ( 'NONE', *, *, #6979, .F. ) ;
#10844 = ORIENTED_EDGE ( 'NONE', *, *, #1221, .F. ) ;
#10845 = SURFACE_STYLE_USAGE ( .BOTH. , #9094 ) ;
#10846 = DIRECTION ( 'NONE',  ( 0.000000000000000000, 0.000000000000000000, 1.000000000000000000 ) ) ;
#10847 = COLOUR_RGB ( '',1.000000000000000000, 1.000000000000000000, 0.000000000000000000 ) ;
#10848 = SURFACE_STYLE_FILL_AREA ( #10738 ) ;
#10849 = PRESENTATION_STYLE_ASSIGNMENT (( #8056 ) ) ;
#10850 = CARTESIAN_POINT ( 'NONE',  ( -0.3854471665643398604, -1.197484453166197227, 1.399999999999999911 ) ) ;
#10851 = VERTEX_POINT ( 'NONE', #5357 ) ;
#10853 = VECTOR ( 'NONE', #1111, 1000.000000000000000 ) ;
#10852 = CARTESIAN_POINT ( 'NONE',  ( -0.5000000000000026645, -5.999999999999997335, 1.200000000000000178 ) ) ;
#10854 =( NAMED_UNIT ( * ) SI_UNIT ( $, .STERADIAN. ) SOLID_ANGLE_UNIT ( ) );
#10855 = CARTESIAN_POINT ( 'NONE',  ( -1.285447166564339883, -1.197484453166197227, 1.500000000000000000 ) ) ;
#10856 = ORIENTED_EDGE ( 'NONE', *, *, #10272, .F. ) ;
#10857 = VECTOR ( 'NONE', #5574, 1000.000000000000000 ) ;
#10858 = ORIENTED_EDGE ( 'NONE', *, *, #8932, .T. ) ;
#10859 = EDGE_LOOP ( 'NONE', ( #10821, #6889 ) ) ;
#10860 = ADVANCED_FACE ( 'NONE', ( #6464 ), #91, .F. ) ;
#10861 = EDGE_CURVE ( 'NONE', #5648, #1482, #9086, .T. ) ;
#10862 = ORIENTED_EDGE ( 'NONE', *, *, #2395, .F. ) ;
#10863 = VECTOR ( 'NONE', #8181, 1000.000000000000000 ) ;
#10864 = ORIENTED_EDGE ( 'NONE', *, *, #10522, .F. ) ;
#10865 = DIRECTION ( 'NONE',  ( 1.084202172485506603E-15, -1.000000000000000000, 0.000000000000000000 ) ) ;
#10866 = FILL_AREA_STYLE ('',( #4303 ) ) ;
#10867 = LINE ( 'NONE', #11853, #1113 ) ;
#10868 = FILL_AREA_STYLE_COLOUR ( '', #6456 ) ;
#10869 = ORIENTED_EDGE ( 'NONE', *, *, #6883, .T. ) ;
#10870 = EDGE_CURVE ( 'NONE', #6545, #2483, #1833, .T. ) ;
#10871 = VECTOR ( 'NONE', #1031, 1000.000000000000000 ) ;
#10872 = EDGE_LOOP ( 'NONE', ( #8813, #3414, #5778, #11526 ) ) ;
#10873 = SURFACE_STYLE_USAGE ( .BOTH. , #833 ) ;
#10874 = FACE_OUTER_BOUND ( 'NONE', #7674, .T. ) ;
#10875 = ADVANCED_FACE ( 'NONE', ( #919 ), #8173, .T. ) ;
#10876 = EDGE_CURVE ( 'NONE', #5138, #4099, #7882, .T. ) ;
#10877 = ORIENTED_EDGE ( 'NONE', *, *, #9627, .F. ) ;
#10878 = DIRECTION ( 'NONE',  ( 0.000000000000000000, 1.000000000000000000, 0.000000000000000000 ) ) ;
#10879 = AXIS2_PLACEMENT_3D ( 'NONE', #2042, #10388, #9535 ) ;
#10880 = CYLINDRICAL_SURFACE ( 'NONE', #1005, 0.1000000000000000472 ) ;
#10881 = LINE ( 'NONE', #843, #10643 ) ;
#10882 =( NAMED_UNIT ( * ) SI_UNIT ( $, .STERADIAN. ) SOLID_ANGLE_UNIT ( ) );
#10883 = CIRCLE ( 'NONE', #11672, 0.5000000000000004441 ) ;
#10884 = ORIENTED_EDGE ( 'NONE', *, *, #5526, .F. ) ;
#10885 = CARTESIAN_POINT ( 'NONE',  ( -5.192492299719079440, -5.711223858797751518, 1.500000000000000000 ) ) ;
#10886 = ORIENTED_EDGE ( 'NONE', *, *, #2390, .F. ) ;
#10887 = CIRCLE ( 'NONE', #1952, 0.4000000000000001887 ) ;
#10888 = CARTESIAN_POINT ( 'NONE',  ( -5.000000000000000888, -7.994982302604838331, 1.100000000000000089 ) ) ;
#10889 = ORIENTED_EDGE ( 'NONE', *, *, #4176, .F. ) ;
#10890 = CARTESIAN_POINT ( 'NONE',  ( -3.499999999999995115, -2.999999999999996891, 1.200000000000000178 ) ) ;
#10891 = COLOUR_RGB ( '',0.7921568627450980005, 0.8196078431372548767, 0.9333333333333333481 ) ;
#10892 = DIRECTION ( 'NONE',  ( 1.000000000000000000, 0.000000000000000000, 0.000000000000000000 ) ) ;
#10893 = CARTESIAN_POINT ( 'NONE',  ( -1.050000000000002709, -6.499999999999997335, 1.200000000000000178 ) ) ;
#10894 = DIRECTION ( 'NONE',  ( -0.000000000000000000, -0.000000000000000000, 1.000000000000000000 ) ) ;
#10895 = DIRECTION ( 'NONE',  ( -0.000000000000000000, -0.000000000000000000, -1.000000000000000000 ) ) ;
#10896 = FACE_OUTER_BOUND ( 'NONE', #3437, .T. ) ;
#10897 = DIRECTION ( 'NONE',  ( -1.000000000000000000, 0.000000000000000000, -0.000000000000000000 ) ) ;
#10898 = ORIENTED_EDGE ( 'NONE', *, *, #6239, .F. ) ;
#10899 = PRESENTATION_LAYER_ASSIGNMENT (  '', '', ( #8581 ) ) ;
#10900 = ORIENTED_EDGE ( 'NONE', *, *, #11366, .F. ) ;
#10901 = VECTOR ( 'NONE', #2159, 1000.000000000000000 ) ;
#10902 =( NAMED_UNIT ( * ) SI_UNIT ( $, .STERADIAN. ) SOLID_ANGLE_UNIT ( ) );
#10903 = DIRECTION ( 'NONE',  ( 0.000000000000000000, 0.000000000000000000, -1.000000000000000000 ) ) ;
#10904 = ORIENTED_EDGE ( 'NONE', *, *, #667, .T. ) ;
#10905 = AXIS2_PLACEMENT_3D ( 'NONE', #2908, #6624, #5782 ) ;
#10906 = CARTESIAN_POINT ( 'NONE',  ( 5.300000000000000711, -2.268682383288471271, 1.000000000000000000 ) ) ;
#10907 = SURFACE_SIDE_STYLE ('',( #10577 ) ) ;
#10908 = EDGE_CURVE ( 'NONE', #9547, #9630, #10243, .T. ) ;
#10909 = DIRECTION ( 'NONE',  ( 1.000000000000000000, 0.000000000000000000, 0.000000000000000000 ) ) ;
#10910 = VECTOR ( 'NONE', #4505, 1000.000000000000000 ) ;
#10911 = EDGE_CURVE ( 'NONE', #7291, #1912, #7380, .T. ) ;
#10912 = ORIENTED_EDGE ( 'NONE', *, *, #10366, .F. ) ;
#10913 = ORIENTED_EDGE ( 'NONE', *, *, #5822, .T. ) ;
#10914 = VERTEX_POINT ( 'NONE', #4644 ) ;
#10915 = COLOUR_RGB ( '',1.000000000000000000, 1.000000000000000000, 0.5019607843137254832 ) ;
#10916 = PRESENTATION_LAYER_ASSIGNMENT (  '', '', ( #7439 ) ) ;
#10917 = ORIENTED_EDGE ( 'NONE', *, *, #1518, .F. ) ;
#10918 = ADVANCED_FACE ( 'NONE', ( #11887 ), #7257, .F. ) ;
#10919 = VERTEX_POINT ( 'NONE', #8538 ) ;
#10920 = DIRECTION ( 'NONE',  ( 0.000000000000000000, 0.000000000000000000, 1.000000000000000000 ) ) ;
#10921 = SURFACE_SIDE_STYLE ('',( #8138 ) ) ;
#10922 = CARTESIAN_POINT ( 'NONE',  ( -4.000000000000001776, -4.649999999999996803, 1.200000000000000178 ) ) ;
#10923 = LINE ( 'NONE', #7411, #6783 ) ;
#10924 = EDGE_CURVE ( 'NONE', #1435, #11700, #2979, .T. ) ;
#10925 = UNCERTAINTY_MEASURE_WITH_UNIT (LENGTH_MEASURE( 1.000000000000000082E-05 ), #2488, 'distance_accuracy_value', 'NONE');
#10926 = ORIENTED_EDGE ( 'NONE', *, *, #331, .F. ) ;
#10927 =( GEOMETRIC_REPRESENTATION_CONTEXT ( 3 ) GLOBAL_UNCERTAINTY_ASSIGNED_CONTEXT ( ( #5461 ) ) GLOBAL_UNIT_ASSIGNED_CONTEXT ( ( #9650, #405, #5884 ) ) REPRESENTATION_CONTEXT ( 'NONE', 'WORKASPACE' ) );
#10928 = DIRECTION ( 'NONE',  ( -1.000000000000000000, 0.000000000000000000, 0.000000000000000000 ) ) ;
#10929 = EDGE_CURVE ( 'NONE', #8629, #3051, #8594, .T. ) ;
#10930 = CARTESIAN_POINT ( 'NONE',  ( 1.850000000000000089, -7.994982302604838331, 1.100000000000000089 ) ) ;
#10931 = VERTEX_POINT ( 'NONE', #10485 ) ;
#10932 = CYLINDRICAL_SURFACE ( 'NONE', #4360, 0.1494257208329542175 ) ;
#10933 =( GEOMETRIC_REPRESENTATION_CONTEXT ( 3 ) GLOBAL_UNCERTAINTY_ASSIGNED_CONTEXT ( ( #1562 ) ) GLOBAL_UNIT_ASSIGNED_CONTEXT ( ( #4345, #10798, #3242 ) ) REPRESENTATION_CONTEXT ( 'NONE', 'WORKASPACE' ) );
#10934 = DIRECTION ( 'NONE',  ( -0.000000000000000000, -0.000000000000000000, 1.000000000000000000 ) ) ;
#10935 = DIRECTION ( 'NONE',  ( 1.000000000000000000, 0.000000000000000000, 0.000000000000000000 ) ) ;
#10936 = DIRECTION ( 'NONE',  ( 0.000000000000000000, 0.000000000000000000, 1.000000000000000000 ) ) ;
#10937 = DIRECTION ( 'NONE',  ( 1.000000000000000000, 0.000000000000000000, 0.000000000000000000 ) ) ;
#10938 = PRODUCT_DEFINITION ( 'UNKNOWN', '', #11586, #463 ) ;
#10939 = CARTESIAN_POINT ( 'NONE',  ( -5.702035936607396494, 0.000000000000000000, 1.100000000000000089 ) ) ;
#10940 = DIRECTION ( 'NONE',  ( -0.000000000000000000, -0.000000000000000000, 1.000000000000000000 ) ) ;
#10941 = AXIS2_PLACEMENT_3D ( 'NONE', #11451, #4926, #4071 ) ;
#10942 = ORIENTED_EDGE ( 'NONE', *, *, #2013, .F. ) ;
#10943 = VECTOR ( 'NONE', #4583, 1000.000000000000000 ) ;
#10944 = ORIENTED_EDGE ( 'NONE', *, *, #6266, .F. ) ;
#10945 = AXIS2_PLACEMENT_3D ( 'NONE', #7326, #8968, #7141 ) ;
#10946 = FILL_AREA_STYLE ('',( #608 ) ) ;
#10947 = EDGE_LOOP ( 'NONE', ( #1450, #6385, #11383, #9416 ) ) ;
#10948 = CARTESIAN_POINT ( 'NONE',  ( -0.3000000000000025424, -1.999999999999997335, 1.200000000000000178 ) ) ;
#10949 = CYLINDRICAL_SURFACE ( 'NONE', #10660, 0.1494257208329539954 ) ;
#10950 = DIRECTION ( 'NONE',  ( 1.072532262148024225E-16, -1.000000000000000000, 0.000000000000000000 ) ) ;
#10951 = CARTESIAN_POINT ( 'NONE',  ( 2.606402302093071111, 2.856906106631964093, 1.100000000000000089 ) ) ;
#10952 = CARTESIAN_POINT ( 'NONE',  ( -3.499999999999995115, -2.799999999999997158, 1.200000000000000178 ) ) ;
#10953 = COLOUR_RGB ( '',0.9882352941176471006, 0.7372549019607843590, 0.5176470588235293491 ) ;
#10954 = SURFACE_STYLE_USAGE ( .BOTH. , #5613 ) ;
#10955 = DIRECTION ( 'NONE',  ( 0.000000000000000000, 1.000000000000000000, 0.000000000000000000 ) ) ;
#10956 = DIRECTION ( 'NONE',  ( 1.000000000000000000, 0.000000000000000000, 0.000000000000000000 ) ) ;
#10957 = CIRCLE ( 'NONE', #5529, 0.1494257208329539954 ) ;
#10958 = ORIENTED_EDGE ( 'NONE', *, *, #8351, .T. ) ;
#10959 = EDGE_CURVE ( 'NONE', #10324, #3634, #2418, .T. ) ;
#10960 = MECHANICAL_DESIGN_GEOMETRIC_PRESENTATION_REPRESENTATION (  '', ( #5941 ), #3388 ) ;
#10961 = VECTOR ( 'NONE', #10699, 1000.000000000000000 ) ;
#10962 = VERTEX_POINT ( 'NONE', #7625 ) ;
#10963 = VECTOR ( 'NONE', #7640, 1000.000000000000000 ) ;
#10964 = UNCERTAINTY_MEASURE_WITH_UNIT (LENGTH_MEASURE( 1.000000000000000082E-05 ), #8779, 'distance_accuracy_value', 'NONE');
#10965 = EDGE_CURVE ( 'NONE', #11959, #638, #1037, .T. ) ;
#10966 = FILL_AREA_STYLE_COLOUR ( '', #10763 ) ;
#10967 = DIRECTION ( 'NONE',  ( 1.000000000000000000, 0.000000000000000000, 0.000000000000000000 ) ) ;
#10968 = DIRECTION ( 'NONE',  ( -0.000000000000000000, 0.000000000000000000, -1.000000000000000000 ) ) ;
#10969 =( GEOMETRIC_REPRESENTATION_CONTEXT ( 3 ) GLOBAL_UNCERTAINTY_ASSIGNED_CONTEXT ( ( #10722 ) ) GLOBAL_UNIT_ASSIGNED_CONTEXT ( ( #6037, #2434, #8782 ) ) REPRESENTATION_CONTEXT ( 'NONE', 'WORKASPACE' ) );
#10970 = FILL_AREA_STYLE_COLOUR ( '', #6566 ) ;
#10971 = CARTESIAN_POINT ( 'NONE',  ( -2.497642652873966362, 5.837225230594265568, 1.100000000000000089 ) ) ;
#10972 = ORIENTED_EDGE ( 'NONE', *, *, #7398, .F. ) ;
#10973 = DIRECTION ( 'NONE',  ( 1.000000000000000000, 0.000000000000000000, 0.000000000000000000 ) ) ;
#10974 = EDGE_CURVE ( 'NONE', #4297, #4464, #10426, .T. ) ;
#10975 = VECTOR ( 'NONE', #3665, 1000.000000000000000 ) ;
#10976 = CYLINDRICAL_SURFACE ( 'NONE', #4167, 0.6205955535903713294 ) ;
#10977 = COLOUR_RGB ( '',1.000000000000000000, 1.000000000000000000, 0.5019607843137254832 ) ;
#10978 = CARTESIAN_POINT ( 'NONE',  ( -2.500000000000003109, -1.999999999999997335, 1.000000000000000000 ) ) ;
#10979 = FACE_OUTER_BOUND ( 'NONE', #8324, .T. ) ;
#10980 = DIRECTION ( 'NONE',  ( -1.000000000000000000, 0.000000000000000000, 0.000000000000000000 ) ) ;
#10981 = ORIENTED_EDGE ( 'NONE', *, *, #10459, .F. ) ;
#10982 = ORIENTED_EDGE ( 'NONE', *, *, #10908, .F. ) ;
#10983 = AXIS2_PLACEMENT_3D ( 'NONE', #627, #3239, #4341 ) ;
#10984 = ORIENTED_EDGE ( 'NONE', *, *, #5892, .T. ) ;
#10985 = VECTOR ( 'NONE', #3343, 1000.000000000000000 ) ;
#10986 = VECTOR ( 'NONE', #1875, 1000.000000000000000 ) ;
#10987 = ADVANCED_FACE ( 'NONE', ( #6826 ), #1229, .F. ) ;
#10988 = EDGE_CURVE ( 'NONE', #3327, #2139, #386, .T. ) ;
#10989 = CARTESIAN_POINT ( 'NONE',  ( 0.000000000000000000, 0.05721166191411014568, 1.500000000000000000 ) ) ;
#10990 = FACE_OUTER_BOUND ( 'NONE', #7837, .T. ) ;
#10991 = SURFACE_STYLE_USAGE ( .BOTH. , #4484 ) ;
#10992 = ORIENTED_EDGE ( 'NONE', *, *, #1235, .F. ) ;
#10993 = ORIENTED_EDGE ( 'NONE', *, *, #2665, .F. ) ;
#10994 = DIRECTION ( 'NONE',  ( 1.000000000000000000, 0.000000000000000000, 0.000000000000000000 ) ) ;
#10995 = EDGE_CURVE ( 'NONE', #11602, #10803, #144, .T. ) ;
#10996 = PLANE ( 'NONE',  #5880 ) ;
#10997 = PLANE ( 'NONE',  #3636 ) ;
#10998 = CARTESIAN_POINT ( 'NONE',  ( 1.850000000000000089, -7.994982302604838331, 1.100000000000000089 ) ) ;
#10999 = ORIENTED_EDGE ( 'NONE', *, *, #4667, .T. ) ;
#11000 = UNCERTAINTY_MEASURE_WITH_UNIT (LENGTH_MEASURE( 1.000000000000000082E-05 ), #8705, 'distance_accuracy_value', 'NONE');
#11001 = EDGE_CURVE ( 'NONE', #4814, #8751, #7690, .T. ) ;
#11002 = DIRECTION ( 'NONE',  ( 1.000000000000000000, 0.000000000000000000, 0.000000000000000000 ) ) ;
#11003 = CARTESIAN_POINT ( 'NONE',  ( 2.292975979834980471, -1.142788338085890087, 1.500000000000000000 ) ) ;
#11004 = VERTEX_POINT ( 'NONE', #2923 ) ;
#11005 = ORIENTED_EDGE ( 'NONE', *, *, #969, .F. ) ;
#11006 = CARTESIAN_POINT ( 'NONE',  ( -0.2854471665643398826, -1.197484453166197227, 1.399999999999999911 ) ) ;
#11007 = DIRECTION ( 'NONE',  ( -0.000000000000000000, 0.000000000000000000, 1.000000000000000000 ) ) ;
#11008 = CARTESIAN_POINT ( 'NONE',  ( -3.850595553590371534, -7.994982302604838331, 1.100000000000000089 ) ) ;
#11009 = SURFACE_STYLE_USAGE ( .BOTH. , #6390 ) ;
#11010 = LINE ( 'NONE', #3644, #11244 ) ;
#11011 = EDGE_CURVE ( 'NONE', #4464, #2764, #3048, .T. ) ;
#11012 = ORIENTED_EDGE ( 'NONE', *, *, #8600, .F. ) ;
#11013 = VECTOR ( 'NONE', #651, 1000.000000000000000 ) ;
#11014 = VERTEX_POINT ( 'NONE', #4809 ) ;
#11015 = EDGE_CURVE ( 'NONE', #5961, #2046, #1858, .T. ) ;
#11016 = EDGE_CURVE ( 'NONE', #10419, #1790, #8653, .T. ) ;
#11017 = CARTESIAN_POINT ( 'NONE',  ( 3.192975979834980826, 0.4572116619141102234, 1.399999999999999911 ) ) ;
#11018 = EDGE_LOOP ( 'NONE', ( #6514, #8582, #5289, #2182 ) ) ;
#11019 = DIRECTION ( 'NONE',  ( 1.000000000000000000, 0.000000000000000000, 0.000000000000000000 ) ) ;
#11020 = DIRECTION ( 'NONE',  ( 1.000000000000000000, 0.000000000000000000, 0.000000000000000000 ) ) ;
#11021 = LINE ( 'NONE', #5486, #10076 ) ;
#11022 = DIRECTION ( 'NONE',  ( 1.000000000000000000, 0.000000000000000000, 0.000000000000000000 ) ) ;
#11023 = CARTESIAN_POINT ( 'NONE',  ( 0.4999999999999976130, -4.999999999999997335, 1.200000000000000178 ) ) ;
#11024 = DIRECTION ( 'NONE',  ( -0.000000000000000000, -0.000000000000000000, -1.000000000000000000 ) ) ;
#11025 = PRESENTATION_LAYER_ASSIGNMENT (  '', '', ( #9660 ) ) ;
#11026 =( NAMED_UNIT ( * ) SI_UNIT ( $, .STERADIAN. ) SOLID_ANGLE_UNIT ( ) );
#11027 = DIRECTION ( 'NONE',  ( -0.000000000000000000, -1.000000000000000000, -0.000000000000000000 ) ) ;
#11028 = CARTESIAN_POINT ( 'NONE',  ( -4.500000000000000888, -7.994982302604838331, 0.000000000000000000 ) ) ;
#11029 = CARTESIAN_POINT ( 'NONE',  ( 0.000000000000000000, -1.197484453166197227, 1.500000000000000000 ) ) ;
#11030 = ORIENTED_EDGE ( 'NONE', *, *, #7466, .T. ) ;
#11031 = MECHANICAL_DESIGN_GEOMETRIC_PRESENTATION_REPRESENTATION (  '', ( #1124 ), #6367 ) ;
#11032 = ORIENTED_EDGE ( 'NONE', *, *, #4785, .F. ) ;
#11033 = AXIS2_PLACEMENT_3D ( 'NONE', #11927, #1747, #3637 ) ;
#11034 = AXIS2_PLACEMENT_3D ( 'NONE', #6859, #3313, #9596 ) ;
#11035 = EDGE_CURVE ( 'NONE', #697, #3715, #326, .T. ) ;
#11036 =( LENGTH_UNIT ( ) NAMED_UNIT ( * ) SI_UNIT ( .MILLI., .METRE. ) );
#11037 = DIRECTION ( 'NONE',  ( 4.336808689942017736E-16, -1.000000000000000000, 0.000000000000000000 ) ) ;
#11038 =( NAMED_UNIT ( * ) SI_UNIT ( $, .STERADIAN. ) SOLID_ANGLE_UNIT ( ) );
#11039 = LINE ( 'NONE', #11100, #1161 ) ;
#11040 = CYLINDRICAL_SURFACE ( 'NONE', #3362, 0.1000000000000000472 ) ;
#11041 = ORIENTED_EDGE ( 'NONE', *, *, #4479, .T. ) ;
#11042 = ADVANCED_FACE ( 'NONE', ( #10306, #9454 ), #3847, .T. ) ;
#11043 = DIRECTION ( 'NONE',  ( -0.000000000000000000, -0.000000000000000000, 1.000000000000000000 ) ) ;
#11044 = DIRECTION ( 'NONE',  ( 1.000000000000000000, 0.000000000000000000, 0.000000000000000000 ) ) ;
#11045 =( LENGTH_UNIT ( ) NAMED_UNIT ( * ) SI_UNIT ( .MILLI., .METRE. ) );
#11046 = CARTESIAN_POINT ( 'NONE',  ( -0.4793603691187813820, 2.295341782195420954, 1.000000000000000000 ) ) ;
#11047 = ORIENTED_EDGE ( 'NONE', *, *, #4925, .F. ) ;
#11048 = ORIENTED_EDGE ( 'NONE', *, *, #6138, .F. ) ;
#11049 = VECTOR ( 'NONE', #5733, 1000.000000000000000 ) ;
#11050 = EDGE_CURVE ( 'NONE', #1580, #11600, #7920, .T. ) ;
#11051 = AXIS2_PLACEMENT_3D ( 'NONE', #1590, #9868, #4454 ) ;
#11052 = VECTOR ( 'NONE', #11787, 1000.000000000000000 ) ;
#11053 = CARTESIAN_POINT ( 'NONE',  ( 0.4999999999999911182, -3.549999999999997158, 1.200000000000000178 ) ) ;
#11054 = DIRECTION ( 'NONE',  ( 1.000000000000000000, 0.000000000000000000, 0.000000000000000000 ) ) ;
#11055 = ORIENTED_EDGE ( 'NONE', *, *, #10911, .T. ) ;
#11056 = ORIENTED_EDGE ( 'NONE', *, *, #5940, .F. ) ;
#11057 = FILL_AREA_STYLE_COLOUR ( '', #4165 ) ;
#11058 = CARTESIAN_POINT ( 'NONE',  ( -1.950000000000002842, -1.999999999999997335, 1.200000000000000178 ) ) ;
#11059 = PRESENTATION_LAYER_ASSIGNMENT (  '', '', ( #388 ) ) ;
#11060 = UNCERTAINTY_MEASURE_WITH_UNIT (LENGTH_MEASURE( 1.000000000000000082E-05 ), #4275, 'distance_accuracy_value', 'NONE');
#11061 = ORIENTED_EDGE ( 'NONE', *, *, #9681, .F. ) ;
#11062 = AXIS2_PLACEMENT_3D ( 'NONE', #3026, #2900, #6499 ) ;
#11063 = FACE_OUTER_BOUND ( 'NONE', #5727, .T. ) ;
#11064 = LINE ( 'NONE', #7115, #5216 ) ;
#11065 = ADVANCED_FACE ( 'NONE', ( #3282 ), #7809, .T. ) ;
#11066 = VERTEX_POINT ( 'NONE', #5223 ) ;
#11067 = ORIENTED_EDGE ( 'NONE', *, *, #10459, .T. ) ;
#11068 = PLANE ( 'NONE',  #107 ) ;
#11069 = FILL_AREA_STYLE_COLOUR ( '', #4019 ) ;
#11070 = DIRECTION ( 'NONE',  ( -0.000000000000000000, 0.000000000000000000, -1.000000000000000000 ) ) ;
#11071 = CARTESIAN_POINT ( 'NONE',  ( 3.500000000000001332, -4.768682383288472160, 1.600000000000000089 ) ) ;
#11072 = PRESENTATION_STYLE_ASSIGNMENT (( #11009 ) ) ;
#11073 = LINE ( 'NONE', #963, #10656 ) ;
#11074 =( NAMED_UNIT ( * ) PLANE_ANGLE_UNIT ( ) SI_UNIT ( $, .RADIAN. ) );
#11075 = COLOUR_RGB ( '',1.000000000000000000, 1.000000000000000000, 0.000000000000000000 ) ;
#11076 = EDGE_CURVE ( 'NONE', #3687, #5492, #3341, .T. ) ;
#11077 = ORIENTED_EDGE ( 'NONE', *, *, #6138, .T. ) ;
#11078 = VERTEX_POINT ( 'NONE', #5167 ) ;
#11079 = VECTOR ( 'NONE', #2830, 1000.000000000000000 ) ;
#11080 = CARTESIAN_POINT ( 'NONE',  ( 4.890000000000000568, -7.994982302604838331, 0.000000000000000000 ) ) ;
#11081 = ORIENTED_EDGE ( 'NONE', *, *, #5510, .F. ) ;
#11082 = LINE ( 'NONE', #8475, #11472 ) ;
#11083 = DIRECTION ( 'NONE',  ( 0.000000000000000000, -0.000000000000000000, 1.000000000000000000 ) ) ;
#11084 = CARTESIAN_POINT ( 'NONE',  ( 5.955872757806901063, 2.606906106631963649, 1.000000000000000000 ) ) ;
#11085 = PLANE ( 'NONE',  #4546 ) ;
#11086 = DIRECTION ( 'NONE',  ( -0.000000000000000000, 0.000000000000000000, 1.000000000000000000 ) ) ;
#11087 = DIRECTION ( 'NONE',  ( -0.000000000000000000, -0.000000000000000000, 1.000000000000000000 ) ) ;
#11088 = LINE ( 'NONE', #3788, #3400 ) ;
#11089 = EDGE_CURVE ( 'NONE', #9305, #10231, #6197, .T. ) ;
#11090 = CARTESIAN_POINT ( 'NONE',  ( -3.499999999999999112, -4.099999999999996980, 1.200000000000000178 ) ) ;
#11091 = SURFACE_SIDE_STYLE ('',( #7437 ) ) ;
#11092 = EDGE_CURVE ( 'NONE', #9449, #4863, #7862, .T. ) ;
#11093 = VERTEX_POINT ( 'NONE', #3159 ) ;
#11094 = VECTOR ( 'NONE', #4884, 1000.000000000000000 ) ;
#11095 = ORIENTED_EDGE ( 'NONE', *, *, #8255, .T. ) ;
#11096 = UNCERTAINTY_MEASURE_WITH_UNIT (LENGTH_MEASURE( 1.000000000000000082E-05 ), #3360, 'distance_accuracy_value', 'NONE');
#11097 = FACE_OUTER_BOUND ( 'NONE', #9196, .T. ) ;
#11098 = FILL_AREA_STYLE ('',( #5561 ) ) ;
#11099 = DIRECTION ( 'NONE',  ( 0.000000000000000000, 1.000000000000000000, -0.000000000000000000 ) ) ;
#11100 = CARTESIAN_POINT ( 'NONE',  ( 0.000000000000000000, -1.197484453166197227, 1.500000000000000000 ) ) ;
#11101 = FACE_OUTER_BOUND ( 'NONE', #8640, .T. ) ;
#11102 = VERTEX_POINT ( 'NONE', #6885 ) ;
#11103 = FACE_OUTER_BOUND ( 'NONE', #5945, .T. ) ;
#11104 = CARTESIAN_POINT ( 'NONE',  ( 3.192975979834980826, -1.142788338085890087, 1.399999999999999911 ) ) ;
#11105 = STYLED_ITEM ( 'NONE', ( #498 ), #2889 ) ;
#11106 = DIRECTION ( 'NONE',  ( -0.000000000000000000, -0.000000000000000000, 1.000000000000000000 ) ) ;
#11107 = DIRECTION ( 'NONE',  ( 0.000000000000000000, 0.000000000000000000, 1.000000000000000000 ) ) ;
#11108 = VERTEX_POINT ( 'NONE', #11571 ) ;
#11109 = ORIENTED_EDGE ( 'NONE', *, *, #7354, .T. ) ;
#11110 = ADVANCED_FACE ( 'NONE', ( #10597 ), #2247, .T. ) ;
#11111 = VECTOR ( 'NONE', #192, 1000.000000000000000 ) ;
#11112 = EDGE_CURVE ( 'NONE', #11975, #6516, #721, .T. ) ;
#11113 = CARTESIAN_POINT ( 'NONE',  ( -0.000000000000000000, -0.6974844531661972269, 1.000000000000000000 ) ) ;
#11114 = FILL_AREA_STYLE_COLOUR ( '', #1566 ) ;
#11115 = CARTESIAN_POINT ( 'NONE',  ( -2.497642652873966362, 5.837225230594265568, 1.000000000000000000 ) ) ;
#11116 = ORIENTED_EDGE ( 'NONE', *, *, #4651, .T. ) ;
#11117 = STYLED_ITEM ( 'NONE', ( #2831 ), #10234 ) ;
#11118 = DIRECTION ( 'NONE',  ( -0.000000000000000000, -0.000000000000000000, -1.000000000000000000 ) ) ;
#11119 = DIRECTION ( 'NONE',  ( 0.000000000000000000, 0.000000000000000000, 1.000000000000000000 ) ) ;
#11120 = CARTESIAN_POINT ( 'NONE',  ( -2.714552833435666113, -1.197484453166197227, 1.399999999999999911 ) ) ;
#11121 = VERTEX_POINT ( 'NONE', #2598 ) ;
#11122 = EDGE_CURVE ( 'NONE', #4922, #4322, #3643, .T. ) ;
#11123 = STYLED_ITEM ( 'NONE', ( #961 ), #8880 ) ;
#11124 = DIRECTION ( 'NONE',  ( -0.000000000000000000, -0.000000000000000000, -1.000000000000000000 ) ) ;
#11125 = LINE ( 'NONE', #10215, #3092 ) ;
#11126 = EDGE_CURVE ( 'NONE', #6072, #701, #10036, .T. ) ;
#11127 = ORIENTED_EDGE ( 'NONE', *, *, #1079, .T. ) ;
#11128 = VERTEX_POINT ( 'NONE', #8285 ) ;
#11129 = FACE_OUTER_BOUND ( 'NONE', #7792, .T. ) ;
#11130 = SURFACE_SIDE_STYLE ('',( #9255 ) ) ;
#11131 = SURFACE_STYLE_FILL_AREA ( #2784 ) ;
#11132 = EDGE_CURVE ( 'NONE', #11794, #1280, #900, .T. ) ;
#11133 = CYLINDRICAL_SURFACE ( 'NONE', #11301, 0.1000000000000000472 ) ;
#11134 = PRESENTATION_LAYER_ASSIGNMENT (  '', '', ( #3348 ) ) ;
#11135 = SURFACE_SIDE_STYLE ('',( #9372 ) ) ;
#11136 = ORIENTED_EDGE ( 'NONE', *, *, #10354, .F. ) ;
#11137 =( NAMED_UNIT ( * ) PLANE_ANGLE_UNIT ( ) SI_UNIT ( $, .RADIAN. ) );
#11138 = ORIENTED_EDGE ( 'NONE', *, *, #6306, .T. ) ;
#11139 = FACE_OUTER_BOUND ( 'NONE', #7051, .T. ) ;
#11140 = ORIENTED_EDGE ( 'NONE', *, *, #3254, .T. ) ;
#11141 = SURFACE_STYLE_USAGE ( .BOTH. , #3594 ) ;
#11142 = PLANE ( 'NONE',  #7186 ) ;
#11143 = EDGE_CURVE ( 'NONE', #4680, #8036, #10227, .T. ) ;
#11144 = DIRECTION ( 'NONE',  ( 1.000000000000000000, 0.000000000000000000, 0.000000000000000000 ) ) ;
#11145 = SURFACE_STYLE_USAGE ( .BOTH. , #975 ) ;
#11146 = CARTESIAN_POINT ( 'NONE',  ( -1.050000000000002709, -5.999999999999997335, 1.000000000000000000 ) ) ;
#11147 = SURFACE_STYLE_FILL_AREA ( #978 ) ;
#11148 = CARTESIAN_POINT ( 'NONE',  ( 2.820639630881218718, 2.295341782195420954, -29.20000000000000284 ) ) ;
#11149 = DIRECTION ( 'NONE',  ( 0.000000000000000000, -0.000000000000000000, -1.000000000000000000 ) ) ;
#11150 = MECHANICAL_DESIGN_GEOMETRIC_PRESENTATION_REPRESENTATION (  '', ( #7061 ), #10933 ) ;
#11151 = ORIENTED_EDGE ( 'NONE', *, *, #6979, .T. ) ;
#11152 = VERTEX_POINT ( 'NONE', #5473 ) ;
#11153 = EDGE_CURVE ( 'NONE', #5909, #5039, #1637, .T. ) ;
#11154 = VECTOR ( 'NONE', #2676, 1000.000000000000000 ) ;
#11155 = CARTESIAN_POINT ( 'NONE',  ( 5.781782254347279881, 0.000000000000000000, 1.100000000000000089 ) ) ;
#11156 = CYLINDRICAL_SURFACE ( 'NONE', #4963, 0.1494257208329539954 ) ;
#11157 = MECHANICAL_DESIGN_GEOMETRIC_PRESENTATION_REPRESENTATION (  '', ( #7070 ), #6293 ) ;
#11158 = CARTESIAN_POINT ( 'NONE',  ( -0.8500000000000026423, -6.499999999999997335, 1.000000000000000000 ) ) ;
#11159 = DIRECTION ( 'NONE',  ( -0.000000000000000000, -0.000000000000000000, -1.000000000000000000 ) ) ;
#11160 = EDGE_LOOP ( 'NONE', ( #3358, #1551, #3425, #7021 ) ) ;
#11161 = VECTOR ( 'NONE', #2312, 1000.000000000000000 ) ;
#11162 = LINE ( 'NONE', #102, #8185 ) ;
#11163 = CARTESIAN_POINT ( 'NONE',  ( 0.5799999999999997380, -7.994982302604838331, 1.100000000000000089 ) ) ;
#11164 = VECTOR ( 'NONE', #6146, 1000.000000000000000 ) ;
#11165 = CARTESIAN_POINT ( 'NONE',  ( 0.4999999999999893974, -2.799999999999997158, 1.000000000000000000 ) ) ;
#11166 = FACE_OUTER_BOUND ( 'NONE', #1296, .T. ) ;
#11167 = STYLED_ITEM ( 'NONE', ( #1085 ), #3829 ) ;
#11168 = PRESENTATION_LAYER_ASSIGNMENT (  '', '', ( #7685 ) ) ;
#11169 = EDGE_LOOP ( 'NONE', ( #6995, #4250, #2392, #9368 ) ) ;
#11170 = EDGE_LOOP ( 'NONE', ( #11910, #8064, #6265, #2177 ) ) ;
#11171 = PRESENTATION_STYLE_ASSIGNMENT (( #1000 ) ) ;
#11172 =( GEOMETRIC_REPRESENTATION_CONTEXT ( 3 ) GLOBAL_UNCERTAINTY_ASSIGNED_CONTEXT ( ( #9654 ) ) GLOBAL_UNIT_ASSIGNED_CONTEXT ( ( #11605, #5898, #366 ) ) REPRESENTATION_CONTEXT ( 'NONE', 'WORKASPACE' ) );
#11173 = VECTOR ( 'NONE', #6155, 1000.000000000000000 ) ;
#11174 = FACE_BOUND ( 'NONE', #6393, .T. ) ;
#11175 = CIRCLE ( 'NONE', #2600, 0.5000000000000008882 ) ;
#11176 = PLANE ( 'NONE',  #2776 ) ;
#11177 = VERTEX_POINT ( 'NONE', #9258 ) ;
#11178 = SURFACE_SIDE_STYLE ('',( #827 ) ) ;
#11179 = CARTESIAN_POINT ( 'NONE',  ( -3.302035936607395250, 5.496005818493205908, 1.100000000000000089 ) ) ;
#11180 = AXIS2_PLACEMENT_3D ( 'NONE', #3305, #7022, #6222 ) ;
#11181 = UNCERTAINTY_MEASURE_WITH_UNIT (LENGTH_MEASURE( 1.000000000000000082E-05 ), #6047, 'distance_accuracy_value', 'NONE');
#11182 = VERTEX_POINT ( 'NONE', #11998 ) ;
#11183 = VECTOR ( 'NONE', #1401, 1000.000000000000000 ) ;
#11184 = AXIS2_PLACEMENT_3D ( 'NONE', #11640, #10730, #4459 ) ;
#11185 = CARTESIAN_POINT ( 'NONE',  ( -0.5000000000000026645, -1.999999999999997335, 1.200000000000000178 ) ) ;
#11186 = ADVANCED_FACE ( 'NONE', ( #3581 ), #7241, .T. ) ;
#11187 = DIRECTION ( 'NONE',  ( 1.000000000000000000, 0.000000000000000000, 0.000000000000000000 ) ) ;
#11188 = VERTEX_POINT ( 'NONE', #7307 ) ;
#11189 = VERTEX_POINT ( 'NONE', #6447 ) ;
#11190 = LINE ( 'NONE', #1150, #6690 ) ;
#11191 = STYLED_ITEM ( 'NONE', ( #1949 ), #11042 ) ;
#11192 = EDGE_CURVE ( 'NONE', #10461, #1127, #8669, .T. ) ;
#11193 = CARTESIAN_POINT ( 'NONE',  ( 3.119999999999999662, -7.994982302604838331, 1.100000000000000089 ) ) ;
#11194 = DIRECTION ( 'NONE',  ( 1.000000000000000000, 0.000000000000000000, 0.000000000000000000 ) ) ;
#11195 = DIRECTION ( 'NONE',  ( -1.000000000000000000, -1.084202172485504434E-16, 0.000000000000000000 ) ) ;
#11196 = ADVANCED_FACE ( 'NONE', ( #2118 ), #5716, .F. ) ;
#11197 = ORIENTED_EDGE ( 'NONE', *, *, #6731, .F. ) ;
#11198 = ORIENTED_EDGE ( 'NONE', *, *, #556, .F. ) ;
#11199 = ORIENTED_EDGE ( 'NONE', *, *, #11670, .F. ) ;
#11200 = DIRECTION ( 'NONE',  ( 0.000000000000000000, 0.000000000000000000, 1.000000000000000000 ) ) ;
#11201 = EDGE_CURVE ( 'NONE', #7631, #8804, #5904, .T. ) ;
#11202 = EDGE_LOOP ( 'NONE', ( #10585, #8770, #2849, #4069 ) ) ;
#11203 = DIRECTION ( 'NONE',  ( 0.000000000000000000, 0.000000000000000000, -1.000000000000000000 ) ) ;
#11204 = CARTESIAN_POINT ( 'NONE',  ( -0.3000000000000025424, -1.999999999999997335, 1.200000000000000178 ) ) ;
#11205 = LINE ( 'NONE', #735, #6281 ) ;
#11206 = CARTESIAN_POINT ( 'NONE',  ( -0.000000000000000000, 8.469867354517257141, 1.000000000000000000 ) ) ;
#11207 = DIRECTION ( 'NONE',  ( -0.000000000000000000, 0.000000000000000000, 1.000000000000000000 ) ) ;
#11208 = DIRECTION ( 'NONE',  ( 1.000000000000000000, 0.000000000000000000, 0.000000000000000000 ) ) ;
#11209 = CLOSED_SHELL ( 'NONE', ( #6335, #10569, #6247, #9891, #1095, #2907, #9445, #11453, #5170, #3251, #1502, #10242, #7676, #923, #7974, #11196, #3810, #2496, #11877, #9413, #6689, #8626, #11925, #8431, #10618, #8880, #1445, #3726, #5184, #10565, #7557, #2851, #1736, #4192, #9137, #2652, #315, #1102, #9035, #3123, #10625, #4402, #6558, #11259, #1258, #301, #2889, #6407, #3512, #4784, #5344, #2440, #10645, #4083, #9857, #9331, #10514, #2476, #4767, #377, #1190, #7532, #5113, #7518, #1082, #5836, #1471, #1366, #726, #11042, #1766, #3275, #683, #2509, #5954, #2540, #4553, #3499, #11609, #3036, #7725, #7093, #1494, #11186, #10181, #798, #1877, #249, #4128, #5798, #1667, #3781, #10918, #4421, #9364, #2757, #8714, #6893, #11773, #10225, #9802, #9558, #1926, #515, #10769, #3323, #9394, #1867, #6331, #3085, #467, #5040, #2927, #2107, #10146, #6299, #338, #10717, #3797, #1128, #3291, #356, #1625, #11425, #9350, #5635, #4570, #2995, #3829, #5291, #2453, #3224, #4239, #9762, #4662, #9041, #11578, #9751, #10608, #2230, #1266, #4347, #2362, #7145, #8621, #8812, #3653, #918, #2970, #12013, #4967, #123, #4282, #9711, #11506, #5771, #5408, #3816, #5431, #4541, #5795, #1201, #9631, #10737, #2481, #3001, #10875, #4264, #9562, #10038, #2428, #3379, #11110, #8672, #1041, #6801, #11845, #9361, #11891, #10234, #10751, #11646, #6316, #5245, #2379, #4511, #2085, #11497, #8790, #3560, #11894, #9140, #3981, #5334, #3899, #5952, #11354, #11065, #8662, #10748, #818, #8125, #9103, #2244, #8033, #1554, #6609, #10262, #4817, #5825, #7447, #5914, #7246, #8116, #7774, #1145, #3244, #7790, #6278, #3760, #5022, #4712, #11467, #10103, #3627, #6045, #7588, #5173, #1674, #8069, #4877, #756, #4422, #3998, #4197, #5226, #7506, #10987, #8074, #7656, #1407, #8948, #7846, #4554, #3931, #7581, #2623, #8154, #4076, #3622, #8951, #5999, #8823, #4308, #6201, #2546, #5347, #3765, #1046, #9465, #10860, #1034, #3346, #7176, #1288, #10606, #11527, #770, #209, #3300, #6436, #4102, #9089, #8728, #4869, #7828, #1239, #4916, #4934, #5734, #8712, #4267, #7366, #11707, #1602, #4107, #10077, #7340, #10310, #2165, #5718, #8082, #7028, #2684, #821, #3247, #3446, #8521, #6737, #1945, #4141, #9850 ) ) ;
#11210 = STYLED_ITEM ( 'NONE', ( #7304 ), #4570 ) ;
#11211 = LINE ( 'NONE', #3790, #1849 ) ;
#11212 = ORIENTED_EDGE ( 'NONE', *, *, #6382, .T. ) ;
#11213 = ORIENTED_EDGE ( 'NONE', *, *, #7549, .T. ) ;
#11214 = UNCERTAINTY_MEASURE_WITH_UNIT (LENGTH_MEASURE( 1.000000000000000082E-05 ), #9638, 'distance_accuracy_value', 'NONE');
#11215 = PRESENTATION_STYLE_ASSIGNMENT (( #3607 ) ) ;
#11216 = CARTESIAN_POINT ( 'NONE',  ( -4.500000000000000888, -7.994982302604838331, 1.000000000000000000 ) ) ;
#11217 = SURFACE_STYLE_FILL_AREA ( #3800 ) ;
#11218 = SURFACE_STYLE_USAGE ( .BOTH. , #7443 ) ;
#11219 = DIRECTION ( 'NONE',  ( 0.000000000000000000, -0.000000000000000000, 1.000000000000000000 ) ) ;
#11220 = CYLINDRICAL_SURFACE ( 'NONE', #6888, 0.1000000000000000472 ) ;
#11221 = LINE ( 'NONE', #6540, #5449 ) ;
#11222 = SURFACE_SIDE_STYLE ('',( #4660 ) ) ;
#11223 =( LENGTH_UNIT ( ) NAMED_UNIT ( * ) SI_UNIT ( .MILLI., .METRE. ) );
#11224 =( NAMED_UNIT ( * ) SI_UNIT ( $, .STERADIAN. ) SOLID_ANGLE_UNIT ( ) );
#11225 = LINE ( 'NONE', #7396, #3979 ) ;
#11226 = AXIS2_PLACEMENT_3D ( 'NONE', #7556, #6764, #2922 ) ;
#11227 = ORIENTED_EDGE ( 'NONE', *, *, #11303, .F. ) ;
#11228 = VECTOR ( 'NONE', #2449, 1000.000000000000000 ) ;
#11229 = ORIENTED_EDGE ( 'NONE', *, *, #10265, .T. ) ;
#11230 = CARTESIAN_POINT ( 'NONE',  ( -2.609404446409628875, -7.994982302604838331, 1.100000000000000089 ) ) ;
#11231 = DIRECTION ( 'NONE',  ( 1.000000000000000000, 0.000000000000000000, 0.000000000000000000 ) ) ;
#11232 = AXIS2_PLACEMENT_3D ( 'NONE', #11428, #6924, #3256 ) ;
#11233 = CARTESIAN_POINT ( 'NONE',  ( -4.000000000000001776, -4.649999999999996803, 1.000000000000000000 ) ) ;
#11234 = VERTEX_POINT ( 'NONE', #11437 ) ;
#11236 = VECTOR ( 'NONE', #9007, 1000.000000000000000 ) ;
#11235 = DIRECTION ( 'NONE',  ( 0.000000000000000000, -0.000000000000000000, -1.000000000000000000 ) ) ;
#11237 = CARTESIAN_POINT ( 'NONE',  ( -0.2854471665643398826, 0.000000000000000000, 1.000000000000000000 ) ) ;
#11238 = PLANE ( 'NONE',  #9855 ) ;
#11239 = DIRECTION ( 'NONE',  ( 1.000000000000000000, 0.000000000000000000, 0.000000000000000000 ) ) ;
#11240 = ORIENTED_EDGE ( 'NONE', *, *, #6230, .F. ) ;
#11241 = STYLED_ITEM ( 'NONE', ( #9325 ), #8621 ) ;
#11242 = COLOUR_RGB ( '',1.000000000000000000, 1.000000000000000000, 0.000000000000000000 ) ;
#11243 = EDGE_CURVE ( 'NONE', #3315, #4248, #8401, .T. ) ;
#11244 = VECTOR ( 'NONE', #5597, 1000.000000000000000 ) ;
#11245 = PLANE ( 'NONE',  #8847 ) ;
#11246 = CARTESIAN_POINT ( 'NONE',  ( 1.254473155026101683, -1.389077535132158481, 1.000000000000000000 ) ) ;
#11247 = EDGE_LOOP ( 'NONE', ( #9956, #11513, #3432, #7898 ) ) ;
#11248 = VECTOR ( 'NONE', #2702, 1000.000000000000000 ) ;
#11249 = ORIENTED_EDGE ( 'NONE', *, *, #10627, .F. ) ;
#11250 = SURFACE_STYLE_USAGE ( .BOTH. , #7663 ) ;
#11251 = CARTESIAN_POINT ( 'NONE',  ( -1.814552833435666201, -0.6974844531661972269, 1.399999999999999911 ) ) ;
#11252 = PRESENTATION_LAYER_ASSIGNMENT (  '', '', ( #3866 ) ) ;
#11253 = CARTESIAN_POINT ( 'NONE',  ( -1.600000000000002975, -1.999999999999997335, 1.200000000000000178 ) ) ;
#11254 = SURFACE_SIDE_STYLE ('',( #4736 ) ) ;
#11255 = EDGE_CURVE ( 'NONE', #3039, #11344, #2845, .T. ) ;
#11256 = ORIENTED_EDGE ( 'NONE', *, *, #225, .F. ) ;
#11257 = VERTEX_POINT ( 'NONE', #9371 ) ;
#11258 = ORIENTED_EDGE ( 'NONE', *, *, #7198, .F. ) ;
#11259 = ADVANCED_FACE ( 'NONE', ( #2909 ), #10347, .F. ) ;
#11260 = LINE ( 'NONE', #1094, #1191 ) ;
#11261 = ORIENTED_EDGE ( 'NONE', *, *, #9671, .T. ) ;
#11262 = DIRECTION ( 'NONE',  ( -3.645772203419546683E-17, 1.000000000000000000, 0.000000000000000000 ) ) ;
#11263 = DIRECTION ( 'NONE',  ( 1.000000000000000000, 0.000000000000000000, 0.000000000000000000 ) ) ;
#11264 = DIRECTION ( 'NONE',  ( -1.000000000000000000, 0.000000000000000000, 0.000000000000000000 ) ) ;
#11265 = STYLED_ITEM ( 'NONE', ( #10049 ), #8431 ) ;
#11266 = CARTESIAN_POINT ( 'NONE',  ( 0.9999999999999913403, -3.349999999999997424, 1.200000000000000178 ) ) ;
#11267 = COLOUR_RGB ( '',0.7960784313725489669, 0.8235294117647058432, 0.9372549019607843146 ) ;
#11268 = SURFACE_SIDE_STYLE ('',( #7378 ) ) ;
#11269 = PRESENTATION_STYLE_ASSIGNMENT (( #2858 ) ) ;
#11270 = DIRECTION ( 'NONE',  ( 0.000000000000000000, 1.000000000000000000, -0.000000000000000000 ) ) ;
#11271 = CARTESIAN_POINT ( 'NONE',  ( -0.000000000000000000, 2.147362469743642865, 0.000000000000000000 ) ) ;
#11272 = VERTEX_POINT ( 'NONE', #193 ) ;
#11273 = ORIENTED_EDGE ( 'NONE', *, *, #9266, .F. ) ;
#11274 = CIRCLE ( 'NONE', #4670, 0.1000000000000000472 ) ;
#11275 = DIRECTION ( 'NONE',  ( -0.000000000000000000, -0.000000000000000000, -1.000000000000000000 ) ) ;
#11276 = DIRECTION ( 'NONE',  ( 0.000000000000000000, 0.000000000000000000, 1.000000000000000000 ) ) ;
#11277 = CARTESIAN_POINT ( 'NONE',  ( 3.000000000000001332, -5.268682383288471271, 1.000000000000000000 ) ) ;
#11278 = DIRECTION ( 'NONE',  ( 1.000000000000000000, 0.000000000000000000, 0.000000000000000000 ) ) ;
#11279 = DIRECTION ( 'NONE',  ( 0.000000000000000000, -1.000000000000000000, 0.000000000000000000 ) ) ;
#11280 = LINE ( 'NONE', #2817, #5066 ) ;
#11281 = FILL_AREA_STYLE ('',( #2261 ) ) ;
#11282 = DIRECTION ( 'NONE',  ( 1.000000000000000000, 0.000000000000000000, 0.000000000000000000 ) ) ;
#11283 = FILL_AREA_STYLE ('',( #6421 ) ) ;
#11284 = ORIENTED_EDGE ( 'NONE', *, *, #227, .F. ) ;
#11285 = AXIS2_PLACEMENT_3D ( 'NONE', #7403, #2639, #9237 ) ;
#11286 = VERTEX_POINT ( 'NONE', #4685 ) ;
#11287 = CIRCLE ( 'NONE', #1186, 0.09999999999999982514 ) ;
#11288 = LINE ( 'NONE', #6603, #7777 ) ;
#11289 = FACE_BOUND ( 'NONE', #2446, .T. ) ;
#11290 = CARTESIAN_POINT ( 'NONE',  ( -6.000000000000002665, 9.000000000000001776, 0.000000000000000000 ) ) ;
#11291 = VERTEX_POINT ( 'NONE', #10467 ) ;
#11292 = AXIS2_PLACEMENT_3D ( 'NONE', #6465, #5614, #2740 ) ;
#11293 = CARTESIAN_POINT ( 'NONE',  ( 0.4999999999999976130, -4.999999999999997335, 1.200000000000000178 ) ) ;
#11294 = EDGE_CURVE ( 'NONE', #9683, #8862, #6302, .T. ) ;
#11295 = EDGE_CURVE ( 'NONE', #11430, #9135, #10777, .T. ) ;
#11296 = DIRECTION ( 'NONE',  ( -1.000000000000000000, -0.000000000000000000, -0.000000000000000000 ) ) ;
#11297 = SURFACE_SIDE_STYLE ('',( #7591 ) ) ;
#11298 = CARTESIAN_POINT ( 'NONE',  ( 3.300000000000000711, -2.568682383288471538, 1.700000000000000178 ) ) ;
#11299 = UNCERTAINTY_MEASURE_WITH_UNIT (LENGTH_MEASURE( 1.000000000000000082E-05 ), #7824, 'distance_accuracy_value', 'NONE');
#11300 = ORIENTED_EDGE ( 'NONE', *, *, #11153, .F. ) ;
#11301 = AXIS2_PLACEMENT_3D ( 'NONE', #9976, #9257, #898 ) ;
#11302 = LINE ( 'NONE', #9363, #5971 ) ;
#11303 = EDGE_CURVE ( 'NONE', #6305, #9647, #2029, .T. ) ;
#11304 = DIRECTION ( 'NONE',  ( -1.000000000000000000, 0.000000000000000000, -0.000000000000000000 ) ) ;
#11305 = VERTEX_POINT ( 'NONE', #5846 ) ;
#11306 = EDGE_LOOP ( 'NONE', ( #10843, #9165, #2292, #9718 ) ) ;
#11307 = FILL_AREA_STYLE ('',( #10343 ) ) ;
#11308 = LINE ( 'NONE', #1829, #9218 ) ;
#11309 = CARTESIAN_POINT ( 'NONE',  ( 0.000000000000000000, -0.8427883380858899320, 1.000000000000000000 ) ) ;
#11310 = DIRECTION ( 'NONE',  ( 1.000000000000000000, 0.000000000000000000, 0.000000000000000000 ) ) ;
#11311 = CARTESIAN_POINT ( 'NONE',  ( -2.150000000000003020, -5.999999999999997335, 1.200000000000000178 ) ) ;
#11312 = CARTESIAN_POINT ( 'NONE',  ( -5.192492299719079440, -4.911223858797751696, 1.399999999999999911 ) ) ;
#11313 = DIRECTION ( 'NONE',  ( 1.000000000000000000, 0.000000000000000000, 0.000000000000000000 ) ) ;
#11314 = ORIENTED_EDGE ( 'NONE', *, *, #10085, .T. ) ;
#11315 = CIRCLE ( 'NONE', #3529, 0.1000000000000000472 ) ;
#11316 = ORIENTED_EDGE ( 'NONE', *, *, #3135, .F. ) ;
#11317 = VERTEX_POINT ( 'NONE', #5783 ) ;
#11318 = VERTEX_POINT ( 'NONE', #8578 ) ;
#11319 = COLOUR_RGB ( '',1.000000000000000000, 1.000000000000000000, 0.000000000000000000 ) ;
#11320 = CARTESIAN_POINT ( 'NONE',  ( -3.499999999999999112, -3.899999999999997247, 1.200000000000000178 ) ) ;
#11321 = ORIENTED_EDGE ( 'NONE', *, *, #7787, .T. ) ;
#11322 = VECTOR ( 'NONE', #3821, 1000.000000000000000 ) ;
#11323 = CARTESIAN_POINT ( 'NONE',  ( 0.000000000000000000, 8.869867354517255720, 1.000000000000000000 ) ) ;
#11324 = CARTESIAN_POINT ( 'NONE',  ( -3.779360369118781371, 2.295341782195420954, 1.000000000000000000 ) ) ;
#11325 = FACE_OUTER_BOUND ( 'NONE', #10806, .T. ) ;
#11326 = DIRECTION ( 'NONE',  ( 0.000000000000000000, 1.000000000000000000, -0.000000000000000000 ) ) ;
#11327 = DIRECTION ( 'NONE',  ( 1.000000000000000000, -0.000000000000000000, 0.000000000000000000 ) ) ;
#11328 = CYLINDRICAL_SURFACE ( 'NONE', #5556, 0.6205955535903713294 ) ;
#11329 = ORIENTED_EDGE ( 'NONE', *, *, #11126, .F. ) ;
#11330 = VECTOR ( 'NONE', #7523, 1000.000000000000000 ) ;
#11331 = ORIENTED_EDGE ( 'NONE', *, *, #12016, .T. ) ;
#11332 = LINE ( 'NONE', #2076, #11642 ) ;
#11333 = PRESENTATION_STYLE_ASSIGNMENT (( #3731 ) ) ;
#11334 = DIRECTION ( 'NONE',  ( 1.000000000000000000, 0.000000000000000000, 0.000000000000000000 ) ) ;
#11335 = DIRECTION ( 'NONE',  ( -0.000000000000000000, -0.000000000000000000, -1.000000000000000000 ) ) ;
#11336 = FACE_OUTER_BOUND ( 'NONE', #2470, .T. ) ;
#11337 = FACE_OUTER_BOUND ( 'NONE', #11789, .T. ) ;
#11338 = PLANE ( 'NONE',  #8382 ) ;
#11339 =( GEOMETRIC_REPRESENTATION_CONTEXT ( 3 ) GLOBAL_UNCERTAINTY_ASSIGNED_CONTEXT ( ( #8992 ) ) GLOBAL_UNIT_ASSIGNED_CONTEXT ( ( #2328, #2385, #8795 ) ) REPRESENTATION_CONTEXT ( 'NONE', 'WORKASPACE' ) );
#11340 = DIRECTION ( 'NONE',  ( -0.000000000000000000, -0.000000000000000000, 1.000000000000000000 ) ) ;
#11341 = DIRECTION ( 'NONE',  ( -1.000000000000000000, -0.000000000000000000, -0.000000000000000000 ) ) ;
#11342 = EDGE_CURVE ( 'NONE', #9879, #10469, #251, .T. ) ;
#11343 = LINE ( 'NONE', #4948, #5142 ) ;
#11344 = VERTEX_POINT ( 'NONE', #7670 ) ;
#11345 = EDGE_CURVE ( 'NONE', #8980, #9953, #11376, .T. ) ;
#11346 = MECHANICAL_DESIGN_GEOMETRIC_PRESENTATION_REPRESENTATION (  '', ( #650 ), #8628 ) ;
#11347 = ORIENTED_EDGE ( 'NONE', *, *, #9262, .T. ) ;
#11348 = PRESENTATION_LAYER_ASSIGNMENT (  '', '', ( #2790 ) ) ;
#11349 = COLOUR_RGB ( '',1.000000000000000000, 1.000000000000000000, 0.5019607843137254832 ) ;
#11350 = CARTESIAN_POINT ( 'NONE',  ( 0.5998991117761693914, 2.147362469743642865, 1.000000000000000000 ) ) ;
#11351 = FACE_BOUND ( 'NONE', #2510, .T. ) ;
#11352 = ORIENTED_EDGE ( 'NONE', *, *, #3403, .F. ) ;
#11353 = SURFACE_STYLE_USAGE ( .BOTH. , #7651 ) ;
#11354 = ADVANCED_FACE ( 'NONE', ( #6748 ), #9553, .T. ) ;
#11355 = CIRCLE ( 'NONE', #291, 0.1000000000000000472 ) ;
#11356 = CARTESIAN_POINT ( 'NONE',  ( -2.500000000000003109, -6.499999999999997335, 1.200000000000000178 ) ) ;
#11357 = DIRECTION ( 'NONE',  ( -0.000000000000000000, -0.000000000000000000, -1.000000000000000000 ) ) ;
#11358 = CARTESIAN_POINT ( 'NONE',  ( 1.254473155026102127, -2.289077535132158836, 1.500000000000000000 ) ) ;
#11359 = ORIENTED_EDGE ( 'NONE', *, *, #5336, .F. ) ;
#11360 = MECHANICAL_DESIGN_GEOMETRIC_PRESENTATION_REPRESENTATION (  '', ( #11956 ), #8832 ) ;
#11361 = VECTOR ( 'NONE', #2415, 1000.000000000000000 ) ;
#11362 = EDGE_CURVE ( 'NONE', #8176, #7833, #9610, .T. ) ;
#11363 = STYLED_ITEM ( 'NONE', ( #3861 ), #4128 ) ;
#11364 = COLOUR_RGB ( '',0.9882352941176471006, 0.7372549019607843590, 0.5176470588235293491 ) ;
#11365 = CARTESIAN_POINT ( 'NONE',  ( -4.000000000000001776, -4.649999999999996803, 1.200000000000000178 ) ) ;
#11366 = EDGE_CURVE ( 'NONE', #4531, #3472, #4748, .T. ) ;
#11367 = DIRECTION ( 'NONE',  ( 0.000000000000000000, 0.000000000000000000, -1.000000000000000000 ) ) ;
#11368 = VERTEX_POINT ( 'NONE', #3550 ) ;
#11369 = EDGE_LOOP ( 'NONE', ( #762, #3496 ) ) ;
#11370 = MECHANICAL_DESIGN_GEOMETRIC_PRESENTATION_REPRESENTATION (  '', ( #9243 ), #6503 ) ;
#11371 = LINE ( 'NONE', #2171, #10392 ) ;
#11372 = CARTESIAN_POINT ( 'NONE',  ( 5.955872757806901063, 2.606906106631963649, 1.100000000000000089 ) ) ;
#11373 = DIRECTION ( 'NONE',  ( 0.000000000000000000, 0.000000000000000000, -1.000000000000000000 ) ) ;
#11374 = FACE_OUTER_BOUND ( 'NONE', #283, .T. ) ;
#11376 = LINE ( 'NONE', #7736, #6699 ) ;
#11375 = AXIS2_PLACEMENT_3D ( 'NONE', #6907, #9586, #9468 ) ;
#11377 = DIRECTION ( 'NONE',  ( -1.000000000000000000, 0.000000000000000000, -0.000000000000000000 ) ) ;
#11378 = VECTOR ( 'NONE', #6704, 1000.000000000000000 ) ;
#11379 = ORIENTED_EDGE ( 'NONE', *, *, #11867, .T. ) ;
#11380 = VERTEX_POINT ( 'NONE', #3206 ) ;
#11381 = EDGE_LOOP ( 'NONE', ( #3990, #2902, #1597, #10415 ) ) ;
#11382 = VECTOR ( 'NONE', #456, 1000.000000000000000 ) ;
#11383 = ORIENTED_EDGE ( 'NONE', *, *, #6872, .F. ) ;
#11384 = AXIS2_PLACEMENT_3D ( 'NONE', #5863, #1107, #1231 ) ;
#11385 = VECTOR ( 'NONE', #6583, 1000.000000000000000 ) ;
#11386 = CARTESIAN_POINT ( 'NONE',  ( -1.960000000000000409, -7.994982302604838331, 1.000000000000000000 ) ) ;
#11387 = EDGE_LOOP ( 'NONE', ( #11590, #6860 ) ) ;
#11388 = CARTESIAN_POINT ( 'NONE',  ( -0.3182825874325386217, -1.160385810094001064E-17, 1.000000000000000000 ) ) ;
#11389 = DIRECTION ( 'NONE',  ( 0.000000000000000000, 1.000000000000000000, -0.000000000000000000 ) ) ;
#11390 = FILL_AREA_STYLE_COLOUR ( '', #11242 ) ;
#11391 = FACE_OUTER_BOUND ( 'NONE', #10263, .T. ) ;
#11392 = FACE_OUTER_BOUND ( 'NONE', #6434, .T. ) ;
#11393 = CARTESIAN_POINT ( 'NONE',  ( -3.702035936607396049, 0.000000000000000000, 1.000000000000000000 ) ) ;
#11394 = CARTESIAN_POINT ( 'NONE',  ( -4.516593218723101266, 0.000000000000000000, 1.000000000000000000 ) ) ;
#11395 = CARTESIAN_POINT ( 'NONE',  ( -3.230000000000000426, -7.994982302604838331, 1.100000000000000089 ) ) ;
#11396 = FACE_OUTER_BOUND ( 'NONE', #2837, .T. ) ;
#11397 = ORIENTED_EDGE ( 'NONE', *, *, #8874, .F. ) ;
#11398 = EDGE_CURVE ( 'NONE', #9135, #6454, #2797, .T. ) ;
#11399 = EDGE_CURVE ( 'NONE', #11477, #1880, #11556, .T. ) ;
#11400 = ORIENTED_EDGE ( 'NONE', *, *, #6629, .T. ) ;
#11401 = PLANE ( 'NONE',  #9803 ) ;
#11402 = FILL_AREA_STYLE ('',( #7701 ) ) ;
#11403 = CARTESIAN_POINT ( 'NONE',  ( 5.000000000000000888, -4.968682383288471449, 1.800000000000000266 ) ) ;
#11404 = FILL_AREA_STYLE ('',( #3115 ) ) ;
#11405 = CARTESIAN_POINT ( 'NONE',  ( -5.692492299719079440, -4.811223858797751163, 1.399999999999999911 ) ) ;
#11406 = CARTESIAN_POINT ( 'NONE',  ( -5.313812213263914508, 2.656906106631963915, 1.000000000000000000 ) ) ;
#11407 = DIRECTION ( 'NONE',  ( 1.084202172485506603E-15, -1.000000000000000000, 0.000000000000000000 ) ) ;
#11408 = CARTESIAN_POINT ( 'NONE',  ( 3.771213910048264673, 2.295341782195420954, 1.000000000000000000 ) ) ;
#11409 = ORIENTED_EDGE ( 'NONE', *, *, #1930, .T. ) ;
#11410 = EDGE_CURVE ( 'NONE', #3510, #149, #477, .T. ) ;
#11411 = EDGE_CURVE ( 'NONE', #11286, #6877, #4187, .T. ) ;
#11412 = ORIENTED_EDGE ( 'NONE', *, *, #9656, .T. ) ;
#11413 = VECTOR ( 'NONE', #6621, 1000.000000000000000 ) ;
#11414 = EDGE_CURVE ( 'NONE', #244, #1176, #5374, .T. ) ;
#11415 = LINE ( 'NONE', #6852, #9893 ) ;
#11416 = FACE_BOUND ( 'NONE', #959, .T. ) ;
#11417 = DIRECTION ( 'NONE',  ( -1.000000000000000000, -0.000000000000000000, -0.000000000000000000 ) ) ;
#11418 = ORIENTED_EDGE ( 'NONE', *, *, #9632, .T. ) ;
#11419 = DIRECTION ( 'NONE',  ( 0.000000000000000000, -0.000000000000000000, 1.000000000000000000 ) ) ;
#11420 = VECTOR ( 'NONE', #3218, 1000.000000000000000 ) ;
#11421 = CARTESIAN_POINT ( 'NONE',  ( -4.729934648285827770, 2.295341782195420954, 0.000000000000000000 ) ) ;
#11422 = DIRECTION ( 'NONE',  ( -0.000000000000000000, -0.000000000000000000, -1.000000000000000000 ) ) ;
#11423 = COLOUR_RGB ( '',1.000000000000000000, 1.000000000000000000, 0.000000000000000000 ) ;
#11424 = ORIENTED_EDGE ( 'NONE', *, *, #1920, .T. ) ;
#11425 = ADVANCED_FACE ( 'NONE', ( #7214 ), #6067, .T. ) ;
#11426 = VECTOR ( 'NONE', #11649, 1000.000000000000000 ) ;
#11427 = DIRECTION ( 'NONE',  ( 1.000000000000000000, 0.000000000000000000, 0.000000000000000000 ) ) ;
#11428 = CARTESIAN_POINT ( 'NONE',  ( 3.000000000000000888, -2.268682383288471271, 1.700000000000000178 ) ) ;
#11429 = ORIENTED_EDGE ( 'NONE', *, *, #9151, .F. ) ;
#11430 = VERTEX_POINT ( 'NONE', #7965 ) ;
#11431 = CARTESIAN_POINT ( 'NONE',  ( -2.700000000000003286, -5.999999999999997335, 1.200000000000000178 ) ) ;
#11432 = LINE ( 'NONE', #8806, #8830 ) ;
#11433 = DIRECTION ( 'NONE',  ( -1.000000000000000000, -0.000000000000000000, -0.000000000000000000 ) ) ;
#11434 = DIRECTION ( 'NONE',  ( -0.000000000000000000, 1.000000000000000000, -0.000000000000000000 ) ) ;
#11435 = DIRECTION ( 'NONE',  ( 1.000000000000000000, 0.000000000000000000, 0.000000000000000000 ) ) ;
#11436 =( GEOMETRIC_REPRESENTATION_CONTEXT ( 3 ) GLOBAL_UNCERTAINTY_ASSIGNED_CONTEXT ( ( #1841 ) ) GLOBAL_UNIT_ASSIGNED_CONTEXT ( ( #12025, #3676, #10902 ) ) REPRESENTATION_CONTEXT ( 'NONE', 'WORKASPACE' ) );
#11437 = CARTESIAN_POINT ( 'NONE',  ( -1.185447166564339794, -0.6974844531661972269, 1.500000000000000000 ) ) ;
#11438 = LINE ( 'NONE', #3946, #5620 ) ;
#11439 = ORIENTED_EDGE ( 'NONE', *, *, #10195, .F. ) ;
#11440 =( GEOMETRIC_REPRESENTATION_CONTEXT ( 3 ) GLOBAL_UNCERTAINTY_ASSIGNED_CONTEXT ( ( #2290 ) ) GLOBAL_UNIT_ASSIGNED_CONTEXT ( ( #6596, #2086, #5691 ) ) REPRESENTATION_CONTEXT ( 'NONE', 'WORKASPACE' ) );
#11441 = ORIENTED_EDGE ( 'NONE', *, *, #552, .T. ) ;
#11442 = ORIENTED_EDGE ( 'NONE', *, *, #626, .F. ) ;
#11443 = VERTEX_POINT ( 'NONE', #1276 ) ;
#11444 = COLOUR_RGB ( '',1.000000000000000000, 1.000000000000000000, 0.5019607843137254832 ) ;
#11445 =( GEOMETRIC_REPRESENTATION_CONTEXT ( 3 ) GLOBAL_UNCERTAINTY_ASSIGNED_CONTEXT ( ( #10964 ) ) GLOBAL_UNIT_ASSIGNED_CONTEXT ( ( #8779, #4942, #11520 ) ) REPRESENTATION_CONTEXT ( 'NONE', 'WORKASPACE' ) );
#11446 = DIRECTION ( 'NONE',  ( 1.000000000000000000, 0.000000000000000000, 0.000000000000000000 ) ) ;
#11447 = VECTOR ( 'NONE', #6377, 1000.000000000000000 ) ;
#11448 = VERTEX_POINT ( 'NONE', #423 ) ;
#11449 = SURFACE_SIDE_STYLE ('',( #2973 ) ) ;
#11450 = FILL_AREA_STYLE ('',( #3155 ) ) ;
#11451 = CARTESIAN_POINT ( 'NONE',  ( -3.500000000000003109, -1.999999999999997335, 1.800000000000000044 ) ) ;
#11452 = CARTESIAN_POINT ( 'NONE',  ( -5.192492299719079440, -2.288776141202243153, 1.399999999999999911 ) ) ;
#11453 = ADVANCED_FACE ( 'NONE', ( #11665 ), #3326, .F. ) ;
#11454 = DIRECTION ( 'NONE',  ( 0.000000000000000000, 1.000000000000000000, -0.000000000000000000 ) ) ;
#11455 = PRESENTATION_LAYER_ASSIGNMENT (  '', '', ( #8920 ) ) ;
#11456 = FILL_AREA_STYLE_COLOUR ( '', #10416 ) ;
#11457 = ORIENTED_EDGE ( 'NONE', *, *, #6445, .F. ) ;
#11458 = EDGE_LOOP ( 'NONE', ( #11962, #6925, #637, #2353 ) ) ;
#11459 = VECTOR ( 'NONE', #393, 1000.000000000000000 ) ;
#11460 = LINE ( 'NONE', #6771, #8445 ) ;
#11461 = EDGE_CURVE ( 'NONE', #3051, #6076, #3004, .T. ) ;
#11462 = FILL_AREA_STYLE_COLOUR ( '', #4588 ) ;
#11463 =( NAMED_UNIT ( * ) PLANE_ANGLE_UNIT ( ) SI_UNIT ( $, .RADIAN. ) );
#11464 = SURFACE_SIDE_STYLE ('',( #2142 ) ) ;
#11465 = CARTESIAN_POINT ( 'NONE',  ( 0.000000000000000000, 2.147362469743642865, -29.20000000000000284 ) ) ;
#11466 = DIRECTION ( 'NONE',  ( -0.000000000000000000, -0.000000000000000000, -1.000000000000000000 ) ) ;
#11467 = ADVANCED_FACE ( 'NONE', ( #6930 ), #8695, .F. ) ;
#11468 = PRESENTATION_STYLE_ASSIGNMENT (( #1246 ) ) ;
#11469 =( NAMED_UNIT ( * ) PLANE_ANGLE_UNIT ( ) SI_UNIT ( $, .RADIAN. ) );
#11470 = SURFACE_STYLE_USAGE ( .BOTH. , #10440 ) ;
#11471 = VERTEX_POINT ( 'NONE', #2760 ) ;
#11472 = VECTOR ( 'NONE', #10117, 1000.000000000000000 ) ;
#11473 = VERTEX_POINT ( 'NONE', #52 ) ;
#11474 = LINE ( 'NONE', #9531, #3478 ) ;
#11475 = FILL_AREA_STYLE_COLOUR ( '', #5071 ) ;
#11476 = LINE ( 'NONE', #3014, #3951 ) ;
#11477 = VERTEX_POINT ( 'NONE', #3741 ) ;
#11478 = AXIS2_PLACEMENT_3D ( 'NONE', #4839, #10934, #4779 ) ;
#11479 = CARTESIAN_POINT ( 'NONE',  ( -4.000000000000003553, -5.199999999999997513, 1.200000000000000178 ) ) ;
#11480 = PRODUCT_RELATED_PRODUCT_CATEGORY ( 'part', '', ( #4614 ) ) ;
#11481 = LINE ( 'NONE', #3932, #429 ) ;
#11482 = CARTESIAN_POINT ( 'NONE',  ( 5.000000000000000888, -2.568682383288471538, 1.700000000000000178 ) ) ;
#11483 = ORIENTED_EDGE ( 'NONE', *, *, #6675, .T. ) ;
#11484 = VECTOR ( 'NONE', #5873, 1000.000000000000000 ) ;
#11485 = EDGE_CURVE ( 'NONE', #7459, #11982, #6543, .T. ) ;
#11486 = SURFACE_SIDE_STYLE ('',( #5834 ) ) ;
#11487 = SURFACE_STYLE_FILL_AREA ( #9658 ) ;
#11488 = PRESENTATION_LAYER_ASSIGNMENT (  '', '', ( #4489 ) ) ;
#11489 = ORIENTED_EDGE ( 'NONE', *, *, #10629, .T. ) ;
#11490 = ORIENTED_EDGE ( 'NONE', *, *, #4785, .T. ) ;
#11491 = CYLINDRICAL_SURFACE ( 'NONE', #1313, 0.6205955535903713294 ) ;
#11492 = DIRECTION ( 'NONE',  ( -1.000000000000000000, 0.000000000000000000, 0.000000000000000000 ) ) ;
#11493 = SURFACE_STYLE_FILL_AREA ( #11608 ) ;
#11494 = DIRECTION ( 'NONE',  ( 1.000000000000000000, 0.000000000000000000, 0.000000000000000000 ) ) ;
#11495 = ORIENTED_EDGE ( 'NONE', *, *, #7126, .T. ) ;
#11496 = AXIS2_PLACEMENT_3D ( 'NONE', #2248, #5980, #1463 ) ;
#11497 = ADVANCED_FACE ( 'NONE', ( #11166 ), #10261, .T. ) ;
#11498 = ORIENTED_EDGE ( 'NONE', *, *, #331, .T. ) ;
#11499 = VECTOR ( 'NONE', #7720, 1000.000000000000000 ) ;
#11500 = EDGE_CURVE ( 'NONE', #3015, #8083, #1966, .T. ) ;
#11501 = ORIENTED_EDGE ( 'NONE', *, *, #6616, .F. ) ;
#11502 = AXIS2_PLACEMENT_3D ( 'NONE', #11071, #10161, #11934 ) ;
#11503 = PLANE ( 'NONE',  #9545 ) ;
#11504 = VERTEX_POINT ( 'NONE', #10192 ) ;
#11505 = CARTESIAN_POINT ( 'NONE',  ( -3.230000000000000426, -7.994982302604838331, 1.100000000000000089 ) ) ;
#11506 = ADVANCED_FACE ( 'NONE', ( #10323 ), #5445, .T. ) ;
#11507 = DIRECTION ( 'NONE',  ( 0.000000000000000000, 0.000000000000000000, 1.000000000000000000 ) ) ;
#11508 = DIRECTION ( 'NONE',  ( -1.084202172485506406E-15, 1.000000000000000000, 0.000000000000000000 ) ) ;
#11509 = DIRECTION ( 'NONE',  ( 1.000000000000000000, 0.000000000000000000, -0.000000000000000000 ) ) ;
#11510 = DIRECTION ( 'NONE',  ( 1.000000000000000000, 0.000000000000000000, 0.000000000000000000 ) ) ;
#11511 = CARTESIAN_POINT ( 'NONE',  ( -2.658619850013732133, 2.147362469743642865, -29.20000000000000284 ) ) ;
#11512 = SURFACE_SIDE_STYLE ('',( #10362 ) ) ;
#11513 = ORIENTED_EDGE ( 'NONE', *, *, #10653, .T. ) ;
#11514 = ORIENTED_EDGE ( 'NONE', *, *, #10959, .T. ) ;
#11515 = EDGE_CURVE ( 'NONE', #11533, #9392, #8254, .T. ) ;
#11516 = EDGE_CURVE ( 'NONE', #2667, #8396, #4710, .T. ) ;
#11517 = EDGE_CURVE ( 'NONE', #6101, #7547, #11225, .T. ) ;
#11518 = SURFACE_STYLE_USAGE ( .BOTH. , #5748 ) ;
#11519 = DIRECTION ( 'NONE',  ( -0.000000000000000000, -1.000000000000000000, -0.000000000000000000 ) ) ;
#11520 =( NAMED_UNIT ( * ) SI_UNIT ( $, .STERADIAN. ) SOLID_ANGLE_UNIT ( ) );
#11521 = FACE_OUTER_BOUND ( 'NONE', #3909, .T. ) ;
#11522 = CARTESIAN_POINT ( 'NONE',  ( -3.316236771700763121E-16, 3.056906106631963382, 1.100000000000000089 ) ) ;
#11523 = CARTESIAN_POINT ( 'NONE',  ( -1.297642652873966185, 5.837225230594265568, 1.000000000000000000 ) ) ;
#11524 = CARTESIAN_POINT ( 'NONE',  ( -3.500000000000003109, -5.999999999999997335, 1.000000000000000000 ) ) ;
#11525 = FACE_OUTER_BOUND ( 'NONE', #9029, .T. ) ;
#11526 = ORIENTED_EDGE ( 'NONE', *, *, #8476, .F. ) ;
#11527 = ADVANCED_FACE ( 'NONE', ( #6479 ), #995, .F. ) ;
#11528 = EDGE_LOOP ( 'NONE', ( #8086, #10412, #9805, #7486 ) ) ;
#11529 = CIRCLE ( 'NONE', #11722, 0.6205955535903713294 ) ;
#11530 = DIRECTION ( 'NONE',  ( -1.000000000000000000, 0.000000000000000000, -0.000000000000000000 ) ) ;
#11531 = DIRECTION ( 'NONE',  ( -0.000000000000000000, -0.000000000000000000, -1.000000000000000000 ) ) ;
#11532 = DIRECTION ( 'NONE',  ( 1.000000000000000000, 0.000000000000000000, 0.000000000000000000 ) ) ;
#11533 = VERTEX_POINT ( 'NONE', #106 ) ;
#11534 = DIRECTION ( 'NONE',  ( 0.000000000000000000, 1.000000000000000000, -0.000000000000000000 ) ) ;
#11535 = DIRECTION ( 'NONE',  ( -1.000000000000000000, -0.000000000000000000, -0.000000000000000000 ) ) ;
#11536 = CARTESIAN_POINT ( 'NONE',  ( -0.6900000000000005018, -7.994982302604838331, 1.100000000000000089 ) ) ;
#11537 = EDGE_CURVE ( 'NONE', #8396, #8997, #659, .T. ) ;
#11538 = TOROIDAL_SURFACE ( 'NONE', #9987, 0.4000000000000000222, 0.1000000000000000056 ) ;
#11539 = ORIENTED_EDGE ( 'NONE', *, *, #3209, .F. ) ;
#11540 = AXIS2_PLACEMENT_3D ( 'NONE', #9811, #5176, #11749 ) ;
#11541 = AXIS2_PLACEMENT_3D ( 'NONE', #686, #9940, #8117 ) ;
#11542 = EDGE_CURVE ( 'NONE', #9032, #4693, #6598, .T. ) ;
#11543 = EDGE_CURVE ( 'NONE', #5185, #8939, #4603, .T. ) ;
#11544 = SURFACE_SIDE_STYLE ('',( #7840 ) ) ;
#11545 = EDGE_LOOP ( 'NONE', ( #8904, #5183, #6050, #10858 ) ) ;
#11546 = EDGE_LOOP ( 'NONE', ( #428, #2329, #11656, #5969 ) ) ;
#11547 =( NAMED_UNIT ( * ) SI_UNIT ( $, .STERADIAN. ) SOLID_ANGLE_UNIT ( ) );
#11548 = VECTOR ( 'NONE', #8633, 1000.000000000000000 ) ;
#11549 = VECTOR ( 'NONE', #4516, 1000.000000000000000 ) ;
#11550 = DIRECTION ( 'NONE',  ( -1.000000000000000000, 0.000000000000000000, -0.000000000000000000 ) ) ;
#11551 = PLANE ( 'NONE',  #441 ) ;
#11552 = SURFACE_STYLE_USAGE ( .BOTH. , #11666 ) ;
#11553 = STYLED_ITEM ( 'NONE', ( #28 ), #3499 ) ;
#11554 = UNCERTAINTY_MEASURE_WITH_UNIT (LENGTH_MEASURE( 1.000000000000000082E-05 ), #3336, 'distance_accuracy_value', 'NONE');
#11555 = VERTEX_POINT ( 'NONE', #3684 ) ;
#11556 = CIRCLE ( 'NONE', #8649, 0.1494257208329542175 ) ;
#11557 = STYLED_ITEM ( 'NONE', ( #10498 ), #10645 ) ;
#11558 = ORIENTED_EDGE ( 'NONE', *, *, #5879, .T. ) ;
#11559 = VERTEX_POINT ( 'NONE', #940 ) ;
#11560 = SURFACE_STYLE_FILL_AREA ( #5805 ) ;
#11561 = AXIS2_PLACEMENT_3D ( 'NONE', #3172, #2376, #6096 ) ;
#11562 = EDGE_CURVE ( 'NONE', #4680, #10702, #5068, .T. ) ;
#11563 = ORIENTED_EDGE ( 'NONE', *, *, #8364, .F. ) ;
#11564 = FACE_OUTER_BOUND ( 'NONE', #4501, .T. ) ;
#11565 = LINE ( 'NONE', #6698, #5231 ) ;
#11566 = MECHANICAL_DESIGN_GEOMETRIC_PRESENTATION_REPRESENTATION (  '', ( #11363 ), #8060 ) ;
#11567 = MECHANICAL_DESIGN_GEOMETRIC_PRESENTATION_REPRESENTATION (  '', ( #6118 ), #10012 ) ;
#11568 = MECHANICAL_DESIGN_GEOMETRIC_PRESENTATION_REPRESENTATION (  '', ( #11972 ), #1278 ) ;
#11569 = SURFACE_SIDE_STYLE ('',( #3337 ) ) ;
#11570 = DIRECTION ( 'NONE',  ( -0.000000000000000000, -0.000000000000000000, -1.000000000000000000 ) ) ;
#11571 = CARTESIAN_POINT ( 'NONE',  ( 1.870065351714172541, 2.295341782195420954, 0.000000000000000000 ) ) ;
#11572 = FACE_BOUND ( 'NONE', #2928, .T. ) ;
#11573 = VECTOR ( 'NONE', #6160, 1000.000000000000000 ) ;
#11574 = EDGE_LOOP ( 'NONE', ( #4906, #5621, #8121, #3750 ) ) ;
#11575 = COLOUR_RGB ( '',1.000000000000000000, 1.000000000000000000, 1.000000000000000000 ) ;
#11576 = ORIENTED_EDGE ( 'NONE', *, *, #2835, .T. ) ;
#11577 = VECTOR ( 'NONE', #1812, 1000.000000000000000 ) ;
#11578 = ADVANCED_FACE ( 'NONE', ( #9700 ), #1364, .T. ) ;
#11579 = CARTESIAN_POINT ( 'NONE',  ( -4.000000000000000000, -4.099999999999996980, 1.000000000000000000 ) ) ;
#11580 = PRESENTATION_STYLE_ASSIGNMENT (( #3415 ) ) ;
#11581 = CARTESIAN_POINT ( 'NONE',  ( -0.04059555359037150118, -7.994982302604838331, 1.100000000000000089 ) ) ;
#11582 = DIRECTION ( 'NONE',  ( -0.000000000000000000, -0.000000000000000000, -1.000000000000000000 ) ) ;
#11583 = CARTESIAN_POINT ( 'NONE',  ( -1.950000000000002842, -1.999999999999997335, 1.200000000000000178 ) ) ;
#11584 = CARTESIAN_POINT ( 'NONE',  ( 3.500000000000000888, -2.768682383288471271, 1.600000000000000089 ) ) ;
#11585 = CARTESIAN_POINT ( 'NONE',  ( 1.229404446409628759, -7.994982302604838331, 1.100000000000000089 ) ) ;
#11586 = PRODUCT_DEFINITION_FORMATION_WITH_SPECIFIED_SOURCE ( 'ANY', '', #4614, .NOT_KNOWN. ) ;
#11587 =( LENGTH_UNIT ( ) NAMED_UNIT ( * ) SI_UNIT ( .MILLI., .METRE. ) );
#11588 =( LENGTH_UNIT ( ) NAMED_UNIT ( * ) SI_UNIT ( .MILLI., .METRE. ) );
#11589 = DIRECTION ( 'NONE',  ( -1.626303258728256651E-16, 1.000000000000000000, -0.000000000000000000 ) ) ;
#11590 = ORIENTED_EDGE ( 'NONE', *, *, #9309, .F. ) ;
#11591 = ORIENTED_EDGE ( 'NONE', *, *, #7450, .F. ) ;
#11592 = EDGE_CURVE ( 'NONE', #9547, #1994, #4154, .T. ) ;
#11593 =( NAMED_UNIT ( * ) PLANE_ANGLE_UNIT ( ) SI_UNIT ( $, .RADIAN. ) );
#11594 = DIRECTION ( 'NONE',  ( 0.000000000000000000, 1.000000000000000000, -0.000000000000000000 ) ) ;
#11595 = FACE_OUTER_BOUND ( 'NONE', #461, .T. ) ;
#11596 = PRESENTATION_STYLE_ASSIGNMENT (( #569 ) ) ;
#11597 = ORIENTED_EDGE ( 'NONE', *, *, #9425, .F. ) ;
#11598 = DIRECTION ( 'NONE',  ( 0.000000000000000000, -0.000000000000000000, -1.000000000000000000 ) ) ;
#11599 = LINE ( 'NONE', #3132, #10274 ) ;
#11600 = VERTEX_POINT ( 'NONE', #11408 ) ;
#11601 = COLOUR_RGB ( '',0.9882352941176471006, 0.7372549019607843590, 0.5176470588235293491 ) ;
#11602 = VERTEX_POINT ( 'NONE', #1248 ) ;
#11603 = PRESENTATION_LAYER_ASSIGNMENT (  '', '', ( #10635 ) ) ;
#11604 = ORIENTED_EDGE ( 'NONE', *, *, #10134, .T. ) ;
#11605 =( LENGTH_UNIT ( ) NAMED_UNIT ( * ) SI_UNIT ( .MILLI., .METRE. ) );
#11606 = CARTESIAN_POINT ( 'NONE',  ( 0.000000000000000000, -0.6974844531661972269, 1.500000000000000000 ) ) ;
#11607 = FACE_OUTER_BOUND ( 'NONE', #2888, .T. ) ;
#11608 = FILL_AREA_STYLE ('',( #4006 ) ) ;
#11609 = ADVANCED_FACE ( 'NONE', ( #4829 ), #6846, .T. ) ;
#11610 = ORIENTED_EDGE ( 'NONE', *, *, #1613, .F. ) ;
#11611 = ORIENTED_EDGE ( 'NONE', *, *, #8373, .T. ) ;
#11612 = AXIS2_PLACEMENT_3D ( 'NONE', #11973, #635, #8127 ) ;
#11613 = VERTEX_POINT ( 'NONE', #1309 ) ;
#11614 = FILL_AREA_STYLE ('',( #8819 ) ) ;
#11615 = LINE ( 'NONE', #10535, #5457 ) ;
#11616 = ORIENTED_EDGE ( 'NONE', *, *, #9632, .F. ) ;
#11617 = FACE_OUTER_BOUND ( 'NONE', #10947, .T. ) ;
#11618 = AXIS2_PLACEMENT_3D ( 'NONE', #10254, #6775, #11219 ) ;
#11619 = CARTESIAN_POINT ( 'NONE',  ( -0.6900000000000005018, -7.994982302604838331, 1.100000000000000089 ) ) ;
#11620 = CARTESIAN_POINT ( 'NONE',  ( -0.8500000000000026423, -1.999999999999997335, 1.200000000000000178 ) ) ;
#11621 = AXIS2_PLACEMENT_3D ( 'NONE', #10671, #5939, #451 ) ;
#11622 = SURFACE_SIDE_STYLE ('',( #7808 ) ) ;
#11623 = SURFACE_STYLE_FILL_AREA ( #3342 ) ;
#11624 = DIRECTION ( 'NONE',  ( 1.000000000000000000, 0.000000000000000000, 0.000000000000000000 ) ) ;
#11625 = ORIENTED_EDGE ( 'NONE', *, *, #3375, .F. ) ;
#11626 = STYLED_ITEM ( 'NONE', ( #10305 ), #8626 ) ;
#11627 = EDGE_CURVE ( 'NONE', #7154, #8965, #10201, .T. ) ;
#11628 = COLOUR_RGB ( '',1.000000000000000000, 1.000000000000000000, 0.5019607843137254832 ) ;
#11629 = ORIENTED_EDGE ( 'NONE', *, *, #8730, .T. ) ;
#11630 = VECTOR ( 'NONE', #10579, 1000.000000000000000 ) ;
#11631 = EDGE_CURVE ( 'NONE', #819, #8876, #11343, .T. ) ;
#11632 = CARTESIAN_POINT ( 'NONE',  ( 0.000000000000000000, 5.837225230594265568, 1.100000000000000089 ) ) ;
#11633 = DIRECTION ( 'NONE',  ( 0.000000000000000000, -1.000000000000000000, 0.000000000000000000 ) ) ;
#11634 = LINE ( 'NONE', #2612, #2912 ) ;
#11635 = FACE_OUTER_BOUND ( 'NONE', #7866, .T. ) ;
#11636 =( NAMED_UNIT ( * ) SI_UNIT ( $, .STERADIAN. ) SOLID_ANGLE_UNIT ( ) );
#11637 = CARTESIAN_POINT ( 'NONE',  ( 5.100000000000001421, -2.568682383288471538, 1.700000000000000178 ) ) ;
#11638 = VECTOR ( 'NONE', #9704, 1000.000000000000000 ) ;
#11639 = CARTESIAN_POINT ( 'NONE',  ( 3.200000000000001066, -2.468682383288471449, 1.700000000000000178 ) ) ;
#11640 = CARTESIAN_POINT ( 'NONE',  ( 0.000000000000000000, 8.869867354517255720, 1.100000000000000089 ) ) ;
#11641 = CARTESIAN_POINT ( 'NONE',  ( -5.192492299719079440, -2.288776141202243153, 1.500000000000000000 ) ) ;
#11642 = VECTOR ( 'NONE', #2016, 1000.000000000000000 ) ;
#11643 = VERTEX_POINT ( 'NONE', #1188 ) ;
#11644 = ORIENTED_EDGE ( 'NONE', *, *, #9728, .F. ) ;
#11645 = PRESENTATION_LAYER_ASSIGNMENT (  '', '', ( #3284 ) ) ;
#11646 = ADVANCED_FACE ( 'NONE', ( #8673 ), #3002, .F. ) ;
#11647 = DIRECTION ( 'NONE',  ( -0.000000000000000000, -0.000000000000000000, -1.000000000000000000 ) ) ;
#11648 = FACE_OUTER_BOUND ( 'NONE', #11546, .T. ) ;
#11649 = DIRECTION ( 'NONE',  ( -0.000000000000000000, -0.000000000000000000, -1.000000000000000000 ) ) ;
#11650 = DIRECTION ( 'NONE',  ( -0.000000000000000000, -0.000000000000000000, -1.000000000000000000 ) ) ;
#11651 = ORIENTED_EDGE ( 'NONE', *, *, #11755, .T. ) ;
#11652 = DIRECTION ( 'NONE',  ( -1.000000000000000000, -0.000000000000000000, -0.000000000000000000 ) ) ;
#11653 = DIRECTION ( 'NONE',  ( -0.000000000000000000, -0.000000000000000000, -1.000000000000000000 ) ) ;
#11654 = DIRECTION ( 'NONE',  ( 0.000000000000000000, 0.000000000000000000, -1.000000000000000000 ) ) ;
#11655 = VECTOR ( 'NONE', #4820, 1000.000000000000000 ) ;
#11656 = ORIENTED_EDGE ( 'NONE', *, *, #11758, .T. ) ;
#11657 = ORIENTED_EDGE ( 'NONE', *, *, #8567, .F. ) ;
#11658 = AXIS2_PLACEMENT_3D ( 'NONE', #3955, #4805, #10481 ) ;
#11659 = EDGE_CURVE ( 'NONE', #819, #8803, #9625, .T. ) ;
#11660 = FACE_OUTER_BOUND ( 'NONE', #891, .T. ) ;
#11661 = ORIENTED_EDGE ( 'NONE', *, *, #11592, .T. ) ;
#11662 = ORIENTED_EDGE ( 'NONE', *, *, #3413, .T. ) ;
#11663 = DIRECTION ( 'NONE',  ( 1.000000000000000000, 0.000000000000000000, 0.000000000000000000 ) ) ;
#11664 = CARTESIAN_POINT ( 'NONE',  ( -3.499999999999999112, -3.899999999999997247, 1.200000000000000178 ) ) ;
#11665 = FACE_OUTER_BOUND ( 'NONE', #289, .T. ) ;
#11666 = SURFACE_SIDE_STYLE ('',( #533 ) ) ;
#11667 = UNCERTAINTY_MEASURE_WITH_UNIT (LENGTH_MEASURE( 1.000000000000000082E-05 ), #11721, 'distance_accuracy_value', 'NONE');
#11668 = ORIENTED_EDGE ( 'NONE', *, *, #11500, .T. ) ;
#11669 = VECTOR ( 'NONE', #7932, 1000.000000000000000 ) ;
#11670 = EDGE_CURVE ( 'NONE', #9067, #197, #4461, .T. ) ;
#11671 = ORIENTED_EDGE ( 'NONE', *, *, #5056, .T. ) ;
#11672 = AXIS2_PLACEMENT_3D ( 'NONE', #1885, #6453, #9380 ) ;
#11673 = DIRECTION ( 'NONE',  ( 1.000000000000000000, -0.000000000000000000, 0.000000000000000000 ) ) ;
#11674 = FACE_OUTER_BOUND ( 'NONE', #7383, .T. ) ;
#11675 = CARTESIAN_POINT ( 'NONE',  ( 0.000000000000000000, 0.000000000000000000, 1.200000000000000178 ) ) ;
#11676 = ORIENTED_EDGE ( 'NONE', *, *, #8865, .T. ) ;
#11677 = DIRECTION ( 'NONE',  ( 0.000000000000000000, -0.000000000000000000, -1.000000000000000000 ) ) ;
#11678 = DIRECTION ( 'NONE',  ( 1.000000000000000000, 0.000000000000000000, 0.000000000000000000 ) ) ;
#11679 = FILL_AREA_STYLE_COLOUR ( '', #11601 ) ;
#11680 = CIRCLE ( 'NONE', #1963, 0.5000000000000008882 ) ;
#11681 = CARTESIAN_POINT ( 'NONE',  ( 5.905872757806901241, 2.856906106631964093, 1.100000000000000089 ) ) ;
#11682 = CARTESIAN_POINT ( 'NONE',  ( -2.897642652873967162, 5.837225230594265568, 1.000000000000000000 ) ) ;
#11683 =( LENGTH_UNIT ( ) NAMED_UNIT ( * ) SI_UNIT ( .MILLI., .METRE. ) );
#11684 = FACE_BOUND ( 'NONE', #5982, .T. ) ;
#11685 = DIRECTION ( 'NONE',  ( 1.000000000000000000, 0.000000000000000000, 0.000000000000000000 ) ) ;
#11686 = EDGE_LOOP ( 'NONE', ( #9819, #1563 ) ) ;
#11687 = ORIENTED_EDGE ( 'NONE', *, *, #4651, .F. ) ;
#11688 = VECTOR ( 'NONE', #7177, 1000.000000000000000 ) ;
#11689 = UNCERTAINTY_MEASURE_WITH_UNIT (LENGTH_MEASURE( 1.000000000000000082E-05 ), #8792, 'distance_accuracy_value', 'NONE');
#11690 = EDGE_CURVE ( 'NONE', #9557, #10031, #10790, .T. ) ;
#11691 = FACE_OUTER_BOUND ( 'NONE', #8758, .T. ) ;
#11692 = CARTESIAN_POINT ( 'NONE',  ( -1.400000000000002798, -1.499999999999997335, 1.000000000000000000 ) ) ;
#11693 = PLANE ( 'NONE',  #9716 ) ;
#11694 = DIRECTION ( 'NONE',  ( 0.000000000000000000, 0.000000000000000000, 1.000000000000000000 ) ) ;
#11695 = FACE_OUTER_BOUND ( 'NONE', #4669, .T. ) ;
#11696 =( NAMED_UNIT ( * ) PLANE_ANGLE_UNIT ( ) SI_UNIT ( $, .RADIAN. ) );
#11697 = DIRECTION ( 'NONE',  ( 1.000000000000000000, 0.000000000000000000, 0.000000000000000000 ) ) ;
#11698 = CARTESIAN_POINT ( 'NONE',  ( -4.502035936607396316, 5.837225230594265568, 1.100000000000000089 ) ) ;
#11699 = CARTESIAN_POINT ( 'NONE',  ( 4.800000000000000711, -2.368682383288471360, 1.600000000000000089 ) ) ;
#11700 = VERTEX_POINT ( 'NONE', #6276 ) ;
#11701 =( GEOMETRIC_REPRESENTATION_CONTEXT ( 3 ) GLOBAL_UNCERTAINTY_ASSIGNED_CONTEXT ( ( #3265 ) ) GLOBAL_UNIT_ASSIGNED_CONTEXT ( ( #2842, #9188, #1017 ) ) REPRESENTATION_CONTEXT ( 'NONE', 'WORKASPACE' ) );
#11702 = ORIENTED_EDGE ( 'NONE', *, *, #9053, .F. ) ;
#11703 = EDGE_CURVE ( 'NONE', #6666, #244, #513, .T. ) ;
#11704 = CARTESIAN_POINT ( 'NONE',  ( -1.185447166564339794, -0.6974844531661972269, 1.399999999999999911 ) ) ;
#11705 = CARTESIAN_POINT ( 'NONE',  ( 0.4999999999999913403, -3.349999999999997424, 1.200000000000000178 ) ) ;
#11706 = VERTEX_POINT ( 'NONE', #5182 ) ;
#11707 = ADVANCED_FACE ( 'NONE', ( #7018 ), #1534, .F. ) ;
#11708 = CARTESIAN_POINT ( 'NONE',  ( 0.4999999999999976130, -5.999999999999997335, 1.800000000000000044 ) ) ;
#11709 = AXIS2_PLACEMENT_3D ( 'NONE', #3564, #3630, #7349 ) ;
#11710 = SURFACE_STYLE_USAGE ( .BOTH. , #5081 ) ;
#11711 = EDGE_CURVE ( 'NONE', #6940, #6286, #1068, .T. ) ;
#11712 = EDGE_LOOP ( 'NONE', ( #8438, #4740, #4844, #378 ) ) ;
#11713 = ORIENTED_EDGE ( 'NONE', *, *, #6171, .F. ) ;
#11714 = AXIS2_PLACEMENT_3D ( 'NONE', #8504, #1195, #3989 ) ;
#11715 = EDGE_CURVE ( 'NONE', #809, #8240, #5359, .T. ) ;
#11716 = CARTESIAN_POINT ( 'NONE',  ( -2.897642652873967162, 5.837225230594265568, 1.100000000000000089 ) ) ;
#11717 = ORIENTED_EDGE ( 'NONE', *, *, #10441, .F. ) ;
#11718 = VERTEX_POINT ( 'NONE', #9997 ) ;
#11719 = SURFACE_STYLE_FILL_AREA ( #10866 ) ;
#11720 = SURFACE_SIDE_STYLE ('',( #9901 ) ) ;
#11721 =( LENGTH_UNIT ( ) NAMED_UNIT ( * ) SI_UNIT ( .MILLI., .METRE. ) );
#11722 = AXIS2_PLACEMENT_3D ( 'NONE', #6839, #3803, #5002 ) ;
#11723 = ORIENTED_EDGE ( 'NONE', *, *, #9731, .T. ) ;
#11724 = EDGE_CURVE ( 'NONE', #1967, #9381, #4336, .T. ) ;
#11725 = ORIENTED_EDGE ( 'NONE', *, *, #7549, .F. ) ;
#11726 = STYLED_ITEM ( 'NONE', ( #3477 ), #4239 ) ;
#11727 = VERTEX_POINT ( 'NONE', #621 ) ;
#11728 = AXIS2_PLACEMENT_3D ( 'NONE', #4273, #1357, #5061 ) ;
#11729 = DIRECTION ( 'NONE',  ( -0.000000000000000000, -0.000000000000000000, -1.000000000000000000 ) ) ;
#11730 = VERTEX_POINT ( 'NONE', #9088 ) ;
#11731 = DIRECTION ( 'NONE',  ( -0.000000000000000000, -0.000000000000000000, 1.000000000000000000 ) ) ;
#11732 = FILL_AREA_STYLE ('',( #716 ) ) ;
#11733 = DIRECTION ( 'NONE',  ( 1.000000000000000000, 0.000000000000000000, 0.000000000000000000 ) ) ;
#11734 = LINE ( 'NONE', #7919, #3440 ) ;
#11735 = PRESENTATION_LAYER_ASSIGNMENT (  '', '', ( #11167 ) ) ;
#11736 = VECTOR ( 'NONE', #309, 1000.000000000000000 ) ;
#11737 = SURFACE_STYLE_USAGE ( .BOTH. , #3220 ) ;
#11738 = LINE ( 'NONE', #663, #11978 ) ;
#11739 = ORIENTED_EDGE ( 'NONE', *, *, #10876, .F. ) ;
#11740 = ORIENTED_EDGE ( 'NONE', *, *, #564, .T. ) ;
#11741 = VECTOR ( 'NONE', #5936, 1000.000000000000000 ) ;
#11742 = AXIS2_PLACEMENT_3D ( 'NONE', #11756, #1481, #5242 ) ;
#11743 = AXIS2_PLACEMENT_3D ( 'NONE', #10135, #10067, #8375 ) ;
#11744 = FACE_OUTER_BOUND ( 'NONE', #11779, .T. ) ;
#11745 = ORIENTED_EDGE ( 'NONE', *, *, #6498, .F. ) ;
#11746 = DIRECTION ( 'NONE',  ( -0.000000000000000000, -0.000000000000000000, -1.000000000000000000 ) ) ;
#11747 = LINE ( 'NONE', #8168, #8740 ) ;
#11748 = CARTESIAN_POINT ( 'NONE',  ( -3.302035936607394362, -4.815388332950267844E-16, 1.100000000000000089 ) ) ;
#11749 = DIRECTION ( 'NONE',  ( 1.000000000000000000, 0.000000000000000000, 0.000000000000000000 ) ) ;
#11750 = SURFACE_STYLE_USAGE ( .BOTH. , #8843 ) ;
#11751 = FILL_AREA_STYLE_COLOUR ( '', #10686 ) ;
#11752 = FACE_OUTER_BOUND ( 'NONE', #3442, .T. ) ;
#11753 = CARTESIAN_POINT ( 'NONE',  ( 0.000000000000000000, 0.05721166191411014568, 1.399999999999999911 ) ) ;
#11754 = SURFACE_SIDE_STYLE ('',( #4152 ) ) ;
#11755 = EDGE_CURVE ( 'NONE', #8329, #258, #3234, .T. ) ;
#11756 = CARTESIAN_POINT ( 'NONE',  ( 0.000000000000000000, -2.389077535132158481, 1.500000000000000000 ) ) ;
#11757 = STYLED_ITEM ( 'NONE', ( #7691 ), #11891 ) ;
#11758 = EDGE_CURVE ( 'NONE', #1523, #27, #2494, .T. ) ;
#11759 = PRESENTATION_LAYER_ASSIGNMENT (  '', '', ( #2040 ) ) ;
#11760 = ORIENTED_EDGE ( 'NONE', *, *, #6458, .T. ) ;
#11761 = ORIENTED_EDGE ( 'NONE', *, *, #105, .F. ) ;
#11762 = VECTOR ( 'NONE', #2141, 1000.000000000000000 ) ;
#11763 = DIRECTION ( 'NONE',  ( -0.000000000000000000, -0.000000000000000000, 1.000000000000000000 ) ) ;
#11764 = CARTESIAN_POINT ( 'NONE',  ( -5.000000000000000888, -7.994982302604838331, 0.000000000000000000 ) ) ;
#11765 = PRESENTATION_LAYER_ASSIGNMENT (  '', '', ( #11757 ) ) ;
#11766 = PLANE ( 'NONE',  #2275 ) ;
#11767 = COLOUR_RGB ( '',1.000000000000000000, 1.000000000000000000, 0.000000000000000000 ) ;
#11768 = CARTESIAN_POINT ( 'NONE',  ( 2.499404446409628111, -7.994982302604838331, 1.000000000000000000 ) ) ;
#11769 = ORIENTED_EDGE ( 'NONE', *, *, #1598, .F. ) ;
#11770 = CARTESIAN_POINT ( 'NONE',  ( -3.850595553590371534, -7.994982302604838331, 1.000000000000000000 ) ) ;
#11771 = DIRECTION ( 'NONE',  ( 0.000000000000000000, 0.000000000000000000, -1.000000000000000000 ) ) ;
#11772 = DIRECTION ( 'NONE',  ( 1.000000000000000000, 0.000000000000000000, -0.000000000000000000 ) ) ;
#11773 = ADVANCED_FACE ( 'NONE', ( #8046 ), #3423, .F. ) ;
#11774 = ORIENTED_EDGE ( 'NONE', *, *, #7139, .F. ) ;
#11775 = VERTEX_POINT ( 'NONE', #9817 ) ;
#11776 = EDGE_CURVE ( 'NONE', #9245, #3153, #2741, .T. ) ;
#11777 = EDGE_CURVE ( 'NONE', #1567, #11600, #5742, .T. ) ;
#11778 = CARTESIAN_POINT ( 'NONE',  ( 4.719581602308915436, 0.1572116619141101512, 1.000000000000000000 ) ) ;
#11779 = EDGE_LOOP ( 'NONE', ( #10869, #3258, #1817, #11676 ) ) ;
#11780 = ORIENTED_EDGE ( 'NONE', *, *, #3080, .F. ) ;
#11781 = PRESENTATION_STYLE_ASSIGNMENT (( #3504 ) ) ;
#11782 =( NAMED_UNIT ( * ) PLANE_ANGLE_UNIT ( ) SI_UNIT ( $, .RADIAN. ) );
#11783 = CARTESIAN_POINT ( 'NONE',  ( -4.902035936607394007, -1.615046105591286940E-15, 1.000000000000000000 ) ) ;
#11784 = PLANE ( 'NONE',  #9587 ) ;
#11785 = VECTOR ( 'NONE', #7233, 1000.000000000000000 ) ;
#11786 = PRESENTATION_LAYER_ASSIGNMENT (  '', '', ( #11210 ) ) ;
#11787 = DIRECTION ( 'NONE',  ( 0.000000000000000000, 0.000000000000000000, -1.000000000000000000 ) ) ;
#11788 = UNCERTAINTY_MEASURE_WITH_UNIT (LENGTH_MEASURE( 1.000000000000000082E-05 ), #7794, 'distance_accuracy_value', 'NONE');
#11789 = EDGE_LOOP ( 'NONE', ( #9441, #10589, #7298, #8597 ) ) ;
#11790 = EDGE_LOOP ( 'NONE', ( #10683, #2324, #6533, #2624 ) ) ;
#11791 = DIRECTION ( 'NONE',  ( 0.000000000000000000, -0.000000000000000000, 1.000000000000000000 ) ) ;
#11792 =( GEOMETRIC_REPRESENTATION_CONTEXT ( 3 ) GLOBAL_UNCERTAINTY_ASSIGNED_CONTEXT ( ( #9301 ) ) GLOBAL_UNIT_ASSIGNED_CONTEXT ( ( #8152, #9974, #2660 ) ) REPRESENTATION_CONTEXT ( 'NONE', 'WORKASPACE' ) );
#11793 = DIRECTION ( 'NONE',  ( -1.000000000000000000, 0.000000000000000000, 0.000000000000000000 ) ) ;
#11794 = VERTEX_POINT ( 'NONE', #10054 ) ;
#11795 = DIRECTION ( 'NONE',  ( 1.000000000000000000, 3.294643545002303750E-16, -0.000000000000000000 ) ) ;
#11796 = PLANE ( 'NONE',  #25 ) ;
#11797 = CARTESIAN_POINT ( 'NONE',  ( 5.905872757806901241, 2.856906106631964093, 0.000000000000000000 ) ) ;
#11798 = CARTESIAN_POINT ( 'NONE',  ( 3.500000000000000888, -2.768682383288471271, 1.700000000000000178 ) ) ;
#11799 = LINE ( 'NONE', #8284, #11688 ) ;
#11800 = STYLED_ITEM ( 'NONE', ( #11269 ), #1877 ) ;
#11801 = PLANE ( 'NONE',  #10470 ) ;
#11802 = CYLINDRICAL_SURFACE ( 'NONE', #666, 0.1804541357933973911 ) ;
#11803 = VECTOR ( 'NONE', #1796, 1000.000000000000000 ) ;
#11804 = DIRECTION ( 'NONE',  ( -0.000000000000000000, -0.000000000000000000, -1.000000000000000000 ) ) ;
#11805 = ORIENTED_EDGE ( 'NONE', *, *, #5578, .T. ) ;
#11806 = DIRECTION ( 'NONE',  ( -1.445602896647339163E-16, 1.000000000000000000, 0.000000000000000000 ) ) ;
#11807 = ORIENTED_EDGE ( 'NONE', *, *, #11122, .T. ) ;
#11808 = MECHANICAL_DESIGN_GEOMETRIC_PRESENTATION_REPRESENTATION (  '', ( #8704 ), #10269 ) ;
#11809 = DIRECTION ( 'NONE',  ( 1.000000000000000000, 0.000000000000000000, 0.000000000000000000 ) ) ;
#11810 = VECTOR ( 'NONE', #11654, 1000.000000000000000 ) ;
#11811 = EDGE_CURVE ( 'NONE', #7536, #7269, #6508, .T. ) ;
#11812 = ORIENTED_EDGE ( 'NONE', *, *, #10265, .F. ) ;
#11813 = DIRECTION ( 'NONE',  ( 1.000000000000000000, 0.000000000000000000, 0.000000000000000000 ) ) ;
#11814 = LINE ( 'NONE', #3474, #10107 ) ;
#11815 = EDGE_CURVE ( 'NONE', #9184, #3270, #3725, .T. ) ;
#11816 = LINE ( 'NONE', #2053, #2981 ) ;
#11817 = CARTESIAN_POINT ( 'NONE',  ( 2.470595553590371196, -7.994982302604838331, 1.100000000000000089 ) ) ;
#11818 = FILL_AREA_STYLE_COLOUR ( '', #10847 ) ;
#11819 = SURFACE_STYLE_FILL_AREA ( #6960 ) ;
#11820 = PLANE ( 'NONE',  #4526 ) ;
#11821 = DIRECTION ( 'NONE',  ( -0.000000000000000000, -0.000000000000000000, -1.000000000000000000 ) ) ;
#11822 = STYLED_ITEM ( 'NONE', ( #7067 ), #1471 ) ;
#11823 = EDGE_LOOP ( 'NONE', ( #6570, #4193, #9964, #7095, #3137, #6412 ) ) ;
#11824 = MECHANICAL_DESIGN_GEOMETRIC_PRESENTATION_REPRESENTATION (  '', ( #3462 ), #3076 ) ;
#11825 = VERTEX_POINT ( 'NONE', #11957 ) ;
#11826 = UNCERTAINTY_MEASURE_WITH_UNIT (LENGTH_MEASURE( 1.000000000000000082E-05 ), #9459, 'distance_accuracy_value', 'NONE');
#11827 = EDGE_CURVE ( 'NONE', #9513, #4783, #2621, .T. ) ;
#11828 = PRESENTATION_LAYER_ASSIGNMENT (  '', '', ( #11626 ) ) ;
#11829 = LINE ( 'NONE', #11965, #9789 ) ;
#11830 = CARTESIAN_POINT ( 'NONE',  ( -0.8500000000000026423, -5.999999999999997335, 1.200000000000000178 ) ) ;
#11831 = DIRECTION ( 'NONE',  ( 1.000000000000000000, 0.000000000000000000, 0.000000000000000000 ) ) ;
#11833 = EDGE_CURVE ( 'NONE', #7044, #10022, #2861, .T. ) ;
#11832 = FACE_OUTER_BOUND ( 'NONE', #2565, .T. ) ;
#11834 = PLANE ( 'NONE',  #5114 ) ;
#11835 = ORIENTED_EDGE ( 'NONE', *, *, #5822, .F. ) ;
#11836 = CARTESIAN_POINT ( 'NONE',  ( -2.700000000000003286, -5.999999999999997335, 1.200000000000000178 ) ) ;
#11837 = FACE_OUTER_BOUND ( 'NONE', #1387, .T. ) ;
#11838 = CARTESIAN_POINT ( 'NONE',  ( -0.7182825874325393656, 8.869867354517255720, 1.000000000000000000 ) ) ;
#11839 = CARTESIAN_POINT ( 'NONE',  ( -0.3000000000000025424, -6.499999999999997335, 1.200000000000000178 ) ) ;
#11840 = EDGE_CURVE ( 'NONE', #11775, #8386, #9276, .T. ) ;
#11841 = ORIENTED_EDGE ( 'NONE', *, *, #3067, .F. ) ;
#11842 = CIRCLE ( 'NONE', #6394, 0.1999999999999996503 ) ;
#11843 = VERTEX_POINT ( 'NONE', #7382 ) ;
#11844 = VERTEX_POINT ( 'NONE', #11889 ) ;
#11845 = ADVANCED_FACE ( 'NONE', ( #4647 ), #4699, .T. ) ;
#11846 = DIRECTION ( 'NONE',  ( -0.000000000000000000, -0.000000000000000000, 1.000000000000000000 ) ) ;
#11847 =( GEOMETRIC_REPRESENTATION_CONTEXT ( 3 ) GLOBAL_UNCERTAINTY_ASSIGNED_CONTEXT ( ( #11060 ) ) GLOBAL_UNIT_ASSIGNED_CONTEXT ( ( #4275, #8957, #6344 ) ) REPRESENTATION_CONTEXT ( 'NONE', 'WORKASPACE' ) );
#11848 = ORIENTED_EDGE ( 'NONE', *, *, #10505, .T. ) ;
#11849 = CIRCLE ( 'NONE', #2123, 0.5000000000000004441 ) ;
#11850 = ORIENTED_EDGE ( 'NONE', *, *, #11537, .T. ) ;
#11851 = CARTESIAN_POINT ( 'NONE',  ( -1.310595553590371720, -7.994982302604838331, 1.100000000000000089 ) ) ;
#11852 = LINE ( 'NONE', #1679, #1968 ) ;
#11853 = CARTESIAN_POINT ( 'NONE',  ( 5.219581602308915436, 0.1572116619141101512, 1.500000000000000000 ) ) ;
#11854 = MECHANICAL_DESIGN_GEOMETRIC_PRESENTATION_REPRESENTATION (  '', ( #4498 ), #8164 ) ;
#11855 = CARTESIAN_POINT ( 'NONE',  ( -3.500000000000003997, -4.999999999999997335, 1.200000000000000178 ) ) ;
#11856 = ORIENTED_EDGE ( 'NONE', *, *, #6557, .F. ) ;
#11857 = VECTOR ( 'NONE', #5672, 1000.000000000000000 ) ;
#11858 = ORIENTED_EDGE ( 'NONE', *, *, #10757, .T. ) ;
#11859 = CARTESIAN_POINT ( 'NONE',  ( 2.671213910048264584, 2.295341782195420954, 0.000000000000000000 ) ) ;
#11860 = DIRECTION ( 'NONE',  ( 1.458308881367818673E-16, -1.000000000000000000, 0.000000000000000000 ) ) ;
#11861 = ORIENTED_EDGE ( 'NONE', *, *, #10779, .F. ) ;
#11862 = PRESENTATION_STYLE_ASSIGNMENT (( #5340 ) ) ;
#11863 = DIRECTION ( 'NONE',  ( -1.000000000000000000, 0.000000000000000000, -0.000000000000000000 ) ) ;
#11864 = DIRECTION ( 'NONE',  ( 0.000000000000000000, 1.000000000000000000, 0.000000000000000000 ) ) ;
#11865 = PRESENTATION_LAYER_ASSIGNMENT (  '', '', ( #6813 ) ) ;
#11866 = DIRECTION ( 'NONE',  ( 0.000000000000000000, -0.000000000000000000, 1.000000000000000000 ) ) ;
#11867 = EDGE_CURVE ( 'NONE', #3625, #11128, #2804, .T. ) ;
#11868 = FACE_OUTER_BOUND ( 'NONE', #6127, .T. ) ;
#11869 = DIRECTION ( 'NONE',  ( -0.000000000000000000, -0.000000000000000000, -1.000000000000000000 ) ) ;
#11870 = LINE ( 'NONE', #4508, #6964 ) ;
#11871 = EDGE_CURVE ( 'NONE', #11718, #6238, #11211, .T. ) ;
#11872 = AXIS2_PLACEMENT_3D ( 'NONE', #9200, #84, #12004 ) ;
#11873 = VERTEX_POINT ( 'NONE', #7501 ) ;
#11874 = SURFACE_SIDE_STYLE ('',( #5538 ) ) ;
#11875 = EDGE_LOOP ( 'NONE', ( #8258, #6532, #9367, #6730 ) ) ;
#11876 = VECTOR ( 'NONE', #10741, 1000.000000000000000 ) ;
#11877 = ADVANCED_FACE ( 'NONE', ( #5678 ), #9211, .F. ) ;
#11878 = AXIS2_PLACEMENT_3D ( 'NONE', #9087, #9328, #1771 ) ;
#11879 = SURFACE_SIDE_STYLE ('',( #3412 ) ) ;
#11880 = ORIENTED_EDGE ( 'NONE', *, *, #8145, .F. ) ;
#11881 = SURFACE_STYLE_USAGE ( .BOTH. , #9269 ) ;
#11882 = CARTESIAN_POINT ( 'NONE',  ( 0.000000000000000000, 1.550099785732223845, 1.500000000000000000 ) ) ;
#11883 = AXIS2_PLACEMENT_3D ( 'NONE', #10202, #8384, #60 ) ;
#11884 = CYLINDRICAL_SURFACE ( 'NONE', #3262, 0.1494257208329539954 ) ;
#11885 = CARTESIAN_POINT ( 'NONE',  ( -1.960000000000000409, -7.994982302604838331, 1.100000000000000089 ) ) ;
#11886 = CARTESIAN_POINT ( 'NONE',  ( -3.879404446409629337, -7.994982302604838331, 1.100000000000000089 ) ) ;
#11887 = FACE_OUTER_BOUND ( 'NONE', #4191, .T. ) ;
#11888 = CARTESIAN_POINT ( 'NONE',  ( -3.302035936607395694, 8.469867354517257141, 1.100000000000000089 ) ) ;
#11889 = CARTESIAN_POINT ( 'NONE',  ( 5.000000000000000888, -5.068682383288471982, 1.800000000000000266 ) ) ;
#11890 = VERTEX_POINT ( 'NONE', #863 ) ;
#11891 = ADVANCED_FACE ( 'NONE', ( #8175 ), #4591, .T. ) ;
#11892 = EDGE_CURVE ( 'NONE', #27, #4283, #1174, .T. ) ;
#11893 = VERTEX_POINT ( 'NONE', #9573 ) ;
#11894 = ADVANCED_FACE ( 'NONE', ( #11396 ), #3849, .F. ) ;
#11895 = VECTOR ( 'NONE', #1921, 1000.000000000000000 ) ;
#11896 = CYLINDRICAL_SURFACE ( 'NONE', #466, 0.1999999999999996503 ) ;
#11897 = FACE_OUTER_BOUND ( 'NONE', #11922, .T. ) ;
#11898 = DIRECTION ( 'NONE',  ( 0.000000000000000000, -1.000000000000000000, 0.000000000000000000 ) ) ;
#11899 = LINE ( 'NONE', #5565, #3555 ) ;
#11900 = EDGE_LOOP ( 'NONE', ( #11457, #9212, #2762, #6449 ) ) ;
#11901 =( GEOMETRIC_REPRESENTATION_CONTEXT ( 3 ) GLOBAL_UNCERTAINTY_ASSIGNED_CONTEXT ( ( #2426 ) ) GLOBAL_UNIT_ASSIGNED_CONTEXT ( ( #4061, #636, #8978 ) ) REPRESENTATION_CONTEXT ( 'NONE', 'WORKASPACE' ) );
#11902 = FACE_OUTER_BOUND ( 'NONE', #2685, .T. ) ;
#11903 =( LENGTH_UNIT ( ) NAMED_UNIT ( * ) SI_UNIT ( .MILLI., .METRE. ) );
#11904 = LINE ( 'NONE', #10978, #5985 ) ;
#11905 = DIRECTION ( 'NONE',  ( 0.000000000000000000, -1.000000000000000000, 0.000000000000000000 ) ) ;
#11906 = EDGE_CURVE ( 'NONE', #7562, #11992, #4931, .T. ) ;
#11907 = VECTOR ( 'NONE', #841, 1000.000000000000000 ) ;
#11908 = ORIENTED_EDGE ( 'NONE', *, *, #7458, .T. ) ;
#11909 = ORIENTED_EDGE ( 'NONE', *, *, #9773, .T. ) ;
#11910 = ORIENTED_EDGE ( 'NONE', *, *, #11035, .T. ) ;
#11911 = VECTOR ( 'NONE', #1059, 1000.000000000000000 ) ;
#11912 =( GEOMETRIC_REPRESENTATION_CONTEXT ( 3 ) GLOBAL_UNCERTAINTY_ASSIGNED_CONTEXT ( ( #11667 ) ) GLOBAL_UNIT_ASSIGNED_CONTEXT ( ( #11721, #9723, #2285 ) ) REPRESENTATION_CONTEXT ( 'NONE', 'WORKASPACE' ) );
#11913 = FACE_OUTER_BOUND ( 'NONE', #5243, .T. ) ;
#11914 = ORIENTED_EDGE ( 'NONE', *, *, #413, .T. ) ;
#11915 = ORIENTED_EDGE ( 'NONE', *, *, #4036, .T. ) ;
#11916 =( NAMED_UNIT ( * ) PLANE_ANGLE_UNIT ( ) SI_UNIT ( $, .RADIAN. ) );
#11917 = CARTESIAN_POINT ( 'NONE',  ( -2.150000000000003020, -1.499999999999997335, 1.200000000000000178 ) ) ;
#11918 = LINE ( 'NONE', #7161, #355 ) ;
#11919 = SURFACE_SIDE_STYLE ('',( #952 ) ) ;
#11920 =( NAMED_UNIT ( * ) SI_UNIT ( $, .STERADIAN. ) SOLID_ANGLE_UNIT ( ) );
#11921 = UNCERTAINTY_MEASURE_WITH_UNIT (LENGTH_MEASURE( 1.000000000000000082E-05 ), #7769, 'distance_accuracy_value', 'NONE');
#11922 = EDGE_LOOP ( 'NONE', ( #5787, #8613, #9907, #1690 ) ) ;
#11923 = EDGE_CURVE ( 'NONE', #2122, #4778, #681, .T. ) ;
#11924 = PRESENTATION_LAYER_ASSIGNMENT (  '', '', ( #9774 ) ) ;
#11925 = ADVANCED_FACE ( 'NONE', ( #7627 ), #11328, .T. ) ;
#11926 =( LENGTH_UNIT ( ) NAMED_UNIT ( * ) SI_UNIT ( .MILLI., .METRE. ) );
#11927 = CARTESIAN_POINT ( 'NONE',  ( 1.850000000000000089, -7.994982302604838331, 0.000000000000000000 ) ) ;
#11928 = VERTEX_POINT ( 'NONE', #3467 ) ;
#11929 = ORIENTED_EDGE ( 'NONE', *, *, #2444, .F. ) ;
#11930 = LINE ( 'NONE', #6442, #3782 ) ;
#11931 = PRESENTATION_LAYER_ASSIGNMENT (  '', '', ( #2383 ) ) ;
#11932 = CARTESIAN_POINT ( 'NONE',  ( -2.150000000000003020, -6.499999999999997335, 1.200000000000000178 ) ) ;
#11933 = DIRECTION ( 'NONE',  ( 0.000000000000000000, 0.000000000000000000, -1.000000000000000000 ) ) ;
#11934 = DIRECTION ( 'NONE',  ( 1.000000000000000000, 0.000000000000000000, 0.000000000000000000 ) ) ;
#11935 = CARTESIAN_POINT ( 'NONE',  ( -0.2854471665643398826, -0.6974844531661972269, 1.500000000000000000 ) ) ;
#11936 =( NAMED_UNIT ( * ) SI_UNIT ( $, .STERADIAN. ) SOLID_ANGLE_UNIT ( ) );
#11937 = EDGE_CURVE ( 'NONE', #9392, #500, #7179, .T. ) ;
#11938 = AXIS2_PLACEMENT_3D ( 'NONE', #11324, #9452, #5918 ) ;
#11939 = ORIENTED_EDGE ( 'NONE', *, *, #1024, .F. ) ;
#11940 = DIRECTION ( 'NONE',  ( 1.000000000000000000, -0.000000000000000000, 0.000000000000000000 ) ) ;
#11941 = AXIS2_PLACEMENT_3D ( 'NONE', #794, #11949, #8233 ) ;
#11942 = ORIENTED_EDGE ( 'NONE', *, *, #983, .T. ) ;
#11943 = MECHANICAL_DESIGN_GEOMETRIC_PRESENTATION_REPRESENTATION (  '', ( #8635 ), #5318 ) ;
#11944 = EDGE_CURVE ( 'NONE', #8178, #1970, #1348, .T. ) ;
#11945 = ORIENTED_EDGE ( 'NONE', *, *, #3387, .F. ) ;
#11946 = LINE ( 'NONE', #6400, #8365 ) ;
#11947 = TOROIDAL_SURFACE ( 'NONE', #2220, 0.4000000000000000222, 0.1000000000000000056 ) ;
#11948 = CARTESIAN_POINT ( 'NONE',  ( -0.3182825874325386217, -1.160385810094001064E-17, 1.100000000000000089 ) ) ;
#11949 = DIRECTION ( 'NONE',  ( -0.000000000000000000, -0.000000000000000000, 1.000000000000000000 ) ) ;
#11950 = DIRECTION ( 'NONE',  ( -0.000000000000000000, 0.000000000000000000, 1.000000000000000000 ) ) ;
#11951 = CYLINDRICAL_SURFACE ( 'NONE', #2310, 0.6205955535903713294 ) ;
#11952 = AXIS2_PLACEMENT_3D ( 'NONE', #3380, #7041, #2400 ) ;
#11953 = CARTESIAN_POINT ( 'NONE',  ( 4.871213910048265205, 2.295341782195420954, 1.000000000000000000 ) ) ;
#11954 = DIRECTION ( 'NONE',  ( 0.000000000000000000, -1.000000000000000000, 0.000000000000000000 ) ) ;
#11955 =( NAMED_UNIT ( * ) PLANE_ANGLE_UNIT ( ) SI_UNIT ( $, .RADIAN. ) );
#11956 = STYLED_ITEM ( 'NONE', ( #5349 ), #726 ) ;
#11957 = CARTESIAN_POINT ( 'NONE',  ( -2.500000000000003109, -5.999999999999997335, 1.200000000000000178 ) ) ;
#11958 = PRESENTATION_LAYER_ASSIGNMENT (  '', '', ( #8446 ) ) ;
#11959 = VERTEX_POINT ( 'NONE', #9746 ) ;
#11960 = PRESENTATION_LAYER_ASSIGNMENT (  '', '', ( #6908 ) ) ;
#11961 =( GEOMETRIC_REPRESENTATION_CONTEXT ( 3 ) GLOBAL_UNCERTAINTY_ASSIGNED_CONTEXT ( ( #10689 ) ) GLOBAL_UNIT_ASSIGNED_CONTEXT ( ( #4914, #6810, #3831 ) ) REPRESENTATION_CONTEXT ( 'NONE', 'WORKASPACE' ) );
#11962 = ORIENTED_EDGE ( 'NONE', *, *, #3067, .T. ) ;
#11963 = AXIS2_PLACEMENT_3D ( 'NONE', #3248, #9100, #6165 ) ;
#11964 = SURFACE_STYLE_FILL_AREA ( #2686 ) ;
#11965 = CARTESIAN_POINT ( 'NONE',  ( -1.697642652873966318, 8.469867354517257141, 1.100000000000000089 ) ) ;
#11966 = LINE ( 'NONE', #157, #1353 ) ;
#11967 = DIRECTION ( 'NONE',  ( 0.000000000000000000, 1.000000000000000000, 0.000000000000000000 ) ) ;
#11968 = EDGE_LOOP ( 'NONE', ( #2269, #7967, #1701, #3319 ) ) ;
#11969 = CARTESIAN_POINT ( 'NONE',  ( -1.697642652873965874, 5.496005818493205908, 1.100000000000000089 ) ) ;
#11970 = VECTOR ( 'NONE', #7074, 1000.000000000000000 ) ;
#11971 = SURFACE_STYLE_USAGE ( .BOTH. , #11222 ) ;
#11972 = STYLED_ITEM ( 'NONE', ( #4150 ), #10769 ) ;
#11973 = CARTESIAN_POINT ( 'NONE',  ( -1.814552833435666201, 0.000000000000000000, 1.399999999999999911 ) ) ;
#11974 = DIRECTION ( 'NONE',  ( -0.000000000000000000, -1.000000000000000000, -0.000000000000000000 ) ) ;
#11975 = VERTEX_POINT ( 'NONE', #8769 ) ;
#11976 = STYLED_ITEM ( 'NONE', ( #12023 ), #3224 ) ;
#11977 = ORIENTED_EDGE ( 'NONE', *, *, #11192, .T. ) ;
#11978 = VECTOR ( 'NONE', #3406, 1000.000000000000000 ) ;
#11979 = VECTOR ( 'NONE', #5860, 1000.000000000000000 ) ;
#11980 = LINE ( 'NONE', #10989, #11248 ) ;
#11981 = PRESENTATION_STYLE_ASSIGNMENT (( #1737 ) ) ;
#11982 = VERTEX_POINT ( 'NONE', #5051 ) ;
#11983 = ORIENTED_EDGE ( 'NONE', *, *, #6128, .F. ) ;
#11984 = LINE ( 'NONE', #1960, #1837 ) ;
#11985 = FACE_OUTER_BOUND ( 'NONE', #9469, .T. ) ;
#11986 = LINE ( 'NONE', #8203, #6364 ) ;
#11987 = CYLINDRICAL_SURFACE ( 'NONE', #6468, 0.5000000000000008882 ) ;
#11988 = CARTESIAN_POINT ( 'NONE',  ( -5.302035936607395250, -8.495872950595002875E-16, 1.100000000000000089 ) ) ;
#11989 = ORIENTED_EDGE ( 'NONE', *, *, #38, .T. ) ;
#11990 = LINE ( 'NONE', #1627, #9471 ) ;
#11991 = EDGE_CURVE ( 'NONE', #4346, #10794, #2480, .T. ) ;
#11992 = VERTEX_POINT ( 'NONE', #2535 ) ;
#11993 = ORIENTED_EDGE ( 'NONE', *, *, #10484, .T. ) ;
#11994 = EDGE_CURVE ( 'NONE', #11825, #3035, #7864, .T. ) ;
#11995 = FACE_OUTER_BOUND ( 'NONE', #6628, .T. ) ;
#11996 = DIRECTION ( 'NONE',  ( -0.000000000000000000, -0.000000000000000000, 1.000000000000000000 ) ) ;
#11997 = LINE ( 'NONE', #10465, #7422 ) ;
#11998 = CARTESIAN_POINT ( 'NONE',  ( -3.500000000000003109, -4.099999999999996092, 1.000000000000000000 ) ) ;
#11999 = CARTESIAN_POINT ( 'NONE',  ( 0.4999999999999931721, -3.899999999999997247, 1.000000000000000000 ) ) ;
#12000 = SURFACE_STYLE_USAGE ( .BOTH. , #4628 ) ;
#12001 =( NAMED_UNIT ( * ) SI_UNIT ( $, .STERADIAN. ) SOLID_ANGLE_UNIT ( ) );
#12002 = ORIENTED_EDGE ( 'NONE', *, *, #11076, .F. ) ;
#12003 = ORIENTED_EDGE ( 'NONE', *, *, #10247, .T. ) ;
#12004 = DIRECTION ( 'NONE',  ( 1.000000000000000000, 0.000000000000000000, 0.000000000000000000 ) ) ;
#12005 = ORIENTED_EDGE ( 'NONE', *, *, #6876, .F. ) ;
#12006 = DIRECTION ( 'NONE',  ( -0.000000000000000000, 0.000000000000000000, -1.000000000000000000 ) ) ;
#12007 = SURFACE_STYLE_FILL_AREA ( #7434 ) ;
#12008 =( NAMED_UNIT ( * ) SI_UNIT ( $, .STERADIAN. ) SOLID_ANGLE_UNIT ( ) );
#12009 = CIRCLE ( 'NONE', #8699, 0.1494257208329539954 ) ;
#12010 = DIRECTION ( 'NONE',  ( -1.000000000000000000, 0.000000000000000000, 0.000000000000000000 ) ) ;
#12011 = DIRECTION ( 'NONE',  ( 1.000000000000000000, 0.000000000000000000, 0.000000000000000000 ) ) ;
#12012 = CYLINDRICAL_SURFACE ( 'NONE', #6435, 0.1494257208329539954 ) ;
#12013 = ADVANCED_FACE ( 'NONE', ( #4136 ), #5110, .T. ) ;
#12014 = CARTESIAN_POINT ( 'NONE',  ( -3.800100888223830520, 2.147362469743642865, -29.20000000000000284 ) ) ;
#12015 = VERTEX_POINT ( 'NONE', #6947 ) ;
#12016 = EDGE_CURVE ( 'NONE', #500, #761, #11738, .T. ) ;
#12017 = VECTOR ( 'NONE', #1103, 1000.000000000000000 ) ;
#12018 = ORIENTED_EDGE ( 'NONE', *, *, #927, .T. ) ;
#12019 = AXIS2_PLACEMENT_3D ( 'NONE', #127, #2109, #5588 ) ;
#12020 =( GEOMETRIC_REPRESENTATION_CONTEXT ( 3 ) GLOBAL_UNCERTAINTY_ASSIGNED_CONTEXT ( ( #7043 ) ) GLOBAL_UNIT_ASSIGNED_CONTEXT ( ( #11223, #9466, #5816 ) ) REPRESENTATION_CONTEXT ( 'NONE', 'WORKASPACE' ) );
#12021 = LINE ( 'NONE', #8486, #4715 ) ;
#12022 = LINE ( 'NONE', #10250, #10383 ) ;
#12023 = PRESENTATION_STYLE_ASSIGNMENT (( #6353 ) ) ;
#12024 = PLANE ( 'NONE',  #10491 ) ;
#12025 =( LENGTH_UNIT ( ) NAMED_UNIT ( * ) SI_UNIT ( .MILLI., .METRE. ) );
#12026 = CARTESIAN_POINT ( 'NONE',  ( -1.697642652873965874, 5.496005818493205908, 1.000000000000000000 ) ) ;
#12027 = VERTEX_POINT ( 'NONE', #4385 ) ;
#12028 = CARTESIAN_POINT ( 'NONE',  ( -4.000000000000003553, -5.199999999999997513, 1.200000000000000178 ) ) ;
#12029 = AXIS2_PLACEMENT_3D ( 'NONE', #9691, #10548, #6956 ) ;
#12030 = SURFACE_SIDE_STYLE ('',( #1784 ) ) ;
#12031 = CARTESIAN_POINT ( 'NONE',  ( -4.000000000000001776, -4.649999999999996803, 1.200000000000000178 ) ) ;
#12032 = CARTESIAN_POINT ( 'NONE',  ( -2.714552833435666113, 0.000000000000000000, 1.500000000000000000 ) ) ;
#12033 = EDGE_CURVE ( 'NONE', #2512, #9892, #10658, .T. ) ;
#12034 = DIRECTION ( 'NONE',  ( 1.000000000000000000, -0.000000000000000000, -0.000000000000000000 ) ) ;
#12035 = ORIENTED_EDGE ( 'NONE', *, *, #968, .F. ) ;
#12036 = EDGE_CURVE ( 'NONE', #11982, #1790, #3285, .T. ) ;
#12037 = ORIENTED_EDGE ( 'NONE', *, *, #6410, .T. ) ;
#12038 = COLOUR_RGB ( '',0.9882352941176471006, 0.7372549019607843590, 0.5176470588235293491 ) ;
#12039 = AXIS2_PLACEMENT_3D ( 'NONE', #557, #7873, #5001 ) ;
#12040 =( GEOMETRIC_REPRESENTATION_CONTEXT ( 3 ) GLOBAL_UNCERTAINTY_ASSIGNED_CONTEXT ( ( #3754 ) ) GLOBAL_UNIT_ASSIGNED_CONTEXT ( ( #10150, #4550, #4611 ) ) REPRESENTATION_CONTEXT ( 'NONE', 'WORKASPACE' ) );
#12041 = EDGE_CURVE ( 'NONE', #2185, #4311, #5948, .T. ) ;
ENDSEC;
END-ISO-10303-21;
