ISO-10303-21;
HEADER;
FILE_DESCRIPTION (( 'STEP AP214' ),
    '1' );
FILE_NAME ('SI2302.STEP',
    '2021-07-31T10:09:11',
    ( '' ),
    ( '' ),
    'SwSTEP 2.0',
    'SolidWorks 2018',
    '' );
FILE_SCHEMA (( 'AUTOMOTIVE_DESIGN' ));
ENDSEC;

DATA;
#1 = ADVANCED_FACE ( 'NONE', ( #1169 ), #355, .T. ) ;
#2 = EDGE_CURVE ( 'NONE', #1833, #1707, #1465, .T. ) ;
#3 = CARTESIAN_POINT ( 'NONE',  ( 0.2550000000000000044, -0.1600000000000000033, -0.8006368926555492704 ) ) ;
#4 = VERTEX_POINT ( 'NONE', #2487 ) ;
#5 =( NAMED_UNIT ( * ) PLANE_ANGLE_UNIT ( ) SI_UNIT ( $, .RADIAN. ) );
#6 =( NAMED_UNIT ( * ) PLANE_ANGLE_UNIT ( ) SI_UNIT ( $, .RADIAN. ) );
#7 = LINE ( 'NONE', #900, #1510 ) ;
#8 = ORIENTED_EDGE ( 'NONE', *, *, #1064, .T. ) ;
#9 = AXIS2_PLACEMENT_3D ( 'NONE', #1296, #323, #1686 ) ;
#10 = SURFACE_STYLE_USAGE ( .BOTH. , #191 ) ;
#11 = CYLINDRICAL_SURFACE ( 'NONE', #1530, 0.2000000000000000944 ) ;
#12 = ORIENTED_EDGE ( 'NONE', *, *, #13, .F. ) ;
#13 = EDGE_CURVE ( 'NONE', #1547, #2265, #1512, .T. ) ;
#14 = ORIENTED_EDGE ( 'NONE', *, *, #1259, .F. ) ;
#15 = STYLED_ITEM ( 'NONE', ( #1319 ), #1536 ) ;
#16 = VECTOR ( 'NONE', #2119, 1000.000000000000000 ) ;
#17 = ORIENTED_EDGE ( 'NONE', *, *, #495, .F. ) ;
#18 = DIRECTION ( 'NONE',  ( -1.000000000000000000, 0.000000000000000000, -0.000000000000000000 ) ) ;
#19 = DIRECTION ( 'NONE',  ( 0.000000000000000000, 1.000000000000000000, -6.292381230576055301E-17 ) ) ;
#20 = ORIENTED_EDGE ( 'NONE', *, *, #567, .F. ) ;
#21 =( NAMED_UNIT ( * ) SI_UNIT ( $, .STERADIAN. ) SOLID_ANGLE_UNIT ( ) );
#22 = VERTEX_POINT ( 'NONE', #942 ) ;
#23 =( NAMED_UNIT ( * ) PLANE_ANGLE_UNIT ( ) SI_UNIT ( $, .RADIAN. ) );
#24 = MECHANICAL_DESIGN_GEOMETRIC_PRESENTATION_REPRESENTATION (  '', ( #172 ), #1853 ) ;
#25 = LINE ( 'NONE', #1084, #2020 ) ;
#26 = CARTESIAN_POINT ( 'NONE',  ( -0.7699999999999997957, -0.04000000000000000777, 0.6929469207716616452 ) ) ;
#27 = LINE ( 'NONE', #1196, #2336 ) ;
#28 =( NAMED_UNIT ( * ) PLANE_ANGLE_UNIT ( ) SI_UNIT ( $, .RADIAN. ) );
#29 = PRESENTATION_LAYER_ASSIGNMENT (  '', '', ( #439 ) ) ;
#30 = UNCERTAINTY_MEASURE_WITH_UNIT (LENGTH_MEASURE( 1.000000000000000082E-05 ), #2180, 'distance_accuracy_value', 'NONE');
#31 = FILL_AREA_STYLE_COLOUR ( '', #1168 ) ;
#32 =( GEOMETRIC_REPRESENTATION_CONTEXT ( 3 ) GLOBAL_UNCERTAINTY_ASSIGNED_CONTEXT ( ( #1608 ) ) GLOBAL_UNIT_ASSIGNED_CONTEXT ( ( #469, #2207, #281 ) ) REPRESENTATION_CONTEXT ( 'NONE', 'WORKASPACE' ) );
#33 =( LENGTH_UNIT ( ) NAMED_UNIT ( * ) SI_UNIT ( .MILLI., .METRE. ) );
#34 = CARTESIAN_POINT ( 'NONE',  ( 0.7699999999999997957, -0.5800000000000000711, 1.320000000000000062 ) ) ;
#35 = CARTESIAN_POINT ( 'NONE',  ( -1.519999999999999796, 0.000000000000000000, 0.7000000000000001776 ) ) ;
#36 = CYLINDRICAL_SURFACE ( 'NONE', #651, 0.2000000000000002054 ) ;
#37 = PLANE ( 'NONE',  #1302 ) ;
#38 = VECTOR ( 'NONE', #990, 1000.000000000000000 ) ;
#39 = LINE ( 'NONE', #2241, #989 ) ;
#40 =( GEOMETRIC_REPRESENTATION_CONTEXT ( 3 ) GLOBAL_UNCERTAINTY_ASSIGNED_CONTEXT ( ( #251 ) ) GLOBAL_UNIT_ASSIGNED_CONTEXT ( ( #2224, #2202, #673 ) ) REPRESENTATION_CONTEXT ( 'NONE', 'WORKASPACE' ) );
#41 = VERTEX_POINT ( 'NONE', #1878 ) ;
#42 = ORIENTED_EDGE ( 'NONE', *, *, #650, .F. ) ;
#43 = CARTESIAN_POINT ( 'NONE',  ( -1.279999999999999805, -0.04000000000000000777, 0.6929469207716616452 ) ) ;
#44 = ADVANCED_FACE ( 'NONE', ( #2316 ), #1312, .T. ) ;
#45 = SURFACE_SIDE_STYLE ('',( #1008 ) ) ;
#46 = FILL_AREA_STYLE_COLOUR ( '', #697 ) ;
#47 = ORIENTED_EDGE ( 'NONE', *, *, #443, .T. ) ;
#48 = DIRECTION ( 'NONE',  ( 0.000000000000000000, 0.000000000000000000, 1.000000000000000000 ) ) ;
#49 = EDGE_CURVE ( 'NONE', #678, #1771, #1637, .T. ) ;
#50 = CARTESIAN_POINT ( 'NONE',  ( 1.520000000000000018, 0.000000000000000000, 0.7000000000000001776 ) ) ;
#51 = CYLINDRICAL_SURFACE ( 'NONE', #898, 0.2000000000000000944 ) ;
#52 = ORIENTED_EDGE ( 'NONE', *, *, #1259, .T. ) ;
#53 = FACE_OUTER_BOUND ( 'NONE', #1522, .T. ) ;
#54 = DIRECTION ( 'NONE',  ( 0.000000000000000000, 0.9848077530122082424, -0.1736481776669290544 ) ) ;
#55 = DIRECTION ( 'NONE',  ( 0.000000000000000000, -0.1736481776669307198, 0.9848077530122080203 ) ) ;
#56 = EDGE_CURVE ( 'NONE', #2442, #1974, #1900, .T. ) ;
#57 = CARTESIAN_POINT ( 'NONE',  ( 1.479020517156069081, 0.2324061960301220531, 0.6590205171560691300 ) ) ;
#58 = COLOUR_RGB ( '',1.000000000000000000, 1.000000000000000000, 1.000000000000000000 ) ;
#59 = MECHANICAL_DESIGN_GEOMETRIC_PRESENTATION_REPRESENTATION (  '', ( #1483 ), #1955 ) ;
#60 = DIRECTION ( 'NONE',  ( 0.000000000000000000, -0.9848077530122080203, -0.1736481776669307198 ) ) ;
#61 = CARTESIAN_POINT ( 'NONE',  ( 0.7699999999999997957, 0.1197070501639832391, 0.6788924172750684383 ) ) ;
#62 = UNCERTAINTY_MEASURE_WITH_UNIT (LENGTH_MEASURE( 1.000000000000000082E-05 ), #2113, 'distance_accuracy_value', 'NONE');
#63 =( GEOMETRIC_REPRESENTATION_CONTEXT ( 3 ) GLOBAL_UNCERTAINTY_ASSIGNED_CONTEXT ( ( #375 ) ) GLOBAL_UNIT_ASSIGNED_CONTEXT ( ( #121, #2044, #694 ) ) REPRESENTATION_CONTEXT ( 'NONE', 'WORKASPACE' ) );
#64 = LINE ( 'NONE', #262, #2380 ) ;
#65 = LINE ( 'NONE', #1463, #156 ) ;
#66 = CARTESIAN_POINT ( 'NONE',  ( -0.2550000000000000044, -0.1289417145876979309, -0.9165479918102374945 ) ) ;
#67 = VECTOR ( 'NONE', #419, 1000.000000000000000 ) ;
#68 = SURFACE_STYLE_FILL_AREA ( #118 ) ;
#69 = ORIENTED_EDGE ( 'NONE', *, *, #105, .T. ) ;
#70 =( NAMED_UNIT ( * ) PLANE_ANGLE_UNIT ( ) SI_UNIT ( $, .RADIAN. ) );
#71 = FILL_AREA_STYLE ('',( #458 ) ) ;
#72 = ORIENTED_EDGE ( 'NONE', *, *, #1151, .T. ) ;
#73 = DIRECTION ( 'NONE',  ( 1.000000000000000000, 0.000000000000000000, 0.000000000000000000 ) ) ;
#74 = ORIENTED_EDGE ( 'NONE', *, *, #877, .F. ) ;
#75 = ORIENTED_EDGE ( 'NONE', *, *, #2193, .F. ) ;
#76 = ORIENTED_EDGE ( 'NONE', *, *, #841, .F. ) ;
#77 = CARTESIAN_POINT ( 'NONE',  ( -1.279999999999999805, 0.04000000000000000083, 0.8006368926555497145 ) ) ;
#78 = MECHANICAL_DESIGN_GEOMETRIC_PRESENTATION_REPRESENTATION (  '', ( #2339 ), #1092 ) ;
#79 = CARTESIAN_POINT ( 'NONE',  ( -0.7699999999999997957, 0.000000000000000000, 1.320000000000000062 ) ) ;
#80 = SURFACE_STYLE_USAGE ( .BOTH. , #672 ) ;
#81 = ORIENTED_EDGE ( 'NONE', *, *, #544, .F. ) ;
#82 = AXIS2_PLACEMENT_3D ( 'NONE', #972, #1170, #200 ) ;
#83 = CARTESIAN_POINT ( 'NONE',  ( 0.000000000000000000, -0.5600000000000000533, 0.6012568908032596138 ) ) ;
#84 = CARTESIAN_POINT ( 'NONE',  ( -0.2550000000000000044, -0.1197070501639831419, -0.6788924172750681052 ) ) ;
#85 = SURFACE_STYLE_USAGE ( .BOTH. , #1415 ) ;
#86 = VECTOR ( 'NONE', #247, 999.9999999999998863 ) ;
#87 = DIRECTION ( 'NONE',  ( 1.000000000000000000, -0.000000000000000000, 0.000000000000000000 ) ) ;
#88 = CARTESIAN_POINT ( 'NONE',  ( 0.7699999999999997957, -0.1082361909794963273, 0.9938220579133638655 ) ) ;
#89 = EDGE_CURVE ( 'NONE', #1083, #910, #1731, .T. ) ;
#90 = VECTOR ( 'NONE', #2192, 1000.000000000000000 ) ;
#91 = DIRECTION ( 'NONE',  ( 0.000000000000000000, -0.9659258262890693114, 0.2588190451025169092 ) ) ;
#92 = DIRECTION ( 'NONE',  ( 0.000000000000000000, -0.9659258262890693114, -0.2588190451025169092 ) ) ;
#93 =( GEOMETRIC_REPRESENTATION_CONTEXT ( 3 ) GLOBAL_UNCERTAINTY_ASSIGNED_CONTEXT ( ( #218 ) ) GLOBAL_UNIT_ASSIGNED_CONTEXT ( ( #1481, #911, #1157 ) ) REPRESENTATION_CONTEXT ( 'NONE', 'WORKASPACE' ) );
#94 = ADVANCED_FACE ( 'NONE', ( #1849 ), #585, .T. ) ;
#95 = DIRECTION ( 'NONE',  ( 1.000000000000000000, -0.000000000000000000, 0.000000000000000000 ) ) ;
#96 = FILL_AREA_STYLE_COLOUR ( '', #122 ) ;
#97 = VECTOR ( 'NONE', #1821, 1000.000000000000000 ) ;
#98 = EDGE_CURVE ( 'NONE', #511, #910, #1766, .T. ) ;
#99 = PRESENTATION_STYLE_ASSIGNMENT (( #1571 ) ) ;
#100 = AXIS2_PLACEMENT_3D ( 'NONE', #1115, #1486, #1685 ) ;
#101 = CIRCLE ( 'NONE', #796, 0.1199999999999999956 ) ;
#102 = DIRECTION ( 'NONE',  ( -1.000000000000000000, 0.000000000000000000, -0.000000000000000000 ) ) ;
#103 = FACE_OUTER_BOUND ( 'NONE', #2008, .T. ) ;
#104 =( LENGTH_UNIT ( ) NAMED_UNIT ( * ) SI_UNIT ( .MILLI., .METRE. ) );
#105 = EDGE_CURVE ( 'NONE', #2442, #1117, #762, .T. ) ;
#106 = ORIENTED_EDGE ( 'NONE', *, *, #2273, .T. ) ;
#107 = CARTESIAN_POINT ( 'NONE',  ( -0.7699999999999997957, -0.04000000000000000777, 0.6929469207716616452 ) ) ;
#108 = VERTEX_POINT ( 'NONE', #1160 ) ;
#109 = PRESENTATION_LAYER_ASSIGNMENT (  '', '', ( #2373 ) ) ;
#110 = UNCERTAINTY_MEASURE_WITH_UNIT (LENGTH_MEASURE( 1.000000000000000082E-05 ), #855, 'distance_accuracy_value', 'NONE');
#111 = ORIENTED_EDGE ( 'NONE', *, *, #877, .T. ) ;
#112 = SURFACE_STYLE_FILL_AREA ( #1611 ) ;
#113 = AXIS2_PLACEMENT_3D ( 'NONE', #1373, #1349, #1553 ) ;
#114 = ORIENTED_EDGE ( 'NONE', *, *, #89, .F. ) ;
#115 = COLOUR_RGB ( '',1.000000000000000000, 1.000000000000000000, 1.000000000000000000 ) ;
#116 = DIRECTION ( 'NONE',  ( 0.000000000000000000, 0.000000000000000000, -1.000000000000000000 ) ) ;
#117 = LINE ( 'NONE', #2531, #1414 ) ;
#118 = FILL_AREA_STYLE ('',( #2251 ) ) ;
#119 = STYLED_ITEM ( 'NONE', ( #1363 ), #2521 ) ;
#120 = CARTESIAN_POINT ( 'NONE',  ( 0.2550000000000000044, -0.4910582854123022312, -1.096398928961423103 ) ) ;
#121 =( LENGTH_UNIT ( ) NAMED_UNIT ( * ) SI_UNIT ( .MILLI., .METRE. ) );
#122 = COLOUR_RGB ( '',0.1019607843137254888, 0.1019607843137254888, 0.1019607843137254888 ) ;
#123 = CARTESIAN_POINT ( 'NONE',  ( 0.000000000000000000, 0.000000000000000000, 0.000000000000000000 ) ) ;
#124 = FACE_OUTER_BOUND ( 'NONE', #1057, .T. ) ;
#125 = CARTESIAN_POINT ( 'NONE',  ( -1.421256890803259454, 0.5600000000000000533, -0.6012568908032591697 ) ) ;
#126 =( NAMED_UNIT ( * ) SI_UNIT ( $, .STERADIAN. ) SOLID_ANGLE_UNIT ( ) );
#127 = CARTESIAN_POINT ( 'NONE',  ( 0.2550000000000000044, -0.04000000000000004940, -2.516952492230425602E-18 ) ) ;
#128 = FACE_OUTER_BOUND ( 'NONE', #1024, .T. ) ;
#129 =( GEOMETRIC_REPRESENTATION_CONTEXT ( 3 ) GLOBAL_UNCERTAINTY_ASSIGNED_CONTEXT ( ( #110 ) ) GLOBAL_UNIT_ASSIGNED_CONTEXT ( ( #855, #1268, #1625 ) ) REPRESENTATION_CONTEXT ( 'NONE', 'WORKASPACE' ) );
#130 = CIRCLE ( 'NONE', #1640, 0.1199999999999999956 ) ;
#131 = EDGE_CURVE ( 'NONE', #2295, #2442, #160, .T. ) ;
#132 = MECHANICAL_DESIGN_GEOMETRIC_PRESENTATION_REPRESENTATION (  '', ( #261 ), #1144 ) ;
#133 = ORIENTED_EDGE ( 'NONE', *, *, #2315, .T. ) ;
#134 = DIRECTION ( 'NONE',  ( 0.000000000000000000, 0.000000000000000000, -1.000000000000000000 ) ) ;
#135 = FACE_OUTER_BOUND ( 'NONE', #347, .T. ) ;
#136 = ORIENTED_EDGE ( 'NONE', *, *, #2370, .T. ) ;
#137 = CARTESIAN_POINT ( 'NONE',  ( -1.520000000000000018, 0.000000000000000000, -0.6999999999999997335 ) ) ;
#138 = ORIENTED_EDGE ( 'NONE', *, *, #356, .T. ) ;
#139 = VERTEX_POINT ( 'NONE', #1192 ) ;
#140 = FILL_AREA_STYLE ('',( #2027 ) ) ;
#141 = EDGE_CURVE ( 'NONE', #766, #847, #1940, .T. ) ;
#142 = FACE_OUTER_BOUND ( 'NONE', #1854, .T. ) ;
#143 = CARTESIAN_POINT ( 'NONE',  ( -0.2550000000000000044, 0.04000000000000000083, -0.8006368926555492704 ) ) ;
#144 = ORIENTED_EDGE ( 'NONE', *, *, #219, .T. ) ;
#145 = COLOUR_RGB ( '',1.000000000000000000, 1.000000000000000000, 1.000000000000000000 ) ;
#146 = CARTESIAN_POINT ( 'NONE',  ( 0.000000000000000000, -0.5600000000000000533, 0.000000000000000000 ) ) ;
#147 = ORIENTED_EDGE ( 'NONE', *, *, #13, .T. ) ;
#148 = PRESENTATION_LAYER_ASSIGNMENT (  '', '', ( #1108 ) ) ;
#149 = AXIS2_PLACEMENT_3D ( 'NONE', #1883, #933, #1518 ) ;
#150 =( LENGTH_UNIT ( ) NAMED_UNIT ( * ) SI_UNIT ( .MILLI., .METRE. ) );
#151 = FILL_AREA_STYLE_COLOUR ( '', #827 ) ;
#152 = CARTESIAN_POINT ( 'NONE',  ( 1.519999999999999796, 0.000000000000000000, -0.6999999999999997335 ) ) ;
#153 = VECTOR ( 'NONE', #2299, 1000.000000000000000 ) ;
#154 = CARTESIAN_POINT ( 'NONE',  ( 1.279999999999999805, -0.4600000000000000755, 1.212310028116111882 ) ) ;
#155 = VECTOR ( 'NONE', #2398, 999.9999999999998863 ) ;
#156 = VECTOR ( 'NONE', #1855, 1000.000000000000000 ) ;
#157 = MECHANICAL_DESIGN_GEOMETRIC_PRESENTATION_REPRESENTATION (  '', ( #2115 ), #503 ) ;
#158 = LINE ( 'NONE', #57, #67 ) ;
#159 = DIRECTION ( 'NONE',  ( 0.000000000000000000, -0.9848077530122080203, 0.1736481776669307198 ) ) ;
#160 = LINE ( 'NONE', #1362, #250 ) ;
#161 = FILL_AREA_STYLE ('',( #722 ) ) ;
#162 = EDGE_LOOP ( 'NONE', ( #2014, #925, #476, #533 ) ) ;
#163 = DIRECTION ( 'NONE',  ( -0.000000000000000000, 0.2588190451025169647, 0.9659258262890693114 ) ) ;
#164 =( LENGTH_UNIT ( ) NAMED_UNIT ( * ) SI_UNIT ( .MILLI., .METRE. ) );
#165 = LINE ( 'NONE', #1741, #711 ) ;
#166 = ORIENTED_EDGE ( 'NONE', *, *, #326, .F. ) ;
#167 = CARTESIAN_POINT ( 'NONE',  ( 1.279999999999999805, -0.1082361909794963273, 0.9938220579133638655 ) ) ;
#168 = FILL_AREA_STYLE ('',( #182 ) ) ;
#169 = EDGE_LOOP ( 'NONE', ( #657, #237, #536, #2068 ) ) ;
#170 = FILL_AREA_STYLE ('',( #744 ) ) ;
#171 = EDGE_LOOP ( 'NONE', ( #227, #166, #624, #12, #138, #2211, #253, #1680, #2392, #2421, #1905, #2049, #1320 ) ) ;
#172 = STYLED_ITEM ( 'NONE', ( #2383 ), #94 ) ;
#173 = LINE ( 'NONE', #1263, #1653 ) ;
#174 = ORIENTED_EDGE ( 'NONE', *, *, #105, .F. ) ;
#175 = LINE ( 'NONE', #1860, #1327 ) ;
#176 = FILL_AREA_STYLE_COLOUR ( '', #904 ) ;
#177 = STYLED_ITEM ( 'NONE', ( #300 ), #1172 ) ;
#178 = EDGE_CURVE ( 'NONE', #41, #1287, #2469, .T. ) ;
#179 =( GEOMETRIC_REPRESENTATION_CONTEXT ( 3 ) GLOBAL_UNCERTAINTY_ASSIGNED_CONTEXT ( ( #703 ) ) GLOBAL_UNIT_ASSIGNED_CONTEXT ( ( #1968, #1617, #1578 ) ) REPRESENTATION_CONTEXT ( 'NONE', 'WORKASPACE' ) );
#180 = FILL_AREA_STYLE ('',( #1354 ) ) ;
#181 = DIRECTION ( 'NONE',  ( 0.1736481776669307198, -0.9848077530122080203, 0.000000000000000000 ) ) ;
#182 = FILL_AREA_STYLE_COLOUR ( '', #2390 ) ;
#183 = ADVANCED_FACE ( 'NONE', ( #103 ), #759, .T. ) ;
#184 = EDGE_CURVE ( 'NONE', #1287, #207, #158, .T. ) ;
#185 =( LENGTH_UNIT ( ) NAMED_UNIT ( * ) SI_UNIT ( .MILLI., .METRE. ) );
#186 = LINE ( 'NONE', #1009, #2196 ) ;
#187 = UNCERTAINTY_MEASURE_WITH_UNIT (LENGTH_MEASURE( 1.000000000000000082E-05 ), #2271, 'distance_accuracy_value', 'NONE');
#188 =( LENGTH_UNIT ( ) NAMED_UNIT ( * ) SI_UNIT ( .MILLI., .METRE. ) );
#189 =( NAMED_UNIT ( * ) SI_UNIT ( $, .STERADIAN. ) SOLID_ANGLE_UNIT ( ) );
#190 = FACE_OUTER_BOUND ( 'NONE', #1713, .T. ) ;
#191 = SURFACE_SIDE_STYLE ('',( #203 ) ) ;
#192 = VERTEX_POINT ( 'NONE', #1377 ) ;
#193 = EDGE_CURVE ( 'NONE', #1114, #511, #1075, .T. ) ;
#194 = PRESENTATION_STYLE_ASSIGNMENT (( #1409 ) ) ;
#195 = PRESENTATION_LAYER_ASSIGNMENT (  '', '', ( #291 ) ) ;
#196 = FILL_AREA_STYLE ('',( #1335 ) ) ;
#197 = ORIENTED_EDGE ( 'NONE', *, *, #56, .F. ) ;
#198 = PRESENTATION_STYLE_ASSIGNMENT (( #1006 ) ) ;
#199 = ORIENTED_EDGE ( 'NONE', *, *, #1872, .T. ) ;
#200 = DIRECTION ( 'NONE',  ( 0.000000000000000000, 0.000000000000000000, -1.000000000000000000 ) ) ;
#201 = ADVANCED_FACE ( 'NONE', ( #1135 ), #2194, .T. ) ;
#202 = ORIENTED_EDGE ( 'NONE', *, *, #2396, .F. ) ;
#203 = SURFACE_STYLE_FILL_AREA ( #226 ) ;
#204 = CARTESIAN_POINT ( 'NONE',  ( -0.2550000000000000044, 0.2204995408789425793, -0.8229154896058347157 ) ) ;
#205 = ORIENTED_EDGE ( 'NONE', *, *, #2483, .F. ) ;
#206 = CARTESIAN_POINT ( 'NONE',  ( 1.421256890803259454, 0.5600000000000000533, -0.6012568908032591697 ) ) ;
#207 = VERTEX_POINT ( 'NONE', #50 ) ;
#208 = DIRECTION ( 'NONE',  ( -1.000000000000000000, 0.000000000000000000, -0.000000000000000000 ) ) ;
#209 = VECTOR ( 'NONE', #674, 1000.000000000000000 ) ;
#210 = ORIENTED_EDGE ( 'NONE', *, *, #2437, .F. ) ;
#211 = CARTESIAN_POINT ( 'NONE',  ( 0.2550000000000000044, -0.4600000000000000755, -1.212310028116111438 ) ) ;
#212 = CARTESIAN_POINT ( 'NONE',  ( 0.7699999999999997957, -0.04000000000000000083, 0.8006368926555497145 ) ) ;
#213 = DIRECTION ( 'NONE',  ( 0.000000000000000000, 0.9848077530122082424, -0.1736481776669290544 ) ) ;
#214 = PRESENTATION_LAYER_ASSIGNMENT (  '', '', ( #255 ) ) ;
#215 =( NAMED_UNIT ( * ) PLANE_ANGLE_UNIT ( ) SI_UNIT ( $, .RADIAN. ) );
#216 = DIRECTION ( 'NONE',  ( 0.000000000000000000, -0.9659258262890692004, -0.2588190451025177419 ) ) ;
#217 = CARTESIAN_POINT ( 'NONE',  ( 0.2550000000000000044, -0.5800000000000000711, -1.319999999999999618 ) ) ;
#218 = UNCERTAINTY_MEASURE_WITH_UNIT (LENGTH_MEASURE( 1.000000000000000082E-05 ), #1481, 'distance_accuracy_value', 'NONE');
#219 = EDGE_CURVE ( 'NONE', #1287, #1710, #1106, .T. ) ;
#220 = VECTOR ( 'NONE', #284, 1000.000000000000114 ) ;
#221 = DIRECTION ( 'NONE',  ( -0.000000000000000000, 1.000000000000000000, 0.000000000000000000 ) ) ;
#222 = FILL_AREA_STYLE_COLOUR ( '', #115 ) ;
#223 = ADVANCED_FACE ( 'NONE', ( #190 ), #808, .T. ) ;
#224 = LINE ( 'NONE', #303, #1639 ) ;
#225 = PRESENTATION_LAYER_ASSIGNMENT (  '', '', ( #1483 ) ) ;
#226 = FILL_AREA_STYLE ('',( #1529 ) ) ;
#227 = ORIENTED_EDGE ( 'NONE', *, *, #1948, .F. ) ;
#228 = AXIS2_PLACEMENT_3D ( 'NONE', #236, #1399, #48 ) ;
#229 = SURFACE_STYLE_USAGE ( .BOTH. , #1768 ) ;
#230 = LINE ( 'NONE', #1927, #380 ) ;
#231 = ORIENTED_EDGE ( 'NONE', *, *, #537, .F. ) ;
#232 = DIRECTION ( 'NONE',  ( 0.000000000000000000, -0.1736481776669307198, -0.9848077530122080203 ) ) ;
#233 = EDGE_LOOP ( 'NONE', ( #1120, #2071, #1921, #1408, #2080, #1255, #1736, #2419, #1580, #450, #1622, #283, #1655 ) ) ;
#234 = SURFACE_STYLE_USAGE ( .BOTH. , #282 ) ;
#235 =( LENGTH_UNIT ( ) NAMED_UNIT ( * ) SI_UNIT ( .MILLI., .METRE. ) );
#236 = CARTESIAN_POINT ( 'NONE',  ( -0.7699999999999997957, -0.6600000000000000311, 0.000000000000000000 ) ) ;
#237 = ORIENTED_EDGE ( 'NONE', *, *, #184, .F. ) ;
#238 = EDGE_CURVE ( 'NONE', #1174, #139, #130, .T. ) ;
#239 = SURFACE_SIDE_STYLE ('',( #1937 ) ) ;
#240 = VECTOR ( 'NONE', #570, 1000.000000000000000 ) ;
#241 = VECTOR ( 'NONE', #1542, 1000.000000000000000 ) ;
#242 = MECHANICAL_DESIGN_GEOMETRIC_PRESENTATION_REPRESENTATION (  '', ( #2373 ), #40 ) ;
#243 = AXIS2_PLACEMENT_3D ( 'NONE', #1326, #940, #2505 ) ;
#244 = PRESENTATION_LAYER_ASSIGNMENT (  '', '', ( #2253 ) ) ;
#245 = ADVANCED_FACE ( 'NONE', ( #1698 ), #921, .F. ) ;
#246 = DIRECTION ( 'NONE',  ( -1.000000000000000000, -0.000000000000000000, -0.000000000000000000 ) ) ;
#247 = DIRECTION ( 'NONE',  ( 0.000000000000000000, -0.9659258262890692004, -0.2588190451025177419 ) ) ;
#248 = FACE_OUTER_BOUND ( 'NONE', #2242, .T. ) ;
#249 = CARTESIAN_POINT ( 'NONE',  ( -1.279999999999999805, -0.4600000000000000755, 1.212310028116111882 ) ) ;
#250 = VECTOR ( 'NONE', #374, 1000.000000000000000 ) ;
#251 = UNCERTAINTY_MEASURE_WITH_UNIT (LENGTH_MEASURE( 1.000000000000000082E-05 ), #2224, 'distance_accuracy_value', 'NONE');
#252 = DIRECTION ( 'NONE',  ( -1.000000000000000000, 0.000000000000000000, 0.000000000000000000 ) ) ;
#253 = ORIENTED_EDGE ( 'NONE', *, *, #1025, .T. ) ;
#254 = DIRECTION ( 'NONE',  ( 0.000000000000000000, -0.9848077530122083534, -0.1736481776669290544 ) ) ;
#255 = STYLED_ITEM ( 'NONE', ( #1478 ), #878 ) ;
#256 = ORIENTED_EDGE ( 'NONE', *, *, #393, .F. ) ;
#257 =( NAMED_UNIT ( * ) SI_UNIT ( $, .STERADIAN. ) SOLID_ANGLE_UNIT ( ) );
#258 = EDGE_LOOP ( 'NONE', ( #555, #774, #2482, #1141 ) ) ;
#259 = LINE ( 'NONE', #757, #1745 ) ;
#260 = EDGE_CURVE ( 'NONE', #1116, #412, #859, .T. ) ;
#261 = STYLED_ITEM ( 'NONE', ( #950 ), #1797 ) ;
#262 = CARTESIAN_POINT ( 'NONE',  ( -0.7699999999999997957, -0.1197070501639832252, 0.6788924172750684383 ) ) ;
#263 = PRESENTATION_STYLE_ASSIGNMENT (( #1464 ) ) ;
#264 = ORIENTED_EDGE ( 'NONE', *, *, #304, .F. ) ;
#265 = VECTOR ( 'NONE', #1355, 1000.000000000000000 ) ;
#266 = UNCERTAINTY_MEASURE_WITH_UNIT (LENGTH_MEASURE( 1.000000000000000082E-05 ), #338, 'distance_accuracy_value', 'NONE');
#267 = DIRECTION ( 'NONE',  ( 1.000000000000000000, 0.000000000000000000, 0.000000000000000000 ) ) ;
#268 = ORIENTED_EDGE ( 'NONE', *, *, #311, .F. ) ;
#269 = CARTESIAN_POINT ( 'NONE',  ( 0.7699999999999997957, 0.03999999999999995920, -2.516952492230419439E-18 ) ) ;
#270 = LINE ( 'NONE', #26, #2400 ) ;
#271 = DIRECTION ( 'NONE',  ( -1.000000000000000000, 0.000000000000000000, 0.000000000000000000 ) ) ;
#272 = EDGE_CURVE ( 'NONE', #2511, #721, #1368, .T. ) ;
#273 = CARTESIAN_POINT ( 'NONE',  ( 0.2550000000000000044, 0.1197070501639831697, -0.6788924172750681052 ) ) ;
#274 = AXIS2_PLACEMENT_3D ( 'NONE', #1367, #2532, #1551 ) ;
#275 = SURFACE_STYLE_USAGE ( .BOTH. , #1614 ) ;
#276 =( NAMED_UNIT ( * ) SI_UNIT ( $, .STERADIAN. ) SOLID_ANGLE_UNIT ( ) );
#277 = FILL_AREA_STYLE ('',( #2219 ) ) ;
#278 = CARTESIAN_POINT ( 'NONE',  ( -0.2550000000000000044, -0.6600000000000000311, 0.000000000000000000 ) ) ;
#279 = CARTESIAN_POINT ( 'NONE',  ( -0.7699999999999997957, -0.6600000000000000311, 1.320000000000000062 ) ) ;
#280 = COLOUR_RGB ( '',0.1019607843137254888, 0.1019607843137254888, 0.1019607843137254888 ) ;
#281 =( NAMED_UNIT ( * ) SI_UNIT ( $, .STERADIAN. ) SOLID_ANGLE_UNIT ( ) );
#282 = SURFACE_SIDE_STYLE ('',( #1397 ) ) ;
#283 = ORIENTED_EDGE ( 'NONE', *, *, #1697, .T. ) ;
#284 = DIRECTION ( 'NONE',  ( 0.000000000000000000, 0.9848077530122082424, 0.1736481776669290267 ) ) ;
#285 = CIRCLE ( 'NONE', #459, 0.1199999999999998845 ) ;
#286 = DIRECTION ( 'NONE',  ( 0.000000000000000000, 0.000000000000000000, -1.000000000000000000 ) ) ;
#287 = ORIENTED_EDGE ( 'NONE', *, *, #951, .T. ) ;
#288 = PRESENTATION_LAYER_ASSIGNMENT (  '', '', ( #625 ) ) ;
#289 = ORIENTED_EDGE ( 'NONE', *, *, #1456, .T. ) ;
#290 = ORIENTED_EDGE ( 'NONE', *, *, #238, .T. ) ;
#291 = STYLED_ITEM ( 'NONE', ( #842 ), #1561 ) ;
#292 = CARTESIAN_POINT ( 'NONE',  ( 0.2550000000000000044, -0.1082361909794963828, -0.9938220579133634214 ) ) ;
#293 = VERTEX_POINT ( 'NONE', #1448 ) ;
#294 = AXIS2_PLACEMENT_3D ( 'NONE', #1069, #95, #309 ) ;
#295 = CARTESIAN_POINT ( 'NONE',  ( 1.279999999999999805, 0.2204995408789426903, 0.8229154896058351598 ) ) ;
#296 = ORIENTED_EDGE ( 'NONE', *, *, #1793, .T. ) ;
#297 = SURFACE_SIDE_STYLE ('',( #112 ) ) ;
#298 = COLOUR_RGB ( '',1.000000000000000000, 1.000000000000000000, 1.000000000000000000 ) ;
#299 = UNCERTAINTY_MEASURE_WITH_UNIT (LENGTH_MEASURE( 1.000000000000000082E-05 ), #2366, 'distance_accuracy_value', 'NONE');
#300 = PRESENTATION_STYLE_ASSIGNMENT (( #2345 ) ) ;
#301 = CARTESIAN_POINT ( 'NONE',  ( 0.7699999999999997957, 0.000000000000000000, 0.7000000000000000666 ) ) ;
#302 = DIRECTION ( 'NONE',  ( 1.000000000000000000, 0.000000000000000000, 0.000000000000000000 ) ) ;
#303 = CARTESIAN_POINT ( 'NONE',  ( 0.2550000000000000044, -0.6600000000000000311, 0.000000000000000000 ) ) ;
#304 = EDGE_CURVE ( 'NONE', #995, #2388, #64, .T. ) ;
#305 = FACE_OUTER_BOUND ( 'NONE', #258, .T. ) ;
#306 = FILL_AREA_STYLE ('',( #1303 ) ) ;
#307 = FILL_AREA_STYLE_COLOUR ( '', #145 ) ;
#308 = MECHANICAL_DESIGN_GEOMETRIC_PRESENTATION_REPRESENTATION (  '', ( #1498 ), #1983 ) ;
#309 = DIRECTION ( 'NONE',  ( 0.000000000000000000, 0.000000000000000000, -1.000000000000000000 ) ) ;
#310 = FILL_AREA_STYLE ('',( #2448 ) ) ;
#311 = EDGE_CURVE ( 'NONE', #1710, #108, #2122, .T. ) ;
#312 = DIRECTION ( 'NONE',  ( 0.000000000000000000, -2.013561993784337696E-15, 1.000000000000000000 ) ) ;
#313 = AXIS2_PLACEMENT_3D ( 'NONE', #658, #2200, #1786 ) ;
#314 = VECTOR ( 'NONE', #2440, 1000.000000000000000 ) ;
#315 = PRESENTATION_STYLE_ASSIGNMENT (( #1308 ) ) ;
#316 = UNCERTAINTY_MEASURE_WITH_UNIT (LENGTH_MEASURE( 1.000000000000000082E-05 ), #2086, 'distance_accuracy_value', 'NONE');
#317 = SURFACE_STYLE_USAGE ( .BOTH. , #2441 ) ;
#318 = ORIENTED_EDGE ( 'NONE', *, *, #272, .T. ) ;
#319 = EDGE_CURVE ( 'NONE', #4, #1295, #403, .T. ) ;
#320 = ORIENTED_EDGE ( 'NONE', *, *, #319, .T. ) ;
#321 = CARTESIAN_POINT ( 'NONE',  ( 0.7699999999999997957, -0.5117638090205037793, 1.019124862858298064 ) ) ;
#322 = ORIENTED_EDGE ( 'NONE', *, *, #2132, .F. ) ;
#323 = DIRECTION ( 'NONE',  ( 0.9848077530122080203, -0.1736481776669307198, -1.525329578994863070E-16 ) ) ;
#324 = AXIS2_PLACEMENT_3D ( 'NONE', #1729, #2321, #967 ) ;
#325 = ORIENTED_EDGE ( 'NONE', *, *, #1658, .F. ) ;
#326 = EDGE_CURVE ( 'NONE', #2212, #454, #1759, .T. ) ;
#327 = CARTESIAN_POINT ( 'NONE',  ( -0.7699999999999997957, -0.5799999999999998490, 1.212310028116111882 ) ) ;
#328 =( GEOMETRIC_REPRESENTATION_CONTEXT ( 3 ) GLOBAL_UNCERTAINTY_ASSIGNED_CONTEXT ( ( #2318 ) ) GLOBAL_UNIT_ASSIGNED_CONTEXT ( ( #1750, #582, #999 ) ) REPRESENTATION_CONTEXT ( 'NONE', 'WORKASPACE' ) );
#329 = ORIENTED_EDGE ( 'NONE', *, *, #1607, .T. ) ;
#330 = LINE ( 'NONE', #84, #452 ) ;
#331 = SURFACE_STYLE_USAGE ( .BOTH. , #2279 ) ;
#332 = ORIENTED_EDGE ( 'NONE', *, *, #260, .F. ) ;
#333 = CARTESIAN_POINT ( 'NONE',  ( 0.2550000000000000044, -0.4600000000000000755, -1.212310028116111438 ) ) ;
#334 = MANIFOLD_SOLID_BREP ( 'Boss-Extrude2', #1827 ) ;
#335 =( NAMED_UNIT ( * ) PLANE_ANGLE_UNIT ( ) SI_UNIT ( $, .RADIAN. ) );
#336 = FACE_OUTER_BOUND ( 'NONE', #1300, .T. ) ;
#337 = VECTOR ( 'NONE', #456, 1000.000000000000000 ) ;
#338 =( LENGTH_UNIT ( ) NAMED_UNIT ( * ) SI_UNIT ( .MILLI., .METRE. ) );
#339 = DIRECTION ( 'NONE',  ( 0.000000000000000000, -0.000000000000000000, 1.000000000000000000 ) ) ;
#340 =( NAMED_UNIT ( * ) SI_UNIT ( $, .STERADIAN. ) SOLID_ANGLE_UNIT ( ) );
#341 = VECTOR ( 'NONE', #1662, 1000.000000000000000 ) ;
#342 =( GEOMETRIC_REPRESENTATION_CONTEXT ( 3 ) GLOBAL_UNCERTAINTY_ASSIGNED_CONTEXT ( ( #1096 ) ) GLOBAL_UNIT_ASSIGNED_CONTEXT ( ( #235, #1990, #848 ) ) REPRESENTATION_CONTEXT ( 'NONE', 'WORKASPACE' ) );
#343 = VECTOR ( 'NONE', #91, 1000.000000000000114 ) ;
#344 = APPLICATION_CONTEXT ( 'automotive_design' ) ;
#345 = AXIS2_PLACEMENT_3D ( 'NONE', #211, #597, #1364 ) ;
#346 = CARTESIAN_POINT ( 'NONE',  ( 1.279999999999999805, -0.6600000000000000311, 1.320000000000000062 ) ) ;
#347 = EDGE_LOOP ( 'NONE', ( #1317, #1315, #1742, #1652 ) ) ;
#348 = DIRECTION ( 'NONE',  ( -0.1736481776669307198, 0.9848077530122080203, 0.000000000000000000 ) ) ;
#349 = ORIENTED_EDGE ( 'NONE', *, *, #1574, .T. ) ;
#350 = EDGE_CURVE ( 'NONE', #1915, #1558, #1251, .T. ) ;
#351 = DIRECTION ( 'NONE',  ( -1.000000000000000000, 0.000000000000000000, 0.000000000000000000 ) ) ;
#352 = ORIENTED_EDGE ( 'NONE', *, *, #831, .T. ) ;
#353 = DIRECTION ( 'NONE',  ( 1.000000000000000000, 0.000000000000000000, 0.000000000000000000 ) ) ;
#354 = VERTEX_POINT ( 'NONE', #1453 ) ;
#355 = PLANE ( 'NONE',  #896 ) ;
#356 = EDGE_CURVE ( 'NONE', #1547, #1646, #734, .T. ) ;
#357 = PRESENTATION_LAYER_ASSIGNMENT (  '', '', ( #1897 ) ) ;
#358 = CIRCLE ( 'NONE', #2073, 0.2000000000000002054 ) ;
#359 = FILL_AREA_STYLE_COLOUR ( '', #1959 ) ;
#360 = VECTOR ( 'NONE', #1077, 1000.000000000000000 ) ;
#361 =( NAMED_UNIT ( * ) SI_UNIT ( $, .STERADIAN. ) SOLID_ANGLE_UNIT ( ) );
#362 = FILL_AREA_STYLE ('',( #176 ) ) ;
#363 = COLOUR_RGB ( '',1.000000000000000000, 1.000000000000000000, 1.000000000000000000 ) ;
#364 = EDGE_CURVE ( 'NONE', #2265, #2212, #101, .T. ) ;
#365 = DIRECTION ( 'NONE',  ( 1.000000000000000000, 0.000000000000000000, 0.000000000000000000 ) ) ;
#366 =( NAMED_UNIT ( * ) SI_UNIT ( $, .STERADIAN. ) SOLID_ANGLE_UNIT ( ) );
#367 = DIRECTION ( 'NONE',  ( 1.000000000000000000, 0.000000000000000000, 0.000000000000000000 ) ) ;
#368 = AXIS2_PLACEMENT_3D ( 'NONE', #477, #102, #880 ) ;
#369 = DIRECTION ( 'NONE',  ( 1.000000000000000000, 0.000000000000000000, -0.000000000000000000 ) ) ;
#370 = LINE ( 'NONE', #120, #2223 ) ;
#371 = CARTESIAN_POINT ( 'NONE',  ( 1.421256890803259454, -0.5600000000000000533, 0.6012568908032596138 ) ) ;
#372 = VECTOR ( 'NONE', #1129, 1000.000000000000000 ) ;
#373 = STYLED_ITEM ( 'NONE', ( #420 ), #1366 ) ;
#374 = DIRECTION ( 'NONE',  ( 0.000000000000000000, 6.292381230576055301E-17, -1.000000000000000000 ) ) ;
#375 = UNCERTAINTY_MEASURE_WITH_UNIT (LENGTH_MEASURE( 1.000000000000000082E-05 ), #121, 'distance_accuracy_value', 'NONE');
#376 = MECHANICAL_DESIGN_GEOMETRIC_PRESENTATION_REPRESENTATION (  '', ( #1971 ), #509 ) ;
#377 = EDGE_LOOP ( 'NONE', ( #738, #1954, #2319, #710 ) ) ;
#378 = DIRECTION ( 'NONE',  ( 0.000000000000000000, -6.292381230576055301E-17, 1.000000000000000000 ) ) ;
#379 = PLANE ( 'NONE',  #243 ) ;
#380 = VECTOR ( 'NONE', #2369, 1000.000000000000000 ) ;
#381 = ORIENTED_EDGE ( 'NONE', *, *, #319, .F. ) ;
#382 = ORIENTED_EDGE ( 'NONE', *, *, #660, .F. ) ;
#383 = FACE_OUTER_BOUND ( 'NONE', #2104, .T. ) ;
#384 = CARTESIAN_POINT ( 'NONE',  ( -0.7699999999999997957, -0.5117638090205037793, 1.019124862858298064 ) ) ;
#385 = DIRECTION ( 'NONE',  ( 1.548860246407863583E-16, 0.000000000000000000, 1.000000000000000000 ) ) ;
#386 = ORIENTED_EDGE ( 'NONE', *, *, #1993, .F. ) ;
#387 = LINE ( 'NONE', #813, #689 ) ;
#388 = DIRECTION ( 'NONE',  ( -1.000000000000000000, 0.000000000000000000, 0.000000000000000000 ) ) ;
#389 = CARTESIAN_POINT ( 'NONE',  ( -0.2550000000000000044, -0.4600000000000000755, -1.212310028116111438 ) ) ;
#390 =( GEOMETRIC_REPRESENTATION_CONTEXT ( 3 ) GLOBAL_UNCERTAINTY_ASSIGNED_CONTEXT ( ( #30 ) ) GLOBAL_UNIT_ASSIGNED_CONTEXT ( ( #2180, #1019, #1604 ) ) REPRESENTATION_CONTEXT ( 'NONE', 'WORKASPACE' ) );
#391 = ORIENTED_EDGE ( 'NONE', *, *, #311, .T. ) ;
#392 = DIRECTION ( 'NONE',  ( 0.000000000000000000, 9.035018104045878829E-16, -1.000000000000000000 ) ) ;
#393 = EDGE_CURVE ( 'NONE', #766, #1233, #2434, .T. ) ;
#394 = STYLED_ITEM ( 'NONE', ( #436 ), #2126 ) ;
#395 = LINE ( 'NONE', #2021, #2403 ) ;
#396 = DIRECTION ( 'NONE',  ( 0.000000000000000000, 0.000000000000000000, -1.000000000000000000 ) ) ;
#397 = CARTESIAN_POINT ( 'NONE',  ( -0.2550000000000000044, 0.2412050644871434613, -0.9001895557089611977 ) ) ;
#398 = VECTOR ( 'NONE', #1850, 1000.000000000000000 ) ;
#399 = PLANE ( 'NONE',  #1440 ) ;
#400 = CARTESIAN_POINT ( 'NONE',  ( 0.2550000000000000044, -0.04000000000000000777, -0.6929469207716612011 ) ) ;
#401 = LINE ( 'NONE', #1882, #2064 ) ;
#402 = EDGE_CURVE ( 'NONE', #743, #1236, #1966, .T. ) ;
#403 = CIRCLE ( 'NONE', #368, 0.1199999999999999956 ) ;
#404 = PRESENTATION_STYLE_ASSIGNMENT (( #955 ) ) ;
#405 = CARTESIAN_POINT ( 'NONE',  ( -0.7699999999999997957, -0.5117638090205037793, 1.019124862858298064 ) ) ;
#406 = CIRCLE ( 'NONE', #746, 0.1199999999999999956 ) ;
#407 = PLANE ( 'NONE',  #1844 ) ;
#408 = STYLED_ITEM ( 'NONE', ( #793 ), #786 ) ;
#409 = DIRECTION ( 'NONE',  ( 0.000000000000000000, -0.9659258262890693114, 0.2588190451025169647 ) ) ;
#410 = STYLED_ITEM ( 'NONE', ( #446 ), #1425 ) ;
#411 = EDGE_LOOP ( 'NONE', ( #111, #1124, #264, #2146 ) ) ;
#412 = VERTEX_POINT ( 'NONE', #66 ) ;
#413 =( NAMED_UNIT ( * ) PLANE_ANGLE_UNIT ( ) SI_UNIT ( $, .RADIAN. ) );
#414 = CARTESIAN_POINT ( 'NONE',  ( -0.2550000000000000044, -0.04000000000000000083, -0.8006368926555492704 ) ) ;
#415 = ORIENTED_EDGE ( 'NONE', *, *, #2222, .T. ) ;
#416 = VECTOR ( 'NONE', #1876, 1000.000000000000000 ) ;
#417 = ADVANCED_FACE ( 'NONE', ( #948 ), #1994, .F. ) ;
#418 = ORIENTED_EDGE ( 'NONE', *, *, #1479, .F. ) ;
#419 = DIRECTION ( 'NONE',  ( 0.1710878697460359033, -0.9702875252478138091, 0.1710878697460358755 ) ) ;
#420 = PRESENTATION_STYLE_ASSIGNMENT (( #1047 ) ) ;
#421 = ORIENTED_EDGE ( 'NONE', *, *, #798, .F. ) ;
#422 = AXIS2_PLACEMENT_3D ( 'NONE', #1540, #769, #392 ) ;
#423 = DIRECTION ( 'NONE',  ( 0.000000000000000000, 6.292381230576055301E-17, 1.000000000000000000 ) ) ;
#424 =( NAMED_UNIT ( * ) SI_UNIT ( $, .STERADIAN. ) SOLID_ANGLE_UNIT ( ) );
#425 = SURFACE_SIDE_STYLE ('',( #2525 ) ) ;
#426 = CARTESIAN_POINT ( 'NONE',  ( -1.279999999999999805, 0.03999999999999995920, -2.516952492230419439E-18 ) ) ;
#427 = MECHANICAL_DESIGN_GEOMETRIC_PRESENTATION_REPRESENTATION (  '', ( #291 ), #2457 ) ;
#428 =( GEOMETRIC_REPRESENTATION_CONTEXT ( 3 ) GLOBAL_UNCERTAINTY_ASSIGNED_CONTEXT ( ( #573 ) ) GLOBAL_UNIT_ASSIGNED_CONTEXT ( ( #2429, #494, #2435 ) ) REPRESENTATION_CONTEXT ( 'NONE', 'WORKASPACE' ) );
#429 = VECTOR ( 'NONE', #644, 1000.000000000000000 ) ;
#430 = ADVANCED_FACE ( 'NONE', ( #1430 ), #1679, .T. ) ;
#431 =( LENGTH_UNIT ( ) NAMED_UNIT ( * ) SI_UNIT ( .MILLI., .METRE. ) );
#432 = LINE ( 'NONE', #1891, #153 ) ;
#433 = PLANE ( 'NONE',  #313 ) ;
#434 = AXIS2_PLACEMENT_3D ( 'NONE', #2151, #1581, #1222 ) ;
#435 = FILL_AREA_STYLE_COLOUR ( '', #2415 ) ;
#436 = PRESENTATION_STYLE_ASSIGNMENT (( #2107 ) ) ;
#437 = COLOUR_RGB ( '',1.000000000000000000, 1.000000000000000000, 1.000000000000000000 ) ;
#438 = SURFACE_STYLE_FILL_AREA ( #170 ) ;
#439 = STYLED_ITEM ( 'NONE', ( #1595 ), #965 ) ;
#440 = SURFACE_STYLE_USAGE ( .BOTH. , #1587 ) ;
#441 = LINE ( 'NONE', #1219, #648 ) ;
#442 = ORIENTED_EDGE ( 'NONE', *, *, #1744, .F. ) ;
#443 = EDGE_CURVE ( 'NONE', #1747, #1449, #1794, .T. ) ;
#444 = SURFACE_STYLE_USAGE ( .BOTH. , #239 ) ;
#445 = ORIENTED_EDGE ( 'NONE', *, *, #735, .T. ) ;
#446 = PRESENTATION_STYLE_ASSIGNMENT (( #317 ) ) ;
#447 = CARTESIAN_POINT ( 'NONE',  ( -0.7699999999999997957, 0.000000000000000000, 0.7000000000000000666 ) ) ;
#448 = CARTESIAN_POINT ( 'NONE',  ( -0.2550000000000000044, -0.1082361909794963828, -0.9938220579133634214 ) ) ;
#449 = FILL_AREA_STYLE_COLOUR ( '', #2205 ) ;
#450 = ORIENTED_EDGE ( 'NONE', *, *, #1360, .F. ) ;
#451 = EDGE_CURVE ( 'NONE', #139, #1610, #797, .T. ) ;
#452 = VECTOR ( 'NONE', #1437, 1000.000000000000114 ) ;
#453 = CARTESIAN_POINT ( 'NONE',  ( 0.2550000000000000044, -0.4600000000000000755, -1.212310028116111438 ) ) ;
#454 = VERTEX_POINT ( 'NONE', #652 ) ;
#455 = MECHANICAL_DESIGN_GEOMETRIC_PRESENTATION_REPRESENTATION (  '', ( #408 ), #1405 ) ;
#456 = DIRECTION ( 'NONE',  ( -1.000000000000000000, 0.000000000000000000, 0.000000000000000000 ) ) ;
#457 = DIRECTION ( 'NONE',  ( 1.000000000000000000, -0.000000000000000000, 0.000000000000000000 ) ) ;
#458 = FILL_AREA_STYLE_COLOUR ( '', #1206 ) ;
#459 = AXIS2_PLACEMENT_3D ( 'NONE', #249, #271, #464 ) ;
#460 = LINE ( 'NONE', #716, #1421 ) ;
#461 = LINE ( 'NONE', #2054, #1104 ) ;
#462 = PLANE ( 'NONE',  #779 ) ;
#463 = SURFACE_STYLE_FILL_AREA ( #1541 ) ;
#464 = DIRECTION ( 'NONE',  ( 0.000000000000000000, 9.035018104045878829E-16, -1.000000000000000000 ) ) ;
#465 = SURFACE_SIDE_STYLE ('',( #1601 ) ) ;
#466 = CARTESIAN_POINT ( 'NONE',  ( 0.2550000000000000044, -0.1289417145876979309, -0.9165479918102374945 ) ) ;
#467 = COLOUR_RGB ( '',1.000000000000000000, 1.000000000000000000, 1.000000000000000000 ) ;
#468 = ORIENTED_EDGE ( 'NONE', *, *, #2407, .T. ) ;
#469 =( LENGTH_UNIT ( ) NAMED_UNIT ( * ) SI_UNIT ( .MILLI., .METRE. ) );
#470 = PRESENTATION_LAYER_ASSIGNMENT (  '', '', ( #1178 ) ) ;
#471 = ORIENTED_EDGE ( 'NONE', *, *, #971, .T. ) ;
#472 = CARTESIAN_POINT ( 'NONE',  ( -1.279999999999999805, -0.04000000000000004940, 2.516952492230425602E-18 ) ) ;
#473 = ORIENTED_EDGE ( 'NONE', *, *, #1733, .F. ) ;
#474 = FILL_AREA_STYLE ('',( #1052 ) ) ;
#475 = PRESENTATION_LAYER_ASSIGNMENT (  '', '', ( #1672 ) ) ;
#476 = ORIENTED_EDGE ( 'NONE', *, *, #665, .T. ) ;
#477 = CARTESIAN_POINT ( 'NONE',  ( 0.2550000000000000044, -0.1600000000000000033, -0.8006368926555492704 ) ) ;
#478 = ORIENTED_EDGE ( 'NONE', *, *, #238, .F. ) ;
#479 = FILL_AREA_STYLE_COLOUR ( '', #2522 ) ;
#480 = CARTESIAN_POINT ( 'NONE',  ( 0.2550000000000000044, -0.04000000000000000777, -0.6929469207716612011 ) ) ;
#481 = DIRECTION ( 'NONE',  ( 1.000000000000000000, 0.000000000000000000, 0.000000000000000000 ) ) ;
#482 = CARTESIAN_POINT ( 'NONE',  ( -0.7699999999999997957, -0.4600000000000000755, 1.212310028116111882 ) ) ;
#483 = UNCERTAINTY_MEASURE_WITH_UNIT (LENGTH_MEASURE( 1.000000000000000082E-05 ), #1027, 'distance_accuracy_value', 'NONE');
#484 = AXIS2_PLACEMENT_3D ( 'NONE', #2313, #1496, #378 ) ;
#485 =( NAMED_UNIT ( * ) SI_UNIT ( $, .STERADIAN. ) SOLID_ANGLE_UNIT ( ) );
#486 = FILL_AREA_STYLE ('',( #96 ) ) ;
#487 = LINE ( 'NONE', #2337, #2375 ) ;
#488 = DIRECTION ( 'NONE',  ( 1.548860246407863829E-16, 0.000000000000000000, 1.000000000000000000 ) ) ;
#489 = STYLED_ITEM ( 'NONE', ( #1228 ), #1976 ) ;
#490 = LINE ( 'NONE', #2093, #947 ) ;
#491 = DIRECTION ( 'NONE',  ( -1.000000000000000000, 0.000000000000000000, -0.000000000000000000 ) ) ;
#492 =( NAMED_UNIT ( * ) SI_UNIT ( $, .STERADIAN. ) SOLID_ANGLE_UNIT ( ) );
#493 = VECTOR ( 'NONE', #902, 1000.000000000000114 ) ;
#494 =( NAMED_UNIT ( * ) PLANE_ANGLE_UNIT ( ) SI_UNIT ( $, .RADIAN. ) );
#495 = EDGE_CURVE ( 'NONE', #1747, #1438, #370, .T. ) ;
#496 = CARTESIAN_POINT ( 'NONE',  ( 0.2550000000000000044, -0.5800000000000000711, -1.319999999999999618 ) ) ;
#497 = DIRECTION ( 'NONE',  ( 0.000000000000000000, 0.000000000000000000, -1.000000000000000000 ) ) ;
#498 = VECTOR ( 'NONE', #1306, 1000.000000000000114 ) ;
#499 = UNCERTAINTY_MEASURE_WITH_UNIT (LENGTH_MEASURE( 1.000000000000000082E-05 ), #863, 'distance_accuracy_value', 'NONE');
#500 = CARTESIAN_POINT ( 'NONE',  ( 1.279999999999999805, -0.1600000000000000033, 0.8006368926555497145 ) ) ;
#501 = DIRECTION ( 'NONE',  ( -1.000000000000000000, -0.000000000000000000, -0.000000000000000000 ) ) ;
#502 = VERTEX_POINT ( 'NONE', #2466 ) ;
#503 =( GEOMETRIC_REPRESENTATION_CONTEXT ( 3 ) GLOBAL_UNCERTAINTY_ASSIGNED_CONTEXT ( ( #1719 ) ) GLOBAL_UNIT_ASSIGNED_CONTEXT ( ( #185, #1929, #1531 ) ) REPRESENTATION_CONTEXT ( 'NONE', 'WORKASPACE' ) );
#504 = ORIENTED_EDGE ( 'NONE', *, *, #622, .T. ) ;
#505 = SURFACE_STYLE_USAGE ( .BOTH. , #893 ) ;
#506 = MECHANICAL_DESIGN_GEOMETRIC_PRESENTATION_REPRESENTATION (  '', ( #2507 ), #1712 ) ;
#507 = DIRECTION ( 'NONE',  ( 0.000000000000000000, 0.000000000000000000, -1.000000000000000000 ) ) ;
#508 = CARTESIAN_POINT ( 'NONE',  ( -1.421256890803259676, -0.5600000000000000533, 2.201328298098410830E-16 ) ) ;
#509 =( GEOMETRIC_REPRESENTATION_CONTEXT ( 3 ) GLOBAL_UNCERTAINTY_ASSIGNED_CONTEXT ( ( #844 ) ) GLOBAL_UNIT_ASSIGNED_CONTEXT ( ( #1112, #2277, #2463 ) ) REPRESENTATION_CONTEXT ( 'NONE', 'WORKASPACE' ) );
#510 = CARTESIAN_POINT ( 'NONE',  ( -0.7699999999999997957, -0.04000000000000000083, 0.8006368926555497145 ) ) ;
#511 = VERTEX_POINT ( 'NONE', #1289 ) ;
#512 =( LENGTH_UNIT ( ) NAMED_UNIT ( * ) SI_UNIT ( .MILLI., .METRE. ) );
#513 = SURFACE_SIDE_STYLE ('',( #691 ) ) ;
#514 = DIRECTION ( 'NONE',  ( 1.000000000000000000, -0.000000000000000000, 0.000000000000000000 ) ) ;
#515 = UNCERTAINTY_MEASURE_WITH_UNIT (LENGTH_MEASURE( 1.000000000000000082E-05 ), #1309, 'distance_accuracy_value', 'NONE');
#516 = DIRECTION ( 'NONE',  ( -1.000000000000000000, 0.000000000000000000, 0.000000000000000000 ) ) ;
#517 = PRESENTATION_STYLE_ASSIGNMENT (( #815 ) ) ;
#518 = AXIS2_PLACEMENT_3D ( 'NONE', #79, #116, #302 ) ;
#519 = EDGE_CURVE ( 'NONE', #934, #1150, #2283, .T. ) ;
#520 = FILL_AREA_STYLE_COLOUR ( '', #1487 ) ;
#521 = MECHANICAL_DESIGN_GEOMETRIC_PRESENTATION_REPRESENTATION (  '', ( #584 ), #1182 ) ;
#522 =( NAMED_UNIT ( * ) SI_UNIT ( $, .STERADIAN. ) SOLID_ANGLE_UNIT ( ) );
#523 = SURFACE_SIDE_STYLE ('',( #686 ) ) ;
#524 = CIRCLE ( 'NONE', #100, 0.2000000000000000944 ) ;
#525 = ORIENTED_EDGE ( 'NONE', *, *, #2039, .F. ) ;
#526 = SURFACE_STYLE_USAGE ( .BOTH. , #2074 ) ;
#527 = PRODUCT_CONTEXT ( 'NONE', #1494, 'mechanical' ) ;
#528 = LINE ( 'NONE', #1834, #1903 ) ;
#529 = EDGE_CURVE ( 'NONE', #991, #682, #1602, .T. ) ;
#530 = EDGE_LOOP ( 'NONE', ( #2455, #957, #199, #1022 ) ) ;
#531 = CARTESIAN_POINT ( 'NONE',  ( -0.7699999999999997957, -0.1600000000000000033, 0.8006368926555497145 ) ) ;
#532 = ORIENTED_EDGE ( 'NONE', *, *, #1064, .F. ) ;
#533 = ORIENTED_EDGE ( 'NONE', *, *, #2239, .T. ) ;
#534 = VECTOR ( 'NONE', #765, 1000.000000000000114 ) ;
#535 =( GEOMETRIC_REPRESENTATION_CONTEXT ( 3 ) GLOBAL_UNCERTAINTY_ASSIGNED_CONTEXT ( ( #2127 ) ) GLOBAL_UNIT_ASSIGNED_CONTEXT ( ( #2158, #28, #21 ) ) REPRESENTATION_CONTEXT ( 'NONE', 'WORKASPACE' ) );
#536 = ORIENTED_EDGE ( 'NONE', *, *, #178, .F. ) ;
#537 = EDGE_CURVE ( 'NONE', #502, #2518, #461, .T. ) ;
#538 = PRESENTATION_LAYER_ASSIGNMENT (  '', '', ( #2059 ) ) ;
#539 =( NAMED_UNIT ( * ) PLANE_ANGLE_UNIT ( ) SI_UNIT ( $, .RADIAN. ) );
#540 = ORIENTED_EDGE ( 'NONE', *, *, #178, .T. ) ;
#541 = CARTESIAN_POINT ( 'NONE',  ( -0.7699999999999997957, 0.000000000000000000, 1.320000000000000062 ) ) ;
#542 = CARTESIAN_POINT ( 'NONE',  ( 0.2550000000000000044, -0.5799999999999998490, -1.212310028116111438 ) ) ;
#543 = FILL_AREA_STYLE_COLOUR ( '', #2128 ) ;
#544 = EDGE_CURVE ( 'NONE', #687, #1375, #1695, .T. ) ;
#545 = DIRECTION ( 'NONE',  ( 0.000000000000000000, 1.000000000000000000, 0.000000000000000000 ) ) ;
#546 = CARTESIAN_POINT ( 'NONE',  ( -0.2550000000000000044, 0.000000000000000000, -1.319999999999999618 ) ) ;
#547 = AXIS2_PLACEMENT_3D ( 'NONE', #482, #684, #2032 ) ;
#548 = DIRECTION ( 'NONE',  ( 0.000000000000000000, 6.292381230576055301E-17, 1.000000000000000000 ) ) ;
#549 = SURFACE_STYLE_USAGE ( .BOTH. , #1726 ) ;
#550 = VECTOR ( 'NONE', #1329, 1000.000000000000000 ) ;
#551 =( GEOMETRIC_REPRESENTATION_CONTEXT ( 3 ) GLOBAL_UNCERTAINTY_ASSIGNED_CONTEXT ( ( #681 ) ) GLOBAL_UNIT_ASSIGNED_CONTEXT ( ( #33, #5, #1575 ) ) REPRESENTATION_CONTEXT ( 'NONE', 'WORKASPACE' ) );
#552 = FILL_AREA_STYLE ('',( #359 ) ) ;
#553 = VECTOR ( 'NONE', #488, 1000.000000000000000 ) ;
#554 = CARTESIAN_POINT ( 'NONE',  ( 1.279999999999999805, -0.04000000000000000777, 0.6929469207716616452 ) ) ;
#555 = ORIENTED_EDGE ( 'NONE', *, *, #2414, .F. ) ;
#556 = AXIS2_PLACEMENT_3D ( 'NONE', #453, #1949, #1837 ) ;
#557 = FILL_AREA_STYLE_COLOUR ( '', #1338 ) ;
#558 = ORIENTED_EDGE ( 'NONE', *, *, #798, .T. ) ;
#559 = SURFACE_STYLE_FILL_AREA ( #1847 ) ;
#560 =( NAMED_UNIT ( * ) PLANE_ANGLE_UNIT ( ) SI_UNIT ( $, .RADIAN. ) );
#561 = ORIENTED_EDGE ( 'NONE', *, *, #1649, .F. ) ;
#562 = SURFACE_SIDE_STYLE ('',( #1379 ) ) ;
#563 = PRESENTATION_LAYER_ASSIGNMENT (  '', '', ( #177 ) ) ;
#564 = ORIENTED_EDGE ( 'NONE', *, *, #1446, .F. ) ;
#565 = CARTESIAN_POINT ( 'NONE',  ( -1.520000000000000018, 0.000000000000000000, -0.6999999999999997335 ) ) ;
#566 = LINE ( 'NONE', #1924, #2274 ) ;
#567 = EDGE_CURVE ( 'NONE', #1174, #22, #1898, .T. ) ;
#568 = MECHANICAL_DESIGN_GEOMETRIC_PRESENTATION_REPRESENTATION (  '', ( #2041 ), #2091 ) ;
#569 = DIRECTION ( 'NONE',  ( 0.000000000000000000, 0.000000000000000000, -1.000000000000000000 ) ) ;
#570 = DIRECTION ( 'NONE',  ( 0.000000000000000000, 6.292381230576055301E-17, 1.000000000000000000 ) ) ;
#571 = PLANE ( 'NONE',  #742 ) ;
#572 = CARTESIAN_POINT ( 'NONE',  ( 1.279999999999999805, -0.4600000000000000755, 1.212310028116111882 ) ) ;
#573 = UNCERTAINTY_MEASURE_WITH_UNIT (LENGTH_MEASURE( 1.000000000000000082E-05 ), #2429, 'distance_accuracy_value', 'NONE');
#574 = EDGE_CURVE ( 'NONE', #1558, #1114, #65, .T. ) ;
#575 = DIRECTION ( 'NONE',  ( -0.9848077530122080203, 0.1736481776669307198, 1.525329578994863070E-16 ) ) ;
#576 = FACE_OUTER_BOUND ( 'NONE', #2133, .T. ) ;
#577 = DIRECTION ( 'NONE',  ( 0.000000000000000000, -0.9659258262890692004, 0.2588190451025177419 ) ) ;
#578 = FILL_AREA_STYLE ('',( #2333 ) ) ;
#579 = AXIS2_PLACEMENT_3D ( 'NONE', #2079, #2305, #733 ) ;
#580 = LINE ( 'NONE', #1441, #493 ) ;
#581 = FILL_AREA_STYLE_COLOUR ( '', #363 ) ;
#582 =( NAMED_UNIT ( * ) PLANE_ANGLE_UNIT ( ) SI_UNIT ( $, .RADIAN. ) );
#583 = PRESENTATION_STYLE_ASSIGNMENT (( #549 ) ) ;
#584 = STYLED_ITEM ( 'NONE', ( #194 ), #1758 ) ;
#585 = PLANE ( 'NONE',  #1592 ) ;
#586 = ORIENTED_EDGE ( 'NONE', *, *, #928, .T. ) ;
#587 = CARTESIAN_POINT ( 'NONE',  ( -0.7699999999999997957, 0.2204995408789426903, 0.8229154896058351598 ) ) ;
#588 = SURFACE_SIDE_STYLE ('',( #1751 ) ) ;
#589 = LINE ( 'NONE', #508, #553 ) ;
#590 = ORIENTED_EDGE ( 'NONE', *, *, #2121, .T. ) ;
#591 =( NAMED_UNIT ( * ) SI_UNIT ( $, .STERADIAN. ) SOLID_ANGLE_UNIT ( ) );
#592 = CARTESIAN_POINT ( 'NONE',  ( -0.7699999999999997957, -0.4600000000000000755, 1.212310028116111882 ) ) ;
#593 = VERTEX_POINT ( 'NONE', #2065 ) ;
#594 = ADVANCED_FACE ( 'NONE', ( #1165 ), #1118, .T. ) ;
#595 = ORIENTED_EDGE ( 'NONE', *, *, #1095, .T. ) ;
#596 = FACE_OUTER_BOUND ( 'NONE', #169, .T. ) ;
#597 = DIRECTION ( 'NONE',  ( -1.000000000000000000, -0.000000000000000000, -0.000000000000000000 ) ) ;
#598 = ORIENTED_EDGE ( 'NONE', *, *, #1479, .T. ) ;
#599 = FILL_AREA_STYLE ('',( #985 ) ) ;
#600 = DIRECTION ( 'NONE',  ( -1.000000000000000000, 0.000000000000000000, -0.000000000000000000 ) ) ;
#601 = MECHANICAL_DESIGN_GEOMETRIC_PRESENTATION_REPRESENTATION (  '', ( #255 ), #342 ) ;
#602 = EDGE_LOOP ( 'NONE', ( #2268, #867, #2046, #52 ) ) ;
#603 = CARTESIAN_POINT ( 'NONE',  ( -1.519999999999999796, 0.5600000000000000533, 0.6012568908032596138 ) ) ;
#604 =( GEOMETRIC_REPRESENTATION_CONTEXT ( 3 ) GLOBAL_UNCERTAINTY_ASSIGNED_CONTEXT ( ( #608 ) ) GLOBAL_UNIT_ASSIGNED_CONTEXT ( ( #1559, #2365, #1201 ) ) REPRESENTATION_CONTEXT ( 'NONE', 'WORKASPACE' ) );
#605 = CARTESIAN_POINT ( 'NONE',  ( -0.7699999999999997957, -0.04000000000000000083, 0.8006368926555497145 ) ) ;
#606 = ADVANCED_FACE ( 'NONE', ( #1760 ), #1693, .T. ) ;
#607 = LINE ( 'NONE', #1543, #90 ) ;
#608 = UNCERTAINTY_MEASURE_WITH_UNIT (LENGTH_MEASURE( 1.000000000000000082E-05 ), #1559, 'distance_accuracy_value', 'NONE');
#609 = VECTOR ( 'NONE', #216, 999.9999999999998863 ) ;
#610 = SURFACE_STYLE_USAGE ( .BOTH. , #994 ) ;
#611 = LINE ( 'NONE', #279, #2379 ) ;
#612 = DIRECTION ( 'NONE',  ( 0.000000000000000000, 6.292381230576055301E-17, -1.000000000000000000 ) ) ;
#613 = SURFACE_STYLE_FILL_AREA ( #2433 ) ;
#614 = MECHANICAL_DESIGN_GEOMETRIC_PRESENTATION_REPRESENTATION (  '', ( #2056 ), #2410 ) ;
#615 = SURFACE_STYLE_USAGE ( .BOTH. , #2404 ) ;
#616 = ADVANCED_FACE ( 'NONE', ( #980 ), #2504, .T. ) ;
#617 =( GEOMETRIC_REPRESENTATION_CONTEXT ( 3 ) GLOBAL_UNCERTAINTY_ASSIGNED_CONTEXT ( ( #879 ) ) GLOBAL_UNIT_ASSIGNED_CONTEXT ( ( #150, #1932, #1513 ) ) REPRESENTATION_CONTEXT ( 'NONE', 'WORKASPACE' ) );
#618 = PRESENTATION_STYLE_ASSIGNMENT (( #526 ) ) ;
#619 = ORIENTED_EDGE ( 'NONE', *, *, #750, .F. ) ;
#620 =( NAMED_UNIT ( * ) PLANE_ANGLE_UNIT ( ) SI_UNIT ( $, .RADIAN. ) );
#621 = ORIENTED_EDGE ( 'NONE', *, *, #184, .T. ) ;
#622 = EDGE_CURVE ( 'NONE', #1863, #682, #401, .T. ) ;
#623 = FILL_AREA_STYLE ('',( #2164 ) ) ;
#624 = ORIENTED_EDGE ( 'NONE', *, *, #364, .F. ) ;
#625 = STYLED_ITEM ( 'NONE', ( #835 ), #44 ) ;
#626 = LINE ( 'NONE', #1851, #241 ) ;
#627 = FILL_AREA_STYLE ('',( #1772 ) ) ;
#628 = ADVANCED_FACE ( 'NONE', ( #978 ), #724, .F. ) ;
#629 = PLANE ( 'NONE',  #730 ) ;
#630 = CYLINDRICAL_SURFACE ( 'NONE', #1299, 0.2000000000000002054 ) ;
#631 =( NAMED_UNIT ( * ) SI_UNIT ( $, .STERADIAN. ) SOLID_ANGLE_UNIT ( ) );
#632 = AXIS2_PLACEMENT_3D ( 'NONE', #1687, #1097, #2453 ) ;
#633 = LINE ( 'NONE', #1445, #2488 ) ;
#634 =( NAMED_UNIT ( * ) SI_UNIT ( $, .STERADIAN. ) SOLID_ANGLE_UNIT ( ) );
#635 = COLOUR_RGB ( '',1.000000000000000000, 1.000000000000000000, 1.000000000000000000 ) ;
#636 = FACE_OUTER_BOUND ( 'NONE', #1865, .T. ) ;
#637 = UNCERTAINTY_MEASURE_WITH_UNIT (LENGTH_MEASURE( 1.000000000000000082E-05 ), #1960, 'distance_accuracy_value', 'NONE');
#638 = DIRECTION ( 'NONE',  ( 1.000000000000000000, -0.000000000000000000, 0.000000000000000000 ) ) ;
#639 = SURFACE_STYLE_USAGE ( .BOTH. , #425 ) ;
#640 =( NAMED_UNIT ( * ) SI_UNIT ( $, .STERADIAN. ) SOLID_ANGLE_UNIT ( ) );
#641 = SURFACE_STYLE_FILL_AREA ( #306 ) ;
#642 = CARTESIAN_POINT ( 'NONE',  ( 1.279999999999999805, -0.1197070501639832252, 0.6788924172750684383 ) ) ;
#643 = LINE ( 'NONE', #384, #550 ) ;
#644 = DIRECTION ( 'NONE',  ( 1.548860246407863829E-16, -0.000000000000000000, 1.000000000000000000 ) ) ;
#645 =( GEOMETRIC_REPRESENTATION_CONTEXT ( 3 ) GLOBAL_UNCERTAINTY_ASSIGNED_CONTEXT ( ( #2094 ) ) GLOBAL_UNIT_ASSIGNED_CONTEXT ( ( #1822, #1816, #875 ) ) REPRESENTATION_CONTEXT ( 'NONE', 'WORKASPACE' ) );
#646 = DIRECTION ( 'NONE',  ( 0.000000000000000000, 6.292381230576055301E-17, 1.000000000000000000 ) ) ;
#647 = SURFACE_SIDE_STYLE ('',( #676 ) ) ;
#648 = VECTOR ( 'NONE', #1240, 1000.000000000000000 ) ;
#649 = VERTEX_POINT ( 'NONE', #749 ) ;
#650 = EDGE_CURVE ( 'NONE', #2214, #192, #2494, .T. ) ;
#651 = AXIS2_PLACEMENT_3D ( 'NONE', #531, #1874, #569 ) ;
#652 = CARTESIAN_POINT ( 'NONE',  ( 1.279999999999999805, -0.5117638090205037793, 1.019124862858298064 ) ) ;
#653 =( NAMED_UNIT ( * ) SI_UNIT ( $, .STERADIAN. ) SOLID_ANGLE_UNIT ( ) );
#654 = ORIENTED_EDGE ( 'NONE', *, *, #1744, .T. ) ;
#655 = UNCERTAINTY_MEASURE_WITH_UNIT (LENGTH_MEASURE( 1.000000000000000082E-05 ), #824, 'distance_accuracy_value', 'NONE');
#656 = ORIENTED_EDGE ( 'NONE', *, *, #2370, .F. ) ;
#657 = ORIENTED_EDGE ( 'NONE', *, *, #2414, .T. ) ;
#658 = CARTESIAN_POINT ( 'NONE',  ( 0.7699999999999997957, 0.1197070501639832391, 0.6788924172750684383 ) ) ;
#659 = ORIENTED_EDGE ( 'NONE', *, *, #443, .F. ) ;
#660 = EDGE_CURVE ( 'NONE', #1114, #108, #490, .T. ) ;
#661 = PRESENTATION_STYLE_ASSIGNMENT (( #2220 ) ) ;
#662 = FILL_AREA_STYLE ('',( #1045 ) ) ;
#663 = CARTESIAN_POINT ( 'NONE',  ( -1.279999999999999805, 0.000000000000000000, 0.7000000000000000666 ) ) ;
#664 = PRESENTATION_LAYER_ASSIGNMENT (  '', '', ( #408 ) ) ;
#665 = EDGE_CURVE ( 'NONE', #1912, #2214, #432, .T. ) ;
#666 = CARTESIAN_POINT ( 'NONE',  ( -0.7699999999999997957, -0.6600000000000000311, 1.212310028116111882 ) ) ;
#667 = PRESENTATION_LAYER_ASSIGNMENT (  '', '', ( #2105 ) ) ;
#668 = SURFACE_SIDE_STYLE ('',( #1634 ) ) ;
#669 = DIRECTION ( 'NONE',  ( 1.000000000000000000, 0.000000000000000000, 0.000000000000000000 ) ) ;
#670 = CYLINDRICAL_SURFACE ( 'NONE', #274, 0.1199999999999999956 ) ;
#671 = CARTESIAN_POINT ( 'NONE',  ( 1.519999999999999796, 0.000000000000000000, -0.6999999999999997335 ) ) ;
#672 = SURFACE_SIDE_STYLE ('',( #1402 ) ) ;
#673 =( NAMED_UNIT ( * ) SI_UNIT ( $, .STERADIAN. ) SOLID_ANGLE_UNIT ( ) );
#674 = DIRECTION ( 'NONE',  ( 0.000000000000000000, 0.000000000000000000, -1.000000000000000000 ) ) ;
#675 = COLOUR_RGB ( '',1.000000000000000000, 1.000000000000000000, 1.000000000000000000 ) ;
#676 = SURFACE_STYLE_FILL_AREA ( #71 ) ;
#677 = MECHANICAL_DESIGN_GEOMETRIC_PRESENTATION_REPRESENTATION (  '', ( #410 ), #816 ) ;
#678 = VERTEX_POINT ( 'NONE', #939 ) ;
#679 = CARTESIAN_POINT ( 'NONE',  ( -1.279999999999999805, -0.6600000000000000311, 1.212310028116111882 ) ) ;
#680 = DIRECTION ( 'NONE',  ( 0.000000000000000000, 0.000000000000000000, -1.000000000000000000 ) ) ;
#681 = UNCERTAINTY_MEASURE_WITH_UNIT (LENGTH_MEASURE( 1.000000000000000082E-05 ), #33, 'distance_accuracy_value', 'NONE');
#682 = VERTEX_POINT ( 'NONE', #167 ) ;
#683 = DIRECTION ( 'NONE',  ( 1.000000000000000000, 0.000000000000000000, 0.000000000000000000 ) ) ;
#684 = DIRECTION ( 'NONE',  ( -1.000000000000000000, 0.000000000000000000, 0.000000000000000000 ) ) ;
#685 = ORIENTED_EDGE ( 'NONE', *, *, #193, .T. ) ;
#686 = SURFACE_STYLE_FILL_AREA ( #1107 ) ;
#687 = VERTEX_POINT ( 'NONE', #1517 ) ;
#688 = DIRECTION ( 'NONE',  ( 0.000000000000000000, 6.292381230576055301E-17, 1.000000000000000000 ) ) ;
#689 = VECTOR ( 'NONE', #1560, 1000.000000000000000 ) ;
#690 = FILL_AREA_STYLE_COLOUR ( '', #467 ) ;
#691 = SURFACE_STYLE_FILL_AREA ( #1155 ) ;
#692 = ADVANCED_FACE ( 'NONE', ( #795 ), #670, .F. ) ;
#693 = DIRECTION ( 'NONE',  ( -1.000000000000000000, -0.000000000000000000, -0.000000000000000000 ) ) ;
#694 =( NAMED_UNIT ( * ) SI_UNIT ( $, .STERADIAN. ) SOLID_ANGLE_UNIT ( ) );
#695 = SURFACE_STYLE_FILL_AREA ( #1459 ) ;
#696 = AXIS2_PLACEMENT_3D ( 'NONE', #269, #2368, #646 ) ;
#697 = COLOUR_RGB ( '',1.000000000000000000, 1.000000000000000000, 1.000000000000000000 ) ;
#698 = CARTESIAN_POINT ( 'NONE',  ( -1.519999999999999796, 0.000000000000000000, 0.7000000000000001776 ) ) ;
#699 = LINE ( 'NONE', #2011, #1930 ) ;
#700 = SURFACE_SIDE_STYLE ('',( #1715 ) ) ;
#701 = EDGE_CURVE ( 'NONE', #1235, #934, #2309, .T. ) ;
#702 =( LENGTH_UNIT ( ) NAMED_UNIT ( * ) SI_UNIT ( .MILLI., .METRE. ) );
#703 = UNCERTAINTY_MEASURE_WITH_UNIT (LENGTH_MEASURE( 1.000000000000000082E-05 ), #1968, 'distance_accuracy_value', 'NONE');
#704 = CYLINDRICAL_SURFACE ( 'NONE', #345, 0.2000000000000000944 ) ;
#705 = CARTESIAN_POINT ( 'NONE',  ( -0.2550000000000000044, -0.04000000000000000777, -0.6929469207716612011 ) ) ;
#706 = PRESENTATION_STYLE_ASSIGNMENT (( #1952 ) ) ;
#707 = VECTOR ( 'NONE', #1353, 1000.000000000000000 ) ;
#708 = EDGE_CURVE ( 'NONE', #1413, #2514, #1666, .T. ) ;
#709 = CARTESIAN_POINT ( 'NONE',  ( 1.421256890803259454, -0.5600000000000000533, -0.6012568908032591697 ) ) ;
#710 = ORIENTED_EDGE ( 'NONE', *, *, #2132, .T. ) ;
#711 = VECTOR ( 'NONE', #1176, 1000.000000000000000 ) ;
#712 = CARTESIAN_POINT ( 'NONE',  ( 0.7699999999999997957, 0.2412050644871435723, 0.9001895557089616418 ) ) ;
#713 = ORIENTED_EDGE ( 'NONE', *, *, #1869, .F. ) ;
#714 = ORIENTED_EDGE ( 'NONE', *, *, #2085, .F. ) ;
#715 = ORIENTED_EDGE ( 'NONE', *, *, #402, .F. ) ;
#716 = CARTESIAN_POINT ( 'NONE',  ( 0.7699999999999997957, 0.03999999999999995920, -2.516952492230419439E-18 ) ) ;
#717 = FILL_AREA_STYLE_COLOUR ( '', #2031 ) ;
#718 = DIRECTION ( 'NONE',  ( -1.000000000000000000, 0.000000000000000000, 0.000000000000000000 ) ) ;
#719 = ORIENTED_EDGE ( 'NONE', *, *, #1021, .F. ) ;
#720 = VECTOR ( 'NONE', #669, 1000.000000000000000 ) ;
#721 = VERTEX_POINT ( 'NONE', #2523 ) ;
#722 = FILL_AREA_STYLE_COLOUR ( '', #675 ) ;
#723 = SURFACE_STYLE_USAGE ( .BOTH. , #1136 ) ;
#724 = PLANE ( 'NONE',  #2276 ) ;
#725 =( NAMED_UNIT ( * ) PLANE_ANGLE_UNIT ( ) SI_UNIT ( $, .RADIAN. ) );
#726 = COLOUR_RGB ( '',0.1019607843137254888, 0.1019607843137254888, 0.1019607843137254888 ) ;
#727 = AXIS2_PLACEMENT_3D ( 'NONE', #35, #55, #60 ) ;
#728 = SURFACE_SIDE_STYLE ('',( #438 ) ) ;
#729 = SURFACE_SIDE_STYLE ('',( #1764 ) ) ;
#730 = AXIS2_PLACEMENT_3D ( 'NONE', #1973, #1382, #1783 ) ;
#731 = PRESENTATION_STYLE_ASSIGNMENT (( #1127 ) ) ;
#732 = PRESENTATION_STYLE_ASSIGNMENT (( #2166 ) ) ;
#733 = DIRECTION ( 'NONE',  ( 0.000000000000000000, -0.9848077530122083534, 0.1736481776669290822 ) ) ;
#734 = LINE ( 'NONE', #642, #220 ) ;
#735 = EDGE_CURVE ( 'NONE', #412, #1413, #1632, .T. ) ;
#736 =( NAMED_UNIT ( * ) PLANE_ANGLE_UNIT ( ) SI_UNIT ( $, .RADIAN. ) );
#737 = PRESENTATION_STYLE_ASSIGNMENT (( #1588 ) ) ;
#738 = ORIENTED_EDGE ( 'NONE', *, *, #1101, .F. ) ;
#739 = SURFACE_SIDE_STYLE ('',( #1249 ) ) ;
#740 =( NAMED_UNIT ( * ) PLANE_ANGLE_UNIT ( ) SI_UNIT ( $, .RADIAN. ) );
#741 = CIRCLE ( 'NONE', #1669, 0.2000000000000000944 ) ;
#742 = AXIS2_PLACEMENT_3D ( 'NONE', #1926, #776, #805 ) ;
#743 = VERTEX_POINT ( 'NONE', #1348 ) ;
#744 = FILL_AREA_STYLE_COLOUR ( '', #2033 ) ;
#745 = UNCERTAINTY_MEASURE_WITH_UNIT (LENGTH_MEASURE( 1.000000000000000082E-05 ), #953, 'distance_accuracy_value', 'NONE');
#746 = AXIS2_PLACEMENT_3D ( 'NONE', #1505, #748, #396 ) ;
#747 = VERTEX_POINT ( 'NONE', #763 ) ;
#748 = DIRECTION ( 'NONE',  ( 1.000000000000000000, -0.000000000000000000, -0.000000000000000000 ) ) ;
#749 = CARTESIAN_POINT ( 'NONE',  ( 0.7699999999999997957, -0.5800000000000000711, 1.320000000000000062 ) ) ;
#750 = EDGE_CURVE ( 'NONE', #2424, #1856, #487, .T. ) ;
#751 = DIRECTION ( 'NONE',  ( 0.000000000000000000, 1.000000000000000000, -2.013561993784337696E-15 ) ) ;
#752 = CARTESIAN_POINT ( 'NONE',  ( 0.7699999999999997957, -0.04000000000000004940, 2.516952492230425602E-18 ) ) ;
#753 = CARTESIAN_POINT ( 'NONE',  ( 0.7699999999999997957, -0.1600000000000000033, 0.8006368926555497145 ) ) ;
#754 = VECTOR ( 'NONE', #2248, 1000.000000000000000 ) ;
#755 = MECHANICAL_DESIGN_GEOMETRIC_PRESENTATION_REPRESENTATION (  '', ( #1087 ), #1468 ) ;
#756 = SURFACE_SIDE_STYLE ('',( #1427 ) ) ;
#757 = CARTESIAN_POINT ( 'NONE',  ( 0.7699999999999997957, -0.5117638090205037793, 1.019124862858298064 ) ) ;
#758 = STYLED_ITEM ( 'NONE', ( #874 ), #1442 ) ;
#759 = PLANE ( 'NONE',  #1724 ) ;
#760 = STYLED_ITEM ( 'NONE', ( #974 ), #2391 ) ;
#761 = CARTESIAN_POINT ( 'NONE',  ( 1.279999999999999805, 0.03999999999999995920, -2.516952492230419439E-18 ) ) ;
#762 = CIRCLE ( 'NONE', #1978, 0.2000000000000000944 ) ;
#763 = CARTESIAN_POINT ( 'NONE',  ( -0.7699999999999997957, -0.4910582854123022312, 1.096398928961423547 ) ) ;
#764 = CIRCLE ( 'NONE', #1788, 0.2000000000000000944 ) ;
#765 = DIRECTION ( 'NONE',  ( 0.000000000000000000, -0.9659258262890693114, 0.2588190451025169092 ) ) ;
#766 = VERTEX_POINT ( 'NONE', #1537 ) ;
#767 = ADVANCED_FACE ( 'NONE', ( #636 ), #571, .F. ) ;
#768 = VECTOR ( 'NONE', #1962, 1000.000000000000000 ) ;
#769 = DIRECTION ( 'NONE',  ( -1.000000000000000000, 0.000000000000000000, -0.000000000000000000 ) ) ;
#770 = ORIENTED_EDGE ( 'NONE', *, *, #622, .F. ) ;
#771 = EDGE_LOOP ( 'NONE', ( #1381, #1548, #2076, #1261 ) ) ;
#772 = CARTESIAN_POINT ( 'NONE',  ( 0.7699999999999997957, -0.1289417145876979309, 0.9165479918102379386 ) ) ;
#773 = CARTESIAN_POINT ( 'NONE',  ( -1.279999999999999805, -0.5117638090205037793, 1.019124862858298064 ) ) ;
#774 = ORIENTED_EDGE ( 'NONE', *, *, #1895, .F. ) ;
#775 = CIRCLE ( 'NONE', #2416, 0.1199999999999998845 ) ;
#776 = DIRECTION ( 'NONE',  ( -0.000000000000000000, 1.000000000000000000, 6.292381230576055301E-17 ) ) ;
#777 = ORIENTED_EDGE ( 'NONE', *, *, #1191, .F. ) ;
#778 =( NAMED_UNIT ( * ) SI_UNIT ( $, .STERADIAN. ) SOLID_ANGLE_UNIT ( ) );
#779 = AXIS2_PLACEMENT_3D ( 'NONE', #865, #87, #2250 ) ;
#780 = FACE_OUTER_BOUND ( 'NONE', #871, .T. ) ;
#781 = ORIENTED_EDGE ( 'NONE', *, *, #750, .T. ) ;
#782 = MECHANICAL_DESIGN_GEOMETRIC_PRESENTATION_REPRESENTATION (  '', ( #394 ), #2204 ) ;
#783 = ORIENTED_EDGE ( 'NONE', *, *, #193, .F. ) ;
#784 = PRESENTATION_STYLE_ASSIGNMENT (( #973 ) ) ;
#785 = FILL_AREA_STYLE ('',( #222 ) ) ;
#786 = ADVANCED_FACE ( 'NONE', ( #1099 ), #399, .T. ) ;
#787 = DIRECTION ( 'NONE',  ( 0.000000000000000000, 0.2588190451025169647, -0.9659258262890693114 ) ) ;
#788 = FILL_AREA_STYLE ('',( #1384 ) ) ;
#789 = VECTOR ( 'NONE', #688, 1000.000000000000000 ) ;
#790 = EDGE_CURVE ( 'NONE', #899, #354, #27, .T. ) ;
#791 = SURFACE_SIDE_STYLE ('',( #1283 ) ) ;
#792 = LINE ( 'NONE', #2191, #1871 ) ;
#793 = PRESENTATION_STYLE_ASSIGNMENT (( #1749 ) ) ;
#794 = CARTESIAN_POINT ( 'NONE',  ( -1.520000000000000018, 0.5600000000000000533, -0.6012568908032591697 ) ) ;
#795 = FACE_OUTER_BOUND ( 'NONE', #1519, .T. ) ;
#796 = AXIS2_PLACEMENT_3D ( 'NONE', #1812, #843, #1609 ) ;
#797 = LINE ( 'NONE', #2069, #314 ) ;
#798 = EDGE_CURVE ( 'NONE', #192, #1615, #607, .T. ) ;
#799 = ADVANCED_FACE ( 'NONE', ( #2090 ), #1391, .T. ) ;
#800 = MECHANICAL_DESIGN_GEOMETRIC_PRESENTATION_REPRESENTATION (  '', ( #2105 ), #2249 ) ;
#801 = PRESENTATION_STYLE_ASSIGNMENT (( #1671 ) ) ;
#802 = CARTESIAN_POINT ( 'NONE',  ( 0.2550000000000000044, -0.6600000000000000311, -1.212310028116111438 ) ) ;
#803 = EDGE_LOOP ( 'NONE', ( #1619, #770, #289, #1051 ) ) ;
#804 = CARTESIAN_POINT ( 'NONE',  ( 0.7699999999999997957, 0.03999999999999999389, 0.6929469207716616452 ) ) ;
#805 = DIRECTION ( 'NONE',  ( 0.000000000000000000, -6.292381230576055301E-17, 1.000000000000000000 ) ) ;
#806 = ORIENTED_EDGE ( 'NONE', *, *, #1095, .F. ) ;
#807 = ORIENTED_EDGE ( 'NONE', *, *, #976, .T. ) ;
#808 = PLANE ( 'NONE',  #1137 ) ;
#809 = SURFACE_STYLE_FILL_AREA ( #362 ) ;
#810 = ORIENTED_EDGE ( 'NONE', *, *, #1111, .F. ) ;
#811 = PRESENTATION_LAYER_ASSIGNMENT (  '', '', ( #2289 ) ) ;
#812 =( NAMED_UNIT ( * ) SI_UNIT ( $, .STERADIAN. ) SOLID_ANGLE_UNIT ( ) );
#813 = CARTESIAN_POINT ( 'NONE',  ( 0.7699999999999997957, 0.04000000000000000083, 0.8006368926555497145 ) ) ;
#814 = PRESENTATION_STYLE_ASSIGNMENT (( #1298 ) ) ;
#815 = SURFACE_STYLE_USAGE ( .BOTH. , #1785 ) ;
#816 =( GEOMETRIC_REPRESENTATION_CONTEXT ( 3 ) GLOBAL_UNCERTAINTY_ASSIGNED_CONTEXT ( ( #1461 ) ) GLOBAL_UNIT_ASSIGNED_CONTEXT ( ( #512, #335, #2467 ) ) REPRESENTATION_CONTEXT ( 'NONE', 'WORKASPACE' ) );
#817 = LINE ( 'NONE', #1535, #1868 ) ;
#818 = LINE ( 'NONE', #761, #240 ) ;
#819 = LINE ( 'NONE', #2304, #1526 ) ;
#820 = MECHANICAL_DESIGN_GEOMETRIC_PRESENTATION_REPRESENTATION (  '', ( #1215 ), #2459 ) ;
#821 = CARTESIAN_POINT ( 'NONE',  ( -1.520000000000000018, 0.000000000000000000, -0.6999999999999997335 ) ) ;
#822 = ADVANCED_FACE ( 'NONE', ( #2462 ), #1791, .T. ) ;
#823 = AXIS2_PLACEMENT_3D ( 'NONE', #2015, #491, #857 ) ;
#824 =( LENGTH_UNIT ( ) NAMED_UNIT ( * ) SI_UNIT ( .MILLI., .METRE. ) );
#825 = FACE_OUTER_BOUND ( 'NONE', #1999, .T. ) ;
#826 = UNCERTAINTY_MEASURE_WITH_UNIT (LENGTH_MEASURE( 1.000000000000000082E-05 ), #431, 'distance_accuracy_value', 'NONE');
#827 = COLOUR_RGB ( '',1.000000000000000000, 1.000000000000000000, 1.000000000000000000 ) ;
#828 = AXIS2_PLACEMENT_3D ( 'NONE', #1565, #2135, #1004 ) ;
#829 = SURFACE_STYLE_FILL_AREA ( #2077 ) ;
#830 = CARTESIAN_POINT ( 'NONE',  ( 0.7699999999999997957, 0.000000000000000000, 1.320000000000000062 ) ) ;
#831 = EDGE_CURVE ( 'NONE', #1947, #1863, #1247, .T. ) ;
#832 = PRESENTATION_STYLE_ASSIGNMENT (( #331 ) ) ;
#833 = PRESENTATION_LAYER_ASSIGNMENT (  '', '', ( #584 ) ) ;
#834 = DIRECTION ( 'NONE',  ( 0.000000000000000000, 0.000000000000000000, -1.000000000000000000 ) ) ;
#835 = PRESENTATION_STYLE_ASSIGNMENT (( #1110 ) ) ;
#836 = PRESENTATION_STYLE_ASSIGNMENT (( #840 ) ) ;
#837 = ORIENTED_EDGE ( 'NONE', *, *, #1658, .T. ) ;
#838 = CARTESIAN_POINT ( 'NONE',  ( -1.421256890803259454, 0.5600000000000000533, -0.6999999999999997335 ) ) ;
#839 = ORIENTED_EDGE ( 'NONE', *, *, #1239, .T. ) ;
#840 = SURFACE_STYLE_USAGE ( .BOTH. , #1392 ) ;
#841 = EDGE_CURVE ( 'NONE', #1295, #2352, #1689, .T. ) ;
#842 = PRESENTATION_STYLE_ASSIGNMENT (( #1720 ) ) ;
#843 = DIRECTION ( 'NONE',  ( 1.000000000000000000, -0.000000000000000000, 0.000000000000000000 ) ) ;
#844 = UNCERTAINTY_MEASURE_WITH_UNIT (LENGTH_MEASURE( 1.000000000000000082E-05 ), #1112, 'distance_accuracy_value', 'NONE');
#845 = ORIENTED_EDGE ( 'NONE', *, *, #1273, .T. ) ;
#846 = STYLED_ITEM ( 'NONE', ( #861 ), #430 ) ;
#847 = VERTEX_POINT ( 'NONE', #2210 ) ;
#848 =( NAMED_UNIT ( * ) SI_UNIT ( $, .STERADIAN. ) SOLID_ANGLE_UNIT ( ) );
#849 = DIRECTION ( 'NONE',  ( -1.000000000000000000, 0.000000000000000000, -0.000000000000000000 ) ) ;
#850 = AXIS2_PLACEMENT_3D ( 'NONE', #2329, #1544, #409 ) ;
#851 = DIRECTION ( 'NONE',  ( -1.000000000000000000, 0.000000000000000000, 0.000000000000000000 ) ) ;
#852 = FILL_AREA_STYLE ('',( #1627 ) ) ;
#853 = LINE ( 'NONE', #698, #1723 ) ;
#854 = FILL_AREA_STYLE_COLOUR ( '', #58 ) ;
#855 =( LENGTH_UNIT ( ) NAMED_UNIT ( * ) SI_UNIT ( .MILLI., .METRE. ) );
#856 = SURFACE_STYLE_FILL_AREA ( #599 ) ;
#857 = DIRECTION ( 'NONE',  ( 0.000000000000000000, 9.035018104045870941E-16, -1.000000000000000000 ) ) ;
#858 = CARTESIAN_POINT ( 'NONE',  ( 1.279999999999999805, 0.1197070501639832391, 0.6788924172750684383 ) ) ;
#859 = CIRCLE ( 'NONE', #823, 0.1199999999999999956 ) ;
#860 = UNCERTAINTY_MEASURE_WITH_UNIT (LENGTH_MEASURE( 1.000000000000000082E-05 ), #1789, 'distance_accuracy_value', 'NONE');
#861 = PRESENTATION_STYLE_ASSIGNMENT (( #1654 ) ) ;
#862 = VECTOR ( 'NONE', #1696, 1000.000000000000000 ) ;
#863 =( LENGTH_UNIT ( ) NAMED_UNIT ( * ) SI_UNIT ( .MILLI., .METRE. ) );
#864 = MECHANICAL_DESIGN_GEOMETRIC_PRESENTATION_REPRESENTATION (  '', ( #2264 ), #2393 ) ;
#865 = CARTESIAN_POINT ( 'NONE',  ( 0.7699999999999997957, 0.000000000000000000, 0.000000000000000000 ) ) ;
#866 = CARTESIAN_POINT ( 'NONE',  ( -1.279999999999999805, 0.000000000000000000, 0.000000000000000000 ) ) ;
#867 = ORIENTED_EDGE ( 'NONE', *, *, #1269, .F. ) ;
#868 = STYLED_ITEM ( 'NONE', ( #1304 ), #2349 ) ;
#869 = DIRECTION ( 'NONE',  ( 0.000000000000000000, -0.9659258262890693114, 0.2588190451025169092 ) ) ;
#870 = ORIENTED_EDGE ( 'NONE', *, *, #1555, .T. ) ;
#871 = EDGE_LOOP ( 'NONE', ( #2450, #1180, #381, #8 ) ) ;
#872 = ORIENTED_EDGE ( 'NONE', *, *, #1649, .T. ) ;
#873 = CARTESIAN_POINT ( 'NONE',  ( 1.279999999999999805, -0.6600000000000000311, 1.212310028116111882 ) ) ;
#874 = PRESENTATION_STYLE_ASSIGNMENT (( #2493 ) ) ;
#875 =( NAMED_UNIT ( * ) SI_UNIT ( $, .STERADIAN. ) SOLID_ANGLE_UNIT ( ) );
#876 = SURFACE_STYLE_USAGE ( .BOTH. , #1626 ) ;
#877 = EDGE_CURVE ( 'NONE', #2216, #1297, #1628, .T. ) ;
#878 = ADVANCED_FACE ( 'NONE', ( #305 ), #1230, .T. ) ;
#879 = UNCERTAINTY_MEASURE_WITH_UNIT (LENGTH_MEASURE( 1.000000000000000082E-05 ), #150, 'distance_accuracy_value', 'NONE');
#880 = DIRECTION ( 'NONE',  ( 0.000000000000000000, 9.035018104045870941E-16, -1.000000000000000000 ) ) ;
#881 = VERTEX_POINT ( 'NONE', #448 ) ;
#882 = CARTESIAN_POINT ( 'NONE',  ( 0.7699999999999997957, 0.000000000000000000, 0.7000000000000000666 ) ) ;
#883 = PRESENTATION_LAYER_ASSIGNMENT (  '', '', ( #846 ) ) ;
#884 = FACE_OUTER_BOUND ( 'NONE', #2237, .T. ) ;
#885 = PRESENTATION_STYLE_ASSIGNMENT (( #2257 ) ) ;
#886 = CARTESIAN_POINT ( 'NONE',  ( 0.2550000000000000044, 0.000000000000000000, -0.6999999999999997335 ) ) ;
#887 = DIRECTION ( 'NONE',  ( -0.1710878697460358477, 0.9702875252478138091, 0.1710878697460358755 ) ) ;
#888 = PRESENTATION_LAYER_ASSIGNMENT (  '', '', ( #394 ) ) ;
#889 =( LENGTH_UNIT ( ) NAMED_UNIT ( * ) SI_UNIT ( .MILLI., .METRE. ) );
#890 = CARTESIAN_POINT ( 'NONE',  ( -1.519999999999999796, 0.000000000000000000, 0.7000000000000001776 ) ) ;
#891 = VECTOR ( 'NONE', #54, 1000.000000000000114 ) ;
#892 = ADVANCED_FACE ( 'NONE', ( #2150 ), #1417, .F. ) ;
#893 = SURFACE_SIDE_STYLE ('',( #2408 ) ) ;
#894 = EDGE_CURVE ( 'NONE', #1117, #1747, #395, .T. ) ;
#895 = FILL_AREA_STYLE_COLOUR ( '', #1502 ) ;
#896 = AXIS2_PLACEMENT_3D ( 'NONE', #2084, #1704, #1484 ) ;
#897 = FACE_OUTER_BOUND ( 'NONE', #2144, .T. ) ;
#898 = AXIS2_PLACEMENT_3D ( 'NONE', #2461, #1663, #2055 ) ;
#899 = VERTEX_POINT ( 'NONE', #1845 ) ;
#900 = CARTESIAN_POINT ( 'NONE',  ( -0.7699999999999997957, -0.5799999999999974065, -1.167865956394910515E-15 ) ) ;
#901 = MECHANICAL_DESIGN_GEOMETRIC_PRESENTATION_REPRESENTATION (  '', ( #2296 ), #604 ) ;
#902 = DIRECTION ( 'NONE',  ( 0.000000000000000000, -0.9659258262890693114, 0.2588190451025169092 ) ) ;
#903 = CARTESIAN_POINT ( 'NONE',  ( -0.7699999999999997957, -0.4600000000000000755, 1.212310028116111882 ) ) ;
#904 = COLOUR_RGB ( '',1.000000000000000000, 1.000000000000000000, 1.000000000000000000 ) ;
#905 = ORIENTED_EDGE ( 'NONE', *, *, #98, .T. ) ;
#906 = DIRECTION ( 'NONE',  ( 0.000000000000000000, 6.292381230576055301E-17, 1.000000000000000000 ) ) ;
#907 = ORIENTED_EDGE ( 'NONE', *, *, #1325, .T. ) ;
#908 = CARTESIAN_POINT ( 'NONE',  ( 0.2550000000000000044, -0.1600000000000000033, -0.8006368926555492704 ) ) ;
#909 = UNCERTAINTY_MEASURE_WITH_UNIT (LENGTH_MEASURE( 1.000000000000000082E-05 ), #188, 'distance_accuracy_value', 'NONE');
#910 = VERTEX_POINT ( 'NONE', #821 ) ;
#911 =( NAMED_UNIT ( * ) PLANE_ANGLE_UNIT ( ) SI_UNIT ( $, .RADIAN. ) );
#912 = FILL_AREA_STYLE_COLOUR ( '', #2363 ) ;
#913 =( GEOMETRIC_REPRESENTATION_CONTEXT ( 3 ) GLOBAL_UNCERTAINTY_ASSIGNED_CONTEXT ( ( #826 ) ) GLOBAL_UNIT_ASSIGNED_CONTEXT ( ( #431, #620, #1238 ) ) REPRESENTATION_CONTEXT ( 'NONE', 'WORKASPACE' ) );
#914 = LINE ( 'NONE', #496, #2332 ) ;
#915 = COLOUR_RGB ( '',1.000000000000000000, 1.000000000000000000, 1.000000000000000000 ) ;
#916 = DIRECTION ( 'NONE',  ( -1.000000000000000000, 0.000000000000000000, -0.000000000000000000 ) ) ;
#917 = MECHANICAL_DESIGN_GEOMETRIC_PRESENTATION_REPRESENTATION (  '', ( #1066 ), #1013 ) ;
#918 = FILL_AREA_STYLE_COLOUR ( '', #2484 ) ;
#919 =( NAMED_UNIT ( * ) PLANE_ANGLE_UNIT ( ) SI_UNIT ( $, .RADIAN. ) );
#920 = LINE ( 'NONE', #1345, #2381 ) ;
#921 = CYLINDRICAL_SURFACE ( 'NONE', #556, 0.1199999999999998845 ) ;
#922 = EDGE_CURVE ( 'NONE', #1683, #354, #914, .T. ) ;
#923 =( NAMED_UNIT ( * ) SI_UNIT ( $, .STERADIAN. ) SOLID_ANGLE_UNIT ( ) );
#924 = FILL_AREA_STYLE_COLOUR ( '', #1667 ) ;
#925 = ORIENTED_EDGE ( 'NONE', *, *, #1861, .F. ) ;
#926 = MECHANICAL_DESIGN_GEOMETRIC_PRESENTATION_REPRESENTATION (  '', ( #1508 ), #1748 ) ;
#927 = ORIENTED_EDGE ( 'NONE', *, *, #1555, .F. ) ;
#928 = EDGE_CURVE ( 'NONE', #2216, #22, #1815, .T. ) ;
#929 = EDGE_LOOP ( 'NONE', ( #598, #2136, #806, #781 ) ) ;
#930 = PRESENTATION_LAYER_ASSIGNMENT (  '', '', ( #373 ) ) ;
#931 = ORIENTED_EDGE ( 'NONE', *, *, #1985, .F. ) ;
#932 = SURFACE_STYLE_USAGE ( .BOTH. , #2112 ) ;
#933 = DIRECTION ( 'NONE',  ( -1.000000000000000000, 0.000000000000000000, 0.000000000000000000 ) ) ;
#934 = VERTEX_POINT ( 'NONE', #679 ) ;
#935 =( NAMED_UNIT ( * ) PLANE_ANGLE_UNIT ( ) SI_UNIT ( $, .RADIAN. ) );
#936 = UNCERTAINTY_MEASURE_WITH_UNIT (LENGTH_MEASURE( 1.000000000000000082E-05 ), #2301, 'distance_accuracy_value', 'NONE');
#937 =( NAMED_UNIT ( * ) PLANE_ANGLE_UNIT ( ) SI_UNIT ( $, .RADIAN. ) );
#938 = STYLED_ITEM ( 'NONE', ( #99 ), #223 ) ;
#939 = CARTESIAN_POINT ( 'NONE',  ( -0.2550000000000000044, 0.000000000000000000, -0.6999999999999997335 ) ) ;
#940 = DIRECTION ( 'NONE',  ( 0.000000000000000000, 0.1736481776669290822, -0.9848077530122083534 ) ) ;
#941 = PRESENTATION_LAYER_ASSIGNMENT (  '', '', ( #15 ) ) ;
#942 = CARTESIAN_POINT ( 'NONE',  ( -1.279999999999999805, -0.04000000000000000083, 0.8006368926555497145 ) ) ;
#943 = FACE_OUTER_BOUND ( 'NONE', #2010, .T. ) ;
#944 = SURFACE_SIDE_STYLE ('',( #1281 ) ) ;
#945 = AXIS2_PLACEMENT_3D ( 'NONE', #2170, #2157, #1210 ) ;
#946 = SURFACE_STYLE_USAGE ( .BOTH. , #700 ) ;
#947 = VECTOR ( 'NONE', #2281, 1000.000000000000000 ) ;
#948 = FACE_OUTER_BOUND ( 'NONE', #1830, .T. ) ;
#949 = LINE ( 'NONE', #2275, #2465 ) ;
#950 = PRESENTATION_STYLE_ASSIGNMENT (( #876 ) ) ;
#951 = EDGE_CURVE ( 'NONE', #1707, #678, #1357, .T. ) ;
#952 = DIRECTION ( 'NONE',  ( 0.000000000000000000, 6.292381230576055301E-17, 1.000000000000000000 ) ) ;
#953 =( LENGTH_UNIT ( ) NAMED_UNIT ( * ) SI_UNIT ( .MILLI., .METRE. ) );
#954 = ORIENTED_EDGE ( 'NONE', *, *, #2239, .F. ) ;
#955 = SURFACE_STYLE_USAGE ( .BOTH. , #756 ) ;
#956 = PRESENTATION_LAYER_ASSIGNMENT (  '', '', ( #2339 ) ) ;
#957 = ORIENTED_EDGE ( 'NONE', *, *, #98, .F. ) ;
#958 = SURFACE_STYLE_USAGE ( .BOTH. , #2114 ) ;
#959 = LINE ( 'NONE', #127, #416 ) ;
#960 = EDGE_CURVE ( 'NONE', #108, #910, #2331, .T. ) ;
#961 = AXIS2_PLACEMENT_3D ( 'NONE', #830, #1042, #849 ) ;
#962 = COLOUR_RGB ( '',1.000000000000000000, 1.000000000000000000, 1.000000000000000000 ) ;
#963 = DIRECTION ( 'NONE',  ( 0.000000000000000000, 1.000000000000000000, 0.000000000000000000 ) ) ;
#964 = DIRECTION ( 'NONE',  ( -1.000000000000000000, 0.000000000000000000, 0.000000000000000000 ) ) ;
#965 = ADVANCED_FACE ( 'NONE', ( #336 ), #1648, .F. ) ;
#966 = ORIENTED_EDGE ( 'NONE', *, *, #1101, .T. ) ;
#967 = DIRECTION ( 'NONE',  ( 0.000000000000000000, 0.000000000000000000, -1.000000000000000000 ) ) ;
#968 = SURFACE_STYLE_USAGE ( .BOTH. , #2515 ) ;
#969 = ORIENTED_EDGE ( 'NONE', *, *, #131, .F. ) ;
#970 = UNCERTAINTY_MEASURE_WITH_UNIT (LENGTH_MEASURE( 1.000000000000000082E-05 ), #1036, 'distance_accuracy_value', 'NONE');
#971 = EDGE_CURVE ( 'NONE', #2518, #1552, #25, .T. ) ;
#972 = CARTESIAN_POINT ( 'NONE',  ( 0.7699999999999997957, -0.4600000000000000755, 1.212310028116111882 ) ) ;
#973 = SURFACE_STYLE_USAGE ( .BOTH. , #588 ) ;
#974 = PRESENTATION_STYLE_ASSIGNMENT (( #275 ) ) ;
#975 = AXIS2_PLACEMENT_3D ( 'NONE', #1507, #1902, #181 ) ;
#976 = EDGE_CURVE ( 'NONE', #1117, #881, #1272, .T. ) ;
#977 = ADVANCED_FACE ( 'NONE', ( #1532 ), #462, .F. ) ;
#978 = FACE_OUTER_BOUND ( 'NONE', #929, .T. ) ;
#979 = MECHANICAL_DESIGN_GEOMETRIC_PRESENTATION_REPRESENTATION (  '', ( #373 ), #1212 ) ;
#980 = FACE_OUTER_BOUND ( 'NONE', #530, .T. ) ;
#981 = FILL_AREA_STYLE ('',( #2343 ) ) ;
#982 = COLOUR_RGB ( '',1.000000000000000000, 1.000000000000000000, 1.000000000000000000 ) ;
#983 = DIRECTION ( 'NONE',  ( -1.000000000000000000, 0.000000000000000000, 0.000000000000000000 ) ) ;
#984 = DIRECTION ( 'NONE',  ( 1.000000000000000000, 0.000000000000000000, 0.000000000000000000 ) ) ;
#985 = FILL_AREA_STYLE_COLOUR ( '', #2156 ) ;
#986 = UNCERTAINTY_MEASURE_WITH_UNIT (LENGTH_MEASURE( 1.000000000000000082E-05 ), #1862, 'distance_accuracy_value', 'NONE');
#987 = FILL_AREA_STYLE_COLOUR ( '', #2497 ) ;
#988 = CLOSED_SHELL ( 'NONE', ( #1975, #606, #2349, #594, #767, #1401, #1942, #2174, #2155, #628, #94, #245, #786, #1350, #2391 ) ) ;
#989 = VECTOR ( 'NONE', #2431, 1000.000000000000000 ) ;
#990 = DIRECTION ( 'NONE',  ( 1.000000000000000000, -0.000000000000000000, -0.000000000000000000 ) ) ;
#991 = VERTEX_POINT ( 'NONE', #2012 ) ;
#992 = LINE ( 'NONE', #2129, #2476 ) ;
#993 = ORIENTED_EDGE ( 'NONE', *, *, #2396, .T. ) ;
#994 = SURFACE_SIDE_STYLE ('',( #1728 ) ) ;
#995 = VERTEX_POINT ( 'NONE', #107 ) ;
#996 = CARTESIAN_POINT ( 'NONE',  ( 1.279999999999999805, -0.04000000000000000083, 0.8006368926555497145 ) ) ;
#997 = FACE_OUTER_BOUND ( 'NONE', #411, .T. ) ;
#998 = ORIENTED_EDGE ( 'NONE', *, *, #1282, .F. ) ;
#999 =( NAMED_UNIT ( * ) SI_UNIT ( $, .STERADIAN. ) SOLID_ANGLE_UNIT ( ) );
#1000 = PRESENTATION_LAYER_ASSIGNMENT (  '', '', ( #2161 ) ) ;
#1001 = ORIENTED_EDGE ( 'NONE', *, *, #660, .T. ) ;
#1002 = PRESENTATION_LAYER_ASSIGNMENT (  '', '', ( #760 ) ) ;
#1003 = DIRECTION ( 'NONE',  ( 0.000000000000000000, -0.000000000000000000, 1.000000000000000000 ) ) ;
#1004 = DIRECTION ( 'NONE',  ( 0.000000000000000000, -2.013561993784337696E-15, 1.000000000000000000 ) ) ;
#1005 = PRESENTATION_STYLE_ASSIGNMENT (( #2520 ) ) ;
#1006 = SURFACE_STYLE_USAGE ( .BOTH. , #1197 ) ;
#1007 = EDGE_CURVE ( 'NONE', #1211, #2514, #633, .T. ) ;
#1008 = SURFACE_STYLE_FILL_AREA ( #1576 ) ;
#1009 = CARTESIAN_POINT ( 'NONE',  ( 0.7699999999999997957, 0.2204995408789426903, 0.8229154896058351598 ) ) ;
#1010 = STYLED_ITEM ( 'NONE', ( #517 ), #799 ) ;
#1011 = VECTOR ( 'NONE', #18, 1000.000000000000000 ) ;
#1012 = EDGE_CURVE ( 'NONE', #207, #108, #2458, .T. ) ;
#1013 =( GEOMETRIC_REPRESENTATION_CONTEXT ( 3 ) GLOBAL_UNCERTAINTY_ASSIGNED_CONTEXT ( ( #2145 ) ) GLOBAL_UNIT_ASSIGNED_CONTEXT ( ( #702, #1433, #276 ) ) REPRESENTATION_CONTEXT ( 'NONE', 'WORKASPACE' ) );
#1014 = COLOUR_RGB ( '',1.000000000000000000, 1.000000000000000000, 1.000000000000000000 ) ;
#1015 = DIRECTION ( 'NONE',  ( 0.000000000000000000, 0.9848077530122080203, -0.1736481776669307198 ) ) ;
#1016 = ADVANCED_FACE ( 'NONE', ( #1870 ), #1451, .T. ) ;
#1017 = FACE_OUTER_BOUND ( 'NONE', #1183, .T. ) ;
#1018 = ORIENTED_EDGE ( 'NONE', *, *, #790, .T. ) ;
#1019 =( NAMED_UNIT ( * ) PLANE_ANGLE_UNIT ( ) SI_UNIT ( $, .RADIAN. ) );
#1020 = SURFACE_SIDE_STYLE ('',( #1642 ) ) ;
#1021 = EDGE_CURVE ( 'NONE', #2325, #2511, #358, .T. ) ;
#1022 = ORIENTED_EDGE ( 'NONE', *, *, #1895, .T. ) ;
#1023 = CARTESIAN_POINT ( 'NONE',  ( -0.7699999999999997957, 0.1197070501639832391, 0.6788924172750684383 ) ) ;
#1024 = EDGE_LOOP ( 'NONE', ( #1207, #382, #685, #905 ) ) ;
#1025 = EDGE_CURVE ( 'NONE', #1055, #991, #818, .T. ) ;
#1026 = ORIENTED_EDGE ( 'NONE', *, *, #2001, .T. ) ;
#1027 =( LENGTH_UNIT ( ) NAMED_UNIT ( * ) SI_UNIT ( .MILLI., .METRE. ) );
#1028 = FILL_AREA_STYLE_COLOUR ( '', #2233 ) ;
#1029 = PRESENTATION_LAYER_ASSIGNMENT (  '', '', ( #2507 ) ) ;
#1030 = ORIENTED_EDGE ( 'NONE', *, *, #2141, .T. ) ;
#1031 = ADVANCED_FACE ( 'NONE', ( #884 ), #630, .T. ) ;
#1032 =( NAMED_UNIT ( * ) PLANE_ANGLE_UNIT ( ) SI_UNIT ( $, .RADIAN. ) );
#1033 = MECHANICAL_DESIGN_GEOMETRIC_PRESENTATION_REPRESENTATION (  '', ( #1805 ), #2218 ) ;
#1034 = CARTESIAN_POINT ( 'NONE',  ( 0.2550000000000000044, -0.5117638090205037793, -1.019124862858297620 ) ) ;
#1035 = DIRECTION ( 'NONE',  ( 0.000000000000000000, 0.9848077530122080203, 0.1736481776669307198 ) ) ;
#1036 =( LENGTH_UNIT ( ) NAMED_UNIT ( * ) SI_UNIT ( .MILLI., .METRE. ) );
#1037 = CIRCLE ( 'NONE', #945, 0.2000000000000002054 ) ;
#1038 = PRESENTATION_STYLE_ASSIGNMENT (( #610 ) ) ;
#1039 =( NAMED_UNIT ( * ) PLANE_ANGLE_UNIT ( ) SI_UNIT ( $, .RADIAN. ) );
#1040 = DIRECTION ( 'NONE',  ( 0.000000000000000000, 0.1736481776669307198, -0.9848077530122080203 ) ) ;
#1041 = VECTOR ( 'NONE', #577, 999.9999999999998863 ) ;
#1042 = DIRECTION ( 'NONE',  ( 0.000000000000000000, 0.000000000000000000, -1.000000000000000000 ) ) ;
#1043 = PRESENTATION_STYLE_ASSIGNMENT (( #2052 ) ) ;
#1044 = MECHANICAL_DESIGN_GEOMETRIC_PRESENTATION_REPRESENTATION (  '', ( #1897 ), #1699 ) ;
#1045 = FILL_AREA_STYLE_COLOUR ( '', #1896 ) ;
#1046 = ORIENTED_EDGE ( 'NONE', *, *, #2308, .T. ) ;
#1047 = SURFACE_STYLE_USAGE ( .BOTH. , #297 ) ;
#1048 = MANIFOLD_SOLID_BREP ( 'Boss-Extrude3', #988 ) ;
#1049 = ORIENTED_EDGE ( 'NONE', *, *, #1239, .F. ) ;
#1050 = ORIENTED_EDGE ( 'NONE', *, *, #735, .F. ) ;
#1051 = ORIENTED_EDGE ( 'NONE', *, *, #393, .T. ) ;
#1052 = FILL_AREA_STYLE_COLOUR ( '', #437 ) ;
#1053 = EDGE_CURVE ( 'NONE', #2388, #1297, #1716, .T. ) ;
#1054 = FACE_OUTER_BOUND ( 'NONE', #1443, .T. ) ;
#1055 = VERTEX_POINT ( 'NONE', #1910 ) ;
#1056 =( NAMED_UNIT ( * ) PLANE_ANGLE_UNIT ( ) SI_UNIT ( $, .RADIAN. ) );
#1057 = EDGE_LOOP ( 'NONE', ( #349, #839, #872, #1018, #418, #1918, #2134, #1050, #332, #1516, #845, #1126, #72 ) ) ;
#1058 = STYLED_ITEM ( 'NONE', ( #2342 ), #594 ) ;
#1059 = LINE ( 'NONE', #273, #2215 ) ;
#1060 = PLANE ( 'NONE',  #2063 ) ;
#1061 = ORIENTED_EDGE ( 'NONE', *, *, #2446, .F. ) ;
#1062 = CARTESIAN_POINT ( 'NONE',  ( -1.520000000000000018, 0.000000000000000000, -0.6999999999999997335 ) ) ;
#1063 = FACE_OUTER_BOUND ( 'NONE', #2109, .T. ) ;
#1064 = EDGE_CURVE ( 'NONE', #4, #1116, #2018, .T. ) ;
#1065 = PLANE ( 'NONE',  #1270 ) ;
#1066 = STYLED_ITEM ( 'NONE', ( #1043 ), #1928 ) ;
#1067 =( NAMED_UNIT ( * ) SI_UNIT ( $, .STERADIAN. ) SOLID_ANGLE_UNIT ( ) );
#1068 = FILL_AREA_STYLE_COLOUR ( '', #962 ) ;
#1069 = CARTESIAN_POINT ( 'NONE',  ( 0.2550000000000000044, -0.4600000000000000755, -1.212310028116111438 ) ) ;
#1070 = DIRECTION ( 'NONE',  ( -1.548860246407863583E-16, -0.000000000000000000, -1.000000000000000000 ) ) ;
#1071 =( NAMED_UNIT ( * ) SI_UNIT ( $, .STERADIAN. ) SOLID_ANGLE_UNIT ( ) );
#1072 = VECTOR ( 'NONE', #1436, 1000.000000000000000 ) ;
#1073 = DIRECTION ( 'NONE',  ( 1.000000000000000000, 0.000000000000000000, 0.000000000000000000 ) ) ;
#1074 = MECHANICAL_DESIGN_GEOMETRIC_PRESENTATION_REPRESENTATION (  '', ( #1156 ), #1504 ) ;
#1075 = LINE ( 'NONE', #1780, #1570 ) ;
#1076 = PRESENTATION_LAYER_ASSIGNMENT (  '', '', ( #2003 ) ) ;
#1077 = DIRECTION ( 'NONE',  ( -1.000000000000000000, -0.000000000000000000, -0.000000000000000000 ) ) ;
#1078 =( NAMED_UNIT ( * ) PLANE_ANGLE_UNIT ( ) SI_UNIT ( $, .RADIAN. ) );
#1079 = ADVANCED_FACE ( 'NONE', ( #2189 ), #1524, .F. ) ;
#1080 =( GEOMETRIC_REPRESENTATION_CONTEXT ( 3 ) GLOBAL_UNCERTAINTY_ASSIGNED_CONTEXT ( ( #655 ) ) GLOBAL_UNIT_ASSIGNED_CONTEXT ( ( #824, #413, #812 ) ) REPRESENTATION_CONTEXT ( 'NONE', 'WORKASPACE' ) );
#1081 = DIRECTION ( 'NONE',  ( 0.000000000000000000, 0.000000000000000000, 1.000000000000000000 ) ) ;
#1082 = SURFACE_SIDE_STYLE ('',( #1684 ) ) ;
#1083 = VERTEX_POINT ( 'NONE', #125 ) ;
#1084 = CARTESIAN_POINT ( 'NONE',  ( 1.279999999999999805, -0.6600000000000000311, 0.000000000000000000 ) ) ;
#1085 =( NAMED_UNIT ( * ) PLANE_ANGLE_UNIT ( ) SI_UNIT ( $, .RADIAN. ) );
#1086 = ORIENTED_EDGE ( 'NONE', *, *, #326, .T. ) ;
#1087 = STYLED_ITEM ( 'NONE', ( #2197 ), #334 ) ;
#1088 = DIRECTION ( 'NONE',  ( 1.000000000000000000, -0.000000000000000000, 0.000000000000000000 ) ) ;
#1089 = ORIENTED_EDGE ( 'NONE', *, *, #56, .T. ) ;
#1090 = CARTESIAN_POINT ( 'NONE',  ( -0.2550000000000000044, -0.5117638090205037793, -1.019124862858297620 ) ) ;
#1091 = VECTOR ( 'NONE', #1813, 1000.000000000000114 ) ;
#1092 =( GEOMETRIC_REPRESENTATION_CONTEXT ( 3 ) GLOBAL_UNCERTAINTY_ASSIGNED_CONTEXT ( ( #637 ) ) GLOBAL_UNIT_ASSIGNED_CONTEXT ( ( #1960, #6, #1171 ) ) REPRESENTATION_CONTEXT ( 'NONE', 'WORKASPACE' ) );
#1093 = VECTOR ( 'NONE', #964, 1000.000000000000000 ) ;
#1094 = DIRECTION ( 'NONE',  ( 0.000000000000000000, 0.000000000000000000, -1.000000000000000000 ) ) ;
#1095 = EDGE_CURVE ( 'NONE', #2424, #1683, #819, .T. ) ;
#1096 = UNCERTAINTY_MEASURE_WITH_UNIT (LENGTH_MEASURE( 1.000000000000000082E-05 ), #235, 'distance_accuracy_value', 'NONE');
#1097 = DIRECTION ( 'NONE',  ( 1.000000000000000000, 0.000000000000000000, 0.000000000000000000 ) ) ;
#1098 = LINE ( 'NONE', #2047, #398 ) ;
#1099 = FACE_OUTER_BOUND ( 'NONE', #1216, .T. ) ;
#1100 = FILL_AREA_STYLE_COLOUR ( '', #915 ) ;
#1101 = EDGE_CURVE ( 'NONE', #1610, #1235, #175, .T. ) ;
#1102 = LINE ( 'NONE', #794, #1011 ) ;
#1103 = CARTESIAN_POINT ( 'NONE',  ( 0.7699999999999997957, 0.04000000000000000083, 0.8006368926555497145 ) ) ;
#1104 = VECTOR ( 'NONE', #683, 1000.000000000000000 ) ;
#1105 = VECTOR ( 'NONE', #1922, 1000.000000000000000 ) ;
#1106 = LINE ( 'NONE', #2351, #2498 ) ;
#1107 = FILL_AREA_STYLE ('',( #912 ) ) ;
#1108 = STYLED_ITEM ( 'NONE', ( #1333 ), #767 ) ;
#1109 = ORIENTED_EDGE ( 'NONE', *, *, #2315, .F. ) ;
#1110 = SURFACE_STYLE_USAGE ( .BOTH. , #728 ) ;
#1111 = EDGE_CURVE ( 'NONE', #1558, #207, #626, .T. ) ;
#1112 =( LENGTH_UNIT ( ) NAMED_UNIT ( * ) SI_UNIT ( .MILLI., .METRE. ) );
#1113 = MECHANICAL_DESIGN_GEOMETRIC_PRESENTATION_REPRESENTATION (  '', ( #2003 ), #2143 ) ;
#1114 = VERTEX_POINT ( 'NONE', #709 ) ;
#1115 = CARTESIAN_POINT ( 'NONE',  ( 0.7699999999999997957, -0.4600000000000000755, 1.212310028116111882 ) ) ;
#1116 = VERTEX_POINT ( 'NONE', #414 ) ;
#1117 = VERTEX_POINT ( 'NONE', #1754 ) ;
#1118 = PLANE ( 'NONE',  #579 ) ;
#1119 = DIRECTION ( 'NONE',  ( 0.000000000000000000, 8.131516293641279311E-16, -1.000000000000000000 ) ) ;
#1120 = ORIENTED_EDGE ( 'NONE', *, *, #1985, .T. ) ;
#1121 = CARTESIAN_POINT ( 'NONE',  ( 0.2550000000000000044, -0.1197070501639831419, -0.6788924172750681052 ) ) ;
#1122 = FACE_OUTER_BOUND ( 'NONE', #602, .T. ) ;
#1123 = APPLICATION_PROTOCOL_DEFINITION ( 'draft international standard', 'automotive_design', 1998, #1494 ) ;
#1124 = ORIENTED_EDGE ( 'NONE', *, *, #1053, .F. ) ;
#1125 = DIRECTION ( 'NONE',  ( 0.000000000000000000, 0.000000000000000000, 1.000000000000000000 ) ) ;
#1126 = ORIENTED_EDGE ( 'NONE', *, *, #49, .T. ) ;
#1127 = SURFACE_STYLE_USAGE ( .BOTH. , #739 ) ;
#1128 = PRESENTATION_LAYER_ASSIGNMENT (  '', '', ( #1885 ) ) ;
#1129 = DIRECTION ( 'NONE',  ( -1.000000000000000000, -0.000000000000000000, -0.000000000000000000 ) ) ;
#1130 = DIRECTION ( 'NONE',  ( 0.000000000000000000, 0.000000000000000000, 1.000000000000000000 ) ) ;
#1131 = DIRECTION ( 'NONE',  ( 0.000000000000000000, 0.000000000000000000, -1.000000000000000000 ) ) ;
#1132 = MECHANICAL_DESIGN_GEOMETRIC_PRESENTATION_REPRESENTATION (  '', ( #760 ), #32 ) ;
#1133 = DIRECTION ( 'NONE',  ( -1.000000000000000000, 0.000000000000000000, -0.000000000000000000 ) ) ;
#1134 = PRESENTATION_STYLE_ASSIGNMENT (( #2428 ) ) ;
#1135 = FACE_OUTER_BOUND ( 'NONE', #171, .T. ) ;
#1136 = SURFACE_SIDE_STYLE ('',( #2221 ) ) ;
#1137 = AXIS2_PLACEMENT_3D ( 'NONE', #1023, #2372, #1214 ) ;
#1138 = FILL_AREA_STYLE_COLOUR ( '', #2367 ) ;
#1139 =( NAMED_UNIT ( * ) PLANE_ANGLE_UNIT ( ) SI_UNIT ( $, .RADIAN. ) );
#1140 = LINE ( 'NONE', #1823, #2168 ) ;
#1141 = ORIENTED_EDGE ( 'NONE', *, *, #1111, .T. ) ;
#1142 = PRESENTATION_LAYER_ASSIGNMENT (  '', '', ( #2056 ) ) ;
#1143 = ORIENTED_EDGE ( 'NONE', *, *, #1343, .F. ) ;
#1144 =( GEOMETRIC_REPRESENTATION_CONTEXT ( 3 ) GLOBAL_UNCERTAINTY_ASSIGNED_CONTEXT ( ( #2406 ) ) GLOBAL_UNIT_ASSIGNED_CONTEXT ( ( #1258, #1085, #1071 ) ) REPRESENTATION_CONTEXT ( 'NONE', 'WORKASPACE' ) );
#1145 = CARTESIAN_POINT ( 'NONE',  ( -1.279999999999999805, -0.1600000000000000033, 0.8006368926555497145 ) ) ;
#1146 = ORIENTED_EDGE ( 'NONE', *, *, #1733, .T. ) ;
#1147 =( NAMED_UNIT ( * ) PLANE_ANGLE_UNIT ( ) SI_UNIT ( $, .RADIAN. ) );
#1148 = ORIENTED_EDGE ( 'NONE', *, *, #2228, .F. ) ;
#1149 =( LENGTH_UNIT ( ) NAMED_UNIT ( * ) SI_UNIT ( .MILLI., .METRE. ) );
#1150 = VERTEX_POINT ( 'NONE', #1738 ) ;
#1151 = EDGE_CURVE ( 'NONE', #1771, #1974, #2110, .T. ) ;
#1152 = FACE_OUTER_BOUND ( 'NONE', #1977, .T. ) ;
#1153 = PLANE ( 'NONE',  #2326 ) ;
#1154 = PRESENTATION_STYLE_ASSIGNMENT (( #946 ) ) ;
#1155 = FILL_AREA_STYLE ('',( #1138 ) ) ;
#1156 = STYLED_ITEM ( 'NONE', ( #618 ), #1 ) ;
#1157 =( NAMED_UNIT ( * ) SI_UNIT ( $, .STERADIAN. ) SOLID_ANGLE_UNIT ( ) );
#1158 =( NAMED_UNIT ( * ) SI_UNIT ( $, .STERADIAN. ) SOLID_ANGLE_UNIT ( ) );
#1159 = UNCERTAINTY_MEASURE_WITH_UNIT (LENGTH_MEASURE( 1.000000000000000082E-05 ), #1244, 'distance_accuracy_value', 'NONE');
#1160 = CARTESIAN_POINT ( 'NONE',  ( 1.519999999999999796, 0.000000000000000000, -0.6999999999999997335 ) ) ;
#1161 = LINE ( 'NONE', #1629, #1332 ) ;
#1162 = FILL_AREA_STYLE_COLOUR ( '', #982 ) ;
#1163 = CARTESIAN_POINT ( 'NONE',  ( 0.7699999999999997957, -0.6600000000000000311, 0.000000000000000000 ) ) ;
#1164 = FILL_AREA_STYLE ('',( #2102 ) ) ;
#1165 = FACE_OUTER_BOUND ( 'NONE', #1740, .T. ) ;
#1166 =( NAMED_UNIT ( * ) SI_UNIT ( $, .STERADIAN. ) SOLID_ANGLE_UNIT ( ) );
#1167 = VECTOR ( 'NONE', #1533, 1000.000000000000000 ) ;
#1168 = COLOUR_RGB ( '',1.000000000000000000, 1.000000000000000000, 1.000000000000000000 ) ;
#1169 = FACE_OUTER_BOUND ( 'NONE', #1585, .T. ) ;
#1170 = DIRECTION ( 'NONE',  ( 1.000000000000000000, 0.000000000000000000, 0.000000000000000000 ) ) ;
#1171 =( NAMED_UNIT ( * ) SI_UNIT ( $, .STERADIAN. ) SOLID_ANGLE_UNIT ( ) );
#1172 = ADVANCED_FACE ( 'NONE', ( #1152 ), #1761, .T. ) ;
#1173 = FACE_OUTER_BOUND ( 'NONE', #162, .T. ) ;
#1174 = VERTEX_POINT ( 'NONE', #605 ) ;
#1175 = SURFACE_SIDE_STYLE ('',( #1820 ) ) ;
#1176 = DIRECTION ( 'NONE',  ( -1.000000000000000000, -0.000000000000000000, -0.000000000000000000 ) ) ;
#1177 = LINE ( 'NONE', #400, #1515 ) ;
#1178 = STYLED_ITEM ( 'NONE', ( #2096 ), #1031 ) ;
#1179 = ORIENTED_EDGE ( 'NONE', *, *, #1434, .T. ) ;
#1180 = ORIENTED_EDGE ( 'NONE', *, *, #1690, .F. ) ;
#1181 = SURFACE_STYLE_USAGE ( .BOTH. , #791 ) ;
#1182 =( GEOMETRIC_REPRESENTATION_CONTEXT ( 3 ) GLOBAL_UNCERTAINTY_ASSIGNED_CONTEXT ( ( #1859 ) ) GLOBAL_UNIT_ASSIGNED_CONTEXT ( ( #1801, #2002, #640 ) ) REPRESENTATION_CONTEXT ( 'NONE', 'WORKASPACE' ) );
#1183 = EDGE_LOOP ( 'NONE', ( #1675, #1376, #1026, #1583, #473, #1746, #719, #442, #2042, #74, #586, #590, #966 ) ) ;
#1184 = PLANE ( 'NONE',  #1534 ) ;
#1185 = DIRECTION ( 'NONE',  ( -0.000000000000000000, 0.000000000000000000, 1.000000000000000000 ) ) ;
#1186 = EDGE_LOOP ( 'NONE', ( #2384, #656, #1030, #2444 ) ) ;
#1187 = SURFACE_STYLE_USAGE ( .BOTH. , #45 ) ;
#1188 =( NAMED_UNIT ( * ) PLANE_ANGLE_UNIT ( ) SI_UNIT ( $, .RADIAN. ) );
#1189 = DIRECTION ( 'NONE',  ( 0.000000000000000000, 0.000000000000000000, -1.000000000000000000 ) ) ;
#1190 = VERTEX_POINT ( 'NONE', #212 ) ;
#1191 = EDGE_CURVE ( 'NONE', #995, #2216, #270, .T. ) ;
#1192 = CARTESIAN_POINT ( 'NONE',  ( -0.7699999999999997957, -0.1289417145876979309, 0.9165479918102379386 ) ) ;
#1193 = VECTOR ( 'NONE', #1597, 1000.000000000000114 ) ;
#1194 = CARTESIAN_POINT ( 'NONE',  ( 0.7699999999999997957, -0.04000000000000004940, 2.516952492230425602E-18 ) ) ;
#1195 =( GEOMETRIC_REPRESENTATION_CONTEXT ( 3 ) GLOBAL_UNCERTAINTY_ASSIGNED_CONTEXT ( ( #483 ) ) GLOBAL_UNIT_ASSIGNED_CONTEXT ( ( #1027, #2171, #257 ) ) REPRESENTATION_CONTEXT ( 'NONE', 'WORKASPACE' ) );
#1196 = CARTESIAN_POINT ( 'NONE',  ( -0.2550000000000000044, -0.5799999999999974065, 1.167865956394910515E-15 ) ) ;
#1197 = SURFACE_SIDE_STYLE ('',( #1260 ) ) ;
#1198 = EDGE_CURVE ( 'NONE', #910, #1385, #817, .T. ) ;
#1199 = AXIS2_PLACEMENT_3D ( 'NONE', #1248, #351, #1131 ) ;
#1200 = VECTOR ( 'NONE', #718, 1000.000000000000000 ) ;
#1201 =( NAMED_UNIT ( * ) SI_UNIT ( $, .STERADIAN. ) SOLID_ANGLE_UNIT ( ) );
#1202 = DIRECTION ( 'NONE',  ( 0.000000000000000000, 6.292381230576055301E-17, -1.000000000000000000 ) ) ;
#1203 = ADVANCED_FACE ( 'NONE', ( #1063 ), #407, .F. ) ;
#1204 = CARTESIAN_POINT ( 'NONE',  ( 0.2550000000000000044, 0.2412050644871434613, -0.9001895557089611977 ) ) ;
#1205 = ORIENTED_EDGE ( 'NONE', *, *, #2350, .T. ) ;
#1206 = COLOUR_RGB ( '',1.000000000000000000, 1.000000000000000000, 1.000000000000000000 ) ;
#1207 = ORIENTED_EDGE ( 'NONE', *, *, #960, .F. ) ;
#1208 = EDGE_CURVE ( 'NONE', #41, #1385, #1920, .T. ) ;
#1209 = UNCERTAINTY_MEASURE_WITH_UNIT (LENGTH_MEASURE( 1.000000000000000082E-05 ), #164, 'distance_accuracy_value', 'NONE');
#1210 = DIRECTION ( 'NONE',  ( 0.000000000000000000, 0.000000000000000000, -1.000000000000000000 ) ) ;
#1211 = VERTEX_POINT ( 'NONE', #802 ) ;
#1212 =( GEOMETRIC_REPRESENTATION_CONTEXT ( 3 ) GLOBAL_UNCERTAINTY_ASSIGNED_CONTEXT ( ( #1892 ) ) GLOBAL_UNIT_ASSIGNED_CONTEXT ( ( #1838, #1643, #492 ) ) REPRESENTATION_CONTEXT ( 'NONE', 'WORKASPACE' ) );
#1213 = ORIENTED_EDGE ( 'NONE', *, *, #2407, .F. ) ;
#1214 = DIRECTION ( 'NONE',  ( 0.000000000000000000, 0.9848077530122083534, -0.1736481776669290544 ) ) ;
#1215 = STYLED_ITEM ( 'NONE', ( #583 ), #2142 ) ;
#1216 = EDGE_LOOP ( 'NONE', ( #1049, #1492, #2263, #2516 ) ) ;
#1217 = CARTESIAN_POINT ( 'NONE',  ( -0.7699999999999997957, -0.1082361909794963273, 0.9938220579133638655 ) ) ;
#1218 = CARTESIAN_POINT ( 'NONE',  ( 0.7699999999999997957, -0.1600000000000000033, 0.8006368926555497145 ) ) ;
#1219 = CARTESIAN_POINT ( 'NONE',  ( -1.279999999999999805, -0.5799999999999974065, -1.167865956394910515E-15 ) ) ;
#1220 = PRESENTATION_STYLE_ASSIGNMENT (( #1432 ) ) ;
#1221 = EDGE_CURVE ( 'NONE', #2235, #1116, #566, .T. ) ;
#1222 = DIRECTION ( 'NONE',  ( 0.000000000000000000, 0.000000000000000000, -1.000000000000000000 ) ) ;
#1223 = DIRECTION ( 'NONE',  ( 0.000000000000000000, -0.1736481776669290544, 0.9848077530122083534 ) ) ;
#1224 = CARTESIAN_POINT ( 'NONE',  ( 0.2550000000000000044, 0.2204995408789425793, -0.8229154896058347157 ) ) ;
#1225 = EDGE_CURVE ( 'NONE', #1947, #991, #387, .T. ) ;
#1226 = PRESENTATION_LAYER_ASSIGNMENT (  '', '', ( #1426 ) ) ;
#1227 = FACE_OUTER_BOUND ( 'NONE', #803, .T. ) ;
#1228 = PRESENTATION_STYLE_ASSIGNMENT (( #1286 ) ) ;
#1229 = ORIENTED_EDGE ( 'NONE', *, *, #1012, .F. ) ;
#1230 = PLANE ( 'NONE',  #727 ) ;
#1231 = FILL_AREA_STYLE ('',( #449 ) ) ;
#1232 = EDGE_CURVE ( 'NONE', #502, #293, #117, .T. ) ;
#1233 = VERTEX_POINT ( 'NONE', #2154 ) ;
#1234 = DIRECTION ( 'NONE',  ( 0.000000000000000000, 0.9848077530122082424, 0.1736481776669290267 ) ) ;
#1235 = VERTEX_POINT ( 'NONE', #773 ) ;
#1236 = VERTEX_POINT ( 'NONE', #1933 ) ;
#1237 = UNCERTAINTY_MEASURE_WITH_UNIT (LENGTH_MEASURE( 1.000000000000000082E-05 ), #2297, 'distance_accuracy_value', 'NONE');
#1238 =( NAMED_UNIT ( * ) SI_UNIT ( $, .STERADIAN. ) SOLID_ANGLE_UNIT ( ) );
#1239 = EDGE_CURVE ( 'NONE', #881, #1438, #2082, .T. ) ;
#1240 = DIRECTION ( 'NONE',  ( 0.000000000000000000, -2.013561993784337696E-15, 1.000000000000000000 ) ) ;
#1241 = PRESENTATION_LAYER_ASSIGNMENT (  '', '', ( #1328 ) ) ;
#1242 = ORIENTED_EDGE ( 'NONE', *, *, #567, .T. ) ;
#1243 = LINE ( 'NONE', #2234, #720 ) ;
#1244 =( LENGTH_UNIT ( ) NAMED_UNIT ( * ) SI_UNIT ( .MILLI., .METRE. ) );
#1245 = ORIENTED_EDGE ( 'NONE', *, *, #529, .F. ) ;
#1246 = CARTESIAN_POINT ( 'NONE',  ( 0.2550000000000000044, 0.000000000000000000, 0.000000000000000000 ) ) ;
#1247 = CIRCLE ( 'NONE', #2425, 0.2000000000000002054 ) ;
#1248 = CARTESIAN_POINT ( 'NONE',  ( -0.7699999999999997957, 0.000000000000000000, 0.000000000000000000 ) ) ;
#1249 = SURFACE_STYLE_FILL_AREA ( #1528 ) ;
#1250 = DIRECTION ( 'NONE',  ( -1.000000000000000000, 0.000000000000000000, 0.000000000000000000 ) ) ;
#1251 = LINE ( 'NONE', #83, #1072 ) ;
#1252 = PRESENTATION_LAYER_ASSIGNMENT (  '', '', ( #1582 ) ) ;
#1253 = CARTESIAN_POINT ( 'NONE',  ( 1.431015980110320829, 0.5046534542368362741, -0.6110159801103207666 ) ) ;
#1254 = SURFACE_STYLE_FILL_AREA ( #474 ) ;
#1255 = ORIENTED_EDGE ( 'NONE', *, *, #1456, .F. ) ;
#1256 = ORIENTED_EDGE ( 'NONE', *, *, #2222, .F. ) ;
#1257 = CARTESIAN_POINT ( 'NONE',  ( -0.7699999999999997957, 0.000000000000000000, 0.7000000000000000666 ) ) ;
#1258 =( LENGTH_UNIT ( ) NAMED_UNIT ( * ) SI_UNIT ( .MILLI., .METRE. ) );
#1259 = EDGE_CURVE ( 'NONE', #1190, #2265, #1527, .T. ) ;
#1260 = SURFACE_STYLE_FILL_AREA ( #788 ) ;
#1261 = ORIENTED_EDGE ( 'NONE', *, *, #1225, .T. ) ;
#1262 = CARTESIAN_POINT ( 'NONE',  ( -1.279999999999999805, 0.2412050644871435723, 0.9001895557089616418 ) ) ;
#1263 = CARTESIAN_POINT ( 'NONE',  ( 0.7699999999999997957, -0.1197070501639832252, 0.6788924172750684383 ) ) ;
#1264 = ORIENTED_EDGE ( 'NONE', *, *, #665, .F. ) ;
#1265 = PRESENTATION_LAYER_ASSIGNMENT (  '', '', ( #1010 ) ) ;
#1266 = CIRCLE ( 'NONE', #1873, 0.2000000000000000944 ) ;
#1267 = DIRECTION ( 'NONE',  ( 1.000000000000000000, 0.000000000000000000, 0.000000000000000000 ) ) ;
#1268 =( NAMED_UNIT ( * ) PLANE_ANGLE_UNIT ( ) SI_UNIT ( $, .RADIAN. ) );
#1269 = EDGE_CURVE ( 'NONE', #2130, #2212, #1656, .T. ) ;
#1270 = AXIS2_PLACEMENT_3D ( 'NONE', #866, #1660, #497 ) ;
#1271 = VECTOR ( 'NONE', #1202, 1000.000000000000000 ) ;
#1272 = LINE ( 'NONE', #292, #2057 ) ;
#1273 = EDGE_CURVE ( 'NONE', #2235, #678, #330, .T. ) ;
#1274 = LINE ( 'NONE', #838, #429 ) ;
#1275 = DIRECTION ( 'NONE',  ( 0.000000000000000000, 6.292381230576055301E-17, 1.000000000000000000 ) ) ;
#1276 = PLANE ( 'NONE',  #1199 ) ;
#1277 = UNCERTAINTY_MEASURE_WITH_UNIT (LENGTH_MEASURE( 1.000000000000000082E-05 ), #1889, 'distance_accuracy_value', 'NONE');
#1278 = STYLED_ITEM ( 'NONE', ( #404 ), #616 ) ;
#1279 = SURFACE_STYLE_FILL_AREA ( #981 ) ;
#1280 = VECTOR ( 'NONE', #1081, 1000.000000000000000 ) ;
#1281 = SURFACE_STYLE_FILL_AREA ( #2124 ) ;
#1282 = EDGE_CURVE ( 'NONE', #1707, #2295, #1059, .T. ) ;
#1283 = SURFACE_STYLE_FILL_AREA ( #1370 ) ;
#1284 = AXIS2_PLACEMENT_3D ( 'NONE', #2255, #501, #1866 ) ;
#1285 =( NAMED_UNIT ( * ) PLANE_ANGLE_UNIT ( ) SI_UNIT ( $, .RADIAN. ) );
#1286 = SURFACE_STYLE_USAGE ( .BOTH. , #729 ) ;
#1287 = VERTEX_POINT ( 'NONE', #1826 ) ;
#1288 = AXIS2_PLACEMENT_3D ( 'NONE', #123, #1130, #365 ) ;
#1289 = CARTESIAN_POINT ( 'NONE',  ( -1.421256890803259454, -0.5600000000000000533, -0.6012568908032591697 ) ) ;
#1290 = LINE ( 'NONE', #61, #1739 ) ;
#1291 = EDGE_LOOP ( 'NONE', ( #2481, #1256, #1778, #133 ) ) ;
#1292 = ORIENTED_EDGE ( 'NONE', *, *, #1824, .T. ) ;
#1293 = VERTEX_POINT ( 'NONE', #882 ) ;
#1294 = CARTESIAN_POINT ( 'NONE',  ( -0.7699999999999997957, 0.03999999999999995920, -2.516952492230419439E-18 ) ) ;
#1295 = VERTEX_POINT ( 'NONE', #466 ) ;
#1296 = CARTESIAN_POINT ( 'NONE',  ( 1.519999999999999796, 0.000000000000000000, -0.6999999999999997335 ) ) ;
#1297 = VERTEX_POINT ( 'NONE', #663 ) ;
#1298 = SURFACE_STYLE_USAGE ( .BOTH. , #2282 ) ;
#1299 = AXIS2_PLACEMENT_3D ( 'NONE', #753, #367, #507 ) ;
#1300 = EDGE_LOOP ( 'NONE', ( #1811, #954, #2418, #558 ) ) ;
#1301 = SURFACE_SIDE_STYLE ('',( #1701 ) ) ;
#1302 = AXIS2_PLACEMENT_3D ( 'NONE', #2029, #1846, #1633 ) ;
#1303 = FILL_AREA_STYLE_COLOUR ( '', #1398 ) ;
#1304 = PRESENTATION_STYLE_ASSIGNMENT (( #85 ) ) ;
#1305 = PRESENTATION_STYLE_ASSIGNMENT (( #440 ) ) ;
#1306 = DIRECTION ( 'NONE',  ( 0.000000000000000000, 0.9848077530122082424, -0.1736481776669290267 ) ) ;
#1307 = EDGE_CURVE ( 'NONE', #2514, #1856, #2247, .T. ) ;
#1308 = SURFACE_STYLE_USAGE ( .BOTH. , #2067 ) ;
#1309 =( LENGTH_UNIT ( ) NAMED_UNIT ( * ) SI_UNIT ( .MILLI., .METRE. ) );
#1310 = MECHANICAL_DESIGN_GEOMETRIC_PRESENTATION_REPRESENTATION (  '', ( #846 ), #2089 ) ;
#1311 = FACE_OUTER_BOUND ( 'NONE', #2182, .T. ) ;
#1312 = PLANE ( 'NONE',  #2302 ) ;
#1313 = EDGE_CURVE ( 'NONE', #1552, #1375, #1591, .T. ) ;
#1314 = STYLED_ITEM ( 'NONE', ( #801 ), #1942 ) ;
#1315 = ORIENTED_EDGE ( 'NONE', *, *, #2273, .F. ) ;
#1316 = EDGE_LOOP ( 'NONE', ( #2007, #386, #1678, #1089 ) ) ;
#1317 = ORIENTED_EDGE ( 'NONE', *, *, #1313, .T. ) ;
#1318 =( NAMED_UNIT ( * ) SI_UNIT ( $, .STERADIAN. ) SOLID_ANGLE_UNIT ( ) );
#1319 = PRESENTATION_STYLE_ASSIGNMENT (( #968 ) ) ;
#1320 = ORIENTED_EDGE ( 'NONE', *, *, #971, .F. ) ;
#1321 = ORIENTED_EDGE ( 'NONE', *, *, #1832, .T. ) ;
#1322 = SURFACE_STYLE_FILL_AREA ( #1471 ) ;
#1323 = DIRECTION ( 'NONE',  ( 0.000000000000000000, -0.9659258262890692004, 0.2588190451025177419 ) ) ;
#1324 = ORIENTED_EDGE ( 'NONE', *, *, #1598, .T. ) ;
#1325 = EDGE_CURVE ( 'NONE', #847, #687, #1243, .T. ) ;
#1326 = CARTESIAN_POINT ( 'NONE',  ( -0.7699999999999997957, -0.1197070501639832252, 0.6788924172750684383 ) ) ;
#1327 = VECTOR ( 'NONE', #1323, 999.9999999999998863 ) ;
#1328 = STYLED_ITEM ( 'NONE', ( #263 ), #1389 ) ;
#1329 = DIRECTION ( 'NONE',  ( -1.000000000000000000, 0.000000000000000000, 0.000000000000000000 ) ) ;
#1330 = MECHANICAL_DESIGN_GEOMETRIC_PRESENTATION_REPRESENTATION (  '', ( #119 ), #1717 ) ;
#1331 = DIRECTION ( 'NONE',  ( 0.000000000000000000, 1.000000000000000000, 0.000000000000000000 ) ) ;
#1332 = VECTOR ( 'NONE', #267, 1000.000000000000000 ) ;
#1333 = PRESENTATION_STYLE_ASSIGNMENT (( #2346 ) ) ;
#1334 = CARTESIAN_POINT ( 'NONE',  ( 0.2550000000000000044, 0.000000000000000000, -1.319999999999999618 ) ) ;
#1335 = FILL_AREA_STYLE_COLOUR ( '', #280 ) ;
#1336 = PRESENTATION_LAYER_ASSIGNMENT (  '', '', ( #1087 ) ) ;
#1337 = CARTESIAN_POINT ( 'NONE',  ( 0.7699999999999997957, 0.2412050644871435723, 0.9001895557089616418 ) ) ;
#1338 = COLOUR_RGB ( '',1.000000000000000000, 1.000000000000000000, 1.000000000000000000 ) ;
#1339 =( LENGTH_UNIT ( ) NAMED_UNIT ( * ) SI_UNIT ( .MILLI., .METRE. ) );
#1340 = ORIENTED_EDGE ( 'NONE', *, *, #2527, .T. ) ;
#1341 = AXIS2_PLACEMENT_3D ( 'NONE', #2198, #1775, #1275 ) ;
#1342 = ORIENTED_EDGE ( 'NONE', *, *, #841, .T. ) ;
#1343 = EDGE_CURVE ( 'NONE', #1646, #1055, #2111, .T. ) ;
#1344 = MECHANICAL_DESIGN_GEOMETRIC_PRESENTATION_REPRESENTATION (  '', ( #1314 ), #1511 ) ;
#1345 = CARTESIAN_POINT ( 'NONE',  ( 0.2550000000000000044, 0.03999999999999999389, -0.6929469207716612011 ) ) ;
#1346 =( NAMED_UNIT ( * ) SI_UNIT ( $, .STERADIAN. ) SOLID_ANGLE_UNIT ( ) );
#1347 = ORIENTED_EDGE ( 'NONE', *, *, #1053, .T. ) ;
#1348 = CARTESIAN_POINT ( 'NONE',  ( -0.7699999999999997957, 0.03999999999999999389, 0.6929469207716616452 ) ) ;
#1349 = DIRECTION ( 'NONE',  ( 0.000000000000000000, 0.1736481776669290822, -0.9848077530122083534 ) ) ;
#1350 = ADVANCED_FACE ( 'NONE', ( #53 ), #2006, .T. ) ;
#1351 = ORIENTED_EDGE ( 'NONE', *, *, #1208, .F. ) ;
#1352 = EDGE_CURVE ( 'NONE', #682, #1233, #1887, .T. ) ;
#1353 = DIRECTION ( 'NONE',  ( -0.1710878697460359033, 0.9702875252478138091, -0.1710878697460358755 ) ) ;
#1354 = FILL_AREA_STYLE_COLOUR ( '', #2500 ) ;
#1355 = DIRECTION ( 'NONE',  ( -0.1710878697460358477, -0.9702875252478138091, 0.1710878697460358755 ) ) ;
#1356 = AXIS2_PLACEMENT_3D ( 'NONE', #146, #1477, #339 ) ;
#1357 = LINE ( 'NONE', #886, #360 ) ;
#1358 = SURFACE_SIDE_STYLE ('',( #856 ) ) ;
#1359 = CARTESIAN_POINT ( 'NONE',  ( 0.2550000000000000044, 0.000000000000000000, -0.6999999999999997335 ) ) ;
#1360 = EDGE_CURVE ( 'NONE', #2232, #1293, #173, .T. ) ;
#1361 = PRESENTATION_LAYER_ASSIGNMENT (  '', '', ( #410 ) ) ;
#1362 = CARTESIAN_POINT ( 'NONE',  ( 0.2550000000000000044, 0.03999999999999995920, 2.516952492230419439E-18 ) ) ;
#1363 = PRESENTATION_STYLE_ASSIGNMENT (( #505 ) ) ;
#1364 = DIRECTION ( 'NONE',  ( 0.000000000000000000, 0.000000000000000000, 1.000000000000000000 ) ) ;
#1365 = SURFACE_SIDE_STYLE ('',( #1590 ) ) ;
#1366 = ADVANCED_FACE ( 'NONE', ( #383 ), #2451, .F. ) ;
#1367 = CARTESIAN_POINT ( 'NONE',  ( -0.7699999999999997957, -0.1600000000000000033, 0.8006368926555497145 ) ) ;
#1368 = LINE ( 'NONE', #1262, #343 ) ;
#1369 = COLOUR_RGB ( '',0.1019607843137254888, 0.1019607843137254888, 0.1019607843137254888 ) ;
#1370 = FILL_AREA_STYLE ('',( #2294 ) ) ;
#1371 = ORIENTED_EDGE ( 'NONE', *, *, #1400, .T. ) ;
#1372 = CARTESIAN_POINT ( 'NONE',  ( -1.279999999999999805, -0.4600000000000000755, 1.212310028116111882 ) ) ;
#1373 = CARTESIAN_POINT ( 'NONE',  ( 0.7699999999999997957, -0.1197070501639832252, 0.6788924172750684383 ) ) ;
#1374 = MECHANICAL_DESIGN_GEOMETRIC_PRESENTATION_REPRESENTATION (  '', ( #439 ), #129 ) ;
#1375 = VERTEX_POINT ( 'NONE', #1995 ) ;
#1376 = ORIENTED_EDGE ( 'NONE', *, *, #519, .T. ) ;
#1377 = CARTESIAN_POINT ( 'NONE',  ( -0.7699999999999997957, -0.5800000000000000711, 1.320000000000000062 ) ) ;
#1378 = AXIS2_PLACEMENT_3D ( 'NONE', #1799, #638, #1603 ) ;
#1379 = SURFACE_STYLE_FILL_AREA ( #2070 ) ;
#1380 = UNCERTAINTY_MEASURE_WITH_UNIT (LENGTH_MEASURE( 1.000000000000000082E-05 ), #2188, 'distance_accuracy_value', 'NONE');
#1381 = ORIENTED_EDGE ( 'NONE', *, *, #1025, .F. ) ;
#1382 = DIRECTION ( 'NONE',  ( 0.000000000000000000, 0.2588190451025177419, 0.9659258262890692004 ) ) ;
#1383 = FILL_AREA_STYLE ('',( #581 ) ) ;
#1384 = FILL_AREA_STYLE_COLOUR ( '', #2356 ) ;
#1385 = VERTEX_POINT ( 'NONE', #890 ) ;
#1386 = FILL_AREA_STYLE ('',( #435 ) ) ;
#1387 = SURFACE_STYLE_FILL_AREA ( #1631 ) ;
#1388 = CARTESIAN_POINT ( 'NONE',  ( 0.2550000000000000044, -0.6600000000000000311, 0.000000000000000000 ) ) ;
#1389 = ADVANCED_FACE ( 'NONE', ( #1781 ), #51, .T. ) ;
#1390 = STYLED_ITEM ( 'NONE', ( #1305 ), #822 ) ;
#1391 = PLANE ( 'NONE',  #1473 ) ;
#1392 = SURFACE_SIDE_STYLE ('',( #2506 ) ) ;
#1393 = SURFACE_STYLE_FILL_AREA ( #1808 ) ;
#1394 = PRESENTATION_LAYER_ASSIGNMENT (  '', '', ( #1314 ) ) ;
#1395 = UNCERTAINTY_MEASURE_WITH_UNIT (LENGTH_MEASURE( 1.000000000000000082E-05 ), #2040, 'distance_accuracy_value', 'NONE');
#1396 = CARTESIAN_POINT ( 'NONE',  ( 0.7699999999999997957, -0.04000000000000000777, 0.6929469207716616452 ) ) ;
#1397 = SURFACE_STYLE_FILL_AREA ( #2405 ) ;
#1398 = COLOUR_RGB ( '',1.000000000000000000, 1.000000000000000000, 1.000000000000000000 ) ;
#1399 = DIRECTION ( 'NONE',  ( 0.000000000000000000, 1.000000000000000000, 0.000000000000000000 ) ) ;
#1400 = EDGE_CURVE ( 'NONE', #2173, #1912, #1266, .T. ) ;
#1401 = ADVANCED_FACE ( 'NONE', ( #780 ), #1621, .F. ) ;
#1402 = SURFACE_STYLE_FILL_AREA ( #1852 ) ;
#1403 = DIRECTION ( 'NONE',  ( -1.548860246407863829E-16, 0.000000000000000000, -1.000000000000000000 ) ) ;
#1404 = ORIENTED_EDGE ( 'NONE', *, *, #1872, .F. ) ;
#1405 =( GEOMETRIC_REPRESENTATION_CONTEXT ( 3 ) GLOBAL_UNCERTAINTY_ASSIGNED_CONTEXT ( ( #1674 ) ) GLOBAL_UNIT_ASSIGNED_CONTEXT ( ( #1914, #1944, #591 ) ) REPRESENTATION_CONTEXT ( 'NONE', 'WORKASPACE' ) );
#1406 = PLANE ( 'NONE',  #1378 ) ;
#1407 = DIRECTION ( 'NONE',  ( 0.000000000000000000, 0.000000000000000000, -1.000000000000000000 ) ) ;
#1408 = ORIENTED_EDGE ( 'NONE', *, *, #1598, .F. ) ;
#1409 = SURFACE_STYLE_USAGE ( .BOTH. , #1020 ) ;
#1410 = MECHANICAL_DESIGN_GEOMETRIC_PRESENTATION_REPRESENTATION (  '', ( #15 ), #1969 ) ;
#1411 = ORIENTED_EDGE ( 'NONE', *, *, #537, .T. ) ;
#1412 = PRESENTATION_LAYER_ASSIGNMENT (  '', '', ( #2296 ) ) ;
#1413 = VERTEX_POINT ( 'NONE', #1090 ) ;
#1414 = VECTOR ( 'NONE', #1185, 1000.000000000000000 ) ;
#1415 = SURFACE_SIDE_STYLE ('',( #1393 ) ) ;
#1416 = ORIENTED_EDGE ( 'NONE', *, *, #1273, .F. ) ;
#1417 = PLANE ( 'NONE',  #1341 ) ;
#1418 = DIRECTION ( 'NONE',  ( 0.000000000000000000, 0.9848077530122082424, -0.1736481776669290544 ) ) ;
#1419 = VECTOR ( 'NONE', #2217, 1000.000000000000000 ) ;
#1420 = DIRECTION ( 'NONE',  ( 0.1710878697460358477, -0.9702875252478138091, -0.1710878697460358755 ) ) ;
#1421 = VECTOR ( 'NONE', #1673, 1000.000000000000000 ) ;
#1422 =( NAMED_UNIT ( * ) SI_UNIT ( $, .STERADIAN. ) SOLID_ANGLE_UNIT ( ) );
#1423 = AXIS2_PLACEMENT_3D ( 'NONE', #1163, #2051, #1659 ) ;
#1424 = CARTESIAN_POINT ( 'NONE',  ( -1.279999999999999805, -0.1197070501639832252, 0.6788924172750684383 ) ) ;
#1425 = ADVANCED_FACE ( 'NONE', ( #1122 ), #1472, .F. ) ;
#1426 = STYLED_ITEM ( 'NONE', ( #2230 ), #1911 ) ;
#1427 = SURFACE_STYLE_FILL_AREA ( #2479 ) ;
#1428 =( LENGTH_UNIT ( ) NAMED_UNIT ( * ) SI_UNIT ( .MILLI., .METRE. ) );
#1429 = PRESENTATION_STYLE_ASSIGNMENT (( #444 ) ) ;
#1430 = FACE_OUTER_BOUND ( 'NONE', #2353, .T. ) ;
#1431 = PRESENTATION_STYLE_ASSIGNMENT (( #958 ) ) ;
#1432 = SURFACE_STYLE_USAGE ( .BOTH. , #2420 ) ;
#1433 =( NAMED_UNIT ( * ) PLANE_ANGLE_UNIT ( ) SI_UNIT ( $, .RADIAN. ) );
#1434 = EDGE_CURVE ( 'NONE', #1833, #4, #959, .T. ) ;
#1435 = ORIENTED_EDGE ( 'NONE', *, *, #1225, .F. ) ;
#1436 = DIRECTION ( 'NONE',  ( 1.000000000000000000, 0.000000000000000000, -0.000000000000000000 ) ) ;
#1437 = DIRECTION ( 'NONE',  ( 0.000000000000000000, 0.9848077530122082424, -0.1736481776669290267 ) ) ;
#1438 = VERTEX_POINT ( 'NONE', #2081 ) ;
#1439 = EDGE_LOOP ( 'NONE', ( #144, #1769, #468, #540 ) ) ;
#1440 = AXIS2_PLACEMENT_3D ( 'NONE', #1204, #787, #1763 ) ;
#1441 = CARTESIAN_POINT ( 'NONE',  ( -0.7699999999999997957, 0.2412050644871435723, 0.9001895557089616418 ) ) ;
#1442 = ADVANCED_FACE ( 'NONE', ( #596 ), #1711, .T. ) ;
#1443 = EDGE_LOOP ( 'NONE', ( #318, #2300, #1148, #415 ) ) ;
#1444 = CARTESIAN_POINT ( 'NONE',  ( 0.2550000000000000044, 0.1197070501639831697, -0.6788924172750681052 ) ) ;
#1445 = CARTESIAN_POINT ( 'NONE',  ( 0.2550000000000000044, -0.6600000000000000311, -1.212310028116111438 ) ) ;
#1446 = EDGE_CURVE ( 'NONE', #2352, #1413, #1708, .T. ) ;
#1447 = PRESENTATION_LAYER_ASSIGNMENT (  '', '', ( #1958 ) ) ;
#1448 = CARTESIAN_POINT ( 'NONE',  ( 0.7699999999999997957, -0.6600000000000000311, 1.320000000000000062 ) ) ;
#1449 = VERTEX_POINT ( 'NONE', #542 ) ;
#1450 = DIRECTION ( 'NONE',  ( 1.000000000000000000, 0.000000000000000000, 0.000000000000000000 ) ) ;
#1451 = PLANE ( 'NONE',  #1814 ) ;
#1452 = CIRCLE ( 'NONE', #294, 0.2000000000000000944 ) ;
#1453 = CARTESIAN_POINT ( 'NONE',  ( -0.2550000000000000044, -0.5800000000000000711, -1.319999999999999618 ) ) ;
#1454 = DIRECTION ( 'NONE',  ( 1.000000000000000000, -0.000000000000000000, 0.000000000000000000 ) ) ;
#1455 = SURFACE_STYLE_FILL_AREA ( #1596 ) ;
#1456 = EDGE_CURVE ( 'NONE', #1863, #766, #2045, .T. ) ;
#1457 = VECTOR ( 'NONE', #545, 1000.000000000000000 ) ;
#1458 = MECHANICAL_DESIGN_GEOMETRIC_PRESENTATION_REPRESENTATION (  '', ( #2059 ), #328 ) ;
#1459 = FILL_AREA_STYLE ('',( #479 ) ) ;
#1460 = CYLINDRICAL_SURFACE ( 'NONE', #82, 0.1199999999999998845 ) ;
#1461 = UNCERTAINTY_MEASURE_WITH_UNIT (LENGTH_MEASURE( 1.000000000000000082E-05 ), #512, 'distance_accuracy_value', 'NONE');
#1462 = SURFACE_STYLE_FILL_AREA ( #180 ) ;
#1463 = CARTESIAN_POINT ( 'NONE',  ( 1.421256890803259232, -0.5600000000000000533, -2.201328298098410337E-16 ) ) ;
#1464 = SURFACE_STYLE_USAGE ( .BOTH. , #523 ) ;
#1465 = LINE ( 'NONE', #1121, #498 ) ;
#1466 = VERTEX_POINT ( 'NONE', #1730 ) ;
#1467 = SURFACE_SIDE_STYLE ('',( #68 ) ) ;
#1468 =( GEOMETRIC_REPRESENTATION_CONTEXT ( 3 ) GLOBAL_UNCERTAINTY_ASSIGNED_CONTEXT ( ( #2186 ) ) GLOBAL_UNIT_ASSIGNED_CONTEXT ( ( #1428, #2417, #1067 ) ) REPRESENTATION_CONTEXT ( 'NONE', 'WORKASPACE' ) );
#1469 = EDGE_LOOP ( 'NONE', ( #561, #17, #47, #136 ) ) ;
#1470 = CARTESIAN_POINT ( 'NONE',  ( 1.279999999999999805, -0.5799999999999974065, -1.167865956394910515E-15 ) ) ;
#1471 = FILL_AREA_STYLE ('',( #918 ) ) ;
#1472 = CYLINDRICAL_SURFACE ( 'NONE', #632, 0.1199999999999999956 ) ;
#1473 = AXIS2_PLACEMENT_3D ( 'NONE', #2385, #1040, #1035 ) ;
#1474 = ORIENTED_EDGE ( 'NONE', *, *, #701, .F. ) ;
#1475 = CARTESIAN_POINT ( 'NONE',  ( 0.2550000000000000044, -0.04000000000000000083, -0.8006368926555492704 ) ) ;
#1476 = EDGE_CURVE ( 'NONE', #1233, #687, #775, .T. ) ;
#1477 = DIRECTION ( 'NONE',  ( 0.000000000000000000, 1.000000000000000000, 0.000000000000000000 ) ) ;
#1478 = PRESENTATION_STYLE_ASSIGNMENT (( #639 ) ) ;
#1479 = EDGE_CURVE ( 'NONE', #1856, #354, #1774, .T. ) ;
#1480 = VECTOR ( 'NONE', #1450, 1000.000000000000000 ) ;
#1481 =( LENGTH_UNIT ( ) NAMED_UNIT ( * ) SI_UNIT ( .MILLI., .METRE. ) );
#1482 = FILL_AREA_STYLE_COLOUR ( '', #1521 ) ;
#1483 = STYLED_ITEM ( 'NONE', ( #1134 ), #417 ) ;
#1484 = DIRECTION ( 'NONE',  ( 0.000000000000000000, -2.013561993784337696E-15, 1.000000000000000000 ) ) ;
#1485 = PRESENTATION_LAYER_ASSIGNMENT (  '', '', ( #758 ) ) ;
#1486 = DIRECTION ( 'NONE',  ( -1.000000000000000000, 0.000000000000000000, -0.000000000000000000 ) ) ;
#1487 = COLOUR_RGB ( '',1.000000000000000000, 1.000000000000000000, 1.000000000000000000 ) ;
#1488 = ORIENTED_EDGE ( 'NONE', *, *, #402, .T. ) ;
#1489 = DIRECTION ( 'NONE',  ( 0.000000000000000000, 0.000000000000000000, -1.000000000000000000 ) ) ;
#1490 = VECTOR ( 'NONE', #2427, 1000.000000000000000 ) ;
#1491 = ORIENTED_EDGE ( 'NONE', *, *, #2185, .F. ) ;
#1492 = ORIENTED_EDGE ( 'NONE', *, *, #976, .F. ) ;
#1493 = ORIENTED_EDGE ( 'NONE', *, *, #1574, .F. ) ;
#1494 = APPLICATION_CONTEXT ( 'automotive_design' ) ;
#1495 = ORIENTED_EDGE ( 'NONE', *, *, #2, .T. ) ;
#1496 = DIRECTION ( 'NONE',  ( -0.000000000000000000, 1.000000000000000000, 6.292381230576055301E-17 ) ) ;
#1497 = SURFACE_SIDE_STYLE ('',( #809 ) ) ;
#1498 = STYLED_ITEM ( 'NONE', ( #885 ), #1016 ) ;
#1499 =( LENGTH_UNIT ( ) NAMED_UNIT ( * ) SI_UNIT ( .MILLI., .METRE. ) );
#1500 = SURFACE_STYLE_FILL_AREA ( #552 ) ;
#1501 = PRESENTATION_LAYER_ASSIGNMENT (  '', '', ( #119 ) ) ;
#1502 = COLOUR_RGB ( '',1.000000000000000000, 1.000000000000000000, 1.000000000000000000 ) ;
#1503 = FILL_AREA_STYLE_COLOUR ( '', #2464 ) ;
#1504 =( GEOMETRIC_REPRESENTATION_CONTEXT ( 3 ) GLOBAL_UNCERTAINTY_ASSIGNED_CONTEXT ( ( #2443 ) ) GLOBAL_UNIT_ASSIGNED_CONTEXT ( ( #1499, #919, #1688 ) ) REPRESENTATION_CONTEXT ( 'NONE', 'WORKASPACE' ) );
#1505 = CARTESIAN_POINT ( 'NONE',  ( -1.279999999999999805, -0.1600000000000000033, 0.8006368926555497145 ) ) ;
#1506 = VECTOR ( 'NONE', #481, 1000.000000000000000 ) ;
#1507 = CARTESIAN_POINT ( 'NONE',  ( -1.520000000000000018, 0.000000000000000000, -0.6999999999999997335 ) ) ;
#1508 = STYLED_ITEM ( 'NONE', ( #731 ), #606 ) ;
#1509 = LINE ( 'NONE', #2311, #1167 ) ;
#1510 = VECTOR ( 'NONE', #312, 1000.000000000000000 ) ;
#1511 =( GEOMETRIC_REPRESENTATION_CONTEXT ( 3 ) GLOBAL_UNCERTAINTY_ASSIGNED_CONTEXT ( ( #986 ) ) GLOBAL_UNIT_ASSIGNED_CONTEXT ( ( #1862, #1691, #923 ) ) REPRESENTATION_CONTEXT ( 'NONE', 'WORKASPACE' ) );
#1512 = LINE ( 'NONE', #2471, #1970 ) ;
#1513 =( NAMED_UNIT ( * ) SI_UNIT ( $, .STERADIAN. ) SOLID_ANGLE_UNIT ( ) );
#1514 =( LENGTH_UNIT ( ) NAMED_UNIT ( * ) SI_UNIT ( .MILLI., .METRE. ) );
#1515 = VECTOR ( 'NONE', #1957, 1000.000000000000000 ) ;
#1516 = ORIENTED_EDGE ( 'NONE', *, *, #1221, .F. ) ;
#1517 = CARTESIAN_POINT ( 'NONE',  ( 1.279999999999999805, -0.5799999999999998490, 1.212310028116111882 ) ) ;
#1518 = DIRECTION ( 'NONE',  ( 0.000000000000000000, 9.035018104045878829E-16, -1.000000000000000000 ) ) ;
#1519 = EDGE_LOOP ( 'NONE', ( #2037, #20, #290, #1782 ) ) ;
#1520 = EDGE_CURVE ( 'NONE', #1980, #454, #259, .T. ) ;
#1521 = COLOUR_RGB ( '',0.1019607843137254888, 0.1019607843137254888, 0.1019607843137254888 ) ;
#1522 = EDGE_LOOP ( 'NONE', ( #174, #969, #998, #1839, #1179, #320, #1342, #1340, #1321, #595, #2359, #659, #2330 ) ) ;
#1523 =( LENGTH_UNIT ( ) NAMED_UNIT ( * ) SI_UNIT ( .MILLI., .METRE. ) );
#1524 = PLANE ( 'NONE',  #1423 ) ;
#1525 = ORIENTED_EDGE ( 'NONE', *, *, #1325, .F. ) ;
#1526 = VECTOR ( 'NONE', #2117, 1000.000000000000000 ) ;
#1527 = LINE ( 'NONE', #2026, #2184 ) ;
#1528 = FILL_AREA_STYLE ('',( #151 ) ) ;
#1529 = FILL_AREA_STYLE_COLOUR ( '', #2447 ) ;
#1530 = AXIS2_PLACEMENT_3D ( 'NONE', #592, #2160, #1538 ) ;
#1531 =( NAMED_UNIT ( * ) SI_UNIT ( $, .STERADIAN. ) SOLID_ANGLE_UNIT ( ) );
#1532 = FACE_OUTER_BOUND ( 'NONE', #233, .T. ) ;
#1533 = DIRECTION ( 'NONE',  ( 1.000000000000000000, 0.000000000000000000, 0.000000000000000000 ) ) ;
#1534 = AXIS2_PLACEMENT_3D ( 'NONE', #1753, #232, #1015 ) ;
#1535 = CARTESIAN_POINT ( 'NONE',  ( -1.520000000000000018, 0.000000000000000000, -0.6999999999999997335 ) ) ;
#1536 = ADVANCED_FACE ( 'NONE', ( #997 ), #379, .T. ) ;
#1537 = CARTESIAN_POINT ( 'NONE',  ( 0.7699999999999997957, -0.4910582854123022312, 1.096398928961423547 ) ) ;
#1538 = DIRECTION ( 'NONE',  ( 0.000000000000000000, 0.000000000000000000, -1.000000000000000000 ) ) ;
#1539 = PRESENTATION_STYLE_ASSIGNMENT (( #932 ) ) ;
#1540 = CARTESIAN_POINT ( 'NONE',  ( 0.7699999999999997957, -0.4600000000000000755, 1.212310028116111882 ) ) ;
#1541 = FILL_AREA_STYLE ('',( #1162 ) ) ;
#1542 = DIRECTION ( 'NONE',  ( 0.1710878697460359033, 0.9702875252478138091, 0.1710878697460358755 ) ) ;
#1543 = CARTESIAN_POINT ( 'NONE',  ( -0.7699999999999997957, -0.5800000000000000711, 1.320000000000000062 ) ) ;
#1544 = DIRECTION ( 'NONE',  ( 0.000000000000000000, 0.2588190451025169647, 0.9659258262890693114 ) ) ;
#1545 = SURFACE_STYLE_FILL_AREA ( #161 ) ;
#1546 = MECHANICAL_DESIGN_GEOMETRIC_PRESENTATION_REPRESENTATION (  '', ( #177 ), #1936 ) ;
#1547 = VERTEX_POINT ( 'NONE', #554 ) ;
#1548 = ORIENTED_EDGE ( 'NONE', *, *, #2350, .F. ) ;
#1549 = SURFACE_SIDE_STYLE ('',( #1279 ) ) ;
#1550 = EDGE_LOOP ( 'NONE', ( #1803, #619, #2292, #2176 ) ) ;
#1551 = DIRECTION ( 'NONE',  ( 0.000000000000000000, 0.000000000000000000, -1.000000000000000000 ) ) ;
#1552 = VERTEX_POINT ( 'NONE', #346 ) ;
#1553 = DIRECTION ( 'NONE',  ( 0.000000000000000000, 0.9848077530122083534, 0.1736481776669290822 ) ) ;
#1554 = ORIENTED_EDGE ( 'NONE', *, *, #219, .F. ) ;
#1555 = EDGE_CURVE ( 'NONE', #747, #1466, #2009, .T. ) ;
#1556 =( NAMED_UNIT ( * ) SI_UNIT ( $, .STERADIAN. ) SOLID_ANGLE_UNIT ( ) );
#1557 = VECTOR ( 'NONE', #73, 1000.000000000000000 ) ;
#1558 = VERTEX_POINT ( 'NONE', #371 ) ;
#1559 =( LENGTH_UNIT ( ) NAMED_UNIT ( * ) SI_UNIT ( .MILLI., .METRE. ) );
#1560 = DIRECTION ( 'NONE',  ( 1.000000000000000000, 0.000000000000000000, 0.000000000000000000 ) ) ;
#1561 = ADVANCED_FACE ( 'NONE', ( #1054 ), #1916, .T. ) ;
#1562 = DIRECTION ( 'NONE',  ( -1.000000000000000000, -0.000000000000000000, -0.000000000000000000 ) ) ;
#1563 = MECHANICAL_DESIGN_GEOMETRIC_PRESENTATION_REPRESENTATION (  '', ( #1958 ), #179 ) ;
#1564 = COLOUR_RGB ( '',0.7921568627450980005, 0.8196078431372548767, 0.9333333333333333481 ) ;
#1565 = CARTESIAN_POINT ( 'NONE',  ( -0.7699999999999997957, -0.5799999999999974065, -1.167865956394910515E-15 ) ) ;
#1566 = SURFACE_STYLE_USAGE ( .BOTH. , #1175 ) ;
#1567 = CARTESIAN_POINT ( 'NONE',  ( -1.279999999999999805, -0.1289417145876979309, 0.9165479918102379386 ) ) ;
#1568 = COLOUR_RGB ( '',0.1019607843137254888, 0.1019607843137254888, 0.1019607843137254888 ) ;
#1569 = ADVANCED_FACE ( 'NONE', ( #142 ), #11, .T. ) ;
#1570 = VECTOR ( 'NONE', #252, 1000.000000000000000 ) ;
#1571 = SURFACE_STYLE_USAGE ( .BOTH. , #1804 ) ;
#1572 = COLOUR_RGB ( '',1.000000000000000000, 1.000000000000000000, 1.000000000000000000 ) ;
#1573 = UNCERTAINTY_MEASURE_WITH_UNIT (LENGTH_MEASURE( 1.000000000000000082E-05 ), #1762, 'distance_accuracy_value', 'NONE');
#1574 = EDGE_CURVE ( 'NONE', #1974, #881, #741, .T. ) ;
#1575 =( NAMED_UNIT ( * ) SI_UNIT ( $, .STERADIAN. ) SOLID_ANGLE_UNIT ( ) );
#1576 = FILL_AREA_STYLE ('',( #2376 ) ) ;
#1577 = PRODUCT_DEFINITION_SHAPE ( 'NONE', 'NONE',  #1875 ) ;
#1578 =( NAMED_UNIT ( * ) SI_UNIT ( $, .STERADIAN. ) SOLID_ANGLE_UNIT ( ) );
#1579 = AXIS2_PLACEMENT_3D ( 'NONE', #1246, #1454, #286 ) ;
#1580 = ORIENTED_EDGE ( 'NONE', *, *, #1793, .F. ) ;
#1581 = DIRECTION ( 'NONE',  ( 1.000000000000000000, -0.000000000000000000, 0.000000000000000000 ) ) ;
#1582 = STYLED_ITEM ( 'NONE', ( #706 ), #2155 ) ;
#1583 = ORIENTED_EDGE ( 'NONE', *, *, #1779, .F. ) ;
#1584 = DIRECTION ( 'NONE',  ( 0.000000000000000000, -0.9659258262890692004, 0.2588190451025177419 ) ) ;
#1585 = EDGE_LOOP ( 'NONE', ( #81, #1525, #1324, #106 ) ) ;
#1586 =( NAMED_UNIT ( * ) PLANE_ANGLE_UNIT ( ) SI_UNIT ( $, .RADIAN. ) );
#1587 = SURFACE_SIDE_STYLE ('',( #2409 ) ) ;
#1588 = SURFACE_STYLE_USAGE ( .BOTH. , #647 ) ;
#1589 = EDGE_LOOP ( 'NONE', ( #2075, #268, #1554, #621 ) ) ;
#1590 = SURFACE_STYLE_FILL_AREA ( #785 ) ;
#1591 = LINE ( 'NONE', #2245, #1623 ) ;
#1592 = AXIS2_PLACEMENT_3D ( 'NONE', #1938, #751, #2324 ) ;
#1593 =( NAMED_UNIT ( * ) SI_UNIT ( $, .STERADIAN. ) SOLID_ANGLE_UNIT ( ) );
#1594 = UNCERTAINTY_MEASURE_WITH_UNIT (LENGTH_MEASURE( 1.000000000000000082E-05 ), #1514, 'distance_accuracy_value', 'NONE');
#1595 = PRESENTATION_STYLE_ASSIGNMENT (( #2436 ) ) ;
#1596 = FILL_AREA_STYLE ('',( #854 ) ) ;
#1597 = DIRECTION ( 'NONE',  ( 0.000000000000000000, 0.9848077530122082424, 0.1736481776669290267 ) ) ;
#1598 = EDGE_CURVE ( 'NONE', #847, #649, #230, .T. ) ;
#1599 = AXIS2_PLACEMENT_3D ( 'NONE', #908, #1879, #1125 ) ;
#1600 = SURFACE_STYLE_FILL_AREA ( #2513 ) ;
#1601 = SURFACE_STYLE_FILL_AREA ( #662 ) ;
#1602 = CIRCLE ( 'NONE', #2357, 0.2000000000000002054 ) ;
#1603 = DIRECTION ( 'NONE',  ( 0.000000000000000000, 0.000000000000000000, -1.000000000000000000 ) ) ;
#1604 =( NAMED_UNIT ( * ) SI_UNIT ( $, .STERADIAN. ) SOLID_ANGLE_UNIT ( ) );
#1605 = LINE ( 'NONE', #2303, #1105 ) ;
#1606 =( NAMED_UNIT ( * ) PLANE_ANGLE_UNIT ( ) SI_UNIT ( $, .RADIAN. ) );
#1607 = EDGE_CURVE ( 'NONE', #2388, #743, #992, .T. ) ;
#1608 = UNCERTAINTY_MEASURE_WITH_UNIT (LENGTH_MEASURE( 1.000000000000000082E-05 ), #469, 'distance_accuracy_value', 'NONE');
#1609 = DIRECTION ( 'NONE',  ( 0.000000000000000000, 0.000000000000000000, -1.000000000000000000 ) ) ;
#1610 = VERTEX_POINT ( 'NONE', #1567 ) ;
#1611 = FILL_AREA_STYLE ('',( #1068 ) ) ;
#1612 = ORIENTED_EDGE ( 'NONE', *, *, #708, .T. ) ;
#1613 = PRESENTATION_LAYER_ASSIGNMENT (  '', '', ( #1508 ) ) ;
#1614 = SURFACE_SIDE_STYLE ('',( #1455 ) ) ;
#1615 = VERTEX_POINT ( 'NONE', #1765 ) ;
#1616 = ORIENTED_EDGE ( 'NONE', *, *, #951, .F. ) ;
#1617 =( NAMED_UNIT ( * ) PLANE_ANGLE_UNIT ( ) SI_UNIT ( $, .RADIAN. ) );
#1618 = MECHANICAL_DESIGN_GEOMETRIC_PRESENTATION_REPRESENTATION (  '', ( #758 ), #2278 ) ;
#1619 = ORIENTED_EDGE ( 'NONE', *, *, #1352, .F. ) ;
#1620 = DIRECTION ( 'NONE',  ( 0.000000000000000000, 0.9848077530122082424, 0.1736481776669290544 ) ) ;
#1621 = CYLINDRICAL_SURFACE ( 'NONE', #1284, 0.1199999999999999956 ) ;
#1622 = ORIENTED_EDGE ( 'NONE', *, *, #2039, .T. ) ;
#1623 = VECTOR ( 'NONE', #2213, 1000.000000000000000 ) ;
#1624 =( NAMED_UNIT ( * ) SI_UNIT ( $, .STERADIAN. ) SOLID_ANGLE_UNIT ( ) );
#1625 =( NAMED_UNIT ( * ) SI_UNIT ( $, .STERADIAN. ) SOLID_ANGLE_UNIT ( ) );
#1626 = SURFACE_SIDE_STYLE ('',( #1254 ) ) ;
#1627 = FILL_AREA_STYLE_COLOUR ( '', #1981 ) ;
#1628 = LINE ( 'NONE', #1424, #1193 ) ;
#1629 = CARTESIAN_POINT ( 'NONE',  ( 0.7699999999999997957, 0.03999999999999999389, 0.6929469207716616452 ) ) ;
#1630 =( GEOMETRIC_REPRESENTATION_CONTEXT ( 3 ) GLOBAL_UNCERTAINTY_ASSIGNED_CONTEXT ( ( #1237 ) ) GLOBAL_UNIT_ASSIGNED_CONTEXT ( ( #2297, #1899, #2501 ) ) REPRESENTATION_CONTEXT ( 'NONE', 'WORKASPACE' ) );
#1631 = FILL_AREA_STYLE ('',( #895 ) ) ;
#1632 = LINE ( 'NONE', #204, #609 ) ;
#1633 = DIRECTION ( 'NONE',  ( 0.000000000000000000, -0.9659258262890690894, 0.2588190451025176864 ) ) ;
#1634 = SURFACE_STYLE_FILL_AREA ( #277 ) ;
#1635 = AXIS2_PLACEMENT_3D ( 'NONE', #1294, #2035, #906 ) ;
#1636 = ADVANCED_FACE ( 'NONE', ( #2072 ), #1777, .T. ) ;
#1637 = LINE ( 'NONE', #2496, #2502 ) ;
#1638 = DIRECTION ( 'NONE',  ( 0.000000000000000000, -0.9659258262890693114, -0.2588190451025169092 ) ) ;
#1639 = VECTOR ( 'NONE', #680, 1000.000000000000000 ) ;
#1640 = AXIS2_PLACEMENT_3D ( 'NONE', #1795, #1979, #834 ) ;
#1641 = ORIENTED_EDGE ( 'NONE', *, *, #2495, .T. ) ;
#1642 = SURFACE_STYLE_FILL_AREA ( #2378 ) ;
#1643 =( NAMED_UNIT ( * ) PLANE_ANGLE_UNIT ( ) SI_UNIT ( $, .RADIAN. ) );
#1644 = EDGE_LOOP ( 'NONE', ( #2269, #114, #75, #391 ) ) ;
#1645 =( GEOMETRIC_REPRESENTATION_CONTEXT ( 3 ) GLOBAL_UNCERTAINTY_ASSIGNED_CONTEXT ( ( #1277 ) ) GLOBAL_UNIT_ASSIGNED_CONTEXT ( ( #1889, #1139, #1709 ) ) REPRESENTATION_CONTEXT ( 'NONE', 'WORKASPACE' ) );
#1646 = VERTEX_POINT ( 'NONE', #2347 ) ;
#1647 = FILL_AREA_STYLE ('',( #1100 ) ) ;
#1648 = PLANE ( 'NONE',  #518 ) ;
#1649 = EDGE_CURVE ( 'NONE', #1438, #899, #2208, .T. ) ;
#1650 = CARTESIAN_POINT ( 'NONE',  ( -0.2550000000000000044, -0.6600000000000000311, -1.319999999999999618 ) ) ;
#1651 = PRESENTATION_LAYER_ASSIGNMENT (  '', '', ( #261 ) ) ;
#1652 = ORIENTED_EDGE ( 'NONE', *, *, #2085, .T. ) ;
#1653 = VECTOR ( 'NONE', #2225, 1000.000000000000114 ) ;
#1654 = SURFACE_STYLE_USAGE ( .BOTH. , #2270 ) ;
#1655 = ORIENTED_EDGE ( 'NONE', *, *, #2185, .T. ) ;
#1656 = LINE ( 'NONE', #1819, #1557 ) ;
#1657 = CARTESIAN_POINT ( 'NONE',  ( -0.2550000000000000044, -0.6600000000000000311, -1.212310028116111438 ) ) ;
#1658 = EDGE_CURVE ( 'NONE', #1833, #2235, #1177, .T. ) ;
#1659 = DIRECTION ( 'NONE',  ( 0.000000000000000000, 0.000000000000000000, 1.000000000000000000 ) ) ;
#1660 = DIRECTION ( 'NONE',  ( -1.000000000000000000, 0.000000000000000000, 0.000000000000000000 ) ) ;
#1661 = PRESENTATION_STYLE_ASSIGNMENT (( #615 ) ) ;
#1662 = DIRECTION ( 'NONE',  ( 0.000000000000000000, -2.013561993784337696E-15, 1.000000000000000000 ) ) ;
#1663 = DIRECTION ( 'NONE',  ( 1.000000000000000000, 0.000000000000000000, 0.000000000000000000 ) ) ;
#1664 = VECTOR ( 'NONE', #1843, 1000.000000000000000 ) ;
#1665 = PRESENTATION_LAYER_ASSIGNMENT (  '', '', ( #1058 ) ) ;
#1666 = CIRCLE ( 'NONE', #324, 0.2000000000000000944 ) ;
#1667 = COLOUR_RGB ( '',1.000000000000000000, 1.000000000000000000, 1.000000000000000000 ) ;
#1668 =( NAMED_UNIT ( * ) PLANE_ANGLE_UNIT ( ) SI_UNIT ( $, .RADIAN. ) );
#1669 = AXIS2_PLACEMENT_3D ( 'NONE', #1945, #600, #2172 ) ;
#1670 = PRESENTATION_STYLE_ASSIGNMENT (( #234 ) ) ;
#1671 = SURFACE_STYLE_USAGE ( .BOTH. , #1301 ) ;
#1672 = STYLED_ITEM ( 'NONE', ( #1038 ), #2174 ) ;
#1673 = DIRECTION ( 'NONE',  ( 0.000000000000000000, 6.292381230576055301E-17, 1.000000000000000000 ) ) ;
#1674 = UNCERTAINTY_MEASURE_WITH_UNIT (LENGTH_MEASURE( 1.000000000000000082E-05 ), #1914, 'distance_accuracy_value', 'NONE');
#1675 = ORIENTED_EDGE ( 'NONE', *, *, #701, .T. ) ;
#1676 =( NAMED_UNIT ( * ) SI_UNIT ( $, .STERADIAN. ) SOLID_ANGLE_UNIT ( ) );
#1677 = EDGE_LOOP ( 'NONE', ( #471, #714, #1886, #1411 ) ) ;
#1678 = ORIENTED_EDGE ( 'NONE', *, *, #131, .T. ) ;
#1679 = PLANE ( 'NONE',  #9 ) ;
#1680 = ORIENTED_EDGE ( 'NONE', *, *, #529, .T. ) ;
#1681 = MECHANICAL_DESIGN_GEOMETRIC_PRESENTATION_REPRESENTATION (  '', ( #2161 ), #2019 ) ;
#1682 = DIRECTION ( 'NONE',  ( 0.000000000000000000, 0.9848077530122082424, 0.1736481776669290544 ) ) ;
#1683 = VERTEX_POINT ( 'NONE', #217 ) ;
#1684 = SURFACE_STYLE_FILL_AREA ( #852 ) ;
#1685 = DIRECTION ( 'NONE',  ( 0.000000000000000000, 8.131516293641279311E-16, -1.000000000000000000 ) ) ;
#1686 = DIRECTION ( 'NONE',  ( 0.1736481776669307198, 0.9848077530122080203, 0.000000000000000000 ) ) ;
#1687 = CARTESIAN_POINT ( 'NONE',  ( 0.7699999999999997957, -0.1600000000000000033, 0.8006368926555497145 ) ) ;
#1688 =( NAMED_UNIT ( * ) SI_UNIT ( $, .STERADIAN. ) SOLID_ANGLE_UNIT ( ) );
#1689 = LINE ( 'NONE', #1224, #86 ) ;
#1690 = EDGE_CURVE ( 'NONE', #1295, #412, #165, .T. ) ;
#1691 =( NAMED_UNIT ( * ) PLANE_ANGLE_UNIT ( ) SI_UNIT ( $, .RADIAN. ) );
#1692 = PRESENTATION_STYLE_ASSIGNMENT (( #1566 ) ) ;
#1693 = PLANE ( 'NONE',  #484 ) ;
#1694 = MECHANICAL_DESIGN_GEOMETRIC_PRESENTATION_REPRESENTATION (  '', ( #1058 ), #93 ) ;
#1695 = LINE ( 'NONE', #1470, #341 ) ;
#1696 = DIRECTION ( 'NONE',  ( -0.1710878697460359033, -0.9702875252478138091, -0.1710878697460358755 ) ) ;
#1697 = EDGE_CURVE ( 'NONE', #1190, #2130, #2387, .T. ) ;
#1698 = FACE_OUTER_BOUND ( 'NONE', #1469, .T. ) ;
#1699 =( GEOMETRIC_REPRESENTATION_CONTEXT ( 3 ) GLOBAL_UNCERTAINTY_ASSIGNED_CONTEXT ( ( #266 ) ) GLOBAL_UNIT_ASSIGNED_CONTEXT ( ( #338, #539, #1676 ) ) REPRESENTATION_CONTEXT ( 'NONE', 'WORKASPACE' ) );
#1700 = CARTESIAN_POINT ( 'NONE',  ( 0.2550000000000000044, 0.2204995408789425793, -0.8229154896058347157 ) ) ;
#1701 = SURFACE_STYLE_FILL_AREA ( #2092 ) ;
#1702 =( LENGTH_UNIT ( ) NAMED_UNIT ( * ) SI_UNIT ( .MILLI., .METRE. ) );
#1703 = CLOSED_SHELL ( 'NONE', ( #430, #878, #616, #2190, #417, #44, #799, #183, #1442, #1016 ) ) ;
#1704 = DIRECTION ( 'NONE',  ( -0.000000000000000000, 1.000000000000000000, 2.013561993784337696E-15 ) ) ;
#1705 = ORIENTED_EDGE ( 'NONE', *, *, #2446, .T. ) ;
#1706 = SURFACE_STYLE_USAGE ( .BOTH. , #513 ) ;
#1707 = VERTEX_POINT ( 'NONE', #1359 ) ;
#1708 = LINE ( 'NONE', #2103, #2106 ) ;
#1709 =( NAMED_UNIT ( * ) SI_UNIT ( $, .STERADIAN. ) SOLID_ANGLE_UNIT ( ) );
#1710 = VERTEX_POINT ( 'NONE', #206 ) ;
#1711 = PLANE ( 'NONE',  #1752 ) ;
#1712 =( GEOMETRIC_REPRESENTATION_CONTEXT ( 3 ) GLOBAL_UNCERTAINTY_ASSIGNED_CONTEXT ( ( #187 ) ) GLOBAL_UNIT_ASSIGNED_CONTEXT ( ( #2271, #725, #340 ) ) REPRESENTATION_CONTEXT ( 'NONE', 'WORKASPACE' ) );
#1713 = EDGE_LOOP ( 'NONE', ( #1046, #715, #2395, #1347 ) ) ;
#1714 = CARTESIAN_POINT ( 'NONE',  ( 0.2550000000000000044, 0.04000000000000000083, -0.8006368926555492704 ) ) ;
#1715 = SURFACE_STYLE_FILL_AREA ( #310 ) ;
#1716 = LINE ( 'NONE', #1257, #1093 ) ;
#1717 =( GEOMETRIC_REPRESENTATION_CONTEXT ( 3 ) GLOBAL_UNCERTAINTY_ASSIGNED_CONTEXT ( ( #1909 ) ) GLOBAL_UNIT_ASSIGNED_CONTEXT ( ( #2227, #1668, #485 ) ) REPRESENTATION_CONTEXT ( 'NONE', 'WORKASPACE' ) );
#1718 =( NAMED_UNIT ( * ) SI_UNIT ( $, .STERADIAN. ) SOLID_ANGLE_UNIT ( ) );
#1719 = UNCERTAINTY_MEASURE_WITH_UNIT (LENGTH_MEASURE( 1.000000000000000082E-05 ), #185, 'distance_accuracy_value', 'NONE');
#1720 = SURFACE_STYLE_USAGE ( .BOTH. , #1497 ) ;
#1721 = COLOUR_RGB ( '',0.1019607843137254888, 0.1019607843137254888, 0.1019607843137254888 ) ;
#1722 =( LENGTH_UNIT ( ) NAMED_UNIT ( * ) SI_UNIT ( .MILLI., .METRE. ) );
#1723 = VECTOR ( 'NONE', #1267, 1000.000000000000000 ) ;
#1724 = AXIS2_PLACEMENT_3D ( 'NONE', #1732, #575, #1919 ) ;
#1725 = VECTOR ( 'NONE', #984, 1000.000000000000000 ) ;
#1726 = SURFACE_SIDE_STYLE ('',( #1462 ) ) ;
#1727 = DIRECTION ( 'NONE',  ( 0.000000000000000000, -0.000000000000000000, 1.000000000000000000 ) ) ;
#1728 = SURFACE_STYLE_FILL_AREA ( #627 ) ;
#1729 = CARTESIAN_POINT ( 'NONE',  ( -0.2550000000000000044, -0.4600000000000000755, -1.212310028116111438 ) ) ;
#1730 = CARTESIAN_POINT ( 'NONE',  ( -0.7699999999999997957, -0.5799999999999998490, 1.212310028116111882 ) ) ;
#1731 = LINE ( 'NONE', #137, #862 ) ;
#1732 = CARTESIAN_POINT ( 'NONE',  ( -1.520000000000000018, 0.000000000000000000, -0.6999999999999997335 ) ) ;
#1733 = EDGE_CURVE ( 'NONE', #721, #2209, #285, .T. ) ;
#1734 = CYLINDRICAL_SURFACE ( 'NONE', #1599, 0.2000000000000002054 ) ;
#1735 = AXIS2_PLACEMENT_3D ( 'NONE', #1700, #2062, #2449 ) ;
#1736 = ORIENTED_EDGE ( 'NONE', *, *, #831, .F. ) ;
#1737 = DIRECTION ( 'NONE',  ( -1.000000000000000000, -0.000000000000000000, -0.000000000000000000 ) ) ;
#1738 = CARTESIAN_POINT ( 'NONE',  ( -1.279999999999999805, -0.6600000000000000311, 1.320000000000000062 ) ) ;
#1739 = VECTOR ( 'NONE', #1418, 1000.000000000000114 ) ;
#1740 = EDGE_LOOP ( 'NONE', ( #1416, #325, #1495, #287 ) ) ;
#1741 = CARTESIAN_POINT ( 'NONE',  ( 0.2550000000000000044, -0.1289417145876979309, -0.9165479918102374945 ) ) ;
#1742 = ORIENTED_EDGE ( 'NONE', *, *, #1906, .F. ) ;
#1743 = ORIENTED_EDGE ( 'NONE', *, *, #1446, .T. ) ;
#1744 = EDGE_CURVE ( 'NONE', #1236, #2325, #2131, .T. ) ;
#1745 = VECTOR ( 'NONE', #353, 1000.000000000000000 ) ;
#1746 = ORIENTED_EDGE ( 'NONE', *, *, #272, .F. ) ;
#1747 = VERTEX_POINT ( 'NONE', #2181 ) ;
#1748 =( GEOMETRIC_REPRESENTATION_CONTEXT ( 3 ) GLOBAL_UNCERTAINTY_ASSIGNED_CONTEXT ( ( #515 ) ) GLOBAL_UNIT_ASSIGNED_CONTEXT ( ( #1309, #1147, #361 ) ) REPRESENTATION_CONTEXT ( 'NONE', 'WORKASPACE' ) );
#1749 = SURFACE_STYLE_USAGE ( .BOTH. , #2328 ) ;
#1750 =( LENGTH_UNIT ( ) NAMED_UNIT ( * ) SI_UNIT ( .MILLI., .METRE. ) );
#1751 = SURFACE_STYLE_FILL_AREA ( #578 ) ;
#1752 = AXIS2_PLACEMENT_3D ( 'NONE', #2088, #2095, #159 ) ;
#1753 = CARTESIAN_POINT ( 'NONE',  ( -1.520000000000000018, 0.000000000000000000, -0.6999999999999997335 ) ) ;
#1754 = CARTESIAN_POINT ( 'NONE',  ( 0.2550000000000000044, -0.1082361909794963828, -0.9938220579133634214 ) ) ;
#1755 = UNCERTAINTY_MEASURE_WITH_UNIT (LENGTH_MEASURE( 1.000000000000000082E-05 ), #1722, 'distance_accuracy_value', 'NONE');
#1756 = LINE ( 'NONE', #1829, #891 ) ;
#1757 = DIRECTION ( 'NONE',  ( 1.000000000000000000, -0.000000000000000000, 0.000000000000000000 ) ) ;
#1758 = ADVANCED_FACE ( 'NONE', ( #1173 ), #2386, .F. ) ;
#1759 = LINE ( 'NONE', #295, #155 ) ;
#1760 = FACE_OUTER_BOUND ( 'NONE', #1316, .T. ) ;
#1761 = PLANE ( 'NONE',  #828 ) ;
#1762 =( LENGTH_UNIT ( ) NAMED_UNIT ( * ) SI_UNIT ( .MILLI., .METRE. ) );
#1763 = DIRECTION ( 'NONE',  ( 0.000000000000000000, 0.9659258262890693114, 0.2588190451025169647 ) ) ;
#1764 = SURFACE_STYLE_FILL_AREA ( #2474 ) ;
#1765 = CARTESIAN_POINT ( 'NONE',  ( -1.279999999999999805, -0.5800000000000000711, 1.320000000000000062 ) ) ;
#1766 = LINE ( 'NONE', #565, #707 ) ;
#1767 = PRESENTATION_LAYER_ASSIGNMENT (  '', '', ( #1498 ) ) ;
#1768 = SURFACE_SIDE_STYLE ('',( #1996 ) ) ;
#1769 = ORIENTED_EDGE ( 'NONE', *, *, #2193, .T. ) ;
#1770 = MECHANICAL_DESIGN_GEOMETRIC_PRESENTATION_REPRESENTATION (  '', ( #2253 ), #2165 ) ;
#1771 = VERTEX_POINT ( 'NONE', #1792 ) ;
#1772 = FILL_AREA_STYLE_COLOUR ( '', #2028 ) ;
#1773 = ADVANCED_FACE ( 'NONE', ( #2036 ), #433, .T. ) ;
#1774 = LINE ( 'NONE', #546, #16 ) ;
#1775 = DIRECTION ( 'NONE',  ( 0.000000000000000000, 1.000000000000000000, -6.292381230576055301E-17 ) ) ;
#1776 = ORIENTED_EDGE ( 'NONE', *, *, #1948, .T. ) ;
#1777 = PLANE ( 'NONE',  #113 ) ;
#1778 = ORIENTED_EDGE ( 'NONE', *, *, #2266, .F. ) ;
#1779 = EDGE_CURVE ( 'NONE', #2209, #1615, #441, .T. ) ;
#1780 = CARTESIAN_POINT ( 'NONE',  ( 0.000000000000000000, -0.5600000000000000533, -0.6012568908032591697 ) ) ;
#1781 = FACE_OUTER_BOUND ( 'NONE', #2100, .T. ) ;
#1782 = ORIENTED_EDGE ( 'NONE', *, *, #451, .T. ) ;
#1783 = DIRECTION ( 'NONE',  ( 0.000000000000000000, -0.9659258262890690894, 0.2588190451025176864 ) ) ;
#1784 = AXIS2_PLACEMENT_3D ( 'NONE', #333, #514, #134 ) ;
#1785 = SURFACE_SIDE_STYLE ('',( #2061 ) ) ;
#1786 = DIRECTION ( 'NONE',  ( 0.000000000000000000, 0.9848077530122083534, -0.1736481776669290544 ) ) ;
#1787 = ADVANCED_FACE ( 'NONE', ( #135 ), #1992, .F. ) ;
#1788 = AXIS2_PLACEMENT_3D ( 'NONE', #154, #916, #2287 ) ;
#1789 =( LENGTH_UNIT ( ) NAMED_UNIT ( * ) SI_UNIT ( .MILLI., .METRE. ) );
#1790 = SURFACE_SIDE_STYLE ('',( #463 ) ) ;
#1791 = PLANE ( 'NONE',  #696 ) ;
#1792 = CARTESIAN_POINT ( 'NONE',  ( -0.2550000000000000044, 0.03999999999999999389, -0.6929469207716612011 ) ) ;
#1793 = EDGE_CURVE ( 'NONE', #1293, #2272, #1290, .T. ) ;
#1794 = CIRCLE ( 'NONE', #1784, 0.1199999999999998845 ) ;
#1795 = CARTESIAN_POINT ( 'NONE',  ( -0.7699999999999997957, -0.1600000000000000033, 0.8006368926555497145 ) ) ;
#1796 = MECHANICAL_DESIGN_GEOMETRIC_PRESENTATION_REPRESENTATION (  '', ( #2320 ), #1645 ) ;
#1797 = ADVANCED_FACE ( 'NONE', ( #897 ), #37, .F. ) ;
#1798 = ORIENTED_EDGE ( 'NONE', *, *, #141, .T. ) ;
#1799 = CARTESIAN_POINT ( 'NONE',  ( -0.2550000000000000044, 0.000000000000000000, 0.000000000000000000 ) ) ;
#1800 = FILL_AREA_STYLE_COLOUR ( '', #1721 ) ;
#1801 =( LENGTH_UNIT ( ) NAMED_UNIT ( * ) SI_UNIT ( .MILLI., .METRE. ) );
#1802 = AXIS2_PLACEMENT_3D ( 'NONE', #389, #2533, #1189 ) ;
#1803 = ORIENTED_EDGE ( 'NONE', *, *, #1307, .T. ) ;
#1804 = SURFACE_SIDE_STYLE ('',( #2286 ) ) ;
#1805 = STYLED_ITEM ( 'NONE', ( #1670 ), #2252 ) ;
#1806 = ORIENTED_EDGE ( 'NONE', *, *, #574, .F. ) ;
#1807 = SURFACE_STYLE_FILL_AREA ( #168 ) ;
#1808 = FILL_AREA_STYLE ('',( #2000 ) ) ;
#1809 = VECTOR ( 'NONE', #869, 1000.000000000000114 ) ;
#1810 = FILL_AREA_STYLE ('',( #1800 ) ) ;
#1811 = ORIENTED_EDGE ( 'NONE', *, *, #2001, .F. ) ;
#1812 = CARTESIAN_POINT ( 'NONE',  ( 1.279999999999999805, -0.1600000000000000033, 0.8006368926555497145 ) ) ;
#1813 = DIRECTION ( 'NONE',  ( 0.000000000000000000, 0.9848077530122082424, -0.1736481776669290544 ) ) ;
#1814 = AXIS2_PLACEMENT_3D ( 'NONE', #2312, #1331, #1727 ) ;
#1815 = LINE ( 'NONE', #472, #789 ) ;
#1816 =( NAMED_UNIT ( * ) PLANE_ANGLE_UNIT ( ) SI_UNIT ( $, .RADIAN. ) );
#1817 = AXIS2_PLACEMENT_3D ( 'NONE', #1388, #221, #1003 ) ;
#1818 = CARTESIAN_POINT ( 'NONE',  ( -0.7699999999999997957, 0.03999999999999999389, 0.6929469207716616452 ) ) ;
#1819 = CARTESIAN_POINT ( 'NONE',  ( 0.7699999999999997957, -0.1289417145876979309, 0.9165479918102379386 ) ) ;
#1820 = SURFACE_STYLE_FILL_AREA ( #1164 ) ;
#1821 = DIRECTION ( 'NONE',  ( -1.000000000000000000, 0.000000000000000000, 0.000000000000000000 ) ) ;
#1822 =( LENGTH_UNIT ( ) NAMED_UNIT ( * ) SI_UNIT ( .MILLI., .METRE. ) );
#1823 = CARTESIAN_POINT ( 'NONE',  ( -1.479020517156068859, -0.2324061960301219698, 0.6590205171560691300 ) ) ;
#1824 = EDGE_CURVE ( 'NONE', #747, #721, #528, .T. ) ;
#1825 = SURFACE_STYLE_USAGE ( .BOTH. , #465 ) ;
#1826 = CARTESIAN_POINT ( 'NONE',  ( 1.421256890803259454, 0.5600000000000000533, 0.6012568908032596138 ) ) ;
#1827 = CLOSED_SHELL ( 'NONE', ( #1389, #1079, #1787, #1, #2142, #2126, #1031, #822, #1773, #1636, #1203, #1425, #1797, #977, #201 ) ) ;
#1828 = PRESENTATION_LAYER_ASSIGNMENT (  '', '', ( #1278 ) ) ;
#1829 = CARTESIAN_POINT ( 'NONE',  ( -1.279999999999999805, 0.1197070501639832391, 0.6788924172750684383 ) ) ;
#1830 = EDGE_LOOP ( 'NONE', ( #1806, #2244, #1404, #783 ) ) ;
#1831 = DIRECTION ( 'NONE',  ( -1.000000000000000000, -0.000000000000000000, -0.000000000000000000 ) ) ;
#1832 = EDGE_CURVE ( 'NONE', #1211, #2424, #224, .T. ) ;
#1833 = VERTEX_POINT ( 'NONE', #480 ) ;
#1834 = CARTESIAN_POINT ( 'NONE',  ( -0.7699999999999997957, -0.4910582854123022312, 1.096398928961423547 ) ) ;
#1835 = STYLED_ITEM ( 'NONE', ( #315 ), #1988 ) ;
#1836 = ORIENTED_EDGE ( 'NONE', *, *, #1400, .F. ) ;
#1837 = DIRECTION ( 'NONE',  ( 0.000000000000000000, 0.000000000000000000, 1.000000000000000000 ) ) ;
#1838 =( LENGTH_UNIT ( ) NAMED_UNIT ( * ) SI_UNIT ( .MILLI., .METRE. ) );
#1839 = ORIENTED_EDGE ( 'NONE', *, *, #2, .F. ) ;
#1840 = ORIENTED_EDGE ( 'NONE', *, *, #1007, .F. ) ;
#1841 = SURFACE_SIDE_STYLE ('',( #2401 ) ) ;
#1842 = PRESENTATION_LAYER_ASSIGNMENT (  '', '', ( #1156 ) ) ;
#1843 = DIRECTION ( 'NONE',  ( 1.000000000000000000, 0.000000000000000000, 0.000000000000000000 ) ) ;
#1844 = AXIS2_PLACEMENT_3D ( 'NONE', #1194, #19, #423 ) ;
#1845 = CARTESIAN_POINT ( 'NONE',  ( -0.2550000000000000044, -0.5799999999999998490, -1.212310028116111438 ) ) ;
#1846 = DIRECTION ( 'NONE',  ( -0.000000000000000000, 0.2588190451025177419, 0.9659258262890692004 ) ) ;
#1847 = FILL_AREA_STYLE ('',( #307 ) ) ;
#1848 = FACE_OUTER_BOUND ( 'NONE', #1550, .T. ) ;
#1849 = FACE_OUTER_BOUND ( 'NONE', #1186, .T. ) ;
#1850 = DIRECTION ( 'NONE',  ( 0.000000000000000000, 6.292381230576055301E-17, 1.000000000000000000 ) ) ;
#1851 = CARTESIAN_POINT ( 'NONE',  ( 1.431015980110320607, -0.5046534542368363851, 0.6110159801103210997 ) ) ;
#1852 = FILL_AREA_STYLE ('',( #690 ) ) ;
#1853 =( GEOMETRIC_REPRESENTATION_CONTEXT ( 3 ) GLOBAL_UNCERTAINTY_ASSIGNED_CONTEXT ( ( #1755 ) ) GLOBAL_UNIT_ASSIGNED_CONTEXT ( ( #1722, #215, #1556 ) ) REPRESENTATION_CONTEXT ( 'NONE', 'WORKASPACE' ) );
#1854 = EDGE_LOOP ( 'NONE', ( #1474, #322, #1371, #1907 ) ) ;
#1855 = DIRECTION ( 'NONE',  ( -1.548860246407863829E-16, 0.000000000000000000, -1.000000000000000000 ) ) ;
#1856 = VERTEX_POINT ( 'NONE', #1650 ) ;
#1857 = MECHANICAL_DESIGN_GEOMETRIC_PRESENTATION_REPRESENTATION (  '', ( #1885 ), #645 ) ;
#1858 = VERTEX_POINT ( 'NONE', #2258 ) ;
#1859 = UNCERTAINTY_MEASURE_WITH_UNIT (LENGTH_MEASURE( 1.000000000000000082E-05 ), #1801, 'distance_accuracy_value', 'NONE');
#1860 = CARTESIAN_POINT ( 'NONE',  ( -1.279999999999999805, 0.2204995408789426903, 0.8229154896058351598 ) ) ;
#1861 = EDGE_CURVE ( 'NONE', #1912, #934, #2439, .T. ) ;
#1862 =( LENGTH_UNIT ( ) NAMED_UNIT ( * ) SI_UNIT ( .MILLI., .METRE. ) );
#1863 = VERTEX_POINT ( 'NONE', #88 ) ;
#1864 = SURFACE_STYLE_USAGE ( .BOTH. , #2260 ) ;
#1865 = EDGE_LOOP ( 'NONE', ( #2298, #532, #2364, #837 ) ) ;
#1866 = DIRECTION ( 'NONE',  ( 0.000000000000000000, 0.000000000000000000, 1.000000000000000000 ) ) ;
#1867 = ORIENTED_EDGE ( 'NONE', *, *, #1282, .T. ) ;
#1868 = VECTOR ( 'NONE', #385, 1000.000000000000000 ) ;
#1869 = EDGE_CURVE ( 'NONE', #1466, #192, #7, .T. ) ;
#1870 = FACE_OUTER_BOUND ( 'NONE', #1439, .T. ) ;
#1871 = VECTOR ( 'NONE', #1982, 1000.000000000000000 ) ;
#1872 = EDGE_CURVE ( 'NONE', #511, #1915, #589, .T. ) ;
#1873 = AXIS2_PLACEMENT_3D ( 'NONE', #903, #516, #1119 ) ;
#1874 = DIRECTION ( 'NONE',  ( -1.000000000000000000, 0.000000000000000000, 0.000000000000000000 ) ) ;
#1875 = PRODUCT_DEFINITION ( 'UNKNOWN', '', #2236, #2486 ) ;
#1876 = DIRECTION ( 'NONE',  ( 0.000000000000000000, 6.292381230576055301E-17, -1.000000000000000000 ) ) ;
#1877 = FACE_OUTER_BOUND ( 'NONE', #1291, .T. ) ;
#1878 = CARTESIAN_POINT ( 'NONE',  ( -1.421256890803259454, 0.5600000000000000533, 0.6012568908032596138 ) ) ;
#1879 = DIRECTION ( 'NONE',  ( -1.000000000000000000, -0.000000000000000000, -0.000000000000000000 ) ) ;
#1880 = ORIENTED_EDGE ( 'NONE', *, *, #1779, .T. ) ;
#1881 = ORIENTED_EDGE ( 'NONE', *, *, #574, .T. ) ;
#1882 = CARTESIAN_POINT ( 'NONE',  ( 0.7699999999999997957, -0.1082361909794963273, 0.9938220579133638655 ) ) ;
#1883 = CARTESIAN_POINT ( 'NONE',  ( -0.7699999999999997957, -0.4600000000000000755, 1.212310028116111882 ) ) ;
#1884 = ORIENTED_EDGE ( 'NONE', *, *, #928, .F. ) ;
#1885 = STYLED_ITEM ( 'NONE', ( #1220 ), #977 ) ;
#1886 = ORIENTED_EDGE ( 'NONE', *, *, #1232, .F. ) ;
#1887 = LINE ( 'NONE', #2017, #1809 ) ;
#1888 = FILL_AREA_STYLE ('',( #520 ) ) ;
#1889 =( LENGTH_UNIT ( ) NAMED_UNIT ( * ) SI_UNIT ( .MILLI., .METRE. ) );
#1890 = MECHANICAL_DESIGN_GEOMETRIC_PRESENTATION_REPRESENTATION (  '', ( #625 ), #2030 ) ;
#1891 = CARTESIAN_POINT ( 'NONE',  ( -0.7699999999999997957, -0.6600000000000000311, 0.000000000000000000 ) ) ;
#1892 = UNCERTAINTY_MEASURE_WITH_UNIT (LENGTH_MEASURE( 1.000000000000000082E-05 ), #1838, 'distance_accuracy_value', 'NONE');
#1893 = DIRECTION ( 'NONE',  ( -1.000000000000000000, -0.000000000000000000, -0.000000000000000000 ) ) ;
#1894 = MECHANICAL_DESIGN_GEOMETRIC_PRESENTATION_REPRESENTATION (  '', ( #1108 ), #535 ) ;
#1895 = EDGE_CURVE ( 'NONE', #1915, #1385, #1140, .T. ) ;
#1896 = COLOUR_RGB ( '',0.7921568627450980005, 0.8196078431372548767, 0.9333333333333333481 ) ;
#1897 = STYLED_ITEM ( 'NONE', ( #832 ), #1975 ) ;
#1898 = LINE ( 'NONE', #510, #1200 ) ;
#1899 =( NAMED_UNIT ( * ) PLANE_ANGLE_UNIT ( ) SI_UNIT ( $, .RADIAN. ) );
#1900 = LINE ( 'NONE', #1714, #372 ) ;
#1901 = PRODUCT_RELATED_PRODUCT_CATEGORY ( 'part', '', ( #2261 ) ) ;
#1902 = DIRECTION ( 'NONE',  ( -0.9848077530122080203, -0.1736481776669307198, 1.525329578994863070E-16 ) ) ;
#1903 = VECTOR ( 'NONE', #1250, 1000.000000000000000 ) ;
#1904 =( NAMED_UNIT ( * ) PLANE_ANGLE_UNIT ( ) SI_UNIT ( $, .RADIAN. ) );
#1905 = ORIENTED_EDGE ( 'NONE', *, *, #544, .T. ) ;
#1906 = EDGE_CURVE ( 'NONE', #293, #649, #39, .T. ) ;
#1907 = ORIENTED_EDGE ( 'NONE', *, *, #1861, .T. ) ;
#1908 =( NAMED_UNIT ( * ) PLANE_ANGLE_UNIT ( ) SI_UNIT ( $, .RADIAN. ) );
#1909 = UNCERTAINTY_MEASURE_WITH_UNIT (LENGTH_MEASURE( 1.000000000000000082E-05 ), #2227, 'distance_accuracy_value', 'NONE');
#1910 = CARTESIAN_POINT ( 'NONE',  ( 1.279999999999999805, 0.03999999999999999389, 0.6929469207716616452 ) ) ;
#1911 = ADVANCED_FACE ( 'NONE', ( #1017 ), #1065, .T. ) ;
#1912 = VERTEX_POINT ( 'NONE', #2229 ) ;
#1913 = PRESENTATION_LAYER_ASSIGNMENT (  '', '', ( #2320 ) ) ;
#1914 =( LENGTH_UNIT ( ) NAMED_UNIT ( * ) SI_UNIT ( .MILLI., .METRE. ) );
#1915 = VERTEX_POINT ( 'NONE', #2438 ) ;
#1916 = PLANE ( 'NONE',  #850 ) ;
#1917 = MECHANICAL_DESIGN_GEOMETRIC_PRESENTATION_REPRESENTATION (  '', ( #1328 ), #63 ) ;
#1918 = ORIENTED_EDGE ( 'NONE', *, *, #1307, .F. ) ;
#1919 = DIRECTION ( 'NONE',  ( -0.1736481776669307198, -0.9848077530122080203, 0.000000000000000000 ) ) ;
#1920 = LINE ( 'NONE', #2167, #265 ) ;
#1921 = ORIENTED_EDGE ( 'NONE', *, *, #1906, .T. ) ;
#1922 = DIRECTION ( 'NONE',  ( 0.000000000000000000, -2.013561993784337696E-15, -1.000000000000000000 ) ) ;
#1923 = PRESENTATION_LAYER_ASSIGNMENT (  '', '', ( #1805 ) ) ;
#1924 = CARTESIAN_POINT ( 'NONE',  ( -0.2550000000000000044, -0.04000000000000004940, -2.516952492230425602E-18 ) ) ;
#1925 = VECTOR ( 'NONE', #1070, 1000.000000000000000 ) ;
#1926 = CARTESIAN_POINT ( 'NONE',  ( 0.2550000000000000044, -0.04000000000000004940, -2.516952492230425602E-18 ) ) ;
#1927 = CARTESIAN_POINT ( 'NONE',  ( 0.7699999999999997957, -0.5799999999999974065, -1.167865956394910515E-15 ) ) ;
#1928 = ADVANCED_FACE ( 'NONE', ( #2226 ), #1276, .F. ) ;
#1929 =( NAMED_UNIT ( * ) PLANE_ANGLE_UNIT ( ) SI_UNIT ( $, .RADIAN. ) );
#1930 = VECTOR ( 'NONE', #246, 1000.000000000000000 ) ;
#1931 = COLOUR_RGB ( '',1.000000000000000000, 1.000000000000000000, 1.000000000000000000 ) ;
#1932 =( NAMED_UNIT ( * ) PLANE_ANGLE_UNIT ( ) SI_UNIT ( $, .RADIAN. ) );
#1933 = CARTESIAN_POINT ( 'NONE',  ( -1.279999999999999805, 0.03999999999999999389, 0.6929469207716616452 ) ) ;
#1934 = UNCERTAINTY_MEASURE_WITH_UNIT (LENGTH_MEASURE( 1.000000000000000082E-05 ), #2118, 'distance_accuracy_value', 'NONE');
#1935 = VECTOR ( 'NONE', #1420, 1000.000000000000000 ) ;
#1936 =( GEOMETRIC_REPRESENTATION_CONTEXT ( 3 ) GLOBAL_UNCERTAINTY_ASSIGNED_CONTEXT ( ( #299 ) ) GLOBAL_UNIT_ASSIGNED_CONTEXT ( ( #2366, #1953, #2125 ) ) REPRESENTATION_CONTEXT ( 'NONE', 'WORKASPACE' ) );
#1937 = SURFACE_STYLE_FILL_AREA ( #2389 ) ;
#1938 = CARTESIAN_POINT ( 'NONE',  ( 0.2550000000000000044, -0.5799999999999974065, 1.167865956394910515E-15 ) ) ;
#1939 = PRESENTATION_LAYER_ASSIGNMENT (  '', '', ( #868 ) ) ;
#1940 = CIRCLE ( 'NONE', #422, 0.1199999999999998845 ) ;
#1941 = CARTESIAN_POINT ( 'NONE',  ( -0.2550000000000000044, 0.03999999999999995920, 2.516952492230419439E-18 ) ) ;
#1942 = ADVANCED_FACE ( 'NONE', ( #1311 ), #2267, .F. ) ;
#1943 = ORIENTED_EDGE ( 'NONE', *, *, #356, .F. ) ;
#1944 =( NAMED_UNIT ( * ) PLANE_ANGLE_UNIT ( ) SI_UNIT ( $, .RADIAN. ) );
#1945 = CARTESIAN_POINT ( 'NONE',  ( -0.2550000000000000044, -0.1600000000000000033, -0.8006368926555492704 ) ) ;
#1946 = ORIENTED_EDGE ( 'NONE', *, *, #2495, .F. ) ;
#1947 = VERTEX_POINT ( 'NONE', #1103 ) ;
#1948 = EDGE_CURVE ( 'NONE', #454, #2518, #764, .T. ) ;
#1949 = DIRECTION ( 'NONE',  ( -1.000000000000000000, -0.000000000000000000, -0.000000000000000000 ) ) ;
#1950 = PRESENTATION_STYLE_ASSIGNMENT (( #10 ) ) ;
#1951 = EDGE_LOOP ( 'NONE', ( #1836, #2508, #478, #202, #2169, #329, #1641, #2016, #2473, #870, #1972, #42, #1264 ) ) ;
#1952 = SURFACE_STYLE_USAGE ( .BOTH. , #1790 ) ;
#1953 =( NAMED_UNIT ( * ) PLANE_ANGLE_UNIT ( ) SI_UNIT ( $, .RADIAN. ) );
#1954 = ORIENTED_EDGE ( 'NONE', *, *, #451, .F. ) ;
#1955 =( GEOMETRIC_REPRESENTATION_CONTEXT ( 3 ) GLOBAL_UNCERTAINTY_ASSIGNED_CONTEXT ( ( #1159 ) ) GLOBAL_UNIT_ASSIGNED_CONTEXT ( ( #1244, #2005, #522 ) ) REPRESENTATION_CONTEXT ( 'NONE', 'WORKASPACE' ) );
#1956 = DIRECTION ( 'NONE',  ( 0.000000000000000000, -2.013561993784337696E-15, -1.000000000000000000 ) ) ;
#1957 = DIRECTION ( 'NONE',  ( -1.000000000000000000, -0.000000000000000000, -0.000000000000000000 ) ) ;
#1958 = STYLED_ITEM ( 'NONE', ( #836 ), #1773 ) ;
#1959 = COLOUR_RGB ( '',1.000000000000000000, 1.000000000000000000, 1.000000000000000000 ) ;
#1960 =( LENGTH_UNIT ( ) NAMED_UNIT ( * ) SI_UNIT ( .MILLI., .METRE. ) );
#1961 = FILL_AREA_STYLE_COLOUR ( '', #726 ) ;
#1962 = DIRECTION ( 'NONE',  ( 0.000000000000000000, 6.292381230576055301E-17, 1.000000000000000000 ) ) ;
#1963 = COLOUR_RGB ( '',1.000000000000000000, 1.000000000000000000, 1.000000000000000000 ) ;
#1964 = PRESENTATION_LAYER_ASSIGNMENT (  '', '', ( #172 ) ) ;
#1965 = PRESENTATION_STYLE_ASSIGNMENT (( #229 ) ) ;
#1966 = LINE ( 'NONE', #1818, #2163 ) ;
#1967 = FILL_AREA_STYLE ('',( #46 ) ) ;
#1968 =( LENGTH_UNIT ( ) NAMED_UNIT ( * ) SI_UNIT ( .MILLI., .METRE. ) );
#1969 =( GEOMETRIC_REPRESENTATION_CONTEXT ( 3 ) GLOBAL_UNCERTAINTY_ASSIGNED_CONTEXT ( ( #2512 ) ) GLOBAL_UNIT_ASSIGNED_CONTEXT ( ( #1149, #1904, #1166 ) ) REPRESENTATION_CONTEXT ( 'NONE', 'WORKASPACE' ) );
#1970 = VECTOR ( 'NONE', #548, 1000.000000000000000 ) ;
#1971 = STYLED_ITEM ( 'NONE', ( #2402 ), #2199 ) ;
#1972 = ORIENTED_EDGE ( 'NONE', *, *, #1869, .T. ) ;
#1973 = CARTESIAN_POINT ( 'NONE',  ( -0.7699999999999997957, 0.2204995408789426903, 0.8229154896058351598 ) ) ;
#1974 = VERTEX_POINT ( 'NONE', #143 ) ;
#1975 = ADVANCED_FACE ( 'NONE', ( #2288 ), #1734, .T. ) ;
#1976 = MANIFOLD_SOLID_BREP ( 'Mirror1', #2203 ) ;
#1977 = EDGE_LOOP ( 'NONE', ( #1880, #421, #713, #2177 ) ) ;
#1978 = AXIS2_PLACEMENT_3D ( 'NONE', #3, #208, #2307 ) ;
#1979 = DIRECTION ( 'NONE',  ( 1.000000000000000000, -0.000000000000000000, -0.000000000000000000 ) ) ;
#1980 = VERTEX_POINT ( 'NONE', #321 ) ;
#1981 = COLOUR_RGB ( '',1.000000000000000000, 1.000000000000000000, 1.000000000000000000 ) ;
#1982 = DIRECTION ( 'NONE',  ( 0.000000000000000000, 6.292381230576055301E-17, 1.000000000000000000 ) ) ;
#1983 =( GEOMETRIC_REPRESENTATION_CONTEXT ( 3 ) GLOBAL_UNCERTAINTY_ASSIGNED_CONTEXT ( ( #1209 ) ) GLOBAL_UNIT_ASSIGNED_CONTEXT ( ( #164, #937, #189 ) ) REPRESENTATION_CONTEXT ( 'NONE', 'WORKASPACE' ) );
#1984 = EDGE_LOOP ( 'NONE', ( #1143, #1061, #296, #1205 ) ) ;
#1985 = EDGE_CURVE ( 'NONE', #1980, #502, #524, .T. ) ;
#1986 = PRESENTATION_LAYER_ASSIGNMENT (  '', '', ( #489 ) ) ;
#1987 = LINE ( 'NONE', #1989, #1480 ) ;
#1988 = ADVANCED_FACE ( 'NONE', ( #1877 ), #36, .T. ) ;
#1989 = CARTESIAN_POINT ( 'NONE',  ( 0.7699999999999997957, -0.04000000000000000777, 0.6929469207716616452 ) ) ;
#1990 =( NAMED_UNIT ( * ) PLANE_ANGLE_UNIT ( ) SI_UNIT ( $, .RADIAN. ) );
#1991 = UNCERTAINTY_MEASURE_WITH_UNIT (LENGTH_MEASURE( 1.000000000000000082E-05 ), #1523, 'distance_accuracy_value', 'NONE');
#1992 = PLANE ( 'NONE',  #961 ) ;
#1993 = EDGE_CURVE ( 'NONE', #2295, #1771, #920, .T. ) ;
#1994 = PLANE ( 'NONE',  #1356 ) ;
#1995 = CARTESIAN_POINT ( 'NONE',  ( 1.279999999999999805, -0.5800000000000000711, 1.320000000000000062 ) ) ;
#1996 = SURFACE_STYLE_FILL_AREA ( #1386 ) ;
#1997 = MECHANICAL_DESIGN_GEOMETRIC_PRESENTATION_REPRESENTATION (  '', ( #1278 ), #2137 ) ;
#1998 = COLOUR_RGB ( '',1.000000000000000000, 1.000000000000000000, 1.000000000000000000 ) ;
#1999 = EDGE_LOOP ( 'NONE', ( #1612, #1840, #2323, #1743 ) ) ;
#2000 = FILL_AREA_STYLE_COLOUR ( '', #635 ) ;
#2001 = EDGE_CURVE ( 'NONE', #1150, #1615, #949, .T. ) ;
#2002 =( NAMED_UNIT ( * ) PLANE_ANGLE_UNIT ( ) SI_UNIT ( $, .RADIAN. ) );
#2003 = STYLED_ITEM ( 'NONE', ( #661 ), #1350 ) ;
#2004 = ORIENTED_EDGE ( 'NONE', *, *, #89, .T. ) ;
#2005 =( NAMED_UNIT ( * ) PLANE_ANGLE_UNIT ( ) SI_UNIT ( $, .RADIAN. ) );
#2006 = PLANE ( 'NONE',  #1579 ) ;
#2007 = ORIENTED_EDGE ( 'NONE', *, *, #1151, .F. ) ;
#2008 = EDGE_LOOP ( 'NONE', ( #2478, #1351, #1213, #2004 ) ) ;
#2009 = CIRCLE ( 'NONE', #149, 0.1199999999999998845 ) ;
#2010 = EDGE_LOOP ( 'NONE', ( #654, #1109, #1946, #1488 ) ) ;
#2011 = CARTESIAN_POINT ( 'NONE',  ( 0.2550000000000000044, -0.5799999999999998490, -1.212310028116111438 ) ) ;
#2012 = CARTESIAN_POINT ( 'NONE',  ( 1.279999999999999805, 0.04000000000000000083, 0.8006368926555497145 ) ) ;
#2013 = UNCERTAINTY_MEASURE_WITH_UNIT (LENGTH_MEASURE( 1.000000000000000082E-05 ), #1339, 'distance_accuracy_value', 'NONE');
#2014 = ORIENTED_EDGE ( 'NONE', *, *, #519, .F. ) ;
#2015 = CARTESIAN_POINT ( 'NONE',  ( -0.2550000000000000044, -0.1600000000000000033, -0.8006368926555492704 ) ) ;
#2016 = ORIENTED_EDGE ( 'NONE', *, *, #2266, .T. ) ;
#2017 = CARTESIAN_POINT ( 'NONE',  ( 1.279999999999999805, 0.2412050644871435723, 0.9001895557089616418 ) ) ;
#2018 = LINE ( 'NONE', #1475, #2053 ) ;
#2019 =( GEOMETRIC_REPRESENTATION_CONTEXT ( 3 ) GLOBAL_UNCERTAINTY_ASSIGNED_CONTEXT ( ( #1594 ) ) GLOBAL_UNIT_ASSIGNED_CONTEXT ( ( #1514, #2060, #1346 ) ) REPRESENTATION_CONTEXT ( 'NONE', 'WORKASPACE' ) );
#2020 = VECTOR ( 'NONE', #2038, 1000.000000000000000 ) ;
#2021 = CARTESIAN_POINT ( 'NONE',  ( 0.2550000000000000044, 0.2412050644871434613, -0.9001895557089611977 ) ) ;
#2022 =( NAMED_UNIT ( * ) SI_UNIT ( $, .STERADIAN. ) SOLID_ANGLE_UNIT ( ) );
#2023 = SHAPE_DEFINITION_REPRESENTATION ( #1577, #2199 ) ;
#2024 = MECHANICAL_DESIGN_GEOMETRIC_PRESENTATION_REPRESENTATION (  '', ( #1672 ), #1080 ) ;
#2025 = CARTESIAN_POINT ( 'NONE',  ( 0.7699999999999997957, -0.4910582854123022312, 1.096398928961423547 ) ) ;
#2026 = CARTESIAN_POINT ( 'NONE',  ( 0.7699999999999997957, -0.04000000000000000083, 0.8006368926555497145 ) ) ;
#2027 = FILL_AREA_STYLE_COLOUR ( '', #1564 ) ;
#2028 = COLOUR_RGB ( '',1.000000000000000000, 1.000000000000000000, 1.000000000000000000 ) ;
#2029 = CARTESIAN_POINT ( 'NONE',  ( 0.7699999999999997957, 0.2204995408789426903, 0.8229154896058351598 ) ) ;
#2030 =( GEOMETRIC_REPRESENTATION_CONTEXT ( 3 ) GLOBAL_UNCERTAINTY_ASSIGNED_CONTEXT ( ( #936 ) ) GLOBAL_UNIT_ASSIGNED_CONTEXT ( ( #2301, #935, #2284 ) ) REPRESENTATION_CONTEXT ( 'NONE', 'WORKASPACE' ) );
#2031 = COLOUR_RGB ( '',1.000000000000000000, 1.000000000000000000, 1.000000000000000000 ) ;
#2032 = DIRECTION ( 'NONE',  ( 0.000000000000000000, 0.000000000000000000, -1.000000000000000000 ) ) ;
#2033 = COLOUR_RGB ( '',0.1019607843137254888, 0.1019607843137254888, 0.1019607843137254888 ) ;
#2034 = STYLED_ITEM ( 'NONE', ( #1661 ), #892 ) ;
#2035 = DIRECTION ( 'NONE',  ( 0.000000000000000000, 1.000000000000000000, -6.292381230576055301E-17 ) ) ;
#2036 = FACE_OUTER_BOUND ( 'NONE', #1984, .T. ) ;
#2037 = ORIENTED_EDGE ( 'NONE', *, *, #2121, .F. ) ;
#2038 = DIRECTION ( 'NONE',  ( -0.000000000000000000, 0.000000000000000000, 1.000000000000000000 ) ) ;
#2039 = EDGE_CURVE ( 'NONE', #2232, #1190, #2259, .T. ) ;
#2040 =( LENGTH_UNIT ( ) NAMED_UNIT ( * ) SI_UNIT ( .MILLI., .METRE. ) );
#2041 = STYLED_ITEM ( 'NONE', ( #737 ), #1787 ) ;
#2042 = ORIENTED_EDGE ( 'NONE', *, *, #2308, .F. ) ;
#2043 =( NAMED_UNIT ( * ) PLANE_ANGLE_UNIT ( ) SI_UNIT ( $, .RADIAN. ) );
#2044 =( NAMED_UNIT ( * ) PLANE_ANGLE_UNIT ( ) SI_UNIT ( $, .RADIAN. ) );
#2045 = LINE ( 'NONE', #712, #534 ) ;
#2046 = ORIENTED_EDGE ( 'NONE', *, *, #1697, .F. ) ;
#2047 = CARTESIAN_POINT ( 'NONE',  ( -0.7699999999999997957, 0.03999999999999995920, -2.516952492230419439E-18 ) ) ;
#2048 = UNCERTAINTY_MEASURE_WITH_UNIT (LENGTH_MEASURE( 1.000000000000000082E-05 ), #2149, 'distance_accuracy_value', 'NONE');
#2049 = ORIENTED_EDGE ( 'NONE', *, *, #1313, .F. ) ;
#2050 = EDGE_CURVE ( 'NONE', #139, #2173, #2413, .T. ) ;
#2051 = DIRECTION ( 'NONE',  ( 0.000000000000000000, 1.000000000000000000, -0.000000000000000000 ) ) ;
#2052 = SURFACE_STYLE_USAGE ( .BOTH. , #1467 ) ;
#2053 = VECTOR ( 'NONE', #2317, 1000.000000000000000 ) ;
#2054 = CARTESIAN_POINT ( 'NONE',  ( 0.7699999999999997957, -0.6600000000000000311, 1.212310028116111882 ) ) ;
#2055 = DIRECTION ( 'NONE',  ( 0.000000000000000000, 0.000000000000000000, -1.000000000000000000 ) ) ;
#2056 = STYLED_ITEM ( 'NONE', ( #1692 ), #692 ) ;
#2057 = VECTOR ( 'NONE', #2412, 1000.000000000000000 ) ;
#2058 = CARTESIAN_POINT ( 'NONE',  ( 0.2550000000000000044, -0.6600000000000000311, -1.319999999999999618 ) ) ;
#2059 = STYLED_ITEM ( 'NONE', ( #1950 ), #1569 ) ;
#2060 =( NAMED_UNIT ( * ) PLANE_ANGLE_UNIT ( ) SI_UNIT ( $, .RADIAN. ) );
#2061 = SURFACE_STYLE_FILL_AREA ( #2377 ) ;
#2062 = DIRECTION ( 'NONE',  ( 0.000000000000000000, 0.2588190451025177419, -0.9659258262890692004 ) ) ;
#2063 = AXIS2_PLACEMENT_3D ( 'NONE', #1444, #1223, #254 ) ;
#2064 = VECTOR ( 'NONE', #2087, 1000.000000000000000 ) ;
#2065 = CARTESIAN_POINT ( 'NONE',  ( -0.7699999999999997957, -0.1082361909794963273, 0.9938220579133638655 ) ) ;
#2066 = LINE ( 'NONE', #1217, #97 ) ;
#2067 = SURFACE_SIDE_STYLE ('',( #829 ) ) ;
#2068 = ORIENTED_EDGE ( 'NONE', *, *, #1208, .T. ) ;
#2069 = CARTESIAN_POINT ( 'NONE',  ( -0.7699999999999997957, -0.1289417145876979309, 0.9165479918102379386 ) ) ;
#2070 = FILL_AREA_STYLE ('',( #1482 ) ) ;
#2071 = ORIENTED_EDGE ( 'NONE', *, *, #1232, .T. ) ;
#2072 = FACE_OUTER_BOUND ( 'NONE', #2477, .T. ) ;
#2073 = AXIS2_PLACEMENT_3D ( 'NONE', #1145, #2099, #1094 ) ;
#2074 = SURFACE_SIDE_STYLE ('',( #1545 ) ) ;
#2075 = ORIENTED_EDGE ( 'NONE', *, *, #1012, .T. ) ;
#2076 = ORIENTED_EDGE ( 'NONE', *, *, #2489, .T. ) ;
#2077 = FILL_AREA_STYLE ('',( #717 ) ) ;
#2078 = ORIENTED_EDGE ( 'NONE', *, *, #49, .F. ) ;
#2079 = CARTESIAN_POINT ( 'NONE',  ( 0.2550000000000000044, -0.1197070501639831419, -0.6788924172750681052 ) ) ;
#2080 = ORIENTED_EDGE ( 'NONE', *, *, #141, .F. ) ;
#2081 = CARTESIAN_POINT ( 'NONE',  ( -0.2550000000000000044, -0.4910582854123022312, -1.096398928961423103 ) ) ;
#2082 = LINE ( 'NONE', #397, #2517 ) ;
#2083 = EDGE_LOOP ( 'NONE', ( #1493, #197, #69, #807 ) ) ;
#2084 = CARTESIAN_POINT ( 'NONE',  ( 0.7699999999999997957, -0.5799999999999974065, -1.167865956394910515E-15 ) ) ;
#2085 = EDGE_CURVE ( 'NONE', #293, #1552, #1509, .T. ) ;
#2086 =( LENGTH_UNIT ( ) NAMED_UNIT ( * ) SI_UNIT ( .MILLI., .METRE. ) );
#2087 = DIRECTION ( 'NONE',  ( 1.000000000000000000, 0.000000000000000000, 0.000000000000000000 ) ) ;
#2088 = CARTESIAN_POINT ( 'NONE',  ( -1.519999999999999796, 0.000000000000000000, 0.7000000000000001776 ) ) ;
#2089 =( GEOMETRIC_REPRESENTATION_CONTEXT ( 3 ) GLOBAL_UNCERTAINTY_ASSIGNED_CONTEXT ( ( #2480 ) ) GLOBAL_UNIT_ASSIGNED_CONTEXT ( ( #889, #2043, #2243 ) ) REPRESENTATION_CONTEXT ( 'NONE', 'WORKASPACE' ) );
#2090 = FACE_OUTER_BOUND ( 'NONE', #1644, .T. ) ;
#2091 =( GEOMETRIC_REPRESENTATION_CONTEXT ( 3 ) GLOBAL_UNCERTAINTY_ASSIGNED_CONTEXT ( ( #970 ) ) GLOBAL_UNIT_ASSIGNED_CONTEXT ( ( #1036, #1606, #631 ) ) REPRESENTATION_CONTEXT ( 'NONE', 'WORKASPACE' ) );
#2092 = FILL_AREA_STYLE ('',( #2422 ) ) ;
#2093 = CARTESIAN_POINT ( 'NONE',  ( 1.519999999999999796, 0.000000000000000000, -0.6999999999999997335 ) ) ;
#2094 = UNCERTAINTY_MEASURE_WITH_UNIT (LENGTH_MEASURE( 1.000000000000000082E-05 ), #1822, 'distance_accuracy_value', 'NONE');
#2095 = DIRECTION ( 'NONE',  ( 0.000000000000000000, 0.1736481776669307198, 0.9848077530122080203 ) ) ;
#2096 = PRESENTATION_STYLE_ASSIGNMENT (( #1706 ) ) ;
#2097 = DIRECTION ( 'NONE',  ( 0.9848077530122080203, 0.1736481776669307198, -1.525329578994863070E-16 ) ) ;
#2098 =( NAMED_UNIT ( * ) PLANE_ANGLE_UNIT ( ) SI_UNIT ( $, .RADIAN. ) );
#2099 = DIRECTION ( 'NONE',  ( 1.000000000000000000, -0.000000000000000000, -0.000000000000000000 ) ) ;
#2100 = EDGE_LOOP ( 'NONE', ( #1776, #231, #931, #2362 ) ) ;
#2101 = MECHANICAL_DESIGN_GEOMETRIC_PRESENTATION_REPRESENTATION (  '', ( #938 ), #2246 ) ;
#2102 = FILL_AREA_STYLE_COLOUR ( '', #1963 ) ;
#2103 = CARTESIAN_POINT ( 'NONE',  ( 0.2550000000000000044, -0.5117638090205037793, -1.019124862858297620 ) ) ;
#2104 = EDGE_LOOP ( 'NONE', ( #1146, #210, #927, #1292 ) ) ;
#2105 = STYLED_ITEM ( 'NONE', ( #198 ), #1636 ) ;
#2106 = VECTOR ( 'NONE', #1893, 1000.000000000000000 ) ;
#2107 = SURFACE_STYLE_USAGE ( .BOTH. , #944 ) ;
#2108 = PRESENTATION_LAYER_ASSIGNMENT (  '', '', ( #1971 ) ) ;
#2109 = EDGE_LOOP ( 'NONE', ( #147, #14, #525, #2206 ) ) ;
#2110 = LINE ( 'NONE', #1941, #1271 ) ;
#2111 = LINE ( 'NONE', #858, #1091 ) ;
#2112 = SURFACE_SIDE_STYLE ('',( #1600 ) ) ;
#2113 =( LENGTH_UNIT ( ) NAMED_UNIT ( * ) SI_UNIT ( .MILLI., .METRE. ) );
#2114 = SURFACE_SIDE_STYLE ('',( #2348 ) ) ;
#2115 = STYLED_ITEM ( 'NONE', ( #1431 ), #183 ) ;
#2116 = SURFACE_STYLE_FILL_AREA ( #1967 ) ;
#2117 = DIRECTION ( 'NONE',  ( 0.000000000000000000, 1.000000000000000000, 0.000000000000000000 ) ) ;
#2118 =( LENGTH_UNIT ( ) NAMED_UNIT ( * ) SI_UNIT ( .MILLI., .METRE. ) );
#2119 = DIRECTION ( 'NONE',  ( 0.000000000000000000, 1.000000000000000000, 0.000000000000000000 ) ) ;
#2120 = PRESENTATION_LAYER_ASSIGNMENT (  '', '', ( #1390 ) ) ;
#2121 = EDGE_CURVE ( 'NONE', #22, #1610, #406, .T. ) ;
#2122 = LINE ( 'NONE', #1253, #1935 ) ;
#2123 = PRESENTATION_LAYER_ASSIGNMENT (  '', '', ( #1066 ) ) ;
#2124 = FILL_AREA_STYLE ('',( #557 ) ) ;
#2125 =( NAMED_UNIT ( * ) SI_UNIT ( $, .STERADIAN. ) SOLID_ANGLE_UNIT ( ) );
#2126 = ADVANCED_FACE ( 'NONE', ( #1227 ), #1153, .T. ) ;
#2127 = UNCERTAINTY_MEASURE_WITH_UNIT (LENGTH_MEASURE( 1.000000000000000082E-05 ), #2158, 'distance_accuracy_value', 'NONE');
#2128 = COLOUR_RGB ( '',0.7921568627450980005, 0.8196078431372548767, 0.9333333333333333481 ) ;
#2129 = CARTESIAN_POINT ( 'NONE',  ( -0.7699999999999997957, 0.1197070501639832391, 0.6788924172750684383 ) ) ;
#2130 = VERTEX_POINT ( 'NONE', #772 ) ;
#2131 = LINE ( 'NONE', #426, #768 ) ;
#2132 = EDGE_CURVE ( 'NONE', #2173, #1235, #643, .T. ) ;
#2133 = EDGE_LOOP ( 'NONE', ( #2078, #1616, #1867, #2327 ) ) ;
#2134 = ORIENTED_EDGE ( 'NONE', *, *, #708, .F. ) ;
#2135 = DIRECTION ( 'NONE',  ( 0.000000000000000000, 1.000000000000000000, 2.013561993784337696E-15 ) ) ;
#2136 = ORIENTED_EDGE ( 'NONE', *, *, #922, .F. ) ;
#2137 =( GEOMETRIC_REPRESENTATION_CONTEXT ( 3 ) GLOBAL_UNCERTAINTY_ASSIGNED_CONTEXT ( ( #2013 ) ) GLOBAL_UNIT_ASSIGNED_CONTEXT ( ( #1339, #560, #1718 ) ) REPRESENTATION_CONTEXT ( 'NONE', 'WORKASPACE' ) );
#2138 = FILL_AREA_STYLE_COLOUR ( '', #1931 ) ;
#2139 = ORIENTED_EDGE ( 'NONE', *, *, #1360, .T. ) ;
#2140 = CARTESIAN_POINT ( 'NONE',  ( 0.7699999999999997957, -0.1600000000000000033, 0.8006368926555497145 ) ) ;
#2141 = EDGE_CURVE ( 'NONE', #1449, #1683, #1605, .T. ) ;
#2142 = ADVANCED_FACE ( 'NONE', ( #248 ), #1460, .F. ) ;
#2143 =( GEOMETRIC_REPRESENTATION_CONTEXT ( 3 ) GLOBAL_UNCERTAINTY_ASSIGNED_CONTEXT ( ( #2371 ) ) GLOBAL_UNIT_ASSIGNED_CONTEXT ( ( #104, #1056, #653 ) ) REPRESENTATION_CONTEXT ( 'NONE', 'WORKASPACE' ) );
#2144 = EDGE_LOOP ( 'NONE', ( #1086, #2355, #1491, #2452 ) ) ;
#2145 = UNCERTAINTY_MEASURE_WITH_UNIT (LENGTH_MEASURE( 1.000000000000000082E-05 ), #702, 'distance_accuracy_value', 'NONE');
#2146 = ORIENTED_EDGE ( 'NONE', *, *, #1191, .T. ) ;
#2147 = PLANE ( 'NONE',  #1817 ) ;
#2148 =( NAMED_UNIT ( * ) SI_UNIT ( $, .STERADIAN. ) SOLID_ANGLE_UNIT ( ) );
#2149 =( LENGTH_UNIT ( ) NAMED_UNIT ( * ) SI_UNIT ( .MILLI., .METRE. ) );
#2150 = FACE_OUTER_BOUND ( 'NONE', #2426, .T. ) ;
#2151 = CARTESIAN_POINT ( 'NONE',  ( 1.279999999999999805, 0.000000000000000000, 0.000000000000000000 ) ) ;
#2152 = SURFACE_STYLE_FILL_AREA ( #1383 ) ;
#2153 = CARTESIAN_POINT ( 'NONE',  ( -1.279999999999999805, -0.5799999999999998490, 1.212310028116111882 ) ) ;
#2154 = CARTESIAN_POINT ( 'NONE',  ( 1.279999999999999805, -0.4910582854123022312, 1.096398928961423547 ) ) ;
#2155 = ADVANCED_FACE ( 'NONE', ( #1848 ), #2147, .F. ) ;
#2156 = COLOUR_RGB ( '',1.000000000000000000, 1.000000000000000000, 1.000000000000000000 ) ;
#2157 = DIRECTION ( 'NONE',  ( 1.000000000000000000, -0.000000000000000000, -0.000000000000000000 ) ) ;
#2158 =( LENGTH_UNIT ( ) NAMED_UNIT ( * ) SI_UNIT ( .MILLI., .METRE. ) );
#2159 = COLOUR_RGB ( '',0.1019607843137254888, 0.1019607843137254888, 0.1019607843137254888 ) ;
#2160 = DIRECTION ( 'NONE',  ( -1.000000000000000000, 0.000000000000000000, 0.000000000000000000 ) ) ;
#2161 = STYLED_ITEM ( 'NONE', ( #1005 ), #1079 ) ;
#2162 = COLOUR_RGB ( '',1.000000000000000000, 1.000000000000000000, 1.000000000000000000 ) ;
#2163 = VECTOR ( 'NONE', #851, 1000.000000000000000 ) ;
#2164 = FILL_AREA_STYLE_COLOUR ( '', #2162 ) ;
#2165 =( GEOMETRIC_REPRESENTATION_CONTEXT ( 3 ) GLOBAL_UNCERTAINTY_ASSIGNED_CONTEXT ( ( #2528 ) ) GLOBAL_UNIT_ASSIGNED_CONTEXT ( ( #2178, #70, #1624 ) ) REPRESENTATION_CONTEXT ( 'NONE', 'WORKASPACE' ) );
#2166 = SURFACE_STYLE_USAGE ( .BOTH. , #1549 ) ;
#2167 = CARTESIAN_POINT ( 'NONE',  ( -1.519999999999999796, -4.058062264531945478E-33, 0.7000000000000001776 ) ) ;
#2168 = VECTOR ( 'NONE', #887, 1000.000000000000000 ) ;
#2169 = ORIENTED_EDGE ( 'NONE', *, *, #304, .T. ) ;
#2170 = CARTESIAN_POINT ( 'NONE',  ( -0.7699999999999997957, -0.1600000000000000033, 0.8006368926555497145 ) ) ;
#2171 =( NAMED_UNIT ( * ) PLANE_ANGLE_UNIT ( ) SI_UNIT ( $, .RADIAN. ) );
#2172 = DIRECTION ( 'NONE',  ( 0.000000000000000000, 9.486769009248159853E-16, -1.000000000000000000 ) ) ;
#2173 = VERTEX_POINT ( 'NONE', #405 ) ;
#2174 = ADVANCED_FACE ( 'NONE', ( #825 ), #704, .T. ) ;
#2175 = MECHANICAL_DESIGN_GEOMETRIC_PRESENTATION_REPRESENTATION (  '', ( #2289 ), #2423 ) ;
#2176 = ORIENTED_EDGE ( 'NONE', *, *, #1007, .T. ) ;
#2177 = ORIENTED_EDGE ( 'NONE', *, *, #2437, .T. ) ;
#2178 =( LENGTH_UNIT ( ) NAMED_UNIT ( * ) SI_UNIT ( .MILLI., .METRE. ) );
#2179 = MECHANICAL_DESIGN_GEOMETRIC_PRESENTATION_REPRESENTATION (  '', ( #1178 ), #1630 ) ;
#2180 =( LENGTH_UNIT ( ) NAMED_UNIT ( * ) SI_UNIT ( .MILLI., .METRE. ) );
#2181 = CARTESIAN_POINT ( 'NONE',  ( 0.2550000000000000044, -0.4910582854123022312, -1.096398928961423103 ) ) ;
#2182 = EDGE_LOOP ( 'NONE', ( #445, #564, #76, #2399 ) ) ;
#2183 = COLOUR_RGB ( '',0.7921568627450980005, 0.8196078431372548767, 0.9333333333333333481 ) ;
#2184 = VECTOR ( 'NONE', #1073, 1000.000000000000000 ) ;
#2185 = EDGE_CURVE ( 'NONE', #2130, #1980, #186, .T. ) ;
#2186 = UNCERTAINTY_MEASURE_WITH_UNIT (LENGTH_MEASURE( 1.000000000000000082E-05 ), #1428, 'distance_accuracy_value', 'NONE');
#2187 =( GEOMETRIC_REPRESENTATION_CONTEXT ( 3 ) GLOBAL_UNCERTAINTY_ASSIGNED_CONTEXT ( ( #316 ) ) GLOBAL_UNIT_ASSIGNED_CONTEXT ( ( #2086, #736, #126 ) ) REPRESENTATION_CONTEXT ( 'NONE', 'WORKASPACE' ) );
#2188 =( LENGTH_UNIT ( ) NAMED_UNIT ( * ) SI_UNIT ( .MILLI., .METRE. ) );
#2189 = FACE_OUTER_BOUND ( 'NONE', #1677, .T. ) ;
#2190 = ADVANCED_FACE ( 'NONE', ( #128 ), #1184, .T. ) ;
#2191 = CARTESIAN_POINT ( 'NONE',  ( -0.7699999999999997957, -0.04000000000000004940, 2.516952492230425602E-18 ) ) ;
#2192 = DIRECTION ( 'NONE',  ( -1.000000000000000000, 0.000000000000000000, 0.000000000000000000 ) ) ;
#2193 = EDGE_CURVE ( 'NONE', #1710, #1083, #1102, .T. ) ;
#2194 = PLANE ( 'NONE',  #434 ) ;
#2195 = AXIS2_PLACEMENT_3D ( 'NONE', #1372, #388, #2358 ) ;
#2196 = VECTOR ( 'NONE', #1584, 999.9999999999998863 ) ;
#2197 = PRESENTATION_STYLE_ASSIGNMENT (( #1825 ) ) ;
#2198 = CARTESIAN_POINT ( 'NONE',  ( -0.7699999999999997957, -0.04000000000000004940, 2.516952492230425602E-18 ) ) ;
#2199 = ADVANCED_BREP_SHAPE_REPRESENTATION ( 'SI2302', ( #2291, #334, #1976, #1048, #1288 ), #428 ) ;
#2200 = DIRECTION ( 'NONE',  ( 0.000000000000000000, -0.1736481776669290544, -0.9848077530122083534 ) ) ;
#2201 = AXIS2_PLACEMENT_3D ( 'NONE', #2140, #1757, #2338 ) ;
#2202 =( NAMED_UNIT ( * ) PLANE_ANGLE_UNIT ( ) SI_UNIT ( $, .RADIAN. ) );
#2203 = CLOSED_SHELL ( 'NONE', ( #1569, #1758, #965, #1172, #1366, #1561, #1988, #2521, #223, #1536, #892, #692, #2252, #1928, #1911 ) ) ;
#2204 =( GEOMETRIC_REPRESENTATION_CONTEXT ( 3 ) GLOBAL_UNCERTAINTY_ASSIGNED_CONTEXT ( ( #909 ) ) GLOBAL_UNIT_ASSIGNED_CONTEXT ( ( #188, #2098, #366 ) ) REPRESENTATION_CONTEXT ( 'NONE', 'WORKASPACE' ) );
#2205 = COLOUR_RGB ( '',1.000000000000000000, 1.000000000000000000, 1.000000000000000000 ) ;
#2206 = ORIENTED_EDGE ( 'NONE', *, *, #2483, .T. ) ;
#2207 =( NAMED_UNIT ( * ) PLANE_ANGLE_UNIT ( ) SI_UNIT ( $, .RADIAN. ) );
#2208 = CIRCLE ( 'NONE', #1802, 0.1199999999999998845 ) ;
#2209 = VERTEX_POINT ( 'NONE', #2153 ) ;
#2210 = CARTESIAN_POINT ( 'NONE',  ( 0.7699999999999997957, -0.5799999999999998490, 1.212310028116111882 ) ) ;
#2211 = ORIENTED_EDGE ( 'NONE', *, *, #1343, .T. ) ;
#2212 = VERTEX_POINT ( 'NONE', #2354 ) ;
#2213 = DIRECTION ( 'NONE',  ( 0.000000000000000000, 1.000000000000000000, 0.000000000000000000 ) ) ;
#2214 = VERTEX_POINT ( 'NONE', #2374 ) ;
#2215 = VECTOR ( 'NONE', #1620, 1000.000000000000114 ) ;
#2216 = VERTEX_POINT ( 'NONE', #43 ) ;
#2217 = DIRECTION ( 'NONE',  ( -1.000000000000000000, -0.000000000000000000, -0.000000000000000000 ) ) ;
#2218 =( GEOMETRIC_REPRESENTATION_CONTEXT ( 3 ) GLOBAL_UNCERTAINTY_ASSIGNED_CONTEXT ( ( #1573 ) ) GLOBAL_UNIT_ASSIGNED_CONTEXT ( ( #1762, #1586, #424 ) ) REPRESENTATION_CONTEXT ( 'NONE', 'WORKASPACE' ) );
#2219 = FILL_AREA_STYLE_COLOUR ( '', #2159 ) ;
#2220 = SURFACE_STYLE_USAGE ( .BOTH. , #1082 ) ;
#2221 = SURFACE_STYLE_FILL_AREA ( #140 ) ;
#2222 = EDGE_CURVE ( 'NONE', #593, #2511, #2066, .T. ) ;
#2223 = VECTOR ( 'NONE', #693, 1000.000000000000000 ) ;
#2224 =( LENGTH_UNIT ( ) NAMED_UNIT ( * ) SI_UNIT ( .MILLI., .METRE. ) );
#2225 = DIRECTION ( 'NONE',  ( 0.000000000000000000, 0.9848077530122082424, 0.1736481776669290267 ) ) ;
#2226 = FACE_OUTER_BOUND ( 'NONE', #1951, .T. ) ;
#2227 =( LENGTH_UNIT ( ) NAMED_UNIT ( * ) SI_UNIT ( .MILLI., .METRE. ) );
#2228 = EDGE_CURVE ( 'NONE', #593, #747, #580, .T. ) ;
#2229 = CARTESIAN_POINT ( 'NONE',  ( -0.7699999999999997957, -0.6600000000000000311, 1.212310028116111882 ) ) ;
#2230 = PRESENTATION_STYLE_ASSIGNMENT (( #80 ) ) ;
#2231 = PRESENTATION_LAYER_ASSIGNMENT (  '', '', ( #2041 ) ) ;
#2232 = VERTEX_POINT ( 'NONE', #1396 ) ;
#2233 = COLOUR_RGB ( '',1.000000000000000000, 1.000000000000000000, 1.000000000000000000 ) ;
#2234 = CARTESIAN_POINT ( 'NONE',  ( 0.7699999999999997957, -0.5799999999999998490, 1.212310028116111882 ) ) ;
#2235 = VERTEX_POINT ( 'NONE', #705 ) ;
#2236 = PRODUCT_DEFINITION_FORMATION_WITH_SPECIFIED_SOURCE ( 'ANY', '', #2261, .NOT_KNOWN. ) ;
#2237 = EDGE_LOOP ( 'NONE', ( #1245, #1435, #352, #504 ) ) ;
#2238 = CARTESIAN_POINT ( 'NONE',  ( 0.2550000000000000044, 0.04000000000000000083, -0.8006368926555492704 ) ) ;
#2239 = EDGE_CURVE ( 'NONE', #2214, #1150, #611, .T. ) ;
#2240 = DIRECTION ( 'NONE',  ( -1.000000000000000000, -0.000000000000000000, -0.000000000000000000 ) ) ;
#2241 = CARTESIAN_POINT ( 'NONE',  ( 0.7699999999999997957, 0.000000000000000000, 1.320000000000000062 ) ) ;
#2242 = EDGE_LOOP ( 'NONE', ( #2485, #256, #1798, #907 ) ) ;
#2243 =( NAMED_UNIT ( * ) SI_UNIT ( $, .STERADIAN. ) SOLID_ANGLE_UNIT ( ) );
#2244 = ORIENTED_EDGE ( 'NONE', *, *, #350, .F. ) ;
#2245 = CARTESIAN_POINT ( 'NONE',  ( 1.279999999999999805, 0.000000000000000000, 1.320000000000000062 ) ) ;
#2246 =( GEOMETRIC_REPRESENTATION_CONTEXT ( 3 ) GLOBAL_UNCERTAINTY_ASSIGNED_CONTEXT ( ( #1380 ) ) GLOBAL_UNIT_ASSIGNED_CONTEXT ( ( #2188, #23, #1593 ) ) REPRESENTATION_CONTEXT ( 'NONE', 'WORKASPACE' ) );
#2247 = LINE ( 'NONE', #278, #209 ) ;
#2248 = DIRECTION ( 'NONE',  ( -1.000000000000000000, 0.000000000000000000, 0.000000000000000000 ) ) ;
#2249 =( GEOMETRIC_REPRESENTATION_CONTEXT ( 3 ) GLOBAL_UNCERTAINTY_ASSIGNED_CONTEXT ( ( #2048 ) ) GLOBAL_UNIT_ASSIGNED_CONTEXT ( ( #2149, #2360, #778 ) ) REPRESENTATION_CONTEXT ( 'NONE', 'WORKASPACE' ) );
#2250 = DIRECTION ( 'NONE',  ( 0.000000000000000000, 0.000000000000000000, -1.000000000000000000 ) ) ;
#2251 = FILL_AREA_STYLE_COLOUR ( '', #1998 ) ;
#2252 = ADVANCED_FACE ( 'NONE', ( #2285 ), #629, .F. ) ;
#2253 = STYLED_ITEM ( 'NONE', ( #2340 ), #2291 ) ;
#2254 = CARTESIAN_POINT ( 'NONE',  ( -1.279999999999999805, -0.6600000000000000311, 0.000000000000000000 ) ) ;
#2255 = CARTESIAN_POINT ( 'NONE',  ( 0.2550000000000000044, -0.1600000000000000033, -0.8006368926555492704 ) ) ;
#2256 = LINE ( 'NONE', #2411, #337 ) ;
#2257 = SURFACE_STYLE_USAGE ( .BOTH. , #1841 ) ;
#2258 = CARTESIAN_POINT ( 'NONE',  ( -0.7699999999999997957, 0.04000000000000000083, 0.8006368926555497145 ) ) ;
#2259 = LINE ( 'NONE', #752, #2344 ) ;
#2260 = SURFACE_SIDE_STYLE ('',( #641 ) ) ;
#2261 = PRODUCT ( 'SI2302', 'SI2302', '', ( #527 ) ) ;
#2262 = UNCERTAINTY_MEASURE_WITH_UNIT (LENGTH_MEASURE( 1.000000000000000082E-05 ), #1702, 'distance_accuracy_value', 'NONE');
#2263 = ORIENTED_EDGE ( 'NONE', *, *, #894, .T. ) ;
#2264 = STYLED_ITEM ( 'NONE', ( #1154 ), #1048 ) ;
#2265 = VERTEX_POINT ( 'NONE', #996 ) ;
#2266 = EDGE_CURVE ( 'NONE', #1858, #593, #1037, .T. ) ;
#2267 = PLANE ( 'NONE',  #1735 ) ;
#2268 = ORIENTED_EDGE ( 'NONE', *, *, #364, .T. ) ;
#2269 = ORIENTED_EDGE ( 'NONE', *, *, #960, .T. ) ;
#2270 = SURFACE_SIDE_STYLE ('',( #613 ) ) ;
#2271 =( LENGTH_UNIT ( ) NAMED_UNIT ( * ) SI_UNIT ( .MILLI., .METRE. ) );
#2272 = VERTEX_POINT ( 'NONE', #804 ) ;
#2273 = EDGE_CURVE ( 'NONE', #649, #1375, #2280, .T. ) ;
#2274 = VECTOR ( 'NONE', #612, 1000.000000000000000 ) ;
#2275 = CARTESIAN_POINT ( 'NONE',  ( -1.279999999999999805, 0.000000000000000000, 1.320000000000000062 ) ) ;
#2276 = AXIS2_PLACEMENT_3D ( 'NONE', #1334, #2290, #369 ) ;
#2277 =( NAMED_UNIT ( * ) PLANE_ANGLE_UNIT ( ) SI_UNIT ( $, .RADIAN. ) );
#2278 =( GEOMETRIC_REPRESENTATION_CONTEXT ( 3 ) GLOBAL_UNCERTAINTY_ASSIGNED_CONTEXT ( ( #2262 ) ) GLOBAL_UNIT_ASSIGNED_CONTEXT ( ( #1702, #740, #1318 ) ) REPRESENTATION_CONTEXT ( 'NONE', 'WORKASPACE' ) );
#2279 = SURFACE_SIDE_STYLE ('',( #2468 ) ) ;
#2280 = LINE ( 'NONE', #34, #1725 ) ;
#2281 = DIRECTION ( 'NONE',  ( 0.1710878697460358477, 0.9702875252478138091, -0.1710878697460358755 ) ) ;
#2282 = SURFACE_SIDE_STYLE ('',( #1322 ) ) ;
#2283 = LINE ( 'NONE', #2254, #1280 ) ;
#2284 =( NAMED_UNIT ( * ) SI_UNIT ( $, .STERADIAN. ) SOLID_ANGLE_UNIT ( ) );
#2285 = FACE_OUTER_BOUND ( 'NONE', #377, .T. ) ;
#2286 = SURFACE_STYLE_FILL_AREA ( #623 ) ;
#2287 = DIRECTION ( 'NONE',  ( 0.000000000000000000, 8.131516293641279311E-16, -1.000000000000000000 ) ) ;
#2288 = FACE_OUTER_BOUND ( 'NONE', #2083, .T. ) ;
#2289 = STYLED_ITEM ( 'NONE', ( #1965 ), #201 ) ;
#2290 = DIRECTION ( 'NONE',  ( 0.000000000000000000, 0.000000000000000000, 1.000000000000000000 ) ) ;
#2291 = MANIFOLD_SOLID_BREP ( 'Boss-Extrude1', #1703 ) ;
#2292 = ORIENTED_EDGE ( 'NONE', *, *, #1832, .F. ) ;
#2293 = MECHANICAL_DESIGN_GEOMETRIC_PRESENTATION_REPRESENTATION (  '', ( #1390 ), #913 ) ;
#2294 = FILL_AREA_STYLE_COLOUR ( '', #1014 ) ;
#2295 = VERTEX_POINT ( 'NONE', #2334 ) ;
#2296 = STYLED_ITEM ( 'NONE', ( #732 ), #2190 ) ;
#2297 =( LENGTH_UNIT ( ) NAMED_UNIT ( * ) SI_UNIT ( .MILLI., .METRE. ) );
#2298 = ORIENTED_EDGE ( 'NONE', *, *, #1221, .T. ) ;
#2299 = DIRECTION ( 'NONE',  ( 0.000000000000000000, 0.000000000000000000, 1.000000000000000000 ) ) ;
#2300 = ORIENTED_EDGE ( 'NONE', *, *, #1824, .F. ) ;
#2301 =( LENGTH_UNIT ( ) NAMED_UNIT ( * ) SI_UNIT ( .MILLI., .METRE. ) );
#2302 = AXIS2_PLACEMENT_3D ( 'NONE', #152, #2097, #348 ) ;
#2303 = CARTESIAN_POINT ( 'NONE',  ( 0.2550000000000000044, -0.5799999999999974065, 1.167865956394910515E-15 ) ) ;
#2304 = CARTESIAN_POINT ( 'NONE',  ( 0.2550000000000000044, 0.000000000000000000, -1.319999999999999618 ) ) ;
#2305 = DIRECTION ( 'NONE',  ( -0.000000000000000000, 0.1736481776669290822, 0.9848077530122083534 ) ) ;
#2306 = PRESENTATION_LAYER_ASSIGNMENT (  '', '', ( #2264 ) ) ;
#2307 = DIRECTION ( 'NONE',  ( 0.000000000000000000, 9.486769009248159853E-16, -1.000000000000000000 ) ) ;
#2308 = EDGE_CURVE ( 'NONE', #1297, #1236, #1756, .T. ) ;
#2309 = CIRCLE ( 'NONE', #2195, 0.2000000000000000944 ) ;
#2310 = MECHANICAL_DESIGN_GEOMETRIC_PRESENTATION_REPRESENTATION (  '', ( #1835 ), #617 ) ;
#2311 = CARTESIAN_POINT ( 'NONE',  ( 0.7699999999999997957, -0.6600000000000000311, 1.320000000000000062 ) ) ;
#2312 = CARTESIAN_POINT ( 'NONE',  ( 0.000000000000000000, 0.5600000000000000533, 0.000000000000000000 ) ) ;
#2313 = CARTESIAN_POINT ( 'NONE',  ( 0.2550000000000000044, 0.03999999999999995920, 2.516952492230419439E-18 ) ) ;
#2314 =( NAMED_UNIT ( * ) PLANE_ANGLE_UNIT ( ) SI_UNIT ( $, .RADIAN. ) );
#2315 = EDGE_CURVE ( 'NONE', #1858, #2325, #2256, .T. ) ;
#2316 = FACE_OUTER_BOUND ( 'NONE', #1589, .T. ) ;
#2317 = DIRECTION ( 'NONE',  ( -1.000000000000000000, -0.000000000000000000, -0.000000000000000000 ) ) ;
#2318 = UNCERTAINTY_MEASURE_WITH_UNIT (LENGTH_MEASURE( 1.000000000000000082E-05 ), #1750, 'distance_accuracy_value', 'NONE');
#2319 = ORIENTED_EDGE ( 'NONE', *, *, #2050, .T. ) ;
#2320 = STYLED_ITEM ( 'NONE', ( #1539 ), #628 ) ;
#2321 = DIRECTION ( 'NONE',  ( 1.000000000000000000, -0.000000000000000000, 0.000000000000000000 ) ) ;
#2322 = DIRECTION ( 'NONE',  ( 0.000000000000000000, 9.035018104045878829E-16, -1.000000000000000000 ) ) ;
#2323 = ORIENTED_EDGE ( 'NONE', *, *, #2527, .F. ) ;
#2324 = DIRECTION ( 'NONE',  ( 0.000000000000000000, 2.013561993784337696E-15, 1.000000000000000000 ) ) ;
#2325 = VERTEX_POINT ( 'NONE', #77 ) ;
#2326 = AXIS2_PLACEMENT_3D ( 'NONE', #1337, #163, #2499 ) ;
#2327 = ORIENTED_EDGE ( 'NONE', *, *, #1993, .T. ) ;
#2328 = SURFACE_SIDE_STYLE ('',( #2152 ) ) ;
#2329 = CARTESIAN_POINT ( 'NONE',  ( -0.7699999999999997957, 0.2412050644871435723, 0.9001895557089616418 ) ) ;
#2330 = ORIENTED_EDGE ( 'NONE', *, *, #894, .F. ) ;
#2331 = LINE ( 'NONE', #1062, #1419 ) ;
#2332 = VECTOR ( 'NONE', #2240, 1000.000000000000000 ) ;
#2333 = FILL_AREA_STYLE_COLOUR ( '', #298 ) ;
#2334 = CARTESIAN_POINT ( 'NONE',  ( 0.2550000000000000044, 0.03999999999999999389, -0.6929469207716612011 ) ) ;
#2335 = LINE ( 'NONE', #301, #1664 ) ;
#2336 = VECTOR ( 'NONE', #1956, 1000.000000000000000 ) ;
#2337 = CARTESIAN_POINT ( 'NONE',  ( 0.2550000000000000044, -0.6600000000000000311, -1.319999999999999618 ) ) ;
#2338 = DIRECTION ( 'NONE',  ( 0.000000000000000000, 0.000000000000000000, -1.000000000000000000 ) ) ;
#2339 = STYLED_ITEM ( 'NONE', ( #784 ), #1203 ) ;
#2340 = PRESENTATION_STYLE_ASSIGNMENT (( #1187 ) ) ;
#2341 =( GEOMETRIC_REPRESENTATION_CONTEXT ( 3 ) GLOBAL_UNCERTAINTY_ASSIGNED_CONTEXT ( ( #499 ) ) GLOBAL_UNIT_ASSIGNED_CONTEXT ( ( #863, #1039, #1422 ) ) REPRESENTATION_CONTEXT ( 'NONE', 'WORKASPACE' ) );
#2342 = PRESENTATION_STYLE_ASSIGNMENT (( #1864 ) ) ;
#2343 = FILL_AREA_STYLE_COLOUR ( '', #1568 ) ;
#2344 = VECTOR ( 'NONE', #952, 1000.000000000000000 ) ;
#2345 = SURFACE_STYLE_USAGE ( .BOTH. , #1365 ) ;
#2346 = SURFACE_STYLE_USAGE ( .BOTH. , #1358 ) ;
#2347 = CARTESIAN_POINT ( 'NONE',  ( 1.279999999999999805, 0.000000000000000000, 0.7000000000000000666 ) ) ;
#2348 = SURFACE_STYLE_FILL_AREA ( #196 ) ;
#2349 = ADVANCED_FACE ( 'NONE', ( #576 ), #1060, .T. ) ;
#2350 = EDGE_CURVE ( 'NONE', #2272, #1055, #1161, .T. ) ;
#2351 = CARTESIAN_POINT ( 'NONE',  ( 1.421256890803259454, 0.5600000000000000533, -0.6999999999999997335 ) ) ;
#2352 = VERTEX_POINT ( 'NONE', #1034 ) ;
#2353 = EDGE_LOOP ( 'NONE', ( #1229, #810, #1881, #1001 ) ) ;
#2354 = CARTESIAN_POINT ( 'NONE',  ( 1.279999999999999805, -0.1289417145876979309, 0.9165479918102379386 ) ) ;
#2355 = ORIENTED_EDGE ( 'NONE', *, *, #1520, .F. ) ;
#2356 = COLOUR_RGB ( '',1.000000000000000000, 1.000000000000000000, 1.000000000000000000 ) ;
#2357 = AXIS2_PLACEMENT_3D ( 'NONE', #500, #1088, #1489 ) ;
#2358 = DIRECTION ( 'NONE',  ( 0.000000000000000000, 8.131516293641279311E-16, -1.000000000000000000 ) ) ;
#2359 = ORIENTED_EDGE ( 'NONE', *, *, #2141, .F. ) ;
#2360 =( NAMED_UNIT ( * ) PLANE_ANGLE_UNIT ( ) SI_UNIT ( $, .RADIAN. ) );
#2361 = MECHANICAL_DESIGN_GEOMETRIC_PRESENTATION_REPRESENTATION (  '', ( #1426 ), #2490 ) ;
#2362 = ORIENTED_EDGE ( 'NONE', *, *, #1520, .T. ) ;
#2363 = COLOUR_RGB ( '',1.000000000000000000, 1.000000000000000000, 1.000000000000000000 ) ;
#2364 = ORIENTED_EDGE ( 'NONE', *, *, #1434, .F. ) ;
#2365 =( NAMED_UNIT ( * ) PLANE_ANGLE_UNIT ( ) SI_UNIT ( $, .RADIAN. ) );
#2366 =( LENGTH_UNIT ( ) NAMED_UNIT ( * ) SI_UNIT ( .MILLI., .METRE. ) );
#2367 = COLOUR_RGB ( '',1.000000000000000000, 1.000000000000000000, 1.000000000000000000 ) ;
#2368 = DIRECTION ( 'NONE',  ( 0.000000000000000000, 1.000000000000000000, -6.292381230576055301E-17 ) ) ;
#2369 = DIRECTION ( 'NONE',  ( 0.000000000000000000, -2.013561993784337696E-15, 1.000000000000000000 ) ) ;
#2370 = EDGE_CURVE ( 'NONE', #1449, #899, #699, .T. ) ;
#2371 = UNCERTAINTY_MEASURE_WITH_UNIT (LENGTH_MEASURE( 1.000000000000000082E-05 ), #104, 'distance_accuracy_value', 'NONE');
#2372 = DIRECTION ( 'NONE',  ( 0.000000000000000000, -0.1736481776669290544, -0.9848077530122083534 ) ) ;
#2373 = STYLED_ITEM ( 'NONE', ( #1429 ), #245 ) ;
#2374 = CARTESIAN_POINT ( 'NONE',  ( -0.7699999999999997957, -0.6600000000000000311, 1.320000000000000062 ) ) ;
#2375 = VECTOR ( 'NONE', #1562, 1000.000000000000000 ) ;
#2376 = FILL_AREA_STYLE_COLOUR ( '', #2530 ) ;
#2377 = FILL_AREA_STYLE ('',( #1961 ) ) ;
#2378 = FILL_AREA_STYLE ('',( #1028 ) ) ;
#2379 = VECTOR ( 'NONE', #2492, 1000.000000000000000 ) ;
#2380 = VECTOR ( 'NONE', #1234, 1000.000000000000114 ) ;
#2381 = VECTOR ( 'NONE', #1737, 1000.000000000000000 ) ;
#2382 = PRESENTATION_LAYER_ASSIGNMENT (  '', '', ( #1215 ) ) ;
#2383 = PRESENTATION_STYLE_ASSIGNMENT (( #1181 ) ) ;
#2384 = ORIENTED_EDGE ( 'NONE', *, *, #790, .F. ) ;
#2385 = CARTESIAN_POINT ( 'NONE',  ( -1.520000000000000018, 0.000000000000000000, -0.6999999999999997335 ) ) ;
#2386 = PLANE ( 'NONE',  #228 ) ;
#2387 = CIRCLE ( 'NONE', #2201, 0.1199999999999999956 ) ;
#2388 = VERTEX_POINT ( 'NONE', #447 ) ;
#2389 = FILL_AREA_STYLE ('',( #31 ) ) ;
#2390 = COLOUR_RGB ( '',1.000000000000000000, 1.000000000000000000, 1.000000000000000000 ) ;
#2391 = ADVANCED_FACE ( 'NONE', ( #124 ), #1406, .F. ) ;
#2392 = ORIENTED_EDGE ( 'NONE', *, *, #1352, .T. ) ;
#2393 =( GEOMETRIC_REPRESENTATION_CONTEXT ( 3 ) GLOBAL_UNCERTAINTY_ASSIGNED_CONTEXT ( ( #745 ) ) GLOBAL_UNIT_ASSIGNED_CONTEXT ( ( #953, #1285, #2491 ) ) REPRESENTATION_CONTEXT ( 'NONE', 'WORKASPACE' ) );
#2394 = FILL_AREA_STYLE ('',( #2138 ) ) ;
#2395 = ORIENTED_EDGE ( 'NONE', *, *, #1607, .F. ) ;
#2396 = EDGE_CURVE ( 'NONE', #995, #1174, #792, .T. ) ;
#2397 = MECHANICAL_DESIGN_GEOMETRIC_PRESENTATION_REPRESENTATION (  '', ( #489 ), #2187 ) ;
#2398 = DIRECTION ( 'NONE',  ( 0.000000000000000000, -0.9659258262890692004, 0.2588190451025177419 ) ) ;
#2399 = ORIENTED_EDGE ( 'NONE', *, *, #1690, .T. ) ;
#2400 = VECTOR ( 'NONE', #983, 1000.000000000000000 ) ;
#2401 = SURFACE_STYLE_FILL_AREA ( #486 ) ;
#2402 = PRESENTATION_STYLE_ASSIGNMENT (( #723 ) ) ;
#2403 = VECTOR ( 'NONE', #1638, 1000.000000000000114 ) ;
#2404 = SURFACE_SIDE_STYLE ('',( #2116 ) ) ;
#2405 = FILL_AREA_STYLE ('',( #987 ) ) ;
#2406 = UNCERTAINTY_MEASURE_WITH_UNIT (LENGTH_MEASURE( 1.000000000000000082E-05 ), #1258, 'distance_accuracy_value', 'NONE');
#2407 = EDGE_CURVE ( 'NONE', #1083, #41, #1274, .T. ) ;
#2408 = SURFACE_STYLE_FILL_AREA ( #1647 ) ;
#2409 = SURFACE_STYLE_FILL_AREA ( #2394 ) ;
#2410 =( GEOMETRIC_REPRESENTATION_CONTEXT ( 3 ) GLOBAL_UNCERTAINTY_ASSIGNED_CONTEXT ( ( #1934 ) ) GLOBAL_UNIT_ASSIGNED_CONTEXT ( ( #2118, #1188, #2148 ) ) REPRESENTATION_CONTEXT ( 'NONE', 'WORKASPACE' ) );
#2411 = CARTESIAN_POINT ( 'NONE',  ( -0.7699999999999997957, 0.04000000000000000083, 0.8006368926555497145 ) ) ;
#2412 = DIRECTION ( 'NONE',  ( -1.000000000000000000, -0.000000000000000000, -0.000000000000000000 ) ) ;
#2413 = LINE ( 'NONE', #587, #1041 ) ;
#2414 = EDGE_CURVE ( 'NONE', #1385, #207, #853, .T. ) ;
#2415 = COLOUR_RGB ( '',1.000000000000000000, 1.000000000000000000, 1.000000000000000000 ) ;
#2416 = AXIS2_PLACEMENT_3D ( 'NONE', #572, #1133, #2322 ) ;
#2417 =( NAMED_UNIT ( * ) PLANE_ANGLE_UNIT ( ) SI_UNIT ( $, .RADIAN. ) );
#2418 = ORIENTED_EDGE ( 'NONE', *, *, #650, .T. ) ;
#2419 = ORIENTED_EDGE ( 'NONE', *, *, #2489, .F. ) ;
#2420 = SURFACE_SIDE_STYLE ('',( #1387 ) ) ;
#2421 = ORIENTED_EDGE ( 'NONE', *, *, #1476, .T. ) ;
#2422 = FILL_AREA_STYLE_COLOUR ( '', #1572 ) ;
#2423 =( GEOMETRIC_REPRESENTATION_CONTEXT ( 3 ) GLOBAL_UNCERTAINTY_ASSIGNED_CONTEXT ( ( #860 ) ) GLOBAL_UNIT_ASSIGNED_CONTEXT ( ( #1789, #1032, #634 ) ) REPRESENTATION_CONTEXT ( 'NONE', 'WORKASPACE' ) );
#2424 = VERTEX_POINT ( 'NONE', #2058 ) ;
#2425 = AXIS2_PLACEMENT_3D ( 'NONE', #1218, #457, #1407 ) ;
#2426 = EDGE_LOOP ( 'NONE', ( #1884, #777, #993, #1242 ) ) ;
#2427 = DIRECTION ( 'NONE',  ( -1.000000000000000000, 0.000000000000000000, 0.000000000000000000 ) ) ;
#2428 = SURFACE_STYLE_USAGE ( .BOTH. , #668 ) ;
#2429 =( LENGTH_UNIT ( ) NAMED_UNIT ( * ) SI_UNIT ( .MILLI., .METRE. ) );
#2430 = SURFACE_SIDE_STYLE ('',( #695 ) ) ;
#2431 = DIRECTION ( 'NONE',  ( 0.000000000000000000, 1.000000000000000000, 0.000000000000000000 ) ) ;
#2432 = PRESENTATION_LAYER_ASSIGNMENT (  '', '', ( #938 ) ) ;
#2433 = FILL_AREA_STYLE ('',( #2460 ) ) ;
#2434 = LINE ( 'NONE', #2025, #1506 ) ;
#2435 =( NAMED_UNIT ( * ) SI_UNIT ( $, .STERADIAN. ) SOLID_ANGLE_UNIT ( ) );
#2436 = SURFACE_STYLE_USAGE ( .BOTH. , #2430 ) ;
#2437 = EDGE_CURVE ( 'NONE', #1466, #2209, #2526, .T. ) ;
#2438 = CARTESIAN_POINT ( 'NONE',  ( -1.421256890803259454, -0.5600000000000000533, 0.6012568908032596138 ) ) ;
#2439 = LINE ( 'NONE', #666, #1490 ) ;
#2440 = DIRECTION ( 'NONE',  ( -1.000000000000000000, 0.000000000000000000, 0.000000000000000000 ) ) ;
#2441 = SURFACE_SIDE_STYLE ('',( #559 ) ) ;
#2442 = VERTEX_POINT ( 'NONE', #2238 ) ;
#2443 = UNCERTAINTY_MEASURE_WITH_UNIT (LENGTH_MEASURE( 1.000000000000000082E-05 ), #1499, 'distance_accuracy_value', 'NONE');
#2444 = ORIENTED_EDGE ( 'NONE', *, *, #922, .T. ) ;
#2445 = PLANE ( 'NONE',  #1635 ) ;
#2446 = EDGE_CURVE ( 'NONE', #1293, #1646, #2335, .T. ) ;
#2447 = COLOUR_RGB ( '',1.000000000000000000, 1.000000000000000000, 1.000000000000000000 ) ;
#2448 = FILL_AREA_STYLE_COLOUR ( '', #2183 ) ;
#2449 = DIRECTION ( 'NONE',  ( 0.000000000000000000, 0.9659258262890690894, 0.2588190451025176864 ) ) ;
#2450 = ORIENTED_EDGE ( 'NONE', *, *, #260, .T. ) ;
#2451 = CYLINDRICAL_SURFACE ( 'NONE', #547, 0.1199999999999998845 ) ;
#2452 = ORIENTED_EDGE ( 'NONE', *, *, #1269, .T. ) ;
#2453 = DIRECTION ( 'NONE',  ( 0.000000000000000000, 0.000000000000000000, -1.000000000000000000 ) ) ;
#2454 = MECHANICAL_DESIGN_GEOMETRIC_PRESENTATION_REPRESENTATION (  '', ( #1010 ), #1195 ) ;
#2455 = ORIENTED_EDGE ( 'NONE', *, *, #1198, .F. ) ;
#2456 = CARTESIAN_POINT ( 'NONE',  ( -1.279999999999999805, -0.1082361909794963273, 0.9938220579133638655 ) ) ;
#2457 =( GEOMETRIC_REPRESENTATION_CONTEXT ( 3 ) GLOBAL_UNCERTAINTY_ASSIGNED_CONTEXT ( ( #62 ) ) GLOBAL_UNIT_ASSIGNED_CONTEXT ( ( #2113, #2314, #1158 ) ) REPRESENTATION_CONTEXT ( 'NONE', 'WORKASPACE' ) );
#2458 = LINE ( 'NONE', #671, #1925 ) ;
#2459 =( GEOMETRIC_REPRESENTATION_CONTEXT ( 3 ) GLOBAL_UNCERTAINTY_ASSIGNED_CONTEXT ( ( #1991 ) ) GLOBAL_UNIT_ASSIGNED_CONTEXT ( ( #1523, #1908, #2519 ) ) REPRESENTATION_CONTEXT ( 'NONE', 'WORKASPACE' ) );
#2460 = FILL_AREA_STYLE_COLOUR ( '', #1369 ) ;
#2461 = CARTESIAN_POINT ( 'NONE',  ( 0.7699999999999997957, -0.4600000000000000755, 1.212310028116111882 ) ) ;
#2462 = FACE_OUTER_BOUND ( 'NONE', #771, .T. ) ;
#2463 =( NAMED_UNIT ( * ) SI_UNIT ( $, .STERADIAN. ) SOLID_ANGLE_UNIT ( ) );
#2464 = COLOUR_RGB ( '',0.1019607843137254888, 0.1019607843137254888, 0.1019607843137254888 ) ;
#2465 = VECTOR ( 'NONE', #963, 1000.000000000000000 ) ;
#2466 = CARTESIAN_POINT ( 'NONE',  ( 0.7699999999999997957, -0.6600000000000000311, 1.212310028116111882 ) ) ;
#2467 =( NAMED_UNIT ( * ) SI_UNIT ( $, .STERADIAN. ) SOLID_ANGLE_UNIT ( ) );
#2468 = SURFACE_STYLE_FILL_AREA ( #1888 ) ;
#2469 = LINE ( 'NONE', #603, #38 ) ;
#2470 = PRESENTATION_LAYER_ASSIGNMENT (  '', '', ( #2034 ) ) ;
#2471 = CARTESIAN_POINT ( 'NONE',  ( 1.279999999999999805, -0.04000000000000004940, 2.516952492230425602E-18 ) ) ;
#2472 = APPLICATION_PROTOCOL_DEFINITION ( 'draft international standard', 'automotive_design', 1998, #344 ) ;
#2473 = ORIENTED_EDGE ( 'NONE', *, *, #2228, .T. ) ;
#2474 = FILL_AREA_STYLE ('',( #543 ) ) ;
#2475 = MECHANICAL_DESIGN_GEOMETRIC_PRESENTATION_REPRESENTATION (  '', ( #868 ), #2341 ) ;
#2476 = VECTOR ( 'NONE', #213, 1000.000000000000114 ) ;
#2477 = EDGE_LOOP ( 'NONE', ( #1943, #205, #2139, #1705 ) ) ;
#2478 = ORIENTED_EDGE ( 'NONE', *, *, #1198, .T. ) ;
#2479 = FILL_AREA_STYLE ('',( #1503 ) ) ;
#2480 = UNCERTAINTY_MEASURE_WITH_UNIT (LENGTH_MEASURE( 1.000000000000000082E-05 ), #889, 'distance_accuracy_value', 'NONE');
#2481 = ORIENTED_EDGE ( 'NONE', *, *, #1021, .T. ) ;
#2482 = ORIENTED_EDGE ( 'NONE', *, *, #350, .T. ) ;
#2483 = EDGE_CURVE ( 'NONE', #2232, #1547, #1987, .T. ) ;
#2484 = COLOUR_RGB ( '',1.000000000000000000, 1.000000000000000000, 1.000000000000000000 ) ;
#2485 = ORIENTED_EDGE ( 'NONE', *, *, #1476, .F. ) ;
#2486 = PRODUCT_DEFINITION_CONTEXT ( 'detailed design', #344, 'design' ) ;
#2487 = CARTESIAN_POINT ( 'NONE',  ( 0.2550000000000000044, -0.04000000000000000083, -0.8006368926555492704 ) ) ;
#2488 = VECTOR ( 'NONE', #1831, 1000.000000000000000 ) ;
#2489 = EDGE_CURVE ( 'NONE', #2272, #1947, #460, .T. ) ;
#2490 =( GEOMETRIC_REPRESENTATION_CONTEXT ( 3 ) GLOBAL_UNCERTAINTY_ASSIGNED_CONTEXT ( ( #1395 ) ) GLOBAL_UNIT_ASSIGNED_CONTEXT ( ( #2040, #1078, #2022 ) ) REPRESENTATION_CONTEXT ( 'NONE', 'WORKASPACE' ) );
#2491 =( NAMED_UNIT ( * ) SI_UNIT ( $, .STERADIAN. ) SOLID_ANGLE_UNIT ( ) );
#2492 = DIRECTION ( 'NONE',  ( -1.000000000000000000, 0.000000000000000000, 0.000000000000000000 ) ) ;
#2493 = SURFACE_STYLE_USAGE ( .BOTH. , #562 ) ;
#2494 = LINE ( 'NONE', #541, #1457 ) ;
#2495 = EDGE_CURVE ( 'NONE', #743, #1858, #1098, .T. ) ;
#2496 = CARTESIAN_POINT ( 'NONE',  ( -0.2550000000000000044, 0.1197070501639831697, -0.6788924172750681052 ) ) ;
#2497 = COLOUR_RGB ( '',1.000000000000000000, 1.000000000000000000, 1.000000000000000000 ) ;
#2498 = VECTOR ( 'NONE', #1403, 1000.000000000000000 ) ;
#2499 = DIRECTION ( 'NONE',  ( 0.000000000000000000, -0.9659258262890693114, 0.2588190451025169647 ) ) ;
#2500 = COLOUR_RGB ( '',1.000000000000000000, 1.000000000000000000, 1.000000000000000000 ) ;
#2501 =( NAMED_UNIT ( * ) SI_UNIT ( $, .STERADIAN. ) SOLID_ANGLE_UNIT ( ) );
#2502 = VECTOR ( 'NONE', #1682, 1000.000000000000114 ) ;
#2503 = PRESENTATION_LAYER_ASSIGNMENT (  '', '', ( #2115 ) ) ;
#2504 = PLANE ( 'NONE',  #975 ) ;
#2505 = DIRECTION ( 'NONE',  ( 0.000000000000000000, 0.9848077530122083534, 0.1736481776669290822 ) ) ;
#2506 = SURFACE_STYLE_FILL_AREA ( #1231 ) ;
#2507 = STYLED_ITEM ( 'NONE', ( #814 ), #1401 ) ;
#2508 = ORIENTED_EDGE ( 'NONE', *, *, #2050, .F. ) ;
#2509 = MECHANICAL_DESIGN_GEOMETRIC_PRESENTATION_REPRESENTATION (  '', ( #1582 ), #551 ) ;
#2510 = SURFACE_SIDE_STYLE ('',( #1500 ) ) ;
#2511 = VERTEX_POINT ( 'NONE', #2456 ) ;
#2512 = UNCERTAINTY_MEASURE_WITH_UNIT (LENGTH_MEASURE( 1.000000000000000082E-05 ), #1149, 'distance_accuracy_value', 'NONE');
#2513 = FILL_AREA_STYLE ('',( #924 ) ) ;
#2514 = VERTEX_POINT ( 'NONE', #1657 ) ;
#2515 = SURFACE_SIDE_STYLE ('',( #1807 ) ) ;
#2516 = ORIENTED_EDGE ( 'NONE', *, *, #495, .T. ) ;
#2517 = VECTOR ( 'NONE', #92, 1000.000000000000114 ) ;
#2518 = VERTEX_POINT ( 'NONE', #873 ) ;
#2519 =( NAMED_UNIT ( * ) SI_UNIT ( $, .STERADIAN. ) SOLID_ANGLE_UNIT ( ) );
#2520 = SURFACE_STYLE_USAGE ( .BOTH. , #2510 ) ;
#2521 = ADVANCED_FACE ( 'NONE', ( #943 ), #2445, .T. ) ;
#2522 = COLOUR_RGB ( '',1.000000000000000000, 1.000000000000000000, 1.000000000000000000 ) ;
#2523 = CARTESIAN_POINT ( 'NONE',  ( -1.279999999999999805, -0.4910582854123022312, 1.096398928961423547 ) ) ;
#2524 = MECHANICAL_DESIGN_GEOMETRIC_PRESENTATION_REPRESENTATION (  '', ( #2034 ), #390 ) ;
#2525 = SURFACE_STYLE_FILL_AREA ( #1810 ) ;
#2526 = LINE ( 'NONE', #327, #754 ) ;
#2527 = EDGE_CURVE ( 'NONE', #2352, #1211, #1452, .T. ) ;
#2528 = UNCERTAINTY_MEASURE_WITH_UNIT (LENGTH_MEASURE( 1.000000000000000082E-05 ), #2178, 'distance_accuracy_value', 'NONE');
#2529 = PRESENTATION_LAYER_ASSIGNMENT (  '', '', ( #1835 ) ) ;
#2530 = COLOUR_RGB ( '',0.7921568627450980005, 0.8196078431372548767, 0.9333333333333333481 ) ;
#2531 = CARTESIAN_POINT ( 'NONE',  ( 0.7699999999999997957, -0.6600000000000000311, 0.000000000000000000 ) ) ;
#2532 = DIRECTION ( 'NONE',  ( -1.000000000000000000, 0.000000000000000000, 0.000000000000000000 ) ) ;
#2533 = DIRECTION ( 'NONE',  ( 1.000000000000000000, -0.000000000000000000, 0.000000000000000000 ) ) ;
ENDSEC;
END-ISO-10303-21;
