ISO-10303-21;
HEADER;
FILE_DESCRIPTION (( 'STEP AP214' ),
    '1' );
FILE_NAME ('Vl53l0x.STEP',
    '2023-06-26T20:08:03',
    ( '' ),
    ( '' ),
    'SwSTEP 2.0',
    'SolidWorks 2020',
    '' );
FILE_SCHEMA (( 'AUTOMOTIVE_DESIGN' ));
ENDSEC;

DATA;
#1 = ORIENTED_EDGE ( 'NONE', *, *, #4990, .T. ) ;
#2 = CARTESIAN_POINT ( 'NONE',  ( 6.349999999999999645, 4.829999999999998295, -2.000000000000000000 ) ) ;
#3 = FILL_AREA_STYLE ('',( #6151 ) ) ;
#4 = EDGE_LOOP ( 'NONE', ( #8562, #6744, #7294, #2260 ) ) ;
#5 = AXIS2_PLACEMENT_3D ( 'NONE', #4798, #2762, #4848 ) ;
#6 = ORIENTED_EDGE ( 'NONE', *, *, #517, .F. ) ;
#7 = MECHANICAL_DESIGN_GEOMETRIC_PRESENTATION_REPRESENTATION (  '', ( #2001 ), #2734 ) ;
#8 = DIRECTION ( 'NONE',  ( -0.000000000000000000, -0.000000000000000000, -1.000000000000000000 ) ) ;
#9 = VECTOR ( 'NONE', #3704, 1000.000000000000000 ) ;
#10 = ORIENTED_EDGE ( 'NONE', *, *, #3644, .F. ) ;
#11 = CARTESIAN_POINT ( 'NONE',  ( 1.068326999829344315, -3.005484622322586841, -2.000000000000000000 ) ) ;
#12 = SURFACE_STYLE_USAGE ( .BOTH. , #4781 ) ;
#13 = AXIS2_PLACEMENT_3D ( 'NONE', #1257, #8099, #2173 ) ;
#14 = VECTOR ( 'NONE', #8498, 1000.000000000000000 ) ;
#15 =( GEOMETRIC_REPRESENTATION_CONTEXT ( 3 ) GLOBAL_UNCERTAINTY_ASSIGNED_CONTEXT ( ( #893 ) ) GLOBAL_UNIT_ASSIGNED_CONTEXT ( ( #597, #5339, #553 ) ) REPRESENTATION_CONTEXT ( 'NONE', 'WORKASPACE' ) );
#16 = DIRECTION ( 'NONE',  ( -0.000000000000000000, -0.000000000000000000, -1.000000000000000000 ) ) ;
#17 = LINE ( 'NONE', #5438, #3384 ) ;
#18 = DIRECTION ( 'NONE',  ( 0.000000000000000000, -1.000000000000000000, 0.000000000000000000 ) ) ;
#19 =( NAMED_UNIT ( * ) PLANE_ANGLE_UNIT ( ) SI_UNIT ( $, .RADIAN. ) );
#20 = DIRECTION ( 'NONE',  ( 0.000000000000000000, 0.000000000000000000, -1.000000000000000000 ) ) ;
#21 = ORIENTED_EDGE ( 'NONE', *, *, #2503, .T. ) ;
#22 = COLOUR_RGB ( '',0.2509803921568627416, 0.2509803921568627416, 0.2509803921568627416 ) ;
#23 = CARTESIAN_POINT ( 'NONE',  ( -7.500000000000000000, 5.728180208693597564, 0.000000000000000000 ) ) ;
#24 =( NAMED_UNIT ( * ) PLANE_ANGLE_UNIT ( ) SI_UNIT ( $, .RADIAN. ) );
#25 = ORIENTED_EDGE ( 'NONE', *, *, #6329, .F. ) ;
#26 =( NAMED_UNIT ( * ) SI_UNIT ( $, .STERADIAN. ) SOLID_ANGLE_UNIT ( ) );
#27 = DIRECTION ( 'NONE',  ( 0.000000000000000000, 1.000000000000000000, 0.000000000000000000 ) ) ;
#28 = COLOUR_RGB ( '',0.7960784313725489669, 0.8235294117647058432, 0.9372549019607843146 ) ;
#29 = SURFACE_SIDE_STYLE ('',( #4175 ) ) ;
#30 =( LENGTH_UNIT ( ) NAMED_UNIT ( * ) SI_UNIT ( .MILLI., .METRE. ) );
#31 = ORIENTED_EDGE ( 'NONE', *, *, #1020, .T. ) ;
#32 = CARTESIAN_POINT ( 'NONE',  ( -2.938471846222877826, 0.000000000000000000, 0.1499999999999999944 ) ) ;
#33 = VERTEX_POINT ( 'NONE', #7285 ) ;
#34 = VERTEX_POINT ( 'NONE', #1129 ) ;
#35 = EDGE_CURVE ( 'NONE', #3179, #2334, #3878, .T. ) ;
#36 = EDGE_CURVE ( 'NONE', #6876, #4665, #435, .T. ) ;
#37 = ADVANCED_FACE ( 'NONE', ( #1258 ), #3923, .T. ) ;
#38 = ORIENTED_EDGE ( 'NONE', *, *, #7435, .T. ) ;
#39 = DIRECTION ( 'NONE',  ( -0.000000000000000000, 1.000000000000000000, -0.000000000000000000 ) ) ;
#40 = FILL_AREA_STYLE ('',( #2687 ) ) ;
#41 = PRESENTATION_LAYER_ASSIGNMENT (  '', '', ( #591 ) ) ;
#42 = UNCERTAINTY_MEASURE_WITH_UNIT (LENGTH_MEASURE( 1.000000000000000082E-05 ), #279, 'distance_accuracy_value', 'NONE');
#43 = SURFACE_STYLE_USAGE ( .BOTH. , #6836 ) ;
#44 = ORIENTED_EDGE ( 'NONE', *, *, #735, .T. ) ;
#45 = CARTESIAN_POINT ( 'NONE',  ( 1.813148036665242602, 0.000000000000000000, 0.1499999999999999944 ) ) ;
#46 = PRESENTATION_LAYER_ASSIGNMENT (  '', '', ( #744 ) ) ;
#47 = CARTESIAN_POINT ( 'NONE',  ( -5.390576079945590848, -0.7767525643175616779, 0.1500000000000000222 ) ) ;
#48 = ORIENTED_EDGE ( 'NONE', *, *, #8184, .T. ) ;
#49 = DIRECTION ( 'NONE',  ( 0.000000000000000000, 0.000000000000000000, 1.000000000000000000 ) ) ;
#50 = SURFACE_STYLE_USAGE ( .BOTH. , #5474 ) ;
#51 = LINE ( 'NONE', #4239, #2533 ) ;
#52 = FILL_AREA_STYLE_COLOUR ( '', #2034 ) ;
#53 = DIRECTION ( 'NONE',  ( 0.000000000000000000, -1.000000000000000000, 0.000000000000000000 ) ) ;
#54 = LINE ( 'NONE', #4158, #6539 ) ;
#55 = DIRECTION ( 'NONE',  ( -0.000000000000000000, 0.000000000000000000, -1.000000000000000000 ) ) ;
#56 = SURFACE_STYLE_FILL_AREA ( #2706 ) ;
#57 =( NAMED_UNIT ( * ) SI_UNIT ( $, .STERADIAN. ) SOLID_ANGLE_UNIT ( ) );
#58 = CARTESIAN_POINT ( 'NONE',  ( -1.480492736483534744, 0.2332654097976024077, 0.1500000000000000222 ) ) ;
#59 = ORIENTED_EDGE ( 'NONE', *, *, #1607, .T. ) ;
#60 = DIRECTION ( 'NONE',  ( -0.000000000000000000, 1.000000000000000000, -0.000000000000000000 ) ) ;
#61 =( NAMED_UNIT ( * ) SI_UNIT ( $, .STERADIAN. ) SOLID_ANGLE_UNIT ( ) );
#62 = CIRCLE ( 'NONE', #480, 0.6499999999999995781 ) ;
#63 = LINE ( 'NONE', #6811, #7443 ) ;
#64 = CARTESIAN_POINT ( 'NONE',  ( 4.650921065566159918, 0.1761656672350274677, 0.2999999999999999889 ) ) ;
#65 = EDGE_CURVE ( 'NONE', #8497, #8567, #3235, .T. ) ;
#66 = FILL_AREA_STYLE_COLOUR ( '', #6085 ) ;
#67 = DIRECTION ( 'NONE',  ( 0.000000000000000000, -0.000000000000000000, 1.000000000000000000 ) ) ;
#68 = VERTEX_POINT ( 'NONE', #8722 ) ;
#69 = PRESENTATION_LAYER_ASSIGNMENT (  '', '', ( #7787 ) ) ;
#70 = DIRECTION ( 'NONE',  ( 0.000000000000000000, 1.000000000000000000, 0.000000000000000000 ) ) ;
#71 = COLOUR_RGB ( '',1.000000000000000000, 1.000000000000000000, 1.000000000000000000 ) ;
#72 = EDGE_LOOP ( 'NONE', ( #5675, #7339 ) ) ;
#73 = EDGE_LOOP ( 'NONE', ( #2855, #8035, #5217, #8459 ) ) ;
#74 = DIRECTION ( 'NONE',  ( 0.000000000000000000, 1.000000000000000000, 0.000000000000000000 ) ) ;
#75 = VECTOR ( 'NONE', #7620, 1000.000000000000000 ) ;
#76 = VECTOR ( 'NONE', #2149, 1000.000000000000000 ) ;
#77 = ORIENTED_EDGE ( 'NONE', *, *, #1290, .T. ) ;
#78 = EDGE_CURVE ( 'NONE', #1139, #2508, #2611, .T. ) ;
#79 = SURFACE_SIDE_STYLE ('',( #5425 ) ) ;
#80 = AXIS2_PLACEMENT_3D ( 'NONE', #3499, #1305, #622 ) ;
#81 = UNCERTAINTY_MEASURE_WITH_UNIT (LENGTH_MEASURE( 1.000000000000000082E-05 ), #6661, 'distance_accuracy_value', 'NONE');
#82 =( GEOMETRIC_REPRESENTATION_CONTEXT ( 3 ) GLOBAL_UNCERTAINTY_ASSIGNED_CONTEXT ( ( #6324 ) ) GLOBAL_UNIT_ASSIGNED_CONTEXT ( ( #5346, #7492, #6244 ) ) REPRESENTATION_CONTEXT ( 'NONE', 'WORKASPACE' ) );
#83 =( LENGTH_UNIT ( ) NAMED_UNIT ( * ) SI_UNIT ( .MILLI., .METRE. ) );
#84 = ORIENTED_EDGE ( 'NONE', *, *, #3275, .T. ) ;
#85 = EDGE_CURVE ( 'NONE', #1596, #5725, #7941, .T. ) ;
#86 = SURFACE_STYLE_FILL_AREA ( #6237 ) ;
#87 = CYLINDRICAL_SURFACE ( 'NONE', #3324, 2.800000000000000266 ) ;
#88 = ORIENTED_EDGE ( 'NONE', *, *, #678, .F. ) ;
#89 = UNCERTAINTY_MEASURE_WITH_UNIT (LENGTH_MEASURE( 1.000000000000000082E-05 ), #689, 'distance_accuracy_value', 'NONE');
#90 = EDGE_CURVE ( 'NONE', #1545, #7106, #8763, .T. ) ;
#91 = VECTOR ( 'NONE', #3155, 1000.000000000000000 ) ;
#92 = EDGE_CURVE ( 'NONE', #6028, #5116, #3578, .T. ) ;
#93 =( LENGTH_UNIT ( ) NAMED_UNIT ( * ) SI_UNIT ( .MILLI., .METRE. ) );
#94 = CARTESIAN_POINT ( 'NONE',  ( 5.520000000000001350, 3.999999999999999112, 3.017654449115060089 ) ) ;
#95 =( GEOMETRIC_REPRESENTATION_CONTEXT ( 3 ) GLOBAL_UNCERTAINTY_ASSIGNED_CONTEXT ( ( #4994 ) ) GLOBAL_UNIT_ASSIGNED_CONTEXT ( ( #5167, #5403, #1936 ) ) REPRESENTATION_CONTEXT ( 'NONE', 'WORKASPACE' ) );
#96 = SURFACE_STYLE_USAGE ( .BOTH. , #6294 ) ;
#97 = STYLED_ITEM ( 'NONE', ( #3454 ), #7092 ) ;
#98 = PRESENTATION_STYLE_ASSIGNMENT (( #3589 ) ) ;
#99 = SURFACE_SIDE_STYLE ('',( #7628 ) ) ;
#100 = CYLINDRICAL_SURFACE ( 'NONE', #3498, 0.5702963728963384993 ) ;
#101 = DIRECTION ( 'NONE',  ( 1.000000000000000000, 1.304779308234270448E-16, 0.000000000000000000 ) ) ;
#102 = CARTESIAN_POINT ( 'NONE',  ( -4.890165539036997799, 0.000000000000000000, 0.1499999999999999944 ) ) ;
#103 = DIRECTION ( 'NONE',  ( 1.000000000000000000, 0.000000000000000000, 0.000000000000000000 ) ) ;
#104 = ORIENTED_EDGE ( 'NONE', *, *, #7108, .T. ) ;
#105 = DIRECTION ( 'NONE',  ( -0.000000000000000000, -0.000000000000000000, -1.000000000000000000 ) ) ;
#106 = CARTESIAN_POINT ( 'NONE',  ( -11.94655025073976162, 3.000000000000000000, 0.000000000000000000 ) ) ;
#107 = FACE_OUTER_BOUND ( 'NONE', #5031, .T. ) ;
#108 = LINE ( 'NONE', #2838, #5509 ) ;
#109 = FACE_OUTER_BOUND ( 'NONE', #2653, .T. ) ;
#110 = PRESENTATION_STYLE_ASSIGNMENT (( #1580 ) ) ;
#111 = FACE_OUTER_BOUND ( 'NONE', #8811, .T. ) ;
#112 = VERTEX_POINT ( 'NONE', #126 ) ;
#113 = SURFACE_SIDE_STYLE ('',( #8298 ) ) ;
#114 =( GEOMETRIC_REPRESENTATION_CONTEXT ( 3 ) GLOBAL_UNCERTAINTY_ASSIGNED_CONTEXT ( ( #2406 ) ) GLOBAL_UNIT_ASSIGNED_CONTEXT ( ( #6722, #2577, #5325 ) ) REPRESENTATION_CONTEXT ( 'NONE', 'WORKASPACE' ) );
#115 = ORIENTED_EDGE ( 'NONE', *, *, #6740, .F. ) ;
#116 = ORIENTED_EDGE ( 'NONE', *, *, #8184, .F. ) ;
#117 = EDGE_CURVE ( 'NONE', #4935, #1500, #5394, .T. ) ;
#118 = ORIENTED_EDGE ( 'NONE', *, *, #8392, .T. ) ;
#119 = CARTESIAN_POINT ( 'NONE',  ( 0.4913539421220920467, -0.3913831919116189106, 0.000000000000000000 ) ) ;
#120 = VECTOR ( 'NONE', #6581, 1000.000000000000000 ) ;
#121 = PRESENTATION_STYLE_ASSIGNMENT (( #3572 ) ) ;
#122 = DIRECTION ( 'NONE',  ( 1.000000000000000000, 0.000000000000000000, -0.000000000000000000 ) ) ;
#123 = PLANE ( 'NONE',  #3098 ) ;
#124 =( NAMED_UNIT ( * ) PLANE_ANGLE_UNIT ( ) SI_UNIT ( $, .RADIAN. ) );
#125 = VERTEX_POINT ( 'NONE', #8406 ) ;
#126 = CARTESIAN_POINT ( 'NONE',  ( 0.4400000000000001688, 4.899999999999998579, 3.017654449115059201 ) ) ;
#127 = DIRECTION ( 'NONE',  ( 0.000000000000000000, 0.000000000000000000, -1.000000000000000000 ) ) ;
#128 = DIRECTION ( 'NONE',  ( 1.000000000000000000, 1.105517393483657870E-16, -0.000000000000000000 ) ) ;
#129 = ORIENTED_EDGE ( 'NONE', *, *, #7369, .T. ) ;
#130 = SURFACE_STYLE_FILL_AREA ( #3631 ) ;
#131 = LINE ( 'NONE', #792, #3688 ) ;
#132 = FILL_AREA_STYLE ('',( #52 ) ) ;
#133 = AXIS2_PLACEMENT_3D ( 'NONE', #7338, #3332, #505 ) ;
#134 = EDGE_CURVE ( 'NONE', #7464, #3574, #170, .T. ) ;
#135 = EDGE_CURVE ( 'NONE', #3224, #5518, #6059, .T. ) ;
#136 = SURFACE_STYLE_FILL_AREA ( #4502 ) ;
#137 = EDGE_CURVE ( 'NONE', #4320, #8477, #5639, .T. ) ;
#138 = DIRECTION ( 'NONE',  ( -0.000000000000000000, -0.000000000000000000, -1.000000000000000000 ) ) ;
#139 = FILL_AREA_STYLE ('',( #2827 ) ) ;
#140 = PLANE ( 'NONE',  #5959 ) ;
#141 = DIRECTION ( 'NONE',  ( -0.000000000000000000, 1.000000000000000000, 0.000000000000000000 ) ) ;
#142 = VECTOR ( 'NONE', #7843, 1000.000000000000000 ) ;
#143 = FACE_OUTER_BOUND ( 'NONE', #7178, .T. ) ;
#144 = CARTESIAN_POINT ( 'NONE',  ( -2.099999999999999645, 4.899999999999998579, 2.000000000000000000 ) ) ;
#145 = CARTESIAN_POINT ( 'NONE',  ( -6.280000000000000249, 7.641130724221518733, 3.017654449115059201 ) ) ;
#146 = ORIENTED_EDGE ( 'NONE', *, *, #3148, .F. ) ;
#147 = LINE ( 'NONE', #7841, #1449 ) ;
#148 = COLOUR_RGB ( '',0.2509803921568627416, 0.2509803921568627416, 0.2509803921568627416 ) ;
#149 =( GEOMETRIC_REPRESENTATION_CONTEXT ( 3 ) GLOBAL_UNCERTAINTY_ASSIGNED_CONTEXT ( ( #7800 ) ) GLOBAL_UNIT_ASSIGNED_CONTEXT ( ( #2732, #1697, #1160 ) ) REPRESENTATION_CONTEXT ( 'NONE', 'WORKASPACE' ) );
#150 = DIRECTION ( 'NONE',  ( -0.000000000000000000, -0.000000000000000000, -1.000000000000000000 ) ) ;
#151 = CARTESIAN_POINT ( 'NONE',  ( -2.938471846222877826, 0.9979665374599516747, 0.000000000000000000 ) ) ;
#152 = SURFACE_STYLE_USAGE ( .BOTH. , #6910 ) ;
#153 = PLANE ( 'NONE',  #5369 ) ;
#154 = DIRECTION ( 'NONE',  ( 0.000000000000000000, -1.000000000000000000, 0.000000000000000000 ) ) ;
#155 = LINE ( 'NONE', #4890, #7409 ) ;
#156 = CIRCLE ( 'NONE', #8579, 0.2145018023815153663 ) ;
#157 = PRESENTATION_STYLE_ASSIGNMENT (( #3709 ) ) ;
#158 = PLANE ( 'NONE',  #6472 ) ;
#159 = ORIENTED_EDGE ( 'NONE', *, *, #3046, .F. ) ;
#160 = ORIENTED_EDGE ( 'NONE', *, *, #7964, .F. ) ;
#161 = SURFACE_STYLE_USAGE ( .BOTH. , #5460 ) ;
#162 = PRESENTATION_LAYER_ASSIGNMENT (  '', '', ( #4194 ) ) ;
#163 = VERTEX_POINT ( 'NONE', #4951 ) ;
#164 = LINE ( 'NONE', #2811, #565 ) ;
#165 = DIRECTION ( 'NONE',  ( -0.000000000000000000, 0.000000000000000000, -1.000000000000000000 ) ) ;
#166 = EDGE_LOOP ( 'NONE', ( #2741, #4488, #959, #5335 ) ) ;
#167 =( NAMED_UNIT ( * ) PLANE_ANGLE_UNIT ( ) SI_UNIT ( $, .RADIAN. ) );
#168 =( LENGTH_UNIT ( ) NAMED_UNIT ( * ) SI_UNIT ( .MILLI., .METRE. ) );
#169 = EDGE_LOOP ( 'NONE', ( #645, #7559, #7204, #5417 ) ) ;
#170 = LINE ( 'NONE', #8818, #4120 ) ;
#171 = FILL_AREA_STYLE_COLOUR ( '', #8316 ) ;
#172 = VERTEX_POINT ( 'NONE', #2272 ) ;
#173 = MECHANICAL_DESIGN_GEOMETRIC_PRESENTATION_REPRESENTATION (  '', ( #3186 ), #8463 ) ;
#174 =( LENGTH_UNIT ( ) NAMED_UNIT ( * ) SI_UNIT ( .MILLI., .METRE. ) );
#175 = VECTOR ( 'NONE', #8572, 1000.000000000000000 ) ;
#176 = UNCERTAINTY_MEASURE_WITH_UNIT (LENGTH_MEASURE( 1.000000000000000082E-05 ), #1060, 'distance_accuracy_value', 'NONE');
#177 = FILL_AREA_STYLE_COLOUR ( '', #7606 ) ;
#178 = LINE ( 'NONE', #7754, #4759 ) ;
#179 = CARTESIAN_POINT ( 'NONE',  ( 0.000000000000000000, -4.385197194226567952, 0.5000000000000000000 ) ) ;
#180 = DIRECTION ( 'NONE',  ( 9.571434588722592181E-16, -1.000000000000000000, 0.000000000000000000 ) ) ;
#181 = CARTESIAN_POINT ( 'NONE',  ( 2.363148036665242646, 0.8197776927927701296, 0.000000000000000000 ) ) ;
#182 = EDGE_CURVE ( 'NONE', #502, #2585, #3321, .T. ) ;
#183 = VERTEX_POINT ( 'NONE', #6280 ) ;
#184 = ADVANCED_FACE ( 'NONE', ( #5434 ), #1466, .F. ) ;
#185 = EDGE_CURVE ( 'NONE', #3860, #7519, #572, .T. ) ;
#186 = EDGE_CURVE ( 'NONE', #3711, #2585, #7703, .T. ) ;
#187 = DIRECTION ( 'NONE',  ( 0.000000000000000000, -0.000000000000000000, 1.000000000000000000 ) ) ;
#188 = LINE ( 'NONE', #4928, #3065 ) ;
#189 = MECHANICAL_DESIGN_GEOMETRIC_PRESENTATION_REPRESENTATION (  '', ( #359 ), #5803 ) ;
#190 = SURFACE_SIDE_STYLE ('',( #950 ) ) ;
#191 = CARTESIAN_POINT ( 'NONE',  ( 0.000000000000000000, -0.8913831919116188551, 0.1499999999999999944 ) ) ;
#192 = CIRCLE ( 'NONE', #8364, 0.8278507393618635968 ) ;
#193 = PRESENTATION_STYLE_ASSIGNMENT (( #7811 ) ) ;
#194 = FACE_OUTER_BOUND ( 'NONE', #8639, .T. ) ;
#195 = EDGE_CURVE ( 'NONE', #8746, #3216, #4323, .T. ) ;
#196 = ADVANCED_FACE ( 'NONE', ( #3627 ), #1597, .T. ) ;
#197 = ORIENTED_EDGE ( 'NONE', *, *, #7005, .T. ) ;
#198 = EDGE_LOOP ( 'NONE', ( #6682, #1659 ) ) ;
#200 = PRESENTATION_STYLE_ASSIGNMENT (( #862 ) ) ;
#199 = AXIS2_PLACEMENT_3D ( 'NONE', #8117, #5581, #5447 ) ;
#201 = ADVANCED_FACE ( 'NONE', ( #5169 ), #1687, .F. ) ;
#202 = ORIENTED_EDGE ( 'NONE', *, *, #6289, .F. ) ;
#203 = VECTOR ( 'NONE', #904, 1000.000000000000000 ) ;
#204 = LINE ( 'NONE', #1007, #3423 ) ;
#205 =( NAMED_UNIT ( * ) SI_UNIT ( $, .STERADIAN. ) SOLID_ANGLE_UNIT ( ) );
#206 = FACE_OUTER_BOUND ( 'NONE', #3570, .T. ) ;
#207 = UNCERTAINTY_MEASURE_WITH_UNIT (LENGTH_MEASURE( 1.000000000000000082E-05 ), #6606, 'distance_accuracy_value', 'NONE');
#208 = VECTOR ( 'NONE', #243, 1000.000000000000000 ) ;
#209 = CARTESIAN_POINT ( 'NONE',  ( 0.6913539421220920023, -0.8913831919116188551, 0.1499999999999999944 ) ) ;
#210 = PRESENTATION_LAYER_ASSIGNMENT (  '', '', ( #8775 ) ) ;
#211 = STYLED_ITEM ( 'NONE', ( #157 ), #3802 ) ;
#212 = ORIENTED_EDGE ( 'NONE', *, *, #7756, .F. ) ;
#213 = SURFACE_STYLE_FILL_AREA ( #7004 ) ;
#214 = VECTOR ( 'NONE', #1552, 1000.000000000000000 ) ;
#215 = DIRECTION ( 'NONE',  ( 1.000000000000000000, 0.000000000000000000, -0.000000000000000000 ) ) ;
#216 = ORIENTED_EDGE ( 'NONE', *, *, #1879, .T. ) ;
#217 = FILL_AREA_STYLE ('',( #6379 ) ) ;
#218 = VECTOR ( 'NONE', #3012, 1000.000000000000000 ) ;
#219 = LINE ( 'NONE', #1112, #6969 ) ;
#220 = VECTOR ( 'NONE', #3392, 1000.000000000000000 ) ;
#221 = SURFACE_STYLE_FILL_AREA ( #6380 ) ;
#222 = MECHANICAL_DESIGN_GEOMETRIC_PRESENTATION_REPRESENTATION (  '', ( #5524 ), #3510 ) ;
#223 = ORIENTED_EDGE ( 'NONE', *, *, #5351, .F. ) ;
#224 =( GEOMETRIC_REPRESENTATION_CONTEXT ( 3 ) GLOBAL_UNCERTAINTY_ASSIGNED_CONTEXT ( ( #526 ) ) GLOBAL_UNIT_ASSIGNED_CONTEXT ( ( #5782, #8454, #2368 ) ) REPRESENTATION_CONTEXT ( 'NONE', 'WORKASPACE' ) );
#225 = COLOUR_RGB ( '',1.000000000000000000, 1.000000000000000000, 1.000000000000000000 ) ;
#226 = SURFACE_STYLE_USAGE ( .BOTH. , #1692 ) ;
#227 = SURFACE_STYLE_FILL_AREA ( #132 ) ;
#228 = EDGE_CURVE ( 'NONE', #2476, #1892, #6509, .T. ) ;
#229 = LINE ( 'NONE', #3635, #4191 ) ;
#230 = VECTOR ( 'NONE', #625, 1000.000000000000000 ) ;
#231 = SURFACE_STYLE_USAGE ( .BOTH. , #5572 ) ;
#232 = LINE ( 'NONE', #2961, #4415 ) ;
#233 = CARTESIAN_POINT ( 'NONE',  ( -8.000000000000000000, 6.099999999999998757, 0.000000000000000000 ) ) ;
#234 = SURFACE_STYLE_USAGE ( .BOTH. , #3783 ) ;
#235 = VERTEX_POINT ( 'NONE', #5210 ) ;
#236 = MECHANICAL_DESIGN_GEOMETRIC_PRESENTATION_REPRESENTATION (  '', ( #8657 ), #658 ) ;
#237 = PRESENTATION_STYLE_ASSIGNMENT (( #5709 ) ) ;
#238 = STYLED_ITEM ( 'NONE', ( #4335 ), #3015 ) ;
#239 =( LENGTH_UNIT ( ) NAMED_UNIT ( * ) SI_UNIT ( .MILLI., .METRE. ) );
#240 = LINE ( 'NONE', #990, #2576 ) ;
#241 = CARTESIAN_POINT ( 'NONE',  ( 1.269999999999999352, 4.827278989943721399, -2.000000000000000000 ) ) ;
#242 = SURFACE_STYLE_FILL_AREA ( #993 ) ;
#243 = DIRECTION ( 'NONE',  ( -0.000000000000000000, -0.000000000000000000, -1.000000000000000000 ) ) ;
#244 = STYLED_ITEM ( 'NONE', ( #3434 ), #7436 ) ;
#245 = DIRECTION ( 'NONE',  ( -1.000000000000000000, 0.000000000000000000, 0.000000000000000000 ) ) ;
#246 = DIRECTION ( 'NONE',  ( -1.000000000000000000, 0.000000000000000000, 0.000000000000000000 ) ) ;
#247 = EDGE_CURVE ( 'NONE', #7655, #584, #8152, .T. ) ;
#248 = CARTESIAN_POINT ( 'NONE',  ( -3.043598800306995096E-17, 0.2332654097976025742, 0.1499999999999999944 ) ) ;
#249 = SURFACE_SIDE_STYLE ('',( #3798 ) ) ;
#250 = ORIENTED_EDGE ( 'NONE', *, *, #836, .F. ) ;
#251 = ORIENTED_EDGE ( 'NONE', *, *, #8336, .F. ) ;
#252 = PRESENTATION_LAYER_ASSIGNMENT (  '', '', ( #1666 ) ) ;
#253 = EDGE_CURVE ( 'NONE', #2492, #5911, #3088, .T. ) ;
#254 = SURFACE_SIDE_STYLE ('',( #3670 ) ) ;
#255 = VERTEX_POINT ( 'NONE', #1111 ) ;
#256 = FACE_OUTER_BOUND ( 'NONE', #2459, .T. ) ;
#257 = ADVANCED_FACE ( 'NONE', ( #5250 ), #431, .T. ) ;
#258 = CARTESIAN_POINT ( 'NONE',  ( 6.420000000000000817, 4.899999999999998579, 3.017654449115059201 ) ) ;
#259 = EDGE_CURVE ( 'NONE', #7474, #733, #3070, .T. ) ;
#260 = AXIS2_PLACEMENT_3D ( 'NONE', #2685, #6144, #1460 ) ;
#261 = CARTESIAN_POINT ( 'NONE',  ( -5.285226492385886488, 0.6740263370552496136, 0.000000000000000000 ) ) ;
#262 = ORIENTED_EDGE ( 'NONE', *, *, #2607, .T. ) ;
#263 = SURFACE_STYLE_USAGE ( .BOTH. , #1016 ) ;
#264 = ORIENTED_EDGE ( 'NONE', *, *, #2925, .T. ) ;
#265 = LINE ( 'NONE', #6511, #3474 ) ;
#266 = ORIENTED_EDGE ( 'NONE', *, *, #6211, .F. ) ;
#267 = VECTOR ( 'NONE', #3749, 1000.000000000000000 ) ;
#268 = DIRECTION ( 'NONE',  ( -1.000000000000000000, 0.000000000000000000, 0.000000000000000000 ) ) ;
#269 = EDGE_LOOP ( 'NONE', ( #3213, #2564, #3472, #2736 ) ) ;
#270 = FACE_OUTER_BOUND ( 'NONE', #1918, .T. ) ;
#271 = VECTOR ( 'NONE', #866, 1000.000000000000000 ) ;
#272 = LINE ( 'NONE', #6298, #1715 ) ;
#273 = LINE ( 'NONE', #6302, #7121 ) ;
#274 = DIRECTION ( 'NONE',  ( -1.000000000000000000, -0.000000000000000000, -0.000000000000000000 ) ) ;
#275 = CARTESIAN_POINT ( 'NONE',  ( -10.94655025073975985, 4.336808689942017736E-16, 0.000000000000000000 ) ) ;
#276 =( LENGTH_UNIT ( ) NAMED_UNIT ( * ) SI_UNIT ( .MILLI., .METRE. ) );
#277 = VERTEX_POINT ( 'NONE', #8388 ) ;
#278 = UNCERTAINTY_MEASURE_WITH_UNIT (LENGTH_MEASURE( 1.000000000000000082E-05 ), #1008, 'distance_accuracy_value', 'NONE');
#279 =( LENGTH_UNIT ( ) NAMED_UNIT ( * ) SI_UNIT ( .MILLI., .METRE. ) );
#280 = DIRECTION ( 'NONE',  ( -1.267143614600721018E-16, 1.000000000000000000, -0.000000000000000000 ) ) ;
#281 = MECHANICAL_DESIGN_GEOMETRIC_PRESENTATION_REPRESENTATION (  '', ( #2002 ), #707 ) ;
#282 = LINE ( 'NONE', #4392, #2792 ) ;
#283 = LINE ( 'NONE', #4930, #4389 ) ;
#284 = CARTESIAN_POINT ( 'NONE',  ( -4.890165539036997799, 0.2692500179271393179, 0.1499999999999999944 ) ) ;
#285 = FILL_AREA_STYLE_COLOUR ( '', #5517 ) ;
#286 = DIRECTION ( 'NONE',  ( -0.000000000000000000, 0.000000000000000000, 1.000000000000000000 ) ) ;
#287 = AXIS2_PLACEMENT_3D ( 'NONE', #1171, #3922, #1874 ) ;
#288 = CARTESIAN_POINT ( 'NONE',  ( -0.8909452591481796802, 0.000000000000000000, 0.000000000000000000 ) ) ;
#289 = ORIENTED_EDGE ( 'NONE', *, *, #3136, .T. ) ;
#290 = ORIENTED_EDGE ( 'NONE', *, *, #1556, .T. ) ;
#291 = VECTOR ( 'NONE', #5378, 1000.000000000000000 ) ;
#292 =( NAMED_UNIT ( * ) SI_UNIT ( $, .STERADIAN. ) SOLID_ANGLE_UNIT ( ) );
#293 = VERTEX_POINT ( 'NONE', #859 ) ;
#294 = CARTESIAN_POINT ( 'NONE',  ( 2.980000000000000870, 3.999999999999999112, 2.000000000000000000 ) ) ;
#295 =( NAMED_UNIT ( * ) SI_UNIT ( $, .STERADIAN. ) SOLID_ANGLE_UNIT ( ) );
#296 = LINE ( 'NONE', #6423, #4538 ) ;
#297 = UNCERTAINTY_MEASURE_WITH_UNIT (LENGTH_MEASURE( 1.000000000000000082E-05 ), #534, 'distance_accuracy_value', 'NONE');
#298 = VECTOR ( 'NONE', #3548, 1000.000000000000000 ) ;
#299 = PRESENTATION_LAYER_ASSIGNMENT (  '', '', ( #4192 ) ) ;
#300 = CARTESIAN_POINT ( 'NONE',  ( -0.8909452591481796802, 0.000000000000000000, 0.5000000000000000000 ) ) ;
#301 = ORIENTED_EDGE ( 'NONE', *, *, #5091, .T. ) ;
#302 = EDGE_CURVE ( 'NONE', #4634, #4847, #5811, .T. ) ;
#303 = SURFACE_SIDE_STYLE ('',( #5127 ) ) ;
#304 = ORIENTED_EDGE ( 'NONE', *, *, #2361, .T. ) ;
#305 = UNCERTAINTY_MEASURE_WITH_UNIT (LENGTH_MEASURE( 1.000000000000000082E-05 ), #5604, 'distance_accuracy_value', 'NONE');
#306 =( NAMED_UNIT ( * ) SI_UNIT ( $, .STERADIAN. ) SOLID_ANGLE_UNIT ( ) );
#307 = EDGE_CURVE ( 'NONE', #2080, #698, #3027, .T. ) ;
#308 = EDGE_CURVE ( 'NONE', #7350, #1442, #957, .T. ) ;
#309 = AXIS2_PLACEMENT_3D ( 'NONE', #4698, #4523, #1098 ) ;
#310 = EDGE_CURVE ( 'NONE', #6818, #2590, #5028, .T. ) ;
#311 = DIRECTION ( 'NONE',  ( -0.000000000000000000, -0.000000000000000000, -1.000000000000000000 ) ) ;
#312 = CARTESIAN_POINT ( 'NONE',  ( 6.948636131094521495, -5.267066187369637831, 0.1000000000000002554 ) ) ;
#313 = EDGE_LOOP ( 'NONE', ( #2847, #8780, #3780, #4275 ) ) ;
#314 = CIRCLE ( 'NONE', #3760, 0.5702963728963384993 ) ;
#315 = ORIENTED_EDGE ( 'NONE', *, *, #3833, .T. ) ;
#316 = LINE ( 'NONE', #5138, #14 ) ;
#317 =( LENGTH_UNIT ( ) NAMED_UNIT ( * ) SI_UNIT ( .MILLI., .METRE. ) );
#318 = DIRECTION ( 'NONE',  ( 0.000000000000000000, 0.000000000000000000, -1.000000000000000000 ) ) ;
#319 = VECTOR ( 'NONE', #4058, 1000.000000000000000 ) ;
#320 = CARTESIAN_POINT ( 'NONE',  ( 5.520000000000001350, 4.899999999999998579, 3.017654449115059201 ) ) ;
#321 = PLANE ( 'NONE',  #1089 ) ;
#322 = SURFACE_SIDE_STYLE ('',( #2192 ) ) ;
#323 = ORIENTED_EDGE ( 'NONE', *, *, #5354, .F. ) ;
#324 = CARTESIAN_POINT ( 'NONE',  ( -3.143373282304379845, 1.315449244559767195, 0.000000000000000000 ) ) ;
#325 = DIRECTION ( 'NONE',  ( -0.000000000000000000, -0.000000000000000000, -1.000000000000000000 ) ) ;
#326 = CARTESIAN_POINT ( 'NONE',  ( -3.138471846222877559, 0.5500754429267868950, 0.1499999999999999944 ) ) ;
#327 = FILL_AREA_STYLE_COLOUR ( '', #1648 ) ;
#328 = LINE ( 'NONE', #7687, #3357 ) ;
#329 = DIRECTION ( 'NONE',  ( -0.000000000000000000, 0.000000000000000000, -1.000000000000000000 ) ) ;
#330 =( LENGTH_UNIT ( ) NAMED_UNIT ( * ) SI_UNIT ( .MILLI., .METRE. ) );
#331 = ORIENTED_EDGE ( 'NONE', *, *, #1878, .F. ) ;
#332 = ORIENTED_EDGE ( 'NONE', *, *, #3387, .F. ) ;
#333 = PRESENTATION_STYLE_ASSIGNMENT (( #3713 ) ) ;
#334 = ADVANCED_FACE ( 'NONE', ( #194 ), #5158, .F. ) ;
#335 = VECTOR ( 'NONE', #6123, 1000.000000000000000 ) ;
#336 = DIRECTION ( 'NONE',  ( -1.000000000000000000, 0.000000000000000000, 6.672013369141570542E-15 ) ) ;
#337 = ORIENTED_EDGE ( 'NONE', *, *, #6793, .T. ) ;
#338 = AXIS2_PLACEMENT_3D ( 'NONE', #6959, #8805, #3404 ) ;
#339 = LINE ( 'NONE', #6422, #6446 ) ;
#340 = CARTESIAN_POINT ( 'NONE',  ( 11.94655025073976162, 1.000000000000000000, 0.000000000000000000 ) ) ;
#341 = UNCERTAINTY_MEASURE_WITH_UNIT (LENGTH_MEASURE( 1.000000000000000082E-05 ), #2559, 'distance_accuracy_value', 'NONE');
#342 = LINE ( 'NONE', #4364, #6562 ) ;
#343 = ORIENTED_EDGE ( 'NONE', *, *, #2731, .T. ) ;
#344 = CARTESIAN_POINT ( 'NONE',  ( 3.436010026804369399, 0.1631021076784486823, 0.2999999999999999889 ) ) ;
#345 = MECHANICAL_DESIGN_GEOMETRIC_PRESENTATION_REPRESENTATION (  '', ( #8621 ), #4955 ) ;
#346 = ORIENTED_EDGE ( 'NONE', *, *, #3201, .T. ) ;
#347 = PRESENTATION_STYLE_ASSIGNMENT (( #2314 ) ) ;
#348 = CARTESIAN_POINT ( 'NONE',  ( -1.480492736483534744, 0.2332654097976024077, 0.1499999999999999944 ) ) ;
#349 = ADVANCED_FACE ( 'NONE', ( #4310 ), #7729, .F. ) ;
#350 = DIRECTION ( 'NONE',  ( 1.000000000000000000, -0.000000000000000000, -0.000000000000000000 ) ) ;
#351 = ORIENTED_EDGE ( 'NONE', *, *, #2721, .F. ) ;
#352 = DIRECTION ( 'NONE',  ( -0.000000000000000000, 0.000000000000000000, 1.000000000000000000 ) ) ;
#353 = PRESENTATION_LAYER_ASSIGNMENT (  '', '', ( #919 ) ) ;
#354 = EDGE_CURVE ( 'NONE', #5376, #1074, #7033, .T. ) ;
#355 = DIRECTION ( 'NONE',  ( 1.000000000000000000, 0.000000000000000000, 0.000000000000000000 ) ) ;
#356 = ADVANCED_FACE ( 'NONE', ( #4354 ), #7200, .T. ) ;
#357 = VECTOR ( 'NONE', #6036, 1000.000000000000000 ) ;
#358 = ORIENTED_EDGE ( 'NONE', *, *, #1695, .T. ) ;
#359 = STYLED_ITEM ( 'NONE', ( #1845 ), #3934 ) ;
#360 = DIRECTION ( 'NONE',  ( -0.000000000000000000, -1.000000000000000000, -0.000000000000000000 ) ) ;
#361 = STYLED_ITEM ( 'NONE', ( #971 ), #1336 ) ;
#362 = VECTOR ( 'NONE', #7406, 1000.000000000000000 ) ;
#363 = EDGE_CURVE ( 'NONE', #5145, #1728, #4448, .T. ) ;
#364 = ADVANCED_FACE ( 'NONE', ( #3797 ), #3120, .F. ) ;
#365 = VECTOR ( 'NONE', #101, 1000.000000000000000 ) ;
#366 = CARTESIAN_POINT ( 'NONE',  ( -0.000000000000000000, 0.5500754429267872281, 0.000000000000000000 ) ) ;
#367 = DIRECTION ( 'NONE',  ( 1.000000000000000000, 0.000000000000000000, 0.000000000000000000 ) ) ;
#368 = DIRECTION ( 'NONE',  ( -9.598300946485960342E-16, 1.000000000000000000, 0.000000000000000000 ) ) ;
#370 = FACE_OUTER_BOUND ( 'NONE', #7749, .T. ) ;
#369 = AXIS2_PLACEMENT_3D ( 'NONE', #8816, #6056, #5390 ) ;
#371 = ORIENTED_EDGE ( 'NONE', *, *, #2823, .F. ) ;
#372 = EDGE_CURVE ( 'NONE', #4546, #3677, #5340, .T. ) ;
#373 = CARTESIAN_POINT ( 'NONE',  ( 13.74655025073976056, 7.765819727554607998E-16, 0.000000000000000000 ) ) ;
#374 = VECTOR ( 'NONE', #1707, 1000.000000000000000 ) ;
#375 = LINE ( 'NONE', #413, #405 ) ;
#376 = FACE_OUTER_BOUND ( 'NONE', #1631, .T. ) ;
#377 = FILL_AREA_STYLE_COLOUR ( '', #2370 ) ;
#378 = DIRECTION ( 'NONE',  ( 0.000000000000000000, -0.000000000000000000, -1.000000000000000000 ) ) ;
#379 = LINE ( 'NONE', #4396, #8530 ) ;
#380 = STYLED_ITEM ( 'NONE', ( #5400 ), #6743 ) ;
#381 =( NAMED_UNIT ( * ) SI_UNIT ( $, .STERADIAN. ) SOLID_ANGLE_UNIT ( ) );
#382 = VERTEX_POINT ( 'NONE', #7395 ) ;
#383 = ORIENTED_EDGE ( 'NONE', *, *, #785, .F. ) ;
#384 = MECHANICAL_DESIGN_GEOMETRIC_PRESENTATION_REPRESENTATION (  '', ( #2088 ), #7536 ) ;
#385 =( LENGTH_UNIT ( ) NAMED_UNIT ( * ) SI_UNIT ( .MILLI., .METRE. ) );
#386 = AXIS2_PLACEMENT_3D ( 'NONE', #6748, #4997, #8759 ) ;
#387 = ORIENTED_EDGE ( 'NONE', *, *, #6457, .T. ) ;
#388 = FILL_AREA_STYLE ('',( #7256 ) ) ;
#389 = AXIS2_PLACEMENT_3D ( 'NONE', #5526, #2099, #612 ) ;
#390 = ORIENTED_EDGE ( 'NONE', *, *, #2721, .T. ) ;
#391 = SURFACE_STYLE_USAGE ( .BOTH. , #1015 ) ;
#392 = COLOUR_RGB ( '',1.000000000000000000, 1.000000000000000000, 1.000000000000000000 ) ;
#393 = SURFACE_STYLE_FILL_AREA ( #8570 ) ;
#394 = EDGE_LOOP ( 'NONE', ( #693, #4372, #8312, #8742 ) ) ;
#395 = DIRECTION ( 'NONE',  ( 1.000000000000000000, 0.000000000000000000, 0.000000000000000000 ) ) ;
#396 =( NAMED_UNIT ( * ) SI_UNIT ( $, .STERADIAN. ) SOLID_ANGLE_UNIT ( ) );
#397 = ORIENTED_EDGE ( 'NONE', *, *, #556, .T. ) ;
#398 = DIRECTION ( 'NONE',  ( 1.000000000000000000, -0.000000000000000000, -0.000000000000000000 ) ) ;
#399 = CARTESIAN_POINT ( 'NONE',  ( -2.938471846222877826, 0.000000000000000000, 0.1499999999999999944 ) ) ;
#400 = PLANE ( 'NONE',  #1079 ) ;
#401 = ORIENTED_EDGE ( 'NONE', *, *, #3370, .T. ) ;
#402 = VECTOR ( 'NONE', #4926, 1000.000000000000000 ) ;
#403 = ORIENTED_EDGE ( 'NONE', *, *, #8408, .F. ) ;
#404 = UNCERTAINTY_MEASURE_WITH_UNIT (LENGTH_MEASURE( 1.000000000000000082E-05 ), #2031, 'distance_accuracy_value', 'NONE');
#405 = VECTOR ( 'NONE', #6658, 1000.000000000000000 ) ;
#406 = DIRECTION ( 'NONE',  ( -0.000000000000000000, 1.000000000000000000, -0.000000000000000000 ) ) ;
#407 = DIRECTION ( 'NONE',  ( 1.267143614600721018E-16, -1.000000000000000000, 0.000000000000000000 ) ) ;
#408 = VERTEX_POINT ( 'NONE', #1198 ) ;
#409 = EDGE_CURVE ( 'NONE', #5082, #7296, #554, .T. ) ;
#410 = AXIS2_PLACEMENT_3D ( 'NONE', #1158, #5962, #8749 ) ;
#411 = EDGE_CURVE ( 'NONE', #770, #6696, #618, .T. ) ;
#412 = EDGE_CURVE ( 'NONE', #968, #3999, #2598, .T. ) ;
#413 = CARTESIAN_POINT ( 'NONE',  ( 4.650921065566159918, -0.9081097759609791931, 0.2999999999999999889 ) ) ;
#414 = DIRECTION ( 'NONE',  ( 0.000000000000000000, -0.000000000000000000, 1.000000000000000000 ) ) ;
#415 =( NAMED_UNIT ( * ) SI_UNIT ( $, .STERADIAN. ) SOLID_ANGLE_UNIT ( ) );
#416 = CARTESIAN_POINT ( 'NONE',  ( -6.280000000000000249, 3.999999999999999112, 2.000000000000000000 ) ) ;
#417 = DIRECTION ( 'NONE',  ( 0.000000000000000000, -1.000000000000000000, 0.000000000000000000 ) ) ;
#418 = CARTESIAN_POINT ( 'NONE',  ( -1.480492736483535188, 2.091446606018390497, 0.1499999999999999944 ) ) ;
#419 = ORIENTED_EDGE ( 'NONE', *, *, #1237, .F. ) ;
#420 = EDGE_LOOP ( 'NONE', ( #1679, #2478, #593, #8851 ) ) ;
#421 = ORIENTED_EDGE ( 'NONE', *, *, #8658, .F. ) ;
#422 = VECTOR ( 'NONE', #1321, 1000.000000000000000 ) ;
#423 = DIRECTION ( 'NONE',  ( 0.000000000000000000, -1.000000000000000000, 0.000000000000000000 ) ) ;
#424 = VERTEX_POINT ( 'NONE', #5917 ) ;
#425 = SURFACE_STYLE_FILL_AREA ( #4533 ) ;
#426 = DIRECTION ( 'NONE',  ( 1.000000000000000000, 0.000000000000000000, 0.000000000000000000 ) ) ;
#427 = ORIENTED_EDGE ( 'NONE', *, *, #8541, .F. ) ;
#428 = MECHANICAL_DESIGN_GEOMETRIC_PRESENTATION_REPRESENTATION (  '', ( #3153 ), #6916 ) ;
#429 = SURFACE_STYLE_FILL_AREA ( #7905 ) ;
#430 = EDGE_LOOP ( 'NONE', ( #1149, #2934, #8787, #315, #6666, #5125, #920, #5553 ) ) ;
#431 = PLANE ( 'NONE',  #6956 ) ;
#432 = FACE_OUTER_BOUND ( 'NONE', #5951, .T. ) ;
#433 = EDGE_CURVE ( 'NONE', #1892, #3250, #7958, .T. ) ;
#434 = ORIENTED_EDGE ( 'NONE', *, *, #5791, .T. ) ;
#435 = CIRCLE ( 'NONE', #6839, 2.800000000000000266 ) ;
#436 =( GEOMETRIC_REPRESENTATION_CONTEXT ( 3 ) GLOBAL_UNCERTAINTY_ASSIGNED_CONTEXT ( ( #5756 ) ) GLOBAL_UNIT_ASSIGNED_CONTEXT ( ( #317, #982, #2239 ) ) REPRESENTATION_CONTEXT ( 'NONE', 'WORKASPACE' ) );
#437 = DIRECTION ( 'NONE',  ( 0.000000000000000000, -0.000000000000000000, 1.000000000000000000 ) ) ;
#438 = DIRECTION ( 'NONE',  ( 0.000000000000000000, -0.000000000000000000, -1.000000000000000000 ) ) ;
#439 = ORIENTED_EDGE ( 'NONE', *, *, #3201, .F. ) ;
#440 = EDGE_LOOP ( 'NONE', ( #4525, #589, #3315, #3329 ) ) ;
#441 =( GEOMETRIC_REPRESENTATION_CONTEXT ( 3 ) GLOBAL_UNCERTAINTY_ASSIGNED_CONTEXT ( ( #2136 ) ) GLOBAL_UNIT_ASSIGNED_CONTEXT ( ( #330, #5765, #381 ) ) REPRESENTATION_CONTEXT ( 'NONE', 'WORKASPACE' ) );
#442 = PLANE ( 'NONE',  #6700 ) ;
#443 = FACE_OUTER_BOUND ( 'NONE', #515, .T. ) ;
#444 = SURFACE_SIDE_STYLE ('',( #8720 ) ) ;
#445 = DIRECTION ( 'NONE',  ( 0.000000000000000000, 0.000000000000000000, 1.000000000000000000 ) ) ;
#446 = EDGE_LOOP ( 'NONE', ( #5385, #7167, #337, #498 ) ) ;
#447 = LINE ( 'NONE', #7159, #120 ) ;
#448 = CARTESIAN_POINT ( 'NONE',  ( -2.938471846222877826, 2.803082408881607535, 0.4000000000000000222 ) ) ;
#449 = LINE ( 'NONE', #3844, #3650 ) ;
#450 = DIRECTION ( 'NONE',  ( -1.000000000000000000, -0.000000000000000000, -0.000000000000000000 ) ) ;
#451 = FILL_AREA_STYLE_COLOUR ( '', #3374 ) ;
#452 = ADVANCED_FACE ( 'NONE', ( #8614 ), #7309, .F. ) ;
#453 = FACE_OUTER_BOUND ( 'NONE', #3734, .T. ) ;
#454 = VERTEX_POINT ( 'NONE', #4007 ) ;
#455 = EDGE_CURVE ( 'NONE', #8205, #1100, #3135, .T. ) ;
#456 = DIRECTION ( 'NONE',  ( -0.000000000000000000, -0.000000000000000000, -1.000000000000000000 ) ) ;
#457 = EDGE_LOOP ( 'NONE', ( #1504, #4894, #7259, #2347 ) ) ;
#458 = ORIENTED_EDGE ( 'NONE', *, *, #4602, .F. ) ;
#459 = SURFACE_SIDE_STYLE ('',( #7252 ) ) ;
#460 = ORIENTED_EDGE ( 'NONE', *, *, #2361, .F. ) ;
#461 = CARTESIAN_POINT ( 'NONE',  ( 5.520000000000001350, 3.999999999999999112, 3.017654449115060089 ) ) ;
#462 = SURFACE_STYLE_USAGE ( .BOTH. , #1147 ) ;
#463 = EDGE_CURVE ( 'NONE', #2123, #7951, #473, .T. ) ;
#464 = PLANE ( 'NONE',  #7277 ) ;
#465 = ADVANCED_FACE ( 'NONE', ( #2636 ), #4630, .F. ) ;
#466 = ORIENTED_EDGE ( 'NONE', *, *, #4602, .T. ) ;
#467 = DIRECTION ( 'NONE',  ( 1.000000000000000000, 0.000000000000000000, -0.000000000000000000 ) ) ;
#468 = VERTEX_POINT ( 'NONE', #8751 ) ;
#469 = DIRECTION ( 'NONE',  ( -0.000000000000000000, -1.000000000000000000, -0.000000000000000000 ) ) ;
#470 = PLANE ( 'NONE',  #6354 ) ;
#471 = ORIENTED_EDGE ( 'NONE', *, *, #720, .T. ) ;
#472 = DIRECTION ( 'NONE',  ( -0.000000000000000000, -0.000000000000000000, -1.000000000000000000 ) ) ;
#473 = LINE ( 'NONE', #399, #1482 ) ;
#474 = VECTOR ( 'NONE', #8586, 1000.000000000000000 ) ;
#475 = STYLED_ITEM ( 'NONE', ( #8604 ), #831 ) ;
#476 = DIRECTION ( 'NONE',  ( 0.000000000000000000, 0.000000000000000000, -1.000000000000000000 ) ) ;
#477 = ORIENTED_EDGE ( 'NONE', *, *, #1717, .F. ) ;
#478 = EDGE_LOOP ( 'NONE', ( #7218, #8353, #8531, #1037 ) ) ;
#479 = PRESENTATION_STYLE_ASSIGNMENT (( #4813 ) ) ;
#480 = AXIS2_PLACEMENT_3D ( 'NONE', #241, #3705, #991 ) ;
#481 = SURFACE_STYLE_USAGE ( .BOTH. , #2608 ) ;
#482 = MECHANICAL_DESIGN_GEOMETRIC_PRESENTATION_REPRESENTATION (  '', ( #6819 ), #4238 ) ;
#483 = VECTOR ( 'NONE', #4361, 1000.000000000000000 ) ;
#484 = AXIS2_PLACEMENT_3D ( 'NONE', #5118, #3759, #336 ) ;
#485 = DIRECTION ( 'NONE',  ( -0.000000000000000000, 0.000000000000000000, -1.000000000000000000 ) ) ;
#486 = LINE ( 'NONE', #3838, #5180 ) ;
#487 = DIRECTION ( 'NONE',  ( 0.000000000000000000, -0.000000000000000000, -1.000000000000000000 ) ) ;
#488 = EDGE_CURVE ( 'NONE', #7431, #7387, #8040, .T. ) ;
#489 = ORIENTED_EDGE ( 'NONE', *, *, #8065, .T. ) ;
#490 = CIRCLE ( 'NONE', #5519, 0.6500000000000003553 ) ;
#491 = PLANE ( 'NONE',  #8438 ) ;
#492 = SURFACE_SIDE_STYLE ('',( #3925 ) ) ;
#493 = AXIS2_PLACEMENT_3D ( 'NONE', #7030, #854, #899 ) ;
#494 = DIRECTION ( 'NONE',  ( -0.000000000000000000, -0.000000000000000000, 1.000000000000000000 ) ) ;
#495 = AXIS2_PLACEMENT_3D ( 'NONE', #7093, #6433, #268 ) ;
#496 = DIRECTION ( 'NONE',  ( 0.000000000000000000, 1.000000000000000000, 0.000000000000000000 ) ) ;
#497 = PLANE ( 'NONE',  #635 ) ;
#498 = ORIENTED_EDGE ( 'NONE', *, *, #2195, .F. ) ;
#499 = VECTOR ( 'NONE', #6990, 1000.000000000000000 ) ;
#500 = LINE ( 'NONE', #3249, #3600 ) ;
#501 = EDGE_LOOP ( 'NONE', ( #1117, #1056 ) ) ;
#502 = VERTEX_POINT ( 'NONE', #5379 ) ;
#503 = PRESENTATION_LAYER_ASSIGNMENT (  '', '', ( #3231 ) ) ;
#504 =( GEOMETRIC_REPRESENTATION_CONTEXT ( 3 ) GLOBAL_UNCERTAINTY_ASSIGNED_CONTEXT ( ( #8348 ) ) GLOBAL_UNIT_ASSIGNED_CONTEXT ( ( #6741, #4809, #5426 ) ) REPRESENTATION_CONTEXT ( 'NONE', 'WORKASPACE' ) );
#505 = DIRECTION ( 'NONE',  ( -1.000000000000000000, 0.000000000000000000, 6.672013369141561864E-15 ) ) ;
#506 = ORIENTED_EDGE ( 'NONE', *, *, #6236, .F. ) ;
#507 = DIRECTION ( 'NONE',  ( -0.000000000000000000, -0.000000000000000000, -1.000000000000000000 ) ) ;
#508 = SURFACE_SIDE_STYLE ('',( #1189 ) ) ;
#509 = MECHANICAL_DESIGN_GEOMETRIC_PRESENTATION_REPRESENTATION (  '', ( #6258 ), #3393 ) ;
#510 = CARTESIAN_POINT ( 'NONE',  ( -5.949819853805799141, 0.2692500179271393179, 0.000000000000000000 ) ) ;
#511 = EDGE_LOOP ( 'NONE', ( #6045, #6648, #3033, #2982 ) ) ;
#512 = VECTOR ( 'NONE', #6347, 1000.000000000000000 ) ;
#513 = DIRECTION ( 'NONE',  ( 0.000000000000000000, -0.000000000000000000, 1.000000000000000000 ) ) ;
#514 = ORIENTED_EDGE ( 'NONE', *, *, #2821, .T. ) ;
#515 = EDGE_LOOP ( 'NONE', ( #4582, #6148, #1828, #659 ) ) ;
#516 = COLOUR_RGB ( '',1.000000000000000000, 1.000000000000000000, 1.000000000000000000 ) ;
#517 = EDGE_CURVE ( 'NONE', #4148, #5368, #8089, .T. ) ;
#518 = EDGE_CURVE ( 'NONE', #4501, #3903, #3821, .T. ) ;
#519 = ORIENTED_EDGE ( 'NONE', *, *, #5022, .F. ) ;
#520 = CARTESIAN_POINT ( 'NONE',  ( 0.000000000000000000, 0.000000000000000000, 0.1499999999999999944 ) ) ;
#521 = DIRECTION ( 'NONE',  ( -1.000000000000000000, 0.000000000000000000, 0.000000000000000000 ) ) ;
#522 = EDGE_LOOP ( 'NONE', ( #2725, #2757, #1332, #358 ) ) ;
#523 = ORIENTED_EDGE ( 'NONE', *, *, #3433, .T. ) ;
#524 = DIRECTION ( 'NONE',  ( -0.000000000000000000, 1.000000000000000000, 0.000000000000000000 ) ) ;
#525 = CARTESIAN_POINT ( 'NONE',  ( 11.94655025073976162, 3.000000000000000000, -2.000000000000000000 ) ) ;
#526 = UNCERTAINTY_MEASURE_WITH_UNIT (LENGTH_MEASURE( 1.000000000000000082E-05 ), #5782, 'distance_accuracy_value', 'NONE');
#527 =( NAMED_UNIT ( * ) PLANE_ANGLE_UNIT ( ) SI_UNIT ( $, .RADIAN. ) );
#528 = SURFACE_STYLE_USAGE ( .BOTH. , #4684 ) ;
#529 = LINE ( 'NONE', #4019, #3739 ) ;
#530 = CARTESIAN_POINT ( 'NONE',  ( -6.280000000000000249, 3.999999999999999112, 2.000000000000000000 ) ) ;
#531 = EDGE_LOOP ( 'NONE', ( #5246, #4111, #1360, #6048 ) ) ;
#532 = FILL_AREA_STYLE_COLOUR ( '', #3956 ) ;
#533 = LINE ( 'NONE', #7240, #4973 ) ;
#534 =( LENGTH_UNIT ( ) NAMED_UNIT ( * ) SI_UNIT ( .MILLI., .METRE. ) );
#535 = SURFACE_SIDE_STYLE ('',( #7244 ) ) ;
#536 = AXIS2_PLACEMENT_3D ( 'NONE', #8770, #4156, #1262 ) ;
#537 = EDGE_LOOP ( 'NONE', ( #2050, #6742 ) ) ;
#538 = CARTESIAN_POINT ( 'NONE',  ( -4.890165539036997799, 0.000000000000000000, 0.1499999999999999944 ) ) ;
#539 = ORIENTED_EDGE ( 'NONE', *, *, #5092, .F. ) ;
#540 = UNCERTAINTY_MEASURE_WITH_UNIT (LENGTH_MEASURE( 1.000000000000000082E-05 ), #2428, 'distance_accuracy_value', 'NONE');
#541 = LINE ( 'NONE', #3166, #4173 ) ;
#542 = ORIENTED_EDGE ( 'NONE', *, *, #3047, .T. ) ;
#543 = CYLINDRICAL_SURFACE ( 'NONE', #6966, 0.2145018023815153663 ) ;
#544 = FACE_OUTER_BOUND ( 'NONE', #8587, .T. ) ;
#545 = ORIENTED_EDGE ( 'NONE', *, *, #709, .F. ) ;
#546 = DIRECTION ( 'NONE',  ( -1.000000000000000000, 0.000000000000000000, 0.000000000000000000 ) ) ;
#547 = ORIENTED_EDGE ( 'NONE', *, *, #3544, .T. ) ;
#548 = ORIENTED_EDGE ( 'NONE', *, *, #6406, .F. ) ;
#549 = AXIS2_PLACEMENT_3D ( 'NONE', #8846, #70, #6268 ) ;
#550 = SURFACE_SIDE_STYLE ('',( #7433 ) ) ;
#551 = VERTEX_POINT ( 'NONE', #8179 ) ;
#552 = CARTESIAN_POINT ( 'NONE',  ( -3.146208542697764621, -0.2185654625746347723, 0.1499999999999999944 ) ) ;
#553 =( NAMED_UNIT ( * ) SI_UNIT ( $, .STERADIAN. ) SOLID_ANGLE_UNIT ( ) );
#554 = LINE ( 'NONE', #5216, #7227 ) ;
#555 = AXIS2_PLACEMENT_3D ( 'NONE', #5532, #4917, #6800 ) ;
#556 = EDGE_CURVE ( 'NONE', #2646, #8424, #3348, .T. ) ;
#557 = EDGE_CURVE ( 'NONE', #4954, #1728, #6924, .T. ) ;
#558 = LINE ( 'NONE', #2091, #2377 ) ;
#559 = EDGE_CURVE ( 'NONE', #7840, #4234, #192, .T. ) ;
#560 = VERTEX_POINT ( 'NONE', #6146 ) ;
#561 = ORIENTED_EDGE ( 'NONE', *, *, #608, .F. ) ;
#562 = VECTOR ( 'NONE', #407, 1000.000000000000000 ) ;
#563 = LINE ( 'NONE', #7313, #8355 ) ;
#564 = COLOUR_RGB ( '',1.000000000000000000, 1.000000000000000000, 1.000000000000000000 ) ;
#565 = VECTOR ( 'NONE', #8305, 1000.000000000000000 ) ;
#566 = FACE_OUTER_BOUND ( 'NONE', #1310, .T. ) ;
#567 = VERTEX_POINT ( 'NONE', #656 ) ;
#568 = VECTOR ( 'NONE', #7262, 1000.000000000000000 ) ;
#569 = FILL_AREA_STYLE_COLOUR ( '', #516 ) ;
#570 = LINE ( 'NONE', #7317, #7792 ) ;
#571 = PLANE ( 'NONE',  #3252 ) ;
#572 = LINE ( 'NONE', #2856, #7752 ) ;
#573 = EDGE_LOOP ( 'NONE', ( #223, #2419, #5914, #4983 ) ) ;
#574 = VECTOR ( 'NONE', #7157, 1000.000000000000000 ) ;
#575 = CARTESIAN_POINT ( 'NONE',  ( 4.459999999999997300, 4.827278989943721399, -2.000000000000000000 ) ) ;
#576 = SURFACE_STYLE_FILL_AREA ( #4782 ) ;
#577 =( LENGTH_UNIT ( ) NAMED_UNIT ( * ) SI_UNIT ( .MILLI., .METRE. ) );
#578 = LINE ( 'NONE', #8727, #4963 ) ;
#579 = LINE ( 'NONE', #3326, #4146 ) ;
#580 = DIRECTION ( 'NONE',  ( -1.000000000000000000, 0.000000000000000000, 0.000000000000000000 ) ) ;
#581 = EDGE_LOOP ( 'NONE', ( #7126, #830, #264, #6996 ) ) ;
#582 = LINE ( 'NONE', #5195, #6037 ) ;
#583 = AXIS2_PLACEMENT_3D ( 'NONE', #4232, #784, #3536 ) ;
#584 = VERTEX_POINT ( 'NONE', #8853 ) ;
#585 = DIRECTION ( 'NONE',  ( 1.267143614600721018E-16, -1.000000000000000000, 0.000000000000000000 ) ) ;
#586 = ORIENTED_EDGE ( 'NONE', *, *, #6988, .F. ) ;
#587 =( NAMED_UNIT ( * ) SI_UNIT ( $, .STERADIAN. ) SOLID_ANGLE_UNIT ( ) );
#588 = CARTESIAN_POINT ( 'NONE',  ( 0.2040164599795350475, 4.553162021507295559E-17, 0.5000000000000000000 ) ) ;
#589 = ORIENTED_EDGE ( 'NONE', *, *, #2718, .T. ) ;
#590 = CARTESIAN_POINT ( 'NONE',  ( -7.179999999999999716, 4.826793837766002682, 3.887323802683371188 ) ) ;
#591 = STYLED_ITEM ( 'NONE', ( #6431 ), #1996 ) ;
#592 = EDGE_LOOP ( 'NONE', ( #7657, #5827, #31, #962 ) ) ;
#593 = ORIENTED_EDGE ( 'NONE', *, *, #2768, .F. ) ;
#594 = EDGE_CURVE ( 'NONE', #4512, #8205, #7574, .T. ) ;
#595 = PLANE ( 'NONE',  #8365 ) ;
#596 = ORIENTED_EDGE ( 'NONE', *, *, #6300, .T. ) ;
#597 =( LENGTH_UNIT ( ) NAMED_UNIT ( * ) SI_UNIT ( .MILLI., .METRE. ) );
#598 = FACE_OUTER_BOUND ( 'NONE', #1213, .T. ) ;
#599 = FILL_AREA_STYLE ('',( #5384 ) ) ;
#600 = EDGE_LOOP ( 'NONE', ( #4368, #1507, #160, #7532 ) ) ;
#601 = EDGE_CURVE ( 'NONE', #2508, #2993, #2733, .T. ) ;
#602 = CARTESIAN_POINT ( 'NONE',  ( 1.041353942122092091, -0.8913831919116188551, 0.000000000000000000 ) ) ;
#603 = FILL_AREA_STYLE ('',( #6789 ) ) ;
#604 = VERTEX_POINT ( 'NONE', #4806 ) ;
#605 = AXIS2_PLACEMENT_3D ( 'NONE', #6806, #4029, #580 ) ;
#606 = PRODUCT_DEFINITION_CONTEXT ( 'detailed design', #1554, 'design' ) ;
#607 = CIRCLE ( 'NONE', #7641, 0.2145018023815153663 ) ;
#608 = EDGE_CURVE ( 'NONE', #1649, #3699, #6096, .T. ) ;
#609 = DIRECTION ( 'NONE',  ( 0.000000000000000000, -1.000000000000000000, 0.000000000000000000 ) ) ;
#610 = ORIENTED_EDGE ( 'NONE', *, *, #2750, .T. ) ;
#611 = DIRECTION ( 'NONE',  ( 1.000000000000000000, 0.000000000000000000, 0.000000000000000000 ) ) ;
#612 = DIRECTION ( 'NONE',  ( 0.000000000000000000, 0.000000000000000000, -1.000000000000000000 ) ) ;
#613 = DIRECTION ( 'NONE',  ( -0.000000000000000000, -0.000000000000000000, -1.000000000000000000 ) ) ;
#614 = ORIENTED_EDGE ( 'NONE', *, *, #5199, .T. ) ;
#615 = AXIS2_PLACEMENT_3D ( 'NONE', #4606, #7364, #7197 ) ;
#616 = EDGE_CURVE ( 'NONE', #2162, #4793, #1288, .T. ) ;
#617 =( NAMED_UNIT ( * ) SI_UNIT ( $, .STERADIAN. ) SOLID_ANGLE_UNIT ( ) );
#618 = CIRCLE ( 'NONE', #8056, 0.8278507393618658172 ) ;
#619 = ADVANCED_FACE ( 'NONE', ( #598 ), #695, .T. ) ;
#620 = EDGE_CURVE ( 'NONE', #4059, #7132, #7439, .T. ) ;
#621 = PLANE ( 'NONE',  #4040 ) ;
#622 = DIRECTION ( 'NONE',  ( 0.000000000000000000, -0.000000000000000000, -1.000000000000000000 ) ) ;
#623 = VECTOR ( 'NONE', #1945, 1000.000000000000000 ) ;
#624 = COLOUR_RGB ( '',0.7529411764705882248, 0.000000000000000000, 0.7529411764705882248 ) ;
#625 = DIRECTION ( 'NONE',  ( 1.000000000000000000, 0.000000000000000000, 0.000000000000000000 ) ) ;
#626 = DIRECTION ( 'NONE',  ( 1.000000000000000000, -0.000000000000000000, -0.000000000000000000 ) ) ;
#627 = EDGE_CURVE ( 'NONE', #1893, #6724, #4048, .T. ) ;
#628 = AXIS2_PLACEMENT_3D ( 'NONE', #7400, #1964, #6838 ) ;
#629 = DIRECTION ( 'NONE',  ( -0.000000000000000000, -0.000000000000000000, -1.000000000000000000 ) ) ;
#630 = DIRECTION ( 'NONE',  ( 1.000000000000000000, 0.000000000000000000, 0.000000000000000000 ) ) ;
#631 = VERTEX_POINT ( 'NONE', #6229 ) ;
#632 = FACE_OUTER_BOUND ( 'NONE', #8258, .T. ) ;
#633 = MECHANICAL_DESIGN_GEOMETRIC_PRESENTATION_REPRESENTATION (  '', ( #475 ), #6531 ) ;
#634 = COLOUR_RGB ( '',1.000000000000000000, 1.000000000000000000, 1.000000000000000000 ) ;
#635 = AXIS2_PLACEMENT_3D ( 'NONE', #8687, #8022, #2572 ) ;
#636 = VECTOR ( 'NONE', #7614, 1000.000000000000000 ) ;
#637 =( NAMED_UNIT ( * ) PLANE_ANGLE_UNIT ( ) SI_UNIT ( $, .RADIAN. ) );
#638 = AXIS2_PLACEMENT_3D ( 'NONE', #2315, #926, #3131 ) ;
#639 = ORIENTED_EDGE ( 'NONE', *, *, #308, .T. ) ;
#640 = LINE ( 'NONE', #6132, #1629 ) ;
#641 = DIRECTION ( 'NONE',  ( 0.000000000000000000, -0.000000000000000000, 1.000000000000000000 ) ) ;
#642 = DIRECTION ( 'NONE',  ( -1.267143614600721018E-16, 1.000000000000000000, -0.000000000000000000 ) ) ;
#643 = CARTESIAN_POINT ( 'NONE',  ( -7.179999999999999716, 4.899999999999998579, 3.017654449115059201 ) ) ;
#644 = VECTOR ( 'NONE', #3518, 1000.000000000000000 ) ;
#645 = ORIENTED_EDGE ( 'NONE', *, *, #5505, .T. ) ;
#646 = FILL_AREA_STYLE ('',( #6820 ) ) ;
#647 = SURFACE_STYLE_USAGE ( .BOTH. , #6823 ) ;
#648 = ORIENTED_EDGE ( 'NONE', *, *, #8553, .T. ) ;
#649 = ORIENTED_EDGE ( 'NONE', *, *, #3277, .F. ) ;
#650 = VECTOR ( 'NONE', #7396, 1000.000000000000000 ) ;
#651 = CARTESIAN_POINT ( 'NONE',  ( 1.298978179107250996, -4.385197194226567952, 0.5000000000000000000 ) ) ;
#652 =( GEOMETRIC_REPRESENTATION_CONTEXT ( 3 ) GLOBAL_UNCERTAINTY_ASSIGNED_CONTEXT ( ( #5558 ) ) GLOBAL_UNIT_ASSIGNED_CONTEXT ( ( #7630, #8106, #1476 ) ) REPRESENTATION_CONTEXT ( 'NONE', 'WORKASPACE' ) );
#653 = ORIENTED_EDGE ( 'NONE', *, *, #5263, .T. ) ;
#654 = LINE ( 'NONE', #7571, #5430 ) ;
#655 =( NAMED_UNIT ( * ) PLANE_ANGLE_UNIT ( ) SI_UNIT ( $, .RADIAN. ) );
#656 = CARTESIAN_POINT ( 'NONE',  ( -8.000000000000000000, -3.000000000000000000, -2.000000000000000000 ) ) ;
#657 = AXIS2_PLACEMENT_3D ( 'NONE', #5100, #7881, #368 ) ;
#658 =( GEOMETRIC_REPRESENTATION_CONTEXT ( 3 ) GLOBAL_UNCERTAINTY_ASSIGNED_CONTEXT ( ( #1421 ) ) GLOBAL_UNIT_ASSIGNED_CONTEXT ( ( #6154, #6373, #3622 ) ) REPRESENTATION_CONTEXT ( 'NONE', 'WORKASPACE' ) );
#659 = ORIENTED_EDGE ( 'NONE', *, *, #5308, .T. ) ;
#660 = LINE ( 'NONE', #1831, #4671 ) ;
#661 = VECTOR ( 'NONE', #5566, 1000.000000000000000 ) ;
#662 = FACE_BOUND ( 'NONE', #3097, .T. ) ;
#663 = VERTEX_POINT ( 'NONE', #4145 ) ;
#664 = EDGE_LOOP ( 'NONE', ( #8593, #5730 ) ) ;
#665 = SURFACE_STYLE_FILL_AREA ( #1428 ) ;
#666 = DIRECTION ( 'NONE',  ( -0.000000000000000000, 0.000000000000000000, -1.000000000000000000 ) ) ;
#667 = AXIS2_PLACEMENT_3D ( 'NONE', #5192, #5854, #246 ) ;
#668 = ORIENTED_EDGE ( 'NONE', *, *, #1739, .F. ) ;
#669 = DIRECTION ( 'NONE',  ( 1.000000000000000000, 1.421904488505579654E-16, -0.000000000000000000 ) ) ;
#670 = STYLED_ITEM ( 'NONE', ( #6094 ), #2929 ) ;
#671 = LINE ( 'NONE', #1306, #8092 ) ;
#672 = LINE ( 'NONE', #2873, #7524 ) ;
#673 = ADVANCED_FACE ( 'NONE', ( #6191 ), #4226, .F. ) ;
#674 = LINE ( 'NONE', #4968, #8522 ) ;
#675 = FILL_AREA_STYLE_COLOUR ( '', #3083 ) ;
#676 = ORIENTED_EDGE ( 'NONE', *, *, #6121, .F. ) ;
#677 = ADVANCED_FACE ( 'NONE', ( #8398 ), #3573, .F. ) ;
#678 = EDGE_CURVE ( 'NONE', #4676, #4107, #607, .T. ) ;
#679 = EDGE_CURVE ( 'NONE', #7385, #4507, #4993, .T. ) ;
#680 = PLANE ( 'NONE',  #5061 ) ;
#681 = AXIS2_PLACEMENT_3D ( 'NONE', #4241, #5651, #7943 ) ;
#682 = CARTESIAN_POINT ( 'NONE',  ( 0.2040164599795362410, -5.356808079531231392, 0.000000000000000000 ) ) ;
#683 = CARTESIAN_POINT ( 'NONE',  ( -5.734760885516596574, 0.000000000000000000, 0.5000000000000000000 ) ) ;
#684 = ORIENTED_EDGE ( 'NONE', *, *, #3663, .F. ) ;
#685 =( NAMED_UNIT ( * ) PLANE_ANGLE_UNIT ( ) SI_UNIT ( $, .RADIAN. ) );
#686 = CARTESIAN_POINT ( 'NONE',  ( -0.000000000000000000, 2.544545736534499891, 0.000000000000000000 ) ) ;
#687 = CARTESIAN_POINT ( 'NONE',  ( -0.3909452591481796802, 0.000000000000000000, 0.000000000000000000 ) ) ;
#688 = ORIENTED_EDGE ( 'NONE', *, *, #3372, .F. ) ;
#689 =( LENGTH_UNIT ( ) NAMED_UNIT ( * ) SI_UNIT ( .MILLI., .METRE. ) );
#690 = ORIENTED_EDGE ( 'NONE', *, *, #4714, .T. ) ;
#691 = EDGE_LOOP ( 'NONE', ( #8014, #4715, #1320, #4014 ) ) ;
#692 = LINE ( 'NONE', #2893, #6166 ) ;
#693 = ORIENTED_EDGE ( 'NONE', *, *, #6121, .T. ) ;
#694 = FILL_AREA_STYLE ('',( #5591 ) ) ;
#695 = PLANE ( 'NONE',  #4950 ) ;
#696 = STYLED_ITEM ( 'NONE', ( #6169 ), #5253 ) ;
#697 = CARTESIAN_POINT ( 'NONE',  ( -1.480492736483535188, 2.803082408881607535, 0.000000000000000000 ) ) ;
#698 = VERTEX_POINT ( 'NONE', #6456 ) ;
#699 = DIRECTION ( 'NONE',  ( -0.000000000000000000, -0.000000000000000000, -1.000000000000000000 ) ) ;
#700 = DIRECTION ( 'NONE',  ( -1.000000000000000000, -0.000000000000000000, -0.000000000000000000 ) ) ;
#701 = ORIENTED_EDGE ( 'NONE', *, *, #1266, .T. ) ;
#702 = VECTOR ( 'NONE', #3376, 1000.000000000000000 ) ;
#703 = CARTESIAN_POINT ( 'NONE',  ( -11.94655025073976162, -3.000000000000000000, -2.000000000000000000 ) ) ;
#704 = VECTOR ( 'NONE', #6376, 1000.000000000000000 ) ;
#705 = COLOUR_RGB ( '',0.7960784313725489669, 0.8235294117647058432, 0.9372549019607843146 ) ;
#706 = FACE_OUTER_BOUND ( 'NONE', #6528, .T. ) ;
#707 =( GEOMETRIC_REPRESENTATION_CONTEXT ( 3 ) GLOBAL_UNCERTAINTY_ASSIGNED_CONTEXT ( ( #2090 ) ) GLOBAL_UNIT_ASSIGNED_CONTEXT ( ( #1134, #3883, #6621 ) ) REPRESENTATION_CONTEXT ( 'NONE', 'WORKASPACE' ) );
#708 = FACE_BOUND ( 'NONE', #5991, .T. ) ;
#709 = EDGE_CURVE ( 'NONE', #1119, #3567, #296, .T. ) ;
#710 = SURFACE_STYLE_USAGE ( .BOTH. , #8724 ) ;
#711 = CARTESIAN_POINT ( 'NONE',  ( -2.938471846222877826, 1.315449244559767195, 0.1499999999999999944 ) ) ;
#712 = PRESENTATION_LAYER_ASSIGNMENT (  '', '', ( #5747 ) ) ;
#713 = VECTOR ( 'NONE', #5095, 1000.000000000000000 ) ;
#714 = DIRECTION ( 'NONE',  ( 0.000000000000000000, -0.000000000000000000, -1.000000000000000000 ) ) ;
#715 =( NAMED_UNIT ( * ) PLANE_ANGLE_UNIT ( ) SI_UNIT ( $, .RADIAN. ) );
#716 = CARTESIAN_POINT ( 'NONE',  ( 0.000000000000000000, -0.8913831919116188551, 0.1499999999999999944 ) ) ;
#717 = PLANE ( 'NONE',  #6098 ) ;
#718 = ORIENTED_EDGE ( 'NONE', *, *, #186, .T. ) ;
#719 = STYLED_ITEM ( 'NONE', ( #7470 ), #4498 ) ;
#720 = EDGE_CURVE ( 'NONE', #502, #6335, #8444, .T. ) ;
#721 = PLANE ( 'NONE',  #4722 ) ;
#722 = DIRECTION ( 'NONE',  ( -0.000000000000000000, 0.000000000000000000, -1.000000000000000000 ) ) ;
#723 = PRESENTATION_STYLE_ASSIGNMENT (( #1362 ) ) ;
#724 = DIRECTION ( 'NONE',  ( -1.000000000000000000, 0.000000000000000000, 0.000000000000000000 ) ) ;
#725 = AXIS2_PLACEMENT_3D ( 'NONE', #5406, #1356, #6808 ) ;
#726 = EDGE_CURVE ( 'NONE', #4924, #6876, #7775, .T. ) ;
#727 = LINE ( 'NONE', #1363, #5122 ) ;
#728 = EDGE_CURVE ( 'NONE', #1718, #1983, #7043, .T. ) ;
#729 = ORIENTED_EDGE ( 'NONE', *, *, #1551, .F. ) ;
#730 = CARTESIAN_POINT ( 'NONE',  ( 1.252250989393667524, 0.8197776927927701296, 0.1500000000000000222 ) ) ;
#731 = ORIENTED_EDGE ( 'NONE', *, *, #1881, .F. ) ;
#732 = ORIENTED_EDGE ( 'NONE', *, *, #6150, .F. ) ;
#733 = VERTEX_POINT ( 'NONE', #2989 ) ;
#734 = PLANE ( 'NONE',  #5862 ) ;
#735 = EDGE_CURVE ( 'NONE', #8699, #163, #4362, .T. ) ;
#736 =( NAMED_UNIT ( * ) PLANE_ANGLE_UNIT ( ) SI_UNIT ( $, .RADIAN. ) );
#737 = CARTESIAN_POINT ( 'NONE',  ( -1.199999999999999734, 3.999999999999999112, 2.000000000000000000 ) ) ;
#738 = VECTOR ( 'NONE', #1383, 1000.000000000000000 ) ;
#739 = UNCERTAINTY_MEASURE_WITH_UNIT (LENGTH_MEASURE( 1.000000000000000082E-05 ), #5150, 'distance_accuracy_value', 'NONE');
#740 = PRESENTATION_STYLE_ASSIGNMENT (( #2689 ) ) ;
#741 = EDGE_CURVE ( 'NONE', #1279, #183, #2354, .T. ) ;
#742 = ORIENTED_EDGE ( 'NONE', *, *, #307, .T. ) ;
#743 = DIRECTION ( 'NONE',  ( 0.000000000000000000, 1.000000000000000000, -0.000000000000000000 ) ) ;
#744 = STYLED_ITEM ( 'NONE', ( #6339 ), #2204 ) ;
#745 = SURFACE_STYLE_USAGE ( .BOTH. , #4953 ) ;
#746 = ORIENTED_EDGE ( 'NONE', *, *, #1182, .F. ) ;
#747 = CARTESIAN_POINT ( 'NONE',  ( 3.043598800306982154E-17, 0.2332654097976015750, 0.000000000000000000 ) ) ;
#748 = FACE_OUTER_BOUND ( 'NONE', #7784, .T. ) ;
#749 = FACE_BOUND ( 'NONE', #7423, .T. ) ;
#750 = CARTESIAN_POINT ( 'NONE',  ( 0.4913539421220920467, 0.8197776927927701296, 0.4000000000000000222 ) ) ;
#751 = CARTESIAN_POINT ( 'NONE',  ( -4.890165539036997799, 0.2692500179271393179, 0.000000000000000000 ) ) ;
#752 = CARTESIAN_POINT ( 'NONE',  ( -1.480492736483534966, 1.315449244559767639, 0.1499999999999999944 ) ) ;
#753 = CARTESIAN_POINT ( 'NONE',  ( -11.94655025073976162, 3.000000000000000000, -2.000000000000000000 ) ) ;
#754 = EDGE_CURVE ( 'NONE', #7156, #4140, #1009, .T. ) ;
#755 = LINE ( 'NONE', #3461, #7927 ) ;
#756 = COLOUR_RGB ( '',1.000000000000000000, 1.000000000000000000, 0.5019607843137254832 ) ;
#757 = SURFACE_SIDE_STYLE ('',( #1352 ) ) ;
#758 = CARTESIAN_POINT ( 'NONE',  ( 3.880000000000000782, 7.641130724221518733, 3.017654449115059201 ) ) ;
#759 = ORIENTED_EDGE ( 'NONE', *, *, #5614, .F. ) ;
#760 = CARTESIAN_POINT ( 'NONE',  ( 0.6913539421220921133, -0.3913831919116187996, 0.1499999999999999944 ) ) ;
#761 = VECTOR ( 'NONE', #6561, 1000.000000000000000 ) ;
#762 = AXIS2_PLACEMENT_3D ( 'NONE', #3754, #2976, #5810 ) ;
#763 = LINE ( 'NONE', #4257, #3877 ) ;
#764 = DIRECTION ( 'NONE',  ( 0.000000000000000000, -1.000000000000000000, 0.000000000000000000 ) ) ;
#765 =( NAMED_UNIT ( * ) PLANE_ANGLE_UNIT ( ) SI_UNIT ( $, .RADIAN. ) );
#766 = CARTESIAN_POINT ( 'NONE',  ( -4.402923696573366463, -0.7767525643175616779, 0.1499999999999999944 ) ) ;
#767 = ORIENTED_EDGE ( 'NONE', *, *, #3537, .F. ) ;
#768 = MECHANICAL_DESIGN_GEOMETRIC_PRESENTATION_REPRESENTATION (  '', ( #5940 ), #4100 ) ;
#769 = STYLED_ITEM ( 'NONE', ( #5707 ), #4097 ) ;
#770 = VERTEX_POINT ( 'NONE', #7739 ) ;
#771 = ORIENTED_EDGE ( 'NONE', *, *, #5255, .T. ) ;
#772 = CARTESIAN_POINT ( 'NONE',  ( 4.650921065566159918, 0.1761656672350274677, 0.2999999999999999889 ) ) ;
#773 = STYLED_ITEM ( 'NONE', ( #1869 ), #1122 ) ;
#774 = VECTOR ( 'NONE', #406, 1000.000000000000000 ) ;
#775 = VERTEX_POINT ( 'NONE', #6502 ) ;
#776 = CARTESIAN_POINT ( 'NONE',  ( -4.270710445465622840, 0.2692500179271393179, 0.000000000000000000 ) ) ;
#777 = FILL_AREA_STYLE ('',( #867 ) ) ;
#778 = VECTOR ( 'NONE', #1178, 1000.000000000000000 ) ;
#779 = UNCERTAINTY_MEASURE_WITH_UNIT (LENGTH_MEASURE( 1.000000000000000082E-05 ), #7063, 'distance_accuracy_value', 'NONE');
#780 = CARTESIAN_POINT ( 'NONE',  ( 0.6913539421220921133, 1.319777692792770019, 0.1499999999999999944 ) ) ;
#781 = ADVANCED_FACE ( 'NONE', ( #206 ), #2309, .F. ) ;
#782 = PRESENTATION_STYLE_ASSIGNMENT (( #1924 ) ) ;
#783 = ORIENTED_EDGE ( 'NONE', *, *, #2984, .T. ) ;
#784 = DIRECTION ( 'NONE',  ( -1.000000000000000000, 0.000000000000000000, 0.000000000000000000 ) ) ;
#785 = EDGE_CURVE ( 'NONE', #4618, #560, #7340, .T. ) ;
#786 = VECTOR ( 'NONE', #4481, 1000.000000000000000 ) ;
#787 = FACE_OUTER_BOUND ( 'NONE', #2489, .T. ) ;
#788 = ORIENTED_EDGE ( 'NONE', *, *, #7539, .F. ) ;
#789 = UNCERTAINTY_MEASURE_WITH_UNIT (LENGTH_MEASURE( 1.000000000000000082E-05 ), #7049, 'distance_accuracy_value', 'NONE');
#790 = AXIS2_PLACEMENT_3D ( 'NONE', #7778, #2268, #2225 ) ;
#791 = FILL_AREA_STYLE_COLOUR ( '', #6247 ) ;
#792 = CARTESIAN_POINT ( 'NONE',  ( -5.390576079945590848, -0.7767525643175616779, 0.1499999999999999944 ) ) ;
#793 = DIRECTION ( 'NONE',  ( -1.000000000000000000, 0.000000000000000000, 0.000000000000000000 ) ) ;
#794 = PLANE ( 'NONE',  #7986 ) ;
#795 = LINE ( 'NONE', #1610, #6024 ) ;
#796 = CARTESIAN_POINT ( 'NONE',  ( -3.138471846222877559, 0.000000000000000000, 0.1499999999999999944 ) ) ;
#797 = MECHANICAL_DESIGN_GEOMETRIC_PRESENTATION_REPRESENTATION (  '', ( #3988 ), #1808 ) ;
#798 = CARTESIAN_POINT ( 'NONE',  ( -1.480492736483534744, 0.5500754429267872281, 0.000000000000000000 ) ) ;
#799 = CARTESIAN_POINT ( 'NONE',  ( -7.500000000000000000, 5.728180208693597564, 0.000000000000000000 ) ) ;
#800 = LINE ( 'NONE', #7457, #1214 ) ;
#801 = AXIS2_PLACEMENT_3D ( 'NONE', #8386, #2434, #2298 ) ;
#802 =( LENGTH_UNIT ( ) NAMED_UNIT ( * ) SI_UNIT ( .MILLI., .METRE. ) );
#803 = ORIENTED_EDGE ( 'NONE', *, *, #6574, .F. ) ;
#804 = LINE ( 'NONE', #6443, #8729 ) ;
#805 = DIRECTION ( 'NONE',  ( -0.000000000000000000, 0.000000000000000000, 1.000000000000000000 ) ) ;
#806 = SURFACE_SIDE_STYLE ('',( #8291 ) ) ;
#807 =( NAMED_UNIT ( * ) PLANE_ANGLE_UNIT ( ) SI_UNIT ( $, .RADIAN. ) );
#808 = LINE ( 'NONE', #7640, #2513 ) ;
#809 = SURFACE_STYLE_FILL_AREA ( #2540 ) ;
#810 = FILL_AREA_STYLE_COLOUR ( '', #624 ) ;
#811 = STYLED_ITEM ( 'NONE', ( #2337 ), #2436 ) ;
#812 =( NAMED_UNIT ( * ) SI_UNIT ( $, .STERADIAN. ) SOLID_ANGLE_UNIT ( ) );
#813 = VERTEX_POINT ( 'NONE', #3126 ) ;
#814 = ORIENTED_EDGE ( 'NONE', *, *, #1695, .F. ) ;
#815 = CARTESIAN_POINT ( 'NONE',  ( -3.146208542697765065, 0.2332654097976019913, 0.1499999999999999944 ) ) ;
#816 = SURFACE_STYLE_USAGE ( .BOTH. , #1537 ) ;
#817 = VERTEX_POINT ( 'NONE', #2582 ) ;
#818 = DIRECTION ( 'NONE',  ( 2.211034786967315494E-16, -1.000000000000000000, 0.000000000000000000 ) ) ;
#819 = COLOUR_RGB ( '',0.7960784313725489669, 0.8235294117647058432, 0.9372549019607843146 ) ;
#820 = DIRECTION ( 'NONE',  ( -0.000000000000000000, -0.000000000000000000, 1.000000000000000000 ) ) ;
#821 = DIRECTION ( 'NONE',  ( 1.000000000000000000, 0.000000000000000000, 0.000000000000000000 ) ) ;
#822 = ORIENTED_EDGE ( 'NONE', *, *, #3386, .T. ) ;
#823 =( LENGTH_UNIT ( ) NAMED_UNIT ( * ) SI_UNIT ( .MILLI., .METRE. ) );
#824 = PLANE ( 'NONE',  #5741 ) ;
#825 = ORIENTED_EDGE ( 'NONE', *, *, #3588, .T. ) ;
#826 = DIRECTION ( 'NONE',  ( 1.000000000000000000, 0.000000000000000000, 0.000000000000000000 ) ) ;
#827 = VECTOR ( 'NONE', #4224, 1000.000000000000000 ) ;
#828 = LINE ( 'NONE', #6927, #7926 ) ;
#829 = CARTESIAN_POINT ( 'NONE',  ( 1.497330604592375325, -3.005484622322586841, -3.000000000000000000 ) ) ;
#830 = ORIENTED_EDGE ( 'NONE', *, *, #65, .F. ) ;
#831 = ADVANCED_FACE ( 'NONE', ( #4579 ), #543, .F. ) ;
#832 = EDGE_CURVE ( 'NONE', #8424, #1972, #4660, .T. ) ;
#833 = EDGE_CURVE ( 'NONE', #4385, #6184, #7381, .T. ) ;
#834 = ADVANCED_FACE ( 'NONE', ( #5820 ), #1721, .T. ) ;
#835 =( NAMED_UNIT ( * ) PLANE_ANGLE_UNIT ( ) SI_UNIT ( $, .RADIAN. ) );
#836 = EDGE_CURVE ( 'NONE', #6010, #5876, #4795, .T. ) ;
#837 = CARTESIAN_POINT ( 'NONE',  ( 5.356353281621393236, 0.1761656672350274677, 0.2999999999999999889 ) ) ;
#838 = COLOUR_RGB ( '',1.000000000000000000, 1.000000000000000000, 1.000000000000000000 ) ;
#839 = CARTESIAN_POINT ( 'NONE',  ( 1.041353942122092313, 0.000000000000000000, 0.1499999999999999944 ) ) ;
#840 = SURFACE_STYLE_FILL_AREA ( #1473 ) ;
#841 = FACE_OUTER_BOUND ( 'NONE', #581, .T. ) ;
#842 = EDGE_CURVE ( 'NONE', #7644, #5491, #2629, .T. ) ;
#843 =( NAMED_UNIT ( * ) SI_UNIT ( $, .STERADIAN. ) SOLID_ANGLE_UNIT ( ) );
#844 =( GEOMETRIC_REPRESENTATION_CONTEXT ( 3 ) GLOBAL_UNCERTAINTY_ASSIGNED_CONTEXT ( ( #6884 ) ) GLOBAL_UNIT_ASSIGNED_CONTEXT ( ( #4691, #3976, #1883 ) ) REPRESENTATION_CONTEXT ( 'NONE', 'WORKASPACE' ) );
#845 = LINE ( 'NONE', #8324, #5809 ) ;
#846 = LINE ( 'NONE', #7674, #7952 ) ;
#847 = VERTEX_POINT ( 'NONE', #6079 ) ;
#848 = CARTESIAN_POINT ( 'NONE',  ( 0.000000000000000000, 3.000000000000000000, -2.000000000000000000 ) ) ;
#849 =( GEOMETRIC_REPRESENTATION_CONTEXT ( 3 ) GLOBAL_UNCERTAINTY_ASSIGNED_CONTEXT ( ( #6930 ) ) GLOBAL_UNIT_ASSIGNED_CONTEXT ( ( #5208, #3769, #7086 ) ) REPRESENTATION_CONTEXT ( 'NONE', 'WORKASPACE' ) );
#850 = COLOUR_RGB ( '',1.000000000000000000, 1.000000000000000000, 1.000000000000000000 ) ;
#851 = CLOSED_SHELL ( 'NONE', ( #4704, #2661, #3205, #1404, #1042, #4161, #5869, #6008, #1919, #2204, #7533, #8458, #1671, #5265, #5472, #872, #1609, #8228, #1668, #1025, #6007, #7014, #6912, #4740, #4387, #201, #5846, #831, #3802, #4284, #8000, #3269, #3930, #3931, #1073, #6851, #1993, #6043, #1122, #4485, #8452, #1780, #1023, #8135, #5617, #5047, #2637, #2861, #1996, #3773, #6675, #8114, #834, #1939, #4215, #3317, #334, #6353, #1393, #2269, #3478, #7251, #6337, #349, #452, #3591, #5204, #952, #7171, #4986, #2876, #677, #7109, #4551, #1498, #8268, #896, #4708, #2183, #3369, #1809, #4064, #3265, #184, #1123, #257, #4499, #1997, #4277, #4498, #8132, #5405, #4344, #1285, #5459, #1069, #6715, #6743, #2929, #8660, #7436, #4097, #6669, #2433, #6005, #4445, #2487, #3691, #5134, #673, #5253, #2615, #8275, #7092, #1557, #7379, #5568, #7214, #196, #4332, #8017, #5140, #7699, #1661, #5615, #3768, #8431, #1379, #1004, #6126, #7483, #4592, #2773, #7012, #5649, #7491, #1646, #8650, #3934, #3720, #2774, #1606, #5889, #8332, #5737, #4550, #8602, #8831, #8007, #2329, #356, #8393, #7280, #3587, #8636, #1834, #5783, #8006, #1336, #5352, #8335, #4492, #7521, #781, #2436, #5412, #37, #954, #4225, #4114, #619, #8121, #2150, #1761, #7651, #4062, #2435, #6054, #8175, #4168, #465, #1450, #7322, #7001, #3209, #3104, #5956, #2998, #5396, #7961, #4003, #1499, #5613, #1071, #7722, #6063, #2552, #6173, #1770, #6195, #364, #4248, #8844, #4330, #8766, #8287, #4995, #3643, #2497, #1495, #8771, #7382, #2469 ) ) ;
#852 = LINE ( 'NONE', #106, #402 ) ;
#853 = LINE ( 'NONE', #8512, #142 ) ;
#854 = DIRECTION ( 'NONE',  ( 0.000000000000000000, -0.000000000000000000, 1.000000000000000000 ) ) ;
#855 = DIRECTION ( 'NONE',  ( -0.000000000000000000, 0.000000000000000000, -1.000000000000000000 ) ) ;
#856 = CARTESIAN_POINT ( 'NONE',  ( -4.639999999999998792, 3.999999999999999112, 2.000000000000000000 ) ) ;
#857 = PRESENTATION_LAYER_ASSIGNMENT (  '', '', ( #3018 ) ) ;
#858 = CARTESIAN_POINT ( 'NONE',  ( -2.938471846222877826, 0.5500754429267868950, 0.1499999999999999944 ) ) ;
#859 = CARTESIAN_POINT ( 'NONE',  ( -2.938471846222877826, 0.9979665374599516747, 0.1499999999999999944 ) ) ;
#860 = ORIENTED_EDGE ( 'NONE', *, *, #134, .F. ) ;
#861 = ORIENTED_EDGE ( 'NONE', *, *, #4054, .F. ) ;
#862 = SURFACE_STYLE_USAGE ( .BOTH. , #7038 ) ;
#863 = DIRECTION ( 'NONE',  ( 4.336808689942016257E-16, 1.000000000000000000, 0.000000000000000000 ) ) ;
#864 = COLOUR_RGB ( '',0.000000000000000000, 0.000000000000000000, 0.000000000000000000 ) ;
#865 = ORIENTED_EDGE ( 'NONE', *, *, #6570, .T. ) ;
#866 = DIRECTION ( 'NONE',  ( -0.000000000000000000, -0.000000000000000000, -1.000000000000000000 ) ) ;
#867 = FILL_AREA_STYLE_COLOUR ( '', #7875 ) ;
#868 = DIRECTION ( 'NONE',  ( 0.000000000000000000, -1.000000000000000000, 0.000000000000000000 ) ) ;
#869 = SURFACE_STYLE_USAGE ( .BOTH. , #7489 ) ;
#870 = VERTEX_POINT ( 'NONE', #5495 ) ;
#871 = SURFACE_STYLE_USAGE ( .BOTH. , #7048 ) ;
#872 = ADVANCED_FACE ( 'NONE', ( #4889, #3336, #7426 ), #1986, .T. ) ;
#873 = FILL_AREA_STYLE_COLOUR ( '', #8286 ) ;
#874 = ORIENTED_EDGE ( 'NONE', *, *, #5505, .F. ) ;
#875 = DIRECTION ( 'NONE',  ( -0.000000000000000000, -0.000000000000000000, -1.000000000000000000 ) ) ;
#876 = CARTESIAN_POINT ( 'NONE',  ( 11.94655025073976162, -3.000000000000000000, 0.000000000000000000 ) ) ;
#877 = CARTESIAN_POINT ( 'NONE',  ( -0.8909452591481796802, -5.367113435607375749, 0.000000000000000000 ) ) ;
#878 = EDGE_LOOP ( 'NONE', ( #6137, #746, #8545, #38 ) ) ;
#879 = VECTOR ( 'NONE', #1205, 1000.000000000000000 ) ;
#880 = SURFACE_SIDE_STYLE ('',( #4957 ) ) ;
#881 = VECTOR ( 'NONE', #8659, 1000.000000000000000 ) ;
#882 =( NAMED_UNIT ( * ) PLANE_ANGLE_UNIT ( ) SI_UNIT ( $, .RADIAN. ) );
#883 = UNCERTAINTY_MEASURE_WITH_UNIT (LENGTH_MEASURE( 1.000000000000000082E-05 ), #8665, 'distance_accuracy_value', 'NONE');
#884 = LINE ( 'NONE', #3495, #6587 ) ;
#885 = EDGE_CURVE ( 'NONE', #7156, #5708, #4751, .T. ) ;
#886 = LINE ( 'NONE', #4960, #5881 ) ;
#887 = FILL_AREA_STYLE ('',( #4961 ) ) ;
#888 = CARTESIAN_POINT ( 'NONE',  ( 1.813148036665242602, 0.8197776927927701296, 0.000000000000000000 ) ) ;
#889 = SURFACE_SIDE_STYLE ('',( #7104 ) ) ;
#890 = CARTESIAN_POINT ( 'NONE',  ( -5.285226492385886488, 0.2692500179271393179, 0.000000000000000000 ) ) ;
#891 = EDGE_CURVE ( 'NONE', #3993, #5937, #7602, .T. ) ;
#892 = ORIENTED_EDGE ( 'NONE', *, *, #4860, .F. ) ;
#893 = UNCERTAINTY_MEASURE_WITH_UNIT (LENGTH_MEASURE( 1.000000000000000082E-05 ), #597, 'distance_accuracy_value', 'NONE');
#894 =( NAMED_UNIT ( * ) SI_UNIT ( $, .STERADIAN. ) SOLID_ANGLE_UNIT ( ) );
#895 = EDGE_CURVE ( 'NONE', #7132, #2400, #3469, .T. ) ;
#896 = ADVANCED_FACE ( 'NONE', ( #2798 ), #8077, .F. ) ;
#897 = SURFACE_STYLE_USAGE ( .BOTH. , #1705 ) ;
#898 = CARTESIAN_POINT ( 'NONE',  ( -0.000000000000000000, 0.6740263370552496136, 0.000000000000000000 ) ) ;
#899 = DIRECTION ( 'NONE',  ( 1.000000000000000000, 0.000000000000000000, -0.000000000000000000 ) ) ;
#900 = CARTESIAN_POINT ( 'NONE',  ( -1.275591300402032724, 2.091446606018390497, 0.1499999999999999944 ) ) ;
#901 = VECTOR ( 'NONE', #964, 1000.000000000000000 ) ;
#902 = DIRECTION ( 'NONE',  ( 1.000000000000000000, 4.233068125708002185E-15, 0.000000000000000000 ) ) ;
#903 = FILL_AREA_STYLE ('',( #285 ) ) ;
#904 = DIRECTION ( 'NONE',  ( 0.000000000000000000, 0.000000000000000000, -1.000000000000000000 ) ) ;
#905 = ORIENTED_EDGE ( 'NONE', *, *, #6120, .T. ) ;
#906 = ORIENTED_EDGE ( 'NONE', *, *, #7909, .F. ) ;
#908 = FACE_BOUND ( 'NONE', #8595, .T. ) ;
#907 = STYLED_ITEM ( 'NONE', ( #723 ), #3369 ) ;
#909 =( NAMED_UNIT ( * ) SI_UNIT ( $, .STERADIAN. ) SOLID_ANGLE_UNIT ( ) );
#910 = ORIENTED_EDGE ( 'NONE', *, *, #5769, .T. ) ;
#911 = PRESENTATION_LAYER_ASSIGNMENT (  '', '', ( #5644 ) ) ;
#912 = PLANE ( 'NONE',  #6593 ) ;
#913 = DIRECTION ( 'NONE',  ( -0.000000000000000000, -0.000000000000000000, -1.000000000000000000 ) ) ;
#914 = DIRECTION ( 'NONE',  ( 0.000000000000000000, 0.000000000000000000, -1.000000000000000000 ) ) ;
#915 = UNCERTAINTY_MEASURE_WITH_UNIT (LENGTH_MEASURE( 1.000000000000000082E-05 ), #4509, 'distance_accuracy_value', 'NONE');
#916 = VECTOR ( 'NONE', #4440, 1000.000000000000000 ) ;
#917 = LINE ( 'NONE', #1724, #7403 ) ;
#918 = VECTOR ( 'NONE', #913, 1000.000000000000000 ) ;
#919 = STYLED_ITEM ( 'NONE', ( #4567 ), #3691 ) ;
#920 = ORIENTED_EDGE ( 'NONE', *, *, #2822, .F. ) ;
#921 = DIRECTION ( 'NONE',  ( 1.000000000000000000, 0.000000000000000000, 0.000000000000000000 ) ) ;
#922 = PRESENTATION_LAYER_ASSIGNMENT (  '', '', ( #8630 ) ) ;
#923 = EDGE_LOOP ( 'NONE', ( #731, #6607, #8705, #3895 ) ) ;
#924 = PRESENTATION_STYLE_ASSIGNMENT (( #4369 ) ) ;
#925 = AXIS2_PLACEMENT_3D ( 'NONE', #7838, #5183, #5882 ) ;
#926 = DIRECTION ( 'NONE',  ( -1.000000000000000000, 0.000000000000000000, 0.000000000000000000 ) ) ;
#927 = LINE ( 'NONE', #2999, #8597 ) ;
#928 = PRESENTATION_LAYER_ASSIGNMENT (  '', '', ( #5524 ) ) ;
#929 = ORIENTED_EDGE ( 'NONE', *, *, #2991, .F. ) ;
#930 =( GEOMETRIC_REPRESENTATION_CONTEXT ( 3 ) GLOBAL_UNCERTAINTY_ASSIGNED_CONTEXT ( ( #3227 ) ) GLOBAL_UNIT_ASSIGNED_CONTEXT ( ( #6641, #7390, #5913 ) ) REPRESENTATION_CONTEXT ( 'NONE', 'WORKASPACE' ) );
#931 = DIRECTION ( 'NONE',  ( -0.000000000000000000, -0.000000000000000000, -1.000000000000000000 ) ) ;
#932 = VECTOR ( 'NONE', #1987, 1000.000000000000000 ) ;
#933 = ORIENTED_EDGE ( 'NONE', *, *, #7215, .T. ) ;
#934 = VECTOR ( 'NONE', #2175, 1000.000000000000000 ) ;
#935 =( NAMED_UNIT ( * ) SI_UNIT ( $, .STERADIAN. ) SOLID_ANGLE_UNIT ( ) );
#936 = AXIS2_PLACEMENT_3D ( 'NONE', #1249, #4188, #6047 ) ;
#937 = DIRECTION ( 'NONE',  ( -2.168404344971008375E-16, -1.000000000000000000, 0.000000000000000000 ) ) ;
#938 = DIRECTION ( 'NONE',  ( 0.000000000000000000, -1.000000000000000000, 0.000000000000000000 ) ) ;
#939 = CARTESIAN_POINT ( 'NONE',  ( 13.74655025073976056, 7.765819727554607998E-16, -2.000000000000000000 ) ) ;
#940 = PRESENTATION_LAYER_ASSIGNMENT (  '', '', ( #4840 ) ) ;
#941 = DIRECTION ( 'NONE',  ( -1.000000000000000000, 0.000000000000000000, 0.000000000000000000 ) ) ;
#942 =( LENGTH_UNIT ( ) NAMED_UNIT ( * ) SI_UNIT ( .MILLI., .METRE. ) );
#943 = FACE_OUTER_BOUND ( 'NONE', #269, .T. ) ;
#944 = ORIENTED_EDGE ( 'NONE', *, *, #1559, .T. ) ;
#945 = CARTESIAN_POINT ( 'NONE',  ( 2.163148036665242469, 1.319777692792770019, 0.1499999999999999944 ) ) ;
#946 = AXIS2_PLACEMENT_3D ( 'NONE', #2374, #2233, #6518 ) ;
#947 = SURFACE_STYLE_FILL_AREA ( #7805 ) ;
#948 = FACE_OUTER_BOUND ( 'NONE', #531, .T. ) ;
#949 = SURFACE_STYLE_FILL_AREA ( #2294 ) ;
#950 = SURFACE_STYLE_FILL_AREA ( #4306 ) ;
#951 =( GEOMETRIC_REPRESENTATION_CONTEXT ( 3 ) GLOBAL_UNCERTAINTY_ASSIGNED_CONTEXT ( ( #8445 ) ) GLOBAL_UNIT_ASSIGNED_CONTEXT ( ( #1816, #8123, #1190 ) ) REPRESENTATION_CONTEXT ( 'NONE', 'WORKASPACE' ) );
#952 = ADVANCED_FACE ( 'NONE', ( #2885 ), #153, .F. ) ;
#953 = EDGE_CURVE ( 'NONE', #3398, #6157, #6312, .T. ) ;
#954 = ADVANCED_FACE ( 'NONE', ( #2339 ), #3606, .T. ) ;
#955 = EDGE_CURVE ( 'NONE', #7370, #3997, #5761, .T. ) ;
#956 = CARTESIAN_POINT ( 'NONE',  ( 6.420000000000000817, 4.899999999999998579, 3.884080669685257448 ) ) ;
#957 = LINE ( 'NONE', #6493, #8344 ) ;
#958 = VERTEX_POINT ( 'NONE', #7682 ) ;
#959 = ORIENTED_EDGE ( 'NONE', *, *, #4753, .F. ) ;
#960 = AXIS2_PLACEMENT_3D ( 'NONE', #8728, #7330, #2620 ) ;
#961 =( LENGTH_UNIT ( ) NAMED_UNIT ( * ) SI_UNIT ( .MILLI., .METRE. ) );
#962 = ORIENTED_EDGE ( 'NONE', *, *, #3917, .F. ) ;
#963 = CARTESIAN_POINT ( 'NONE',  ( 0.000000000000000000, 0.000000000000000000, 0.1499999999999999944 ) ) ;
#964 = DIRECTION ( 'NONE',  ( -0.000000000000000000, -0.000000000000000000, -1.000000000000000000 ) ) ;
#965 = VECTOR ( 'NONE', #5771, 1000.000000000000000 ) ;
#966 = UNCERTAINTY_MEASURE_WITH_UNIT (LENGTH_MEASURE( 1.000000000000000082E-05 ), #6971, 'distance_accuracy_value', 'NONE');
#967 = PLANE ( 'NONE',  #3840 ) ;
#968 = VERTEX_POINT ( 'NONE', #5584 ) ;
#969 = ORIENTED_EDGE ( 'NONE', *, *, #5663, .F. ) ;
#970 = PRESENTATION_STYLE_ASSIGNMENT (( #3042 ) ) ;
#971 = PRESENTATION_STYLE_ASSIGNMENT (( #3089 ) ) ;
#972 =( GEOMETRIC_REPRESENTATION_CONTEXT ( 3 ) GLOBAL_UNCERTAINTY_ASSIGNED_CONTEXT ( ( #3087 ) ) GLOBAL_UNIT_ASSIGNED_CONTEXT ( ( #2711, #637, #5665 ) ) REPRESENTATION_CONTEXT ( 'NONE', 'WORKASPACE' ) );
#973 = DIRECTION ( 'NONE',  ( 0.000000000000000000, 0.000000000000000000, 1.000000000000000000 ) ) ;
#974 = EDGE_LOOP ( 'NONE', ( #4299, #3366, #1272, #1857 ) ) ;
#975 = AXIS2_PLACEMENT_3D ( 'NONE', #4514, #4565, #5801 ) ;
#976 = CARTESIAN_POINT ( 'NONE',  ( -1.480492736483535188, 2.803082408881607535, 0.4000000000000000222 ) ) ;
#977 = FILL_AREA_STYLE_COLOUR ( '', #6702 ) ;
#978 = ORIENTED_EDGE ( 'NONE', *, *, #2617, .T. ) ;
#979 = CARTESIAN_POINT ( 'NONE',  ( 1.340000000000000080, 7.641130724221518733, 3.017654449115059201 ) ) ;
#980 = SURFACE_STYLE_FILL_AREA ( #7790 ) ;
#981 = MECHANICAL_DESIGN_GEOMETRIC_PRESENTATION_REPRESENTATION (  '', ( #670 ), #7970 ) ;
#982 =( NAMED_UNIT ( * ) PLANE_ANGLE_UNIT ( ) SI_UNIT ( $, .RADIAN. ) );
#983 = FACE_OUTER_BOUND ( 'NONE', #1494, .T. ) ;
#984 = PLANE ( 'NONE',  #3657 ) ;
#985 = DIRECTION ( 'NONE',  ( 0.000000000000000000, -1.000000000000000000, 0.000000000000000000 ) ) ;
#986 = VECTOR ( 'NONE', #4885, 1000.000000000000000 ) ;
#987 = ORIENTED_EDGE ( 'NONE', *, *, #594, .T. ) ;
#988 = EDGE_CURVE ( 'NONE', #4650, #8559, #5067, .T. ) ;
#989 = DIRECTION ( 'NONE',  ( 0.000000000000000000, -0.000000000000000000, -1.000000000000000000 ) ) ;
#990 = CARTESIAN_POINT ( 'NONE',  ( -2.099999999999999645, 4.899999999999998579, 3.017654449115059201 ) ) ;
#991 = DIRECTION ( 'NONE',  ( 1.000000000000000000, 0.000000000000000000, 0.000000000000000000 ) ) ;
#992 =( GEOMETRIC_REPRESENTATION_CONTEXT ( 3 ) GLOBAL_UNCERTAINTY_ASSIGNED_CONTEXT ( ( #739 ) ) GLOBAL_UNIT_ASSIGNED_CONTEXT ( ( #5150, #2971, #5020 ) ) REPRESENTATION_CONTEXT ( 'NONE', 'WORKASPACE' ) );
#993 = FILL_AREA_STYLE ('',( #377 ) ) ;
#994 =( NAMED_UNIT ( * ) SI_UNIT ( $, .STERADIAN. ) SOLID_ANGLE_UNIT ( ) );
#995 = CARTESIAN_POINT ( 'NONE',  ( 1.602250989393667391, 0.000000000000000000, 0.1499999999999999944 ) ) ;
#996 = CARTESIAN_POINT ( 'NONE',  ( 6.948636131094521495, -5.267066187369637831, -2.100000000000000089 ) ) ;
#997 = EDGE_CURVE ( 'NONE', #1370, #5999, #283, .T. ) ;
#998 = SURFACE_STYLE_USAGE ( .BOTH. , #7814 ) ;
#999 = PRESENTATION_LAYER_ASSIGNMENT (  '', '', ( #2584 ) ) ;
#1000 = COLOUR_RGB ( '',0.7529411764705882248, 0.000000000000000000, 0.7529411764705882248 ) ;
#1001 = ORIENTED_EDGE ( 'NONE', *, *, #8553, .F. ) ;
#1002 = ORIENTED_EDGE ( 'NONE', *, *, #7432, .T. ) ;
#1003 = FACE_BOUND ( 'NONE', #5172, .T. ) ;
#1004 = ADVANCED_FACE ( 'NONE', ( #1621 ), #2160, .T. ) ;
#1005 = FILL_AREA_STYLE_COLOUR ( '', #3221 ) ;
#1006 = ORIENTED_EDGE ( 'NONE', *, *, #6624, .T. ) ;
#1007 = CARTESIAN_POINT ( 'NONE',  ( 1.298978179107250108, 2.872085941517590628E-16, 0.5000000000000000000 ) ) ;
#1008 =( LENGTH_UNIT ( ) NAMED_UNIT ( * ) SI_UNIT ( .MILLI., .METRE. ) );
#1009 = LINE ( 'NONE', #4944, #2185 ) ;
#1010 = UNCERTAINTY_MEASURE_WITH_UNIT (LENGTH_MEASURE( 1.000000000000000082E-05 ), #4482, 'distance_accuracy_value', 'NONE');
#1011 = EDGE_CURVE ( 'NONE', #1545, #3866, #8321, .T. ) ;
#1012 = COLOUR_RGB ( '',1.000000000000000000, 1.000000000000000000, 1.000000000000000000 ) ;
#1013 = CARTESIAN_POINT ( 'NONE',  ( 0.000000000000000000, 2.197828827475229563, 0.5000000000000000000 ) ) ;
#1014 = ORIENTED_EDGE ( 'NONE', *, *, #5787, .F. ) ;
#1015 = SURFACE_SIDE_STYLE ('',( #3327 ) ) ;
#1016 = SURFACE_SIDE_STYLE ('',( #393 ) ) ;
#1017 = ORIENTED_EDGE ( 'NONE', *, *, #7148, .F. ) ;
#1018 = UNCERTAINTY_MEASURE_WITH_UNIT (LENGTH_MEASURE( 1.000000000000000082E-05 ), #3511, 'distance_accuracy_value', 'NONE');
#1019 = SURFACE_SIDE_STYLE ('',( #6752 ) ) ;
#1020 = EDGE_CURVE ( 'NONE', #8130, #6039, #2106, .T. ) ;
#1021 = VECTOR ( 'NONE', #4476, 1000.000000000000000 ) ;
#1022 = CARTESIAN_POINT ( 'NONE',  ( -8.000000000000000000, -6.100000000000000533, 0.000000000000000000 ) ) ;
#1023 = ADVANCED_FACE ( 'NONE', ( #6251 ), #100, .T. ) ;
#1024 =( NAMED_UNIT ( * ) PLANE_ANGLE_UNIT ( ) SI_UNIT ( $, .RADIAN. ) );
#1025 = ADVANCED_FACE ( 'NONE', ( #2870 ), #3593, .T. ) ;
#1026 = ORIENTED_EDGE ( 'NONE', *, *, #1235, .F. ) ;
#1027 = VECTOR ( 'NONE', #8547, 1000.000000000000000 ) ;
#1028 = FACE_OUTER_BOUND ( 'NONE', #5498, .T. ) ;
#1029 = ORIENTED_EDGE ( 'NONE', *, *, #7596, .F. ) ;
#1030 = FILL_AREA_STYLE_COLOUR ( '', #3803 ) ;
#1031 = PRESENTATION_STYLE_ASSIGNMENT (( #5922 ) ) ;
#1032 = UNCERTAINTY_MEASURE_WITH_UNIT (LENGTH_MEASURE( 1.000000000000000082E-05 ), #6299, 'distance_accuracy_value', 'NONE');
#1033 =( NAMED_UNIT ( * ) SI_UNIT ( $, .STERADIAN. ) SOLID_ANGLE_UNIT ( ) );
#1034 = PRESENTATION_LAYER_ASSIGNMENT (  '', '', ( #8033 ) ) ;
#1035 = LINE ( 'NONE', #3782, #5520 ) ;
#1036 = DIRECTION ( 'NONE',  ( -1.000000000000000000, 0.000000000000000000, -0.000000000000000000 ) ) ;
#1037 = ORIENTED_EDGE ( 'NONE', *, *, #7058, .T. ) ;
#1038 = CARTESIAN_POINT ( 'NONE',  ( 3.880000000000000782, 4.899999999999998579, 3.017654449115059201 ) ) ;
#1039 = CARTESIAN_POINT ( 'NONE',  ( -4.270710445465622840, -0.7767525643175616779, 0.000000000000000000 ) ) ;
#1040 = DIRECTION ( 'NONE',  ( 0.000000000000000000, 0.000000000000000000, 1.000000000000000000 ) ) ;
#1041 = FACE_OUTER_BOUND ( 'NONE', #7087, .T. ) ;
#1042 = ADVANCED_FACE ( 'NONE', ( #7717 ), #2461, .F. ) ;
#1043 = CARTESIAN_POINT ( 'NONE',  ( -3.143373282304380290, 2.091446606018389609, 0.1499999999999999944 ) ) ;
#1044 = CARTESIAN_POINT ( 'NONE',  ( -7.500000000000000000, 5.728180208693597564, 2.000000000000000000 ) ) ;
#1045 =( NAMED_UNIT ( * ) SI_UNIT ( $, .STERADIAN. ) SOLID_ANGLE_UNIT ( ) );
#1046 = CARTESIAN_POINT ( 'NONE',  ( 1.602250989393667391, -0.8913831919116188551, 0.1499999999999999944 ) ) ;
#1047 = FILL_AREA_STYLE ('',( #8519 ) ) ;
#1048 = ORIENTED_EDGE ( 'NONE', *, *, #185, .F. ) ;
#1049 = ORIENTED_EDGE ( 'NONE', *, *, #5462, .T. ) ;
#1050 = VECTOR ( 'NONE', #8281, 1000.000000000000000 ) ;
#1051 = SURFACE_STYLE_FILL_AREA ( #3937 ) ;
#1052 = VERTEX_POINT ( 'NONE', #3735 ) ;
#1053 = COLOUR_RGB ( '',1.000000000000000000, 1.000000000000000000, 1.000000000000000000 ) ;
#1054 = DIRECTION ( 'NONE',  ( 1.000000000000000000, -0.000000000000000000, -0.000000000000000000 ) ) ;
#1055 = SURFACE_STYLE_FILL_AREA ( #3857 ) ;
#1056 = ORIENTED_EDGE ( 'NONE', *, *, #4050, .T. ) ;
#1057 = FILL_AREA_STYLE_COLOUR ( '', #7128 ) ;
#1058 = DIRECTION ( 'NONE',  ( 1.000000000000000000, 0.000000000000000000, 0.000000000000000000 ) ) ;
#1059 = VERTEX_POINT ( 'NONE', #2420 ) ;
#1060 =( LENGTH_UNIT ( ) NAMED_UNIT ( * ) SI_UNIT ( .MILLI., .METRE. ) );
#1061 = SURFACE_SIDE_STYLE ('',( #5739 ) ) ;
#1062 = VECTOR ( 'NONE', #8437, 1000.000000000000000 ) ;
#1063 = ORIENTED_EDGE ( 'NONE', *, *, #6408, .T. ) ;
#1064 = COLOUR_RGB ( '',1.000000000000000000, 1.000000000000000000, 0.5019607843137254832 ) ;
#1065 = SURFACE_SIDE_STYLE ('',( #136 ) ) ;
#1066 =( NAMED_UNIT ( * ) PLANE_ANGLE_UNIT ( ) SI_UNIT ( $, .RADIAN. ) );
#1067 =( GEOMETRIC_REPRESENTATION_CONTEXT ( 3 ) GLOBAL_UNCERTAINTY_ASSIGNED_CONTEXT ( ( #278 ) ) GLOBAL_UNIT_ASSIGNED_CONTEXT ( ( #1008, #3717, #8397 ) ) REPRESENTATION_CONTEXT ( 'NONE', 'WORKASPACE' ) );
#1068 = VECTOR ( 'NONE', #3609, 1000.000000000000000 ) ;
#1069 = ADVANCED_FACE ( 'NONE', ( #5176 ), #5921, .F. ) ;
#1070 = AXIS2_PLACEMENT_3D ( 'NONE', #4012, #524, #8671 ) ;
#1071 = ADVANCED_FACE ( 'NONE', ( #8620 ), #4375, .T. ) ;
#1072 = CARTESIAN_POINT ( 'NONE',  ( -1.199999999999999734, 7.641130724221518733, 3.884080669685257448 ) ) ;
#1073 = ADVANCED_FACE ( 'NONE', ( #5219 ), #7834, .F. ) ;
#1074 = VERTEX_POINT ( 'NONE', #3962 ) ;
#1075 =( GEOMETRIC_REPRESENTATION_CONTEXT ( 3 ) GLOBAL_UNCERTAINTY_ASSIGNED_CONTEXT ( ( #3830 ) ) GLOBAL_UNIT_ASSIGNED_CONTEXT ( ( #3257, #5995, #8030 ) ) REPRESENTATION_CONTEXT ( 'NONE', 'WORKASPACE' ) );
#1076 = AXIS2_PLACEMENT_3D ( 'NONE', #8105, #6660, #3928 ) ;
#1077 = VECTOR ( 'NONE', #630, 1000.000000000000000 ) ;
#1078 = SURFACE_STYLE_FILL_AREA ( #6476 ) ;
#1079 = AXIS2_PLACEMENT_3D ( 'NONE', #3223, #6646, #438 ) ;
#1080 = CIRCLE ( 'NONE', #5812, 0.6499999999999991340 ) ;
#1081 = DIRECTION ( 'NONE',  ( 1.000000000000000000, 4.233068125707992719E-15, 0.000000000000000000 ) ) ;
#1082 = CARTESIAN_POINT ( 'NONE',  ( 11.94655025073976162, 3.000000000000000000, 0.000000000000000000 ) ) ;
#1083 = AXIS2_PLACEMENT_3D ( 'NONE', #530, #6654, #487 ) ;
#1084 = FACE_OUTER_BOUND ( 'NONE', #4949, .T. ) ;
#1085 = ORIENTED_EDGE ( 'NONE', *, *, #1655, .F. ) ;
#1086 = AXIS2_PLACEMENT_3D ( 'NONE', #7031, #2886, #8333 ) ;
#1087 = FACE_OUTER_BOUND ( 'NONE', #3129, .T. ) ;
#1088 = CARTESIAN_POINT ( 'NONE',  ( 8.000000000000000000, 6.099999999999998757, 0.000000000000000000 ) ) ;
#1089 = AXIS2_PLACEMENT_3D ( 'NONE', #5223, #7923, #1791 ) ;
#1090 = CARTESIAN_POINT ( 'NONE',  ( -4.402923696573366463, 0.000000000000000000, 0.1499999999999999944 ) ) ;
#1091 = CARTESIAN_POINT ( 'NONE',  ( 3.809999999999997833, 4.827278989943721399, -2.000000000000000000 ) ) ;
#1092 = SURFACE_SIDE_STYLE ('',( #2570 ) ) ;
#1093 = LINE ( 'NONE', #418, #1818 ) ;
#1094 = COLOUR_RGB ( '',0.2509803921568627416, 0.2509803921568627416, 0.2509803921568627416 ) ;
#1095 = CARTESIAN_POINT ( 'NONE',  ( -13.94655025073976162, 0.000000000000000000, 0.000000000000000000 ) ) ;
#1096 = EDGE_CURVE ( 'NONE', #3338, #8525, #660, .T. ) ;
#1097 = VERTEX_POINT ( 'NONE', #8138 ) ;
#1098 = DIRECTION ( 'NONE',  ( 0.000000000000000000, 0.000000000000000000, 1.000000000000000000 ) ) ;
#1099 = ORIENTED_EDGE ( 'NONE', *, *, #2156, .T. ) ;
#1100 = VERTEX_POINT ( 'NONE', #602 ) ;
#1101 = CARTESIAN_POINT ( 'NONE',  ( -5.139799166388884899, 0.000000000000000000, 0.000000000000000000 ) ) ;
#1102 = SURFACE_STYLE_FILL_AREA ( #1942 ) ;
#1103 = VERTEX_POINT ( 'NONE', #6745 ) ;
#1104 = LINE ( 'NONE', #6501, #6667 ) ;
#1105 = SURFACE_STYLE_FILL_AREA ( #388 ) ;
#1106 = PLANE ( 'NONE',  #8378 ) ;
#1107 = ORIENTED_EDGE ( 'NONE', *, *, #8229, .F. ) ;
#1108 = CARTESIAN_POINT ( 'NONE',  ( -3.810000000000000053, 4.827278989943721399, -2.000000000000000000 ) ) ;
#1109 = SURFACE_SIDE_STYLE ('',( #4541 ) ) ;
#1110 = ORIENTED_EDGE ( 'NONE', *, *, #7700, .T. ) ;
#1111 = CARTESIAN_POINT ( 'NONE',  ( 5.520000000000001350, 7.641130724221518733, 3.884080669685257448 ) ) ;
#1112 = CARTESIAN_POINT ( 'NONE',  ( 2.980000000000000870, 4.899999999999998579, 3.884080669685257448 ) ) ;
#1113 = EDGE_LOOP ( 'NONE', ( #4136, #8835, #3671, #1764, #5945, #3626, #906 ) ) ;
#1114 = DIRECTION ( 'NONE',  ( -0.000000000000000000, -0.000000000000000000, -1.000000000000000000 ) ) ;
#1115 = DIRECTION ( 'NONE',  ( 1.000000000000000000, 0.000000000000000000, -0.000000000000000000 ) ) ;
#1116 = FACE_OUTER_BOUND ( 'NONE', #1904, .T. ) ;
#1117 = ORIENTED_EDGE ( 'NONE', *, *, #678, .T. ) ;
#1118 = VECTOR ( 'NONE', #7723, 1000.000000000000000 ) ;
#1119 = VERTEX_POINT ( 'NONE', #6787 ) ;
#1120 = PLANE ( 'NONE',  #4906 ) ;
#1121 = EDGE_CURVE ( 'NONE', #4313, #1979, #563, .T. ) ;
#1122 = ADVANCED_FACE ( 'NONE', ( #3407 ), #1165, .T. ) ;
#1123 = ADVANCED_FACE ( 'NONE', ( #2642 ), #4057, .F. ) ;
#1124 = MECHANICAL_DESIGN_GEOMETRIC_PRESENTATION_REPRESENTATION (  '', ( #5018 ), #1824 ) ;
#1125 = EDGE_CURVE ( 'NONE', #6638, #3029, #2203, .T. ) ;
#1126 = CARTESIAN_POINT ( 'NONE',  ( -1.068326999829344537, -3.005484622322586841, -3.000000000000000000 ) ) ;
#1127 = LINE ( 'NONE', #1742, #6673 ) ;
#1128 = DIRECTION ( 'NONE',  ( -0.000000000000000000, -0.000000000000000000, 1.000000000000000000 ) ) ;
#1129 = CARTESIAN_POINT ( 'NONE',  ( 8.000000000000000000, 6.099999999999998757, -2.000000000000000000 ) ) ;
#1130 = VECTOR ( 'NONE', #1114, 1000.000000000000000 ) ;
#1131 = EDGE_CURVE ( 'NONE', #8520, #7745, #490, .T. ) ;
#1132 = CARTESIAN_POINT ( 'NONE',  ( -3.143373282304379845, 1.315449244559767195, 0.1499999999999999944 ) ) ;
#1133 = EDGE_CURVE ( 'NONE', #7302, #4575, #8310, .T. ) ;
#1134 =( LENGTH_UNIT ( ) NAMED_UNIT ( * ) SI_UNIT ( .MILLI., .METRE. ) );
#1135 = DIRECTION ( 'NONE',  ( 0.000000000000000000, -1.000000000000000000, 0.000000000000000000 ) ) ;
#1136 = FACE_OUTER_BOUND ( 'NONE', #4735, .T. ) ;
#1137 = CARTESIAN_POINT ( 'NONE',  ( -6.350000000000000533, 4.827278989943721399, -2.000000000000000000 ) ) ;
#1138 = DIRECTION ( 'NONE',  ( -0.000000000000000000, -0.000000000000000000, 1.000000000000000000 ) ) ;
#1139 = VERTEX_POINT ( 'NONE', #6887 ) ;
#1140 = CARTESIAN_POINT ( 'NONE',  ( 5.356353281621393236, 0.1761656672350274677, 0.000000000000000000 ) ) ;
#1141 = EDGE_LOOP ( 'NONE', ( #6685, #8172, #1017, #1847 ) ) ;
#1142 = ORIENTED_EDGE ( 'NONE', *, *, #1720, .T. ) ;
#1143 = VECTOR ( 'NONE', #8247, 1000.000000000000000 ) ;
#1144 = FACE_OUTER_BOUND ( 'NONE', #3305, .T. ) ;
#1145 = ORIENTED_EDGE ( 'NONE', *, *, #8272, .T. ) ;
#1146 = DIRECTION ( 'NONE',  ( 0.000000000000000000, 0.000000000000000000, 1.000000000000000000 ) ) ;
#1147 = SURFACE_SIDE_STYLE ('',( #1105 ) ) ;
#1148 = CARTESIAN_POINT ( 'NONE',  ( -7.179999999999999716, 4.899999999999998579, 3.884080669685257448 ) ) ;
#1149 = ORIENTED_EDGE ( 'NONE', *, *, #5844, .T. ) ;
#1150 = PRESENTATION_LAYER_ASSIGNMENT (  '', '', ( #5880 ) ) ;
#1151 = STYLED_ITEM ( 'NONE', ( #5228 ), #5352 ) ;
#1152 = CARTESIAN_POINT ( 'NONE',  ( -4.639999999999998792, 3.999999999999999112, 2.000000000000000000 ) ) ;
#1153 = ORIENTED_EDGE ( 'NONE', *, *, #5199, .F. ) ;
#1154 = CARTESIAN_POINT ( 'NONE',  ( 2.163148036665242469, -0.8913831919116188551, 0.1499999999999999944 ) ) ;
#1155 = DIRECTION ( 'NONE',  ( -1.000000000000000000, 0.000000000000000000, 0.000000000000000000 ) ) ;
#1156 = VECTOR ( 'NONE', #793, 1000.000000000000000 ) ;
#1157 = ORIENTED_EDGE ( 'NONE', *, *, #7278, .T. ) ;
#1158 = CARTESIAN_POINT ( 'NONE',  ( 1.269999999999999352, 4.827278989943721399, -2.000000000000000000 ) ) ;
#1159 = COLOUR_RGB ( '',1.000000000000000000, 1.000000000000000000, 1.000000000000000000 ) ;
#1160 =( NAMED_UNIT ( * ) SI_UNIT ( $, .STERADIAN. ) SOLID_ANGLE_UNIT ( ) );
#1161 = EDGE_CURVE ( 'NONE', #6274, #3961, #5640, .T. ) ;
#1162 = AXIS2_PLACEMENT_3D ( 'NONE', #6494, #5719, #5071 ) ;
#1163 = ORIENTED_EDGE ( 'NONE', *, *, #1877, .F. ) ;
#1164 = VERTEX_POINT ( 'NONE', #2775 ) ;
#1165 = CYLINDRICAL_SURFACE ( 'NONE', #4531, 2.000000000000000000 ) ;
#1166 = VECTOR ( 'NONE', #6861, 1000.000000000000000 ) ;
#1167 = UNCERTAINTY_MEASURE_WITH_UNIT (LENGTH_MEASURE( 1.000000000000000082E-05 ), #8582, 'distance_accuracy_value', 'NONE');
#1168 = PLANE ( 'NONE',  #1955 ) ;
#1169 = FILL_AREA_STYLE_COLOUR ( '', #1928 ) ;
#1170 = DIRECTION ( 'NONE',  ( -0.000000000000000000, -0.000000000000000000, -1.000000000000000000 ) ) ;
#1171 = CARTESIAN_POINT ( 'NONE',  ( 0.000000000000000000, -5.365916429288997591, 0.5000000000000000000 ) ) ;
#1172 = DIRECTION ( 'NONE',  ( 0.000000000000000000, 0.000000000000000000, -1.000000000000000000 ) ) ;
#1173 = EDGE_CURVE ( 'NONE', #3029, #6197, #5561, .T. ) ;
#1174 = FILL_AREA_STYLE_COLOUR ( '', #2413 ) ;
#1175 = LINE ( 'NONE', #4644, #1289 ) ;
#1176 = DIRECTION ( 'NONE',  ( -0.000000000000000000, -1.000000000000000000, -0.000000000000000000 ) ) ;
#1177 = COLOUR_RGB ( '',0.2509803921568627416, 0.2509803921568627416, 0.2509803921568627416 ) ;
#1178 = DIRECTION ( 'NONE',  ( 0.000000000000000000, -1.000000000000000000, 0.000000000000000000 ) ) ;
#1179 = DIRECTION ( 'NONE',  ( -1.000000000000000000, 0.000000000000000000, 6.672013369141570542E-15 ) ) ;
#1180 = ORIENTED_EDGE ( 'NONE', *, *, #433, .T. ) ;
#1181 = EDGE_CURVE ( 'NONE', #4665, #6876, #1927, .T. ) ;
#1182 = EDGE_CURVE ( 'NONE', #4126, #5457, #4905, .T. ) ;
#1183 = DIRECTION ( 'NONE',  ( -0.000000000000000000, -0.000000000000000000, -1.000000000000000000 ) ) ;
#1184 = VERTEX_POINT ( 'NONE', #5513 ) ;
#1185 = ORIENTED_EDGE ( 'NONE', *, *, #5891, .F. ) ;
#1186 = LINE ( 'NONE', #3992, #4887 ) ;
#1187 = ORIENTED_EDGE ( 'NONE', *, *, #6768, .F. ) ;
#1188 = DIRECTION ( 'NONE',  ( -0.000000000000000000, -0.000000000000000000, -1.000000000000000000 ) ) ;
#1189 = SURFACE_STYLE_FILL_AREA ( #6636 ) ;
#1190 =( NAMED_UNIT ( * ) SI_UNIT ( $, .STERADIAN. ) SOLID_ANGLE_UNIT ( ) );
#1191 = VERTEX_POINT ( 'NONE', #7530 ) ;
#1192 = CARTESIAN_POINT ( 'NONE',  ( 0.4400000000000001688, 3.999999999999999112, 3.017654449115059201 ) ) ;
#1193 = ORIENTED_EDGE ( 'NONE', *, *, #2617, .F. ) ;
#1194 = DIRECTION ( 'NONE',  ( 0.000000000000000000, -1.000000000000000000, 0.000000000000000000 ) ) ;
#1195 = ORIENTED_EDGE ( 'NONE', *, *, #6514, .T. ) ;
#1196 = DIRECTION ( 'NONE',  ( 1.000000000000000000, 0.000000000000000000, 0.000000000000000000 ) ) ;
#1197 = SURFACE_SIDE_STYLE ('',( #8039 ) ) ;
#1198 = CARTESIAN_POINT ( 'NONE',  ( -1.480492736483534966, 1.315449244559767639, 0.000000000000000000 ) ) ;
#1199 = PRESENTATION_LAYER_ASSIGNMENT (  '', '', ( #907 ) ) ;
#1200 = LINE ( 'NONE', #3778, #7797 ) ;
#1201 = ORIENTED_EDGE ( 'NONE', *, *, #1766, .T. ) ;
#1202 = AXIS2_PLACEMENT_3D ( 'NONE', #5873, #6003, #8707 ) ;
#1203 = VERTEX_POINT ( 'NONE', #1423 ) ;
#1204 = SURFACE_SIDE_STYLE ('',( #8808 ) ) ;
#1205 = DIRECTION ( 'NONE',  ( 1.000000000000000000, -0.000000000000000000, -0.000000000000000000 ) ) ;
#1206 = MECHANICAL_DESIGN_GEOMETRIC_PRESENTATION_REPRESENTATION (  '', ( #5099 ), #8487 ) ;
#1207 = LINE ( 'NONE', #3187, #5538 ) ;
#1208 = AXIS2_PLACEMENT_3D ( 'NONE', #8698, #6635, #8603 ) ;
#1209 =( GEOMETRIC_REPRESENTATION_CONTEXT ( 3 ) GLOBAL_UNCERTAINTY_ASSIGNED_CONTEXT ( ( #6770 ) ) GLOBAL_UNIT_ASSIGNED_CONTEXT ( ( #8342, #4315, #909 ) ) REPRESENTATION_CONTEXT ( 'NONE', 'WORKASPACE' ) );
#1210 = DIRECTION ( 'NONE',  ( -1.000000000000000000, -4.233068125708002185E-15, 0.000000000000000000 ) ) ;
#1211 = CARTESIAN_POINT ( 'NONE',  ( 1.340000000000000080, 3.999999999999999112, 3.017654449115059201 ) ) ;
#1212 = CARTESIAN_POINT ( 'NONE',  ( 0.2040164599795362410, -5.356808079531231392, 0.5000000000000000000 ) ) ;
#1213 = EDGE_LOOP ( 'NONE', ( #5586, #7368, #6398, #2193 ) ) ;
#1214 = VECTOR ( 'NONE', #3555, 1000.000000000000000 ) ;
#1215 = PLANE ( 'NONE',  #8718 ) ;
#1216 =( NAMED_UNIT ( * ) SI_UNIT ( $, .STERADIAN. ) SOLID_ANGLE_UNIT ( ) );
#1217 = PRESENTATION_LAYER_ASSIGNMENT (  '', '', ( #1502 ) ) ;
#1218 = CARTESIAN_POINT ( 'NONE',  ( -1.199999999999999734, 4.899999999999998579, 3.017654449115059201 ) ) ;
#1219 = SURFACE_SIDE_STYLE ('',( #3243 ) ) ;
#1220 = DIRECTION ( 'NONE',  ( -6.672013369141570542E-15, -0.000000000000000000, -1.000000000000000000 ) ) ;
#1221 = CIRCLE ( 'NONE', #495, 0.2145018023815153663 ) ;
#1222 = DIRECTION ( 'NONE',  ( -4.336808689942016750E-16, -1.000000000000000000, 0.000000000000000000 ) ) ;
#1223 = CARTESIAN_POINT ( 'NONE',  ( -2.099999999999999645, 3.999999999999999112, 2.000000000000000000 ) ) ;
#1224 = ORIENTED_EDGE ( 'NONE', *, *, #7408, .F. ) ;
#1225 = PLANE ( 'NONE',  #8456 ) ;
#1226 = ORIENTED_EDGE ( 'NONE', *, *, #5351, .T. ) ;
#1227 = ORIENTED_EDGE ( 'NONE', *, *, #4283, .T. ) ;
#1228 = VECTOR ( 'NONE', #826, 1000.000000000000000 ) ;
#1229 = DIRECTION ( 'NONE',  ( 0.000000000000000000, -0.000000000000000000, 1.000000000000000000 ) ) ;
#1230 = EDGE_CURVE ( 'NONE', #293, #8130, #828, .T. ) ;
#1231 = DIRECTION ( 'NONE',  ( -1.000000000000000000, -0.000000000000000000, -0.000000000000000000 ) ) ;
#1232 = ORIENTED_EDGE ( 'NONE', *, *, #8118, .F. ) ;
#1233 = SURFACE_SIDE_STYLE ('',( #425 ) ) ;
#1234 = EDGE_CURVE ( 'NONE', #6578, #7267, #5004, .T. ) ;
#1235 = EDGE_CURVE ( 'NONE', #1164, #5116, #3579, .T. ) ;
#1236 = COLOUR_RGB ( '',1.000000000000000000, 1.000000000000000000, 1.000000000000000000 ) ;
#1237 = EDGE_CURVE ( 'NONE', #4591, #2694, #4862, .T. ) ;
#1238 = CARTESIAN_POINT ( 'NONE',  ( 1.340000000000000080, 3.999999999999999112, 2.000000000000000000 ) ) ;
#1239 = ORIENTED_EDGE ( 'NONE', *, *, #4441, .T. ) ;
#1240 = VECTOR ( 'NONE', #2191, 1000.000000000000000 ) ;
#1241 = ORIENTED_EDGE ( 'NONE', *, *, #1783, .F. ) ;
#1242 = ORIENTED_EDGE ( 'NONE', *, *, #7279, .T. ) ;
#1243 = CARTESIAN_POINT ( 'NONE',  ( 6.420000000000000817, 3.999999999999999112, 2.000000000000000000 ) ) ;
#1244 = ORIENTED_EDGE ( 'NONE', *, *, #1739, .T. ) ;
#1245 = FACE_OUTER_BOUND ( 'NONE', #4573, .T. ) ;
#1246 = DIRECTION ( 'NONE',  ( 0.000000000000000000, 0.000000000000000000, -1.000000000000000000 ) ) ;
#1247 = DIRECTION ( 'NONE',  ( 1.000000000000000000, 0.000000000000000000, 0.000000000000000000 ) ) ;
#1248 = COLOUR_RGB ( '',1.000000000000000000, 1.000000000000000000, 1.000000000000000000 ) ;
#1249 = CARTESIAN_POINT ( 'NONE',  ( 5.520000000000001350, 4.826793837766001793, 3.059473063321508146 ) ) ;
#1250 = ORIENTED_EDGE ( 'NONE', *, *, #7321, .T. ) ;
#1251 = ORIENTED_EDGE ( 'NONE', *, *, #6329, .T. ) ;
#1252 = DIRECTION ( 'NONE',  ( -1.000000000000000000, 0.000000000000000000, 0.000000000000000000 ) ) ;
#1253 = CARTESIAN_POINT ( 'NONE',  ( 8.000000000000000000, 3.000000000000000000, 0.000000000000000000 ) ) ;
#1254 = EDGE_LOOP ( 'NONE', ( #2387, #8125, #4489, #2032 ) ) ;
#1255 = STYLED_ITEM ( 'NONE', ( #5992 ), #2269 ) ;
#1256 =( NAMED_UNIT ( * ) SI_UNIT ( $, .STERADIAN. ) SOLID_ANGLE_UNIT ( ) );
#1257 = CARTESIAN_POINT ( 'NONE',  ( 13.94655025073976162, 0.000000000000000000, 0.000000000000000000 ) ) ;
#1258 = FACE_OUTER_BOUND ( 'NONE', #522, .T. ) ;
#1259 = ORIENTED_EDGE ( 'NONE', *, *, #259, .F. ) ;
#1260 = DIRECTION ( 'NONE',  ( 0.000000000000000000, -1.000000000000000000, 0.000000000000000000 ) ) ;
#1261 =( GEOMETRIC_REPRESENTATION_CONTEXT ( 3 ) GLOBAL_UNCERTAINTY_ASSIGNED_CONTEXT ( ( #1018 ) ) GLOBAL_UNIT_ASSIGNED_CONTEXT ( ( #3511, #3192, #3882 ) ) REPRESENTATION_CONTEXT ( 'NONE', 'WORKASPACE' ) );
#1262 = DIRECTION ( 'NONE',  ( 0.000000000000000000, 0.000000000000000000, 1.000000000000000000 ) ) ;
#1263 = PRESENTATION_STYLE_ASSIGNMENT (( #3239 ) ) ;
#1264 = SURFACE_SIDE_STYLE ('',( #1932 ) ) ;
#1265 = CARTESIAN_POINT ( 'NONE',  ( 6.420000000000000817, 3.999999999999999112, 3.017654449115060089 ) ) ;
#1266 = EDGE_CURVE ( 'NONE', #3541, #8137, #6281, .T. ) ;
#1267 = SURFACE_STYLE_USAGE ( .BOTH. , #5986 ) ;
#1268 = DIRECTION ( 'NONE',  ( -1.000000000000000000, 0.000000000000000000, 0.000000000000000000 ) ) ;
#1269 = VECTOR ( 'NONE', #1825, 1000.000000000000000 ) ;
#1270 = VERTEX_POINT ( 'NONE', #2177 ) ;
#1271 = LINE ( 'NONE', #1140, #3457 ) ;
#1272 = ORIENTED_EDGE ( 'NONE', *, *, #4049, .F. ) ;
#1273 = UNCERTAINTY_MEASURE_WITH_UNIT (LENGTH_MEASURE( 1.000000000000000082E-05 ), #6586, 'distance_accuracy_value', 'NONE');
#1274 = ORIENTED_EDGE ( 'NONE', *, *, #7362, .F. ) ;
#1275 = CARTESIAN_POINT ( 'NONE',  ( -1.270000000000000684, 4.827278989943721399, -2.000000000000000000 ) ) ;
#1276 = PRESENTATION_STYLE_ASSIGNMENT (( #8740 ) ) ;
#1277 = EDGE_CURVE ( 'NONE', #1755, #4458, #3489, .T. ) ;
#1278 = FACE_OUTER_BOUND ( 'NONE', #573, .T. ) ;
#1279 = VERTEX_POINT ( 'NONE', #2045 ) ;
#1280 = FILL_AREA_STYLE_COLOUR ( '', #1853 ) ;
#1281 = ORIENTED_EDGE ( 'NONE', *, *, #5154, .T. ) ;
#1282 = EDGE_LOOP ( 'NONE', ( #5987, #3197, #1713, #5590 ) ) ;
#1283 = VECTOR ( 'NONE', #6130, 1000.000000000000000 ) ;
#1284 = DIRECTION ( 'NONE',  ( 0.000000000000000000, 0.000000000000000000, -1.000000000000000000 ) ) ;
#1285 = ADVANCED_FACE ( 'NONE', ( #787 ), #5469, .F. ) ;
#1286 = VERTEX_POINT ( 'NONE', #1688 ) ;
#1287 = PRESENTATION_STYLE_ASSIGNMENT (( #3310 ) ) ;
#1288 = LINE ( 'NONE', #7527, #2484 ) ;
#1289 = VECTOR ( 'NONE', #6711, 1000.000000000000000 ) ;
#1290 = EDGE_CURVE ( 'NONE', #7488, #172, #219, .T. ) ;
#1291 = ORIENTED_EDGE ( 'NONE', *, *, #3100, .F. ) ;
#1292 = EDGE_CURVE ( 'NONE', #4779, #3283, #2997, .T. ) ;
#1293 =( NAMED_UNIT ( * ) SI_UNIT ( $, .STERADIAN. ) SOLID_ANGLE_UNIT ( ) );
#1294 = STYLED_ITEM ( 'NONE', ( #7996 ), #5617 ) ;
#1295 = PLANE ( 'NONE',  #5908 ) ;
#1296 = ORIENTED_EDGE ( 'NONE', *, *, #6514, .F. ) ;
#1297 = CARTESIAN_POINT ( 'NONE',  ( -13.94655025073976162, 1.000000000000000000, -2.000000000000000000 ) ) ;
#1298 = EDGE_LOOP ( 'NONE', ( #742, #5175, #1014, #1459 ) ) ;
#1299 = FILL_AREA_STYLE_COLOUR ( '', #5117 ) ;
#1300 = CARTESIAN_POINT ( 'NONE',  ( -6.280000000000000249, 4.826793837766002682, 3.887323802683371188 ) ) ;
#1301 = PRESENTATION_STYLE_ASSIGNMENT (( #5042 ) ) ;
#1302 = ORIENTED_EDGE ( 'NONE', *, *, #3273, .T. ) ;
#1303 = DIRECTION ( 'NONE',  ( 1.000000000000000000, 0.000000000000000000, 0.000000000000000000 ) ) ;
#1304 =( NAMED_UNIT ( * ) PLANE_ANGLE_UNIT ( ) SI_UNIT ( $, .RADIAN. ) );
#1305 = DIRECTION ( 'NONE',  ( 0.000000000000000000, -1.000000000000000000, 0.000000000000000000 ) ) ;
#1306 = CARTESIAN_POINT ( 'NONE',  ( -1.077123545173041166E-14, 2.544545736534512326, 0.000000000000000000 ) ) ;
#1307 = DIRECTION ( 'NONE',  ( 1.000000000000000000, -0.000000000000000000, -0.000000000000000000 ) ) ;
#1308 = FACE_OUTER_BOUND ( 'NONE', #2289, .T. ) ;
#1309 = DIRECTION ( 'NONE',  ( -0.000000000000000000, 0.000000000000000000, -1.000000000000000000 ) ) ;
#1310 = EDGE_LOOP ( 'NONE', ( #4494, #202, #1316, #471 ) ) ;
#1311 = DIRECTION ( 'NONE',  ( 0.000000000000000000, 0.000000000000000000, 1.000000000000000000 ) ) ;
#1312 =( GEOMETRIC_REPRESENTATION_CONTEXT ( 3 ) GLOBAL_UNCERTAINTY_ASSIGNED_CONTEXT ( ( #176 ) ) GLOBAL_UNIT_ASSIGNED_CONTEXT ( ( #1060, #7870, #2411 ) ) REPRESENTATION_CONTEXT ( 'NONE', 'WORKASPACE' ) );
#1313 = PRESENTATION_LAYER_ASSIGNMENT (  '', '', ( #3186 ) ) ;
#1314 = CARTESIAN_POINT ( 'NONE',  ( 0.000000000000000000, -5.365916429288997591, 0.000000000000000000 ) ) ;
#1315 = CARTESIAN_POINT ( 'NONE',  ( -5.772468334849516935, -0.7767525643175616779, 0.1499999999999999944 ) ) ;
#1316 = ORIENTED_EDGE ( 'NONE', *, *, #182, .F. ) ;
#1317 = FILL_AREA_STYLE ('',( #1407 ) ) ;
#1318 = CARTESIAN_POINT ( 'NONE',  ( -8.000000000000000000, -3.000000000000000000, 0.000000000000000000 ) ) ;
#1319 = LINE ( 'NONE', #4081, #1938 ) ;
#1320 = ORIENTED_EDGE ( 'NONE', *, *, #7217, .F. ) ;
#1321 = DIRECTION ( 'NONE',  ( 1.000000000000000000, 0.000000000000000000, 0.000000000000000000 ) ) ;
#1322 = PLANE ( 'NONE',  #5187 ) ;
#1323 = VERTEX_POINT ( 'NONE', #7216 ) ;
#1324 = ORIENTED_EDGE ( 'NONE', *, *, #7174, .F. ) ;
#1325 = SURFACE_STYLE_FILL_AREA ( #5337 ) ;
#1326 = ORIENTED_EDGE ( 'NONE', *, *, #5844, .F. ) ;
#1327 = DIRECTION ( 'NONE',  ( -1.000000000000000000, 0.000000000000000000, 0.000000000000000000 ) ) ;
#1328 = SURFACE_SIDE_STYLE ('',( #5466 ) ) ;
#1329 = ORIENTED_EDGE ( 'NONE', *, *, #6848, .F. ) ;
#1330 = CARTESIAN_POINT ( 'NONE',  ( -5.949819853805799141, 0.2692500179271393179, 0.4000000000000000222 ) ) ;
#1331 = FACE_BOUND ( 'NONE', #8655, .T. ) ;
#1332 = ORIENTED_EDGE ( 'NONE', *, *, #6150, .T. ) ;
#1333 = STYLED_ITEM ( 'NONE', ( #3849 ), #3931 ) ;
#1334 = EDGE_CURVE ( 'NONE', #7132, #8497, #5085, .T. ) ;
#1335 = VECTOR ( 'NONE', #1543, 1000.000000000000000 ) ;
#1336 = ADVANCED_FACE ( 'NONE', ( #1730 ), #5131, .T. ) ;
#1337 = EDGE_CURVE ( 'NONE', #4000, #4220, #5211, .T. ) ;
#1338 = DIRECTION ( 'NONE',  ( -1.000000000000000000, 0.000000000000000000, 0.000000000000000000 ) ) ;
#1339 = EDGE_LOOP ( 'NONE', ( #7442, #8466, #7312, #814 ) ) ;
#1340 = FILL_AREA_STYLE_COLOUR ( '', #225 ) ;
#1341 = DIRECTION ( 'NONE',  ( 5.219117232937081793E-16, -1.000000000000000000, 0.000000000000000000 ) ) ;
#1342 = ORIENTED_EDGE ( 'NONE', *, *, #3158, .T. ) ;
#1343 = FACE_OUTER_BOUND ( 'NONE', #4850, .T. ) ;
#1344 = AXIS2_PLACEMENT_3D ( 'NONE', #8556, #437, #1115 ) ;
#1345 = CARTESIAN_POINT ( 'NONE',  ( -3.143373282304380290, 1.768548375075875700, 0.000000000000000000 ) ) ;
#1346 = COLOUR_RGB ( '',1.000000000000000000, 1.000000000000000000, 1.000000000000000000 ) ;
#1347 = DIRECTION ( 'NONE',  ( -0.000000000000000000, -0.000000000000000000, -1.000000000000000000 ) ) ;
#1348 = CIRCLE ( 'NONE', #1922, 2.000000000000000000 ) ;
#1349 = VECTOR ( 'NONE', #2472, 1000.000000000000000 ) ;
#1350 = DIRECTION ( 'NONE',  ( 1.000000000000000000, 0.000000000000000000, 0.000000000000000000 ) ) ;
#1351 = COLOUR_RGB ( '',0.2509803921568627416, 0.2509803921568627416, 0.2509803921568627416 ) ;
#1352 = SURFACE_STYLE_FILL_AREA ( #6981 ) ;
#1354 = FACE_OUTER_BOUND ( 'NONE', #2348, .T. ) ;
#1353 =( GEOMETRIC_REPRESENTATION_CONTEXT ( 3 ) GLOBAL_UNCERTAINTY_ASSIGNED_CONTEXT ( ( #915 ) ) GLOBAL_UNIT_ASSIGNED_CONTEXT ( ( #4509, #6576, #1790 ) ) REPRESENTATION_CONTEXT ( 'NONE', 'WORKASPACE' ) );
#1355 = ORIENTED_EDGE ( 'NONE', *, *, #8118, .T. ) ;
#1356 = DIRECTION ( 'NONE',  ( -1.000000000000000000, 0.000000000000000000, 0.000000000000000000 ) ) ;
#1357 = MECHANICAL_DESIGN_GEOMETRIC_PRESENTATION_REPRESENTATION (  '', ( #8067 ), #4244 ) ;
#1358 = CARTESIAN_POINT ( 'NONE',  ( 1.252250989393667524, -5.430772972790946247E-16, 0.000000000000000000 ) ) ;
#1359 = LINE ( 'NONE', #6866, #1283 ) ;
#1360 = ORIENTED_EDGE ( 'NONE', *, *, #5048, .F. ) ;
#1361 = VECTOR ( 'NONE', #2698, 1000.000000000000000 ) ;
#1362 = SURFACE_STYLE_USAGE ( .BOTH. , #3334 ) ;
#1363 = CARTESIAN_POINT ( 'NONE',  ( -8.000000000000000000, -6.100000000000000533, -2.000000000000000000 ) ) ;
#1364 = EDGE_CURVE ( 'NONE', #1755, #4090, #7663, .T. ) ;
#1365 = DIRECTION ( 'NONE',  ( -1.000000000000000000, 0.000000000000000000, 0.000000000000000000 ) ) ;
#1366 = PRESENTATION_LAYER_ASSIGNMENT (  '', '', ( #6102 ) ) ;
#1367 = ORIENTED_EDGE ( 'NONE', *, *, #3113, .T. ) ;
#1368 =( NAMED_UNIT ( * ) PLANE_ANGLE_UNIT ( ) SI_UNIT ( $, .RADIAN. ) );
#1369 = VERTEX_POINT ( 'NONE', #1022 ) ;
#1370 = VERTEX_POINT ( 'NONE', #7265 ) ;
#1372 = MECHANICAL_DESIGN_GEOMETRIC_PRESENTATION_REPRESENTATION (  '', ( #5684 ), #6273 ) ;
#1371 = DIRECTION ( 'NONE',  ( -0.000000000000000000, -0.000000000000000000, -1.000000000000000000 ) ) ;
#1373 = AXIS2_PLACEMENT_3D ( 'NONE', #7672, #1521, #7022 ) ;
#1374 = ORIENTED_EDGE ( 'NONE', *, *, #1607, .F. ) ;
#1375 = PLANE ( 'NONE',  #1491 ) ;
#1376 = DIRECTION ( 'NONE',  ( 0.000000000000000000, 1.000000000000000000, -0.000000000000000000 ) ) ;
#1377 = UNCERTAINTY_MEASURE_WITH_UNIT (LENGTH_MEASURE( 1.000000000000000082E-05 ), #8382, 'distance_accuracy_value', 'NONE');
#1378 = FACE_OUTER_BOUND ( 'NONE', #1897, .T. ) ;
#1379 = ADVANCED_FACE ( 'NONE', ( #3682 ), #6430, .T. ) ;
#1380 = VECTOR ( 'NONE', #4775, 1000.000000000000000 ) ;
#1381 = ORIENTED_EDGE ( 'NONE', *, *, #1528, .F. ) ;
#1382 = DIRECTION ( 'NONE',  ( 0.000000000000000000, -0.000000000000000000, -1.000000000000000000 ) ) ;
#1383 = DIRECTION ( 'NONE',  ( -0.000000000000000000, -0.000000000000000000, -1.000000000000000000 ) ) ;
#1384 = ORIENTED_EDGE ( 'NONE', *, *, #4821, .F. ) ;
#1385 = MECHANICAL_DESIGN_GEOMETRIC_PRESENTATION_REPRESENTATION (  '', ( #8819 ), #7826 ) ;
#1386 =( NAMED_UNIT ( * ) SI_UNIT ( $, .STERADIAN. ) SOLID_ANGLE_UNIT ( ) );
#1387 = EDGE_CURVE ( 'NONE', #3274, #4924, #3368, .T. ) ;
#1388 =( NAMED_UNIT ( * ) PLANE_ANGLE_UNIT ( ) SI_UNIT ( $, .RADIAN. ) );
#1389 = CARTESIAN_POINT ( 'NONE',  ( -1.480492736483535188, 0.000000000000000000, 0.1499999999999999944 ) ) ;
#1390 = VECTOR ( 'NONE', #1138, 1000.000000000000000 ) ;
#1391 = ORIENTED_EDGE ( 'NONE', *, *, #3529, .F. ) ;
#1392 =( NAMED_UNIT ( * ) PLANE_ANGLE_UNIT ( ) SI_UNIT ( $, .RADIAN. ) );
#1393 = ADVANCED_FACE ( 'NONE', ( #4666 ), #595, .T. ) ;
#1394 =( NAMED_UNIT ( * ) PLANE_ANGLE_UNIT ( ) SI_UNIT ( $, .RADIAN. ) );
#1395 = EDGE_CURVE ( 'NONE', #125, #847, #8037, .T. ) ;
#1396 =( LENGTH_UNIT ( ) NAMED_UNIT ( * ) SI_UNIT ( .MILLI., .METRE. ) );
#1397 = MECHANICAL_DESIGN_GEOMETRIC_PRESENTATION_REPRESENTATION (  '', ( #3702 ), #6382 ) ;
#1398 = PLANE ( 'NONE',  #80 ) ;
#1399 = LINE ( 'NONE', #5575, #7557 ) ;
#1400 = CARTESIAN_POINT ( 'NONE',  ( 7.000000000000000000, 4.829999999999998295, -2.000000000000000000 ) ) ;
#1401 = CARTESIAN_POINT ( 'NONE',  ( 2.363148036665242646, 0.8197776927927701296, 0.000000000000000000 ) ) ;
#1402 = ORIENTED_EDGE ( 'NONE', *, *, #4212, .T. ) ;
#1403 = FACE_OUTER_BOUND ( 'NONE', #6077, .T. ) ;
#1404 = ADVANCED_FACE ( 'NONE', ( #2545 ), #4002, .T. ) ;
#1405 = LINE ( 'NONE', #5489, #4866 ) ;
#1406 = CARTESIAN_POINT ( 'NONE',  ( 1.813148036665242602, 0.000000000000000000, 0.1499999999999999944 ) ) ;
#1407 = FILL_AREA_STYLE_COLOUR ( '', #4236 ) ;
#1408 = DIRECTION ( 'NONE',  ( -0.000000000000000000, -0.000000000000000000, 1.000000000000000000 ) ) ;
#1409 = PRESENTATION_LAYER_ASSIGNMENT (  '', '', ( #4871 ) ) ;
#1410 = SURFACE_SIDE_STYLE ('',( #7562 ) ) ;
#1411 = ORIENTED_EDGE ( 'NONE', *, *, #4723, .F. ) ;
#1412 = CARTESIAN_POINT ( 'NONE',  ( -1.480492736483534744, -0.2185654625746343560, 0.1499999999999999944 ) ) ;
#1413 = DIRECTION ( 'NONE',  ( -1.000000000000000000, 0.000000000000000000, 0.000000000000000000 ) ) ;
#1414 = EDGE_LOOP ( 'NONE', ( #115, #865, #5968, #6999 ) ) ;
#1415 = ORIENTED_EDGE ( 'NONE', *, *, #5479, .F. ) ;
#1416 = FILL_AREA_STYLE_COLOUR ( '', #564 ) ;
#1417 = AXIS2_PLACEMENT_3D ( 'NONE', #2825, #352, #6974 ) ;
#1418 = ORIENTED_EDGE ( 'NONE', *, *, #2984, .F. ) ;
#1419 = CARTESIAN_POINT ( 'NONE',  ( -6.280000000000000249, 4.899999999999998579, 3.884080669685257448 ) ) ;
#1420 = CARTESIAN_POINT ( 'NONE',  ( -1.485906978275892021, -3.281386957593472341E-16, 0.000000000000000000 ) ) ;
#1421 = UNCERTAINTY_MEASURE_WITH_UNIT (LENGTH_MEASURE( 1.000000000000000082E-05 ), #6154, 'distance_accuracy_value', 'NONE');
#1422 = VERTEX_POINT ( 'NONE', #1154 ) ;
#1423 = CARTESIAN_POINT ( 'NONE',  ( 0.4400000000000001688, 3.999999999999999112, 2.000000000000000000 ) ) ;
#1424 = ORIENTED_EDGE ( 'NONE', *, *, #8263, .F. ) ;
#1425 = UNCERTAINTY_MEASURE_WITH_UNIT (LENGTH_MEASURE( 1.000000000000000082E-05 ), #83, 'distance_accuracy_value', 'NONE');
#1426 = CIRCLE ( 'NONE', #555, 2.000000000000000000 ) ;
#1427 = EDGE_CURVE ( 'NONE', #6184, #6812, #1956, .T. ) ;
#1428 = FILL_AREA_STYLE ('',( #1340 ) ) ;
#1429 = AXIS2_PLACEMENT_3D ( 'NONE', #7827, #215, #4496 ) ;
#1430 = PLANE ( 'NONE',  #8662 ) ;
#1431 = COLOUR_RGB ( '',1.000000000000000000, 1.000000000000000000, 1.000000000000000000 ) ;
#1432 = CARTESIAN_POINT ( 'NONE',  ( 1.602250989393667391, 0.8197776927927701296, 0.1499999999999999944 ) ) ;
#1433 = DIRECTION ( 'NONE',  ( 1.000000000000000000, -0.000000000000000000, -0.000000000000000000 ) ) ;
#1434 = MECHANICAL_DESIGN_GEOMETRIC_PRESENTATION_REPRESENTATION (  '', ( #719 ), #6332 ) ;
#1435 =( LENGTH_UNIT ( ) NAMED_UNIT ( * ) SI_UNIT ( .MILLI., .METRE. ) );
#1436 = SURFACE_STYLE_FILL_AREA ( #3093 ) ;
#1437 = VECTOR ( 'NONE', #7016, 1000.000000000000000 ) ;
#1438 = DIRECTION ( 'NONE',  ( 0.000000000000000000, -1.000000000000000000, 0.000000000000000000 ) ) ;
#1439 = CARTESIAN_POINT ( 'NONE',  ( 0.4913539421220920467, 0.8197776927927701296, 0.000000000000000000 ) ) ;
#1440 = PLANE ( 'NONE',  #5133 ) ;
#1441 = DIRECTION ( 'NONE',  ( -0.000000000000000000, 0.000000000000000000, -1.000000000000000000 ) ) ;
#1442 = VERTEX_POINT ( 'NONE', #3907 ) ;
#1443 = VECTOR ( 'NONE', #4790, 1000.000000000000000 ) ;
#1444 = CARTESIAN_POINT ( 'NONE',  ( 2.163148036665242913, -0.3913831919116189106, 0.1500000000000000222 ) ) ;
#1445 = DIRECTION ( 'NONE',  ( -4.336808689942016750E-16, -1.000000000000000000, 0.000000000000000000 ) ) ;
#1446 =( LENGTH_UNIT ( ) NAMED_UNIT ( * ) SI_UNIT ( .MILLI., .METRE. ) );
#1447 = LINE ( 'NONE', #4211, #3212 ) ;
#1448 = DIRECTION ( 'NONE',  ( -1.000000000000000000, 0.000000000000000000, 0.000000000000000000 ) ) ;
#1449 = VECTOR ( 'NONE', #1524, 1000.000000000000000 ) ;
#1450 = ADVANCED_FACE ( 'NONE', ( #2682 ), #7993, .T. ) ;
#1451 = FILL_AREA_STYLE_COLOUR ( '', #2076 ) ;
#1452 = EDGE_CURVE ( 'NONE', #1674, #2579, #8128, .T. ) ;
#1453 =( NAMED_UNIT ( * ) SI_UNIT ( $, .STERADIAN. ) SOLID_ANGLE_UNIT ( ) );
#1454 = ORIENTED_EDGE ( 'NONE', *, *, #310, .F. ) ;
#1455 = DIRECTION ( 'NONE',  ( 0.000000000000000000, -1.000000000000000000, 0.000000000000000000 ) ) ;
#1456 = FILL_AREA_STYLE ('',( #2845 ) ) ;
#1457 = EDGE_LOOP ( 'NONE', ( #1224, #6088, #1968, #3577 ) ) ;
#1458 = ORIENTED_EDGE ( 'NONE', *, *, #8557, .T. ) ;
#1459 = ORIENTED_EDGE ( 'NONE', *, *, #5891, .T. ) ;
#1460 = DIRECTION ( 'NONE',  ( 0.000000000000000000, -0.000000000000000000, 1.000000000000000000 ) ) ;
#1461 = DIRECTION ( 'NONE',  ( 0.000000000000000000, -1.000000000000000000, 0.000000000000000000 ) ) ;
#1462 =( GEOMETRIC_REPRESENTATION_CONTEXT ( 3 ) GLOBAL_UNCERTAINTY_ASSIGNED_CONTEXT ( ( #3765 ) ) GLOBAL_UNIT_ASSIGNED_CONTEXT ( ( #3099, #2326, #7835 ) ) REPRESENTATION_CONTEXT ( 'NONE', 'WORKASPACE' ) );
#1463 = CARTESIAN_POINT ( 'NONE',  ( -6.350000000000000533, 4.827278989943721399, -2.000000000000000000 ) ) ;
#1464 = FILL_AREA_STYLE_COLOUR ( '', #148 ) ;
#1465 = ORIENTED_EDGE ( 'NONE', *, *, #7884, .F. ) ;
#1466 = PLANE ( 'NONE',  #583 ) ;
#1467 = DIRECTION ( 'NONE',  ( -1.000000000000000000, 0.000000000000000000, 0.000000000000000000 ) ) ;
#1468 = ORIENTED_EDGE ( 'NONE', *, *, #1020, .F. ) ;
#1469 =( NAMED_UNIT ( * ) SI_UNIT ( $, .STERADIAN. ) SOLID_ANGLE_UNIT ( ) );
#1471 = CARTESIAN_POINT ( 'NONE',  ( -1.480492736483535188, 2.091446606018390497, 0.000000000000000000 ) ) ;
#1470 = PRESENTATION_LAYER_ASSIGNMENT (  '', '', ( #7239 ) ) ;
#1472 = MECHANICAL_DESIGN_GEOMETRIC_PRESENTATION_REPRESENTATION (  '', ( #5656 ), #6069 ) ;
#1473 = FILL_AREA_STYLE ('',( #4199 ) ) ;
#1474 = PRESENTATION_STYLE_ASSIGNMENT (( #8194 ) ) ;
#1475 = DIRECTION ( 'NONE',  ( -0.000000000000000000, -1.000000000000000000, -0.000000000000000000 ) ) ;
#1476 =( NAMED_UNIT ( * ) SI_UNIT ( $, .STERADIAN. ) SOLID_ANGLE_UNIT ( ) );
#1477 = PLANE ( 'NONE',  #2089 ) ;
#1478 = VECTOR ( 'NONE', #325, 1000.000000000000000 ) ;
#1479 = LINE ( 'NONE', #144, #6559 ) ;
#1480 = CARTESIAN_POINT ( 'NONE',  ( -1.497330604592375547, -3.005484622322586841, -3.000000000000000000 ) ) ;
#1481 = ORIENTED_EDGE ( 'NONE', *, *, #1337, .F. ) ;
#1482 = VECTOR ( 'NONE', #7997, 1000.000000000000000 ) ;
#1483 =( GEOMETRIC_REPRESENTATION_CONTEXT ( 3 ) GLOBAL_UNCERTAINTY_ASSIGNED_CONTEXT ( ( #1032 ) ) GLOBAL_UNIT_ASSIGNED_CONTEXT ( ( #6299, #3497, #6390 ) ) REPRESENTATION_CONTEXT ( 'NONE', 'WORKASPACE' ) );
#1484 = AXIS2_PLACEMENT_3D ( 'NONE', #996, #6492, #2299 ) ;
#1485 =( NAMED_UNIT ( * ) SI_UNIT ( $, .STERADIAN. ) SOLID_ANGLE_UNIT ( ) );
#1486 = PLANE ( 'NONE',  #3349 ) ;
#1487 = CARTESIAN_POINT ( 'NONE',  ( 0.4400000000000001688, 4.899999999999998579, 2.000000000000000000 ) ) ;
#1488 = AXIS2_PLACEMENT_3D ( 'NONE', #6437, #4557, #7147 ) ;
#1489 = CARTESIAN_POINT ( 'NONE',  ( -1.272756040008647282, 0.2332654097976024354, 0.1499999999999999944 ) ) ;
#1490 = PRESENTATION_LAYER_ASSIGNMENT (  '', '', ( #8067 ) ) ;
#1491 = AXIS2_PLACEMENT_3D ( 'NONE', #963, #7901, #5077 ) ;
#1492 =( GEOMETRIC_REPRESENTATION_CONTEXT ( 3 ) GLOBAL_UNCERTAINTY_ASSIGNED_CONTEXT ( ( #5326 ) ) GLOBAL_UNIT_ASSIGNED_CONTEXT ( ( #7503, #3507, #2832 ) ) REPRESENTATION_CONTEXT ( 'NONE', 'WORKASPACE' ) );
#1493 = ORIENTED_EDGE ( 'NONE', *, *, #7755, .F. ) ;
#1494 = EDGE_LOOP ( 'NONE', ( #4267, #3409, #3157, #3341 ) ) ;
#1495 = ADVANCED_FACE ( 'NONE', ( #432 ), #2495, .F. ) ;
#1496 = LINE ( 'NONE', #4269, #3740 ) ;
#1497 = VECTOR ( 'NONE', #4044, 1000.000000000000000 ) ;
#1498 = ADVANCED_FACE ( 'NONE', ( #2592 ), #6044, .F. ) ;
#1499 = ADVANCED_FACE ( 'NONE', ( #5589 ), #4852, .T. ) ;
#1500 = VERTEX_POINT ( 'NONE', #3525 ) ;
#1501 = CARTESIAN_POINT ( 'NONE',  ( 5.520000000000001350, 4.899999999999998579, 2.000000000000000000 ) ) ;
#1503 = EDGE_CURVE ( 'NONE', #4126, #2575, #6998, .T. ) ;
#1502 = STYLED_ITEM ( 'NONE', ( #5399 ), #6126 ) ;
#1504 = ORIENTED_EDGE ( 'NONE', *, *, #832, .T. ) ;
#1505 = VECTOR ( 'NONE', #7619, 1000.000000000000000 ) ;
#1506 = STYLED_ITEM ( 'NONE', ( #8314 ), #8135 ) ;
#1507 = ORIENTED_EDGE ( 'NONE', *, *, #1161, .F. ) ;
#1508 = SURFACE_STYLE_FILL_AREA ( #7007 ) ;
#1509 =( GEOMETRIC_REPRESENTATION_CONTEXT ( 3 ) GLOBAL_UNCERTAINTY_ASSIGNED_CONTEXT ( ( #3485 ) ) GLOBAL_UNIT_ASSIGNED_CONTEXT ( ( #7548, #7456, #843 ) ) REPRESENTATION_CONTEXT ( 'NONE', 'WORKASPACE' ) );
#1510 =( NAMED_UNIT ( * ) SI_UNIT ( $, .STERADIAN. ) SOLID_ANGLE_UNIT ( ) );
#1511 = EDGE_CURVE ( 'NONE', #3072, #5197, #692, .T. ) ;
#1512 = EDGE_LOOP ( 'NONE', ( #3302, #978, #8534, #6426, #6155, #7068, #2766, #6926 ) ) ;
#1513 =( GEOMETRIC_REPRESENTATION_CONTEXT ( 3 ) GLOBAL_UNCERTAINTY_ASSIGNED_CONTEXT ( ( #2990 ) ) GLOBAL_UNIT_ASSIGNED_CONTEXT ( ( #823, #8403, #5595 ) ) REPRESENTATION_CONTEXT ( 'NONE', 'WORKASPACE' ) );
#1514 = VECTOR ( 'NONE', #985, 1000.000000000000000 ) ;
#1515 = SURFACE_STYLE_USAGE ( .BOTH. , #6894 ) ;
#1516 = DIRECTION ( 'NONE',  ( -0.000000000000000000, -0.000000000000000000, -1.000000000000000000 ) ) ;
#1517 = PRESENTATION_STYLE_ASSIGNMENT (( #5012 ) ) ;
#1518 = DIRECTION ( 'NONE',  ( 1.000000000000000000, 0.000000000000000000, 0.000000000000000000 ) ) ;
#1519 =( GEOMETRIC_REPRESENTATION_CONTEXT ( 3 ) GLOBAL_UNCERTAINTY_ASSIGNED_CONTEXT ( ( #5471 ) ) GLOBAL_UNIT_ASSIGNED_CONTEXT ( ( #2181, #6893, #1469 ) ) REPRESENTATION_CONTEXT ( 'NONE', 'WORKASPACE' ) );
#1520 = CARTESIAN_POINT ( 'NONE',  ( 8.000000000000000000, 6.099999999999998757, -2.000000000000000000 ) ) ;
#1521 = DIRECTION ( 'NONE',  ( 0.000000000000000000, 0.000000000000000000, -1.000000000000000000 ) ) ;
#1522 = DIRECTION ( 'NONE',  ( 0.000000000000000000, 0.000000000000000000, -1.000000000000000000 ) ) ;
#1523 = ORIENTED_EDGE ( 'NONE', *, *, #4475, .F. ) ;
#1524 = DIRECTION ( 'NONE',  ( 0.000000000000000000, -1.000000000000000000, 0.000000000000000000 ) ) ;
#1525 = DIRECTION ( 'NONE',  ( 0.000000000000000000, -0.000000000000000000, -1.000000000000000000 ) ) ;
#1526 = DIRECTION ( 'NONE',  ( -1.000000000000000000, 0.000000000000000000, 0.000000000000000000 ) ) ;
#1527 = DIRECTION ( 'NONE',  ( -0.000000000000000000, -0.000000000000000000, -1.000000000000000000 ) ) ;
#1528 = EDGE_CURVE ( 'NONE', #277, #5200, #6272, .T. ) ;
#1529 = CARTESIAN_POINT ( 'NONE',  ( 0.000000000000000000, -0.3913831919116187996, 0.1499999999999999944 ) ) ;
#1530 = CARTESIAN_POINT ( 'NONE',  ( 1.813148036665242602, 0.8197776927927701296, 0.1500000000000000222 ) ) ;
#1531 = PLANE ( 'NONE',  #2820 ) ;
#1532 = VECTOR ( 'NONE', #8598, 1000.000000000000000 ) ;
#1533 = SURFACE_STYLE_USAGE ( .BOTH. , #3710 ) ;
#1534 = ORIENTED_EDGE ( 'NONE', *, *, #6679, .F. ) ;
#1535 = VERTEX_POINT ( 'NONE', #651 ) ;
#1536 = FILL_AREA_STYLE ('',( #4314 ) ) ;
#1537 = SURFACE_SIDE_STYLE ('',( #8442 ) ) ;
#1538 = ORIENTED_EDGE ( 'NONE', *, *, #4379, .T. ) ;
#1539 = DIRECTION ( 'NONE',  ( 0.000000000000000000, 0.000000000000000000, 1.000000000000000000 ) ) ;
#1540 = EDGE_CURVE ( 'NONE', #4624, #6270, #8341, .T. ) ;
#1541 = CIRCLE ( 'NONE', #7013, 2.000000000000000000 ) ;
#1542 = DIRECTION ( 'NONE',  ( -1.792774519996115664E-16, -1.000000000000000000, 0.000000000000000000 ) ) ;
#1543 = DIRECTION ( 'NONE',  ( -0.000000000000000000, -0.000000000000000000, -1.000000000000000000 ) ) ;
#1544 = UNCERTAINTY_MEASURE_WITH_UNIT (LENGTH_MEASURE( 1.000000000000000082E-05 ), #802, 'distance_accuracy_value', 'NONE');
#1545 = VERTEX_POINT ( 'NONE', #2212 ) ;
#1546 = LINE ( 'NONE', #4900, #5966 ) ;
#1547 = DIRECTION ( 'NONE',  ( 0.000000000000000000, -0.000000000000000000, -1.000000000000000000 ) ) ;
#1548 = ORIENTED_EDGE ( 'NONE', *, *, #409, .F. ) ;
#1549 = DIRECTION ( 'NONE',  ( 4.841365169877129885E-16, -1.000000000000000000, 0.000000000000000000 ) ) ;
#1550 = VECTOR ( 'NONE', #2039, 1000.000000000000000 ) ;
#1551 = EDGE_CURVE ( 'NONE', #2635, #6885, #1496, .T. ) ;
#1552 = DIRECTION ( 'NONE',  ( 1.000000000000000000, -0.000000000000000000, -0.000000000000000000 ) ) ;
#1553 = LINE ( 'NONE', #2134, #6497 ) ;
#1554 = APPLICATION_CONTEXT ( 'automotive_design' ) ;
#1555 = ORIENTED_EDGE ( 'NONE', *, *, #3831, .F. ) ;
#1556 = EDGE_CURVE ( 'NONE', #1286, #1059, #6878, .T. ) ;
#1557 = ADVANCED_FACE ( 'NONE', ( #2767 ), #7692, .T. ) ;
#1558 = DIRECTION ( 'NONE',  ( 1.267143614600721018E-16, -1.000000000000000000, 0.000000000000000000 ) ) ;
#1559 = EDGE_CURVE ( 'NONE', #7385, #8064, #6952, .T. ) ;
#1560 =( NAMED_UNIT ( * ) SI_UNIT ( $, .STERADIAN. ) SOLID_ANGLE_UNIT ( ) );
#1561 = FACE_OUTER_BOUND ( 'NONE', #4731, .T. ) ;
#1562 = VECTOR ( 'NONE', #1455, 1000.000000000000000 ) ;
#1563 = SURFACE_STYLE_USAGE ( .BOTH. , #6934 ) ;
#1564 = DIRECTION ( 'NONE',  ( -0.000000000000000000, -0.000000000000000000, -1.000000000000000000 ) ) ;
#1565 = SURFACE_STYLE_FILL_AREA ( #7716 ) ;
#1566 = SURFACE_STYLE_FILL_AREA ( #887 ) ;
#1567 = LINE ( 'NONE', #3595, #5829 ) ;
#1568 = MECHANICAL_DESIGN_GEOMETRIC_PRESENTATION_REPRESENTATION (  '', ( #8574 ), #7872 ) ;
#1569 = DIRECTION ( 'NONE',  ( 1.000000000000000000, 0.000000000000000000, 0.000000000000000000 ) ) ;
#1570 =( NAMED_UNIT ( * ) SI_UNIT ( $, .STERADIAN. ) SOLID_ANGLE_UNIT ( ) );
#1571 = FACE_OUTER_BOUND ( 'NONE', #3073, .T. ) ;
#1572 = ORIENTED_EDGE ( 'NONE', *, *, #6442, .T. ) ;
#1573 = DIRECTION ( 'NONE',  ( -0.000000000000000000, 0.000000000000000000, 1.000000000000000000 ) ) ;
#1574 =( GEOMETRIC_REPRESENTATION_CONTEXT ( 3 ) GLOBAL_UNCERTAINTY_ASSIGNED_CONTEXT ( ( #4235 ) ) GLOBAL_UNIT_ASSIGNED_CONTEXT ( ( #3876, #5926, #5883 ) ) REPRESENTATION_CONTEXT ( 'NONE', 'WORKASPACE' ) );
#1575 = PRESENTATION_LAYER_ASSIGNMENT (  '', '', ( #3019 ) ) ;
#1576 = PRESENTATION_LAYER_ASSIGNMENT (  '', '', ( #1856 ) ) ;
#1577 = SURFACE_SIDE_STYLE ('',( #6402 ) ) ;
#1578 = DIRECTION ( 'NONE',  ( 0.000000000000000000, -1.000000000000000000, 0.000000000000000000 ) ) ;
#1579 = CARTESIAN_POINT ( 'NONE',  ( -6.280000000000000249, 7.641130724221518733, 3.017654449115059201 ) ) ;
#1580 = SURFACE_STYLE_USAGE ( .BOTH. , #4393 ) ;
#1581 = SURFACE_SIDE_STYLE ('',( #6362 ) ) ;
#1582 =( GEOMETRIC_REPRESENTATION_CONTEXT ( 3 ) GLOBAL_UNCERTAINTY_ASSIGNED_CONTEXT ( ( #3491 ) ) GLOBAL_UNIT_ASSIGNED_CONTEXT ( ( #2764, #6994, #812 ) ) REPRESENTATION_CONTEXT ( 'NONE', 'WORKASPACE' ) );
#1583 = PLANE ( 'NONE',  #5226 ) ;
#1584 = DIRECTION ( 'NONE',  ( 1.000000000000000000, 2.208339422028212922E-16, -0.000000000000000000 ) ) ;
#1585 = FACE_OUTER_BOUND ( 'NONE', #6968, .T. ) ;
#1586 = EDGE_LOOP ( 'NONE', ( #4083, #6920, #5420, #4102 ) ) ;
#1587 = ORIENTED_EDGE ( 'NONE', *, *, #4441, .F. ) ;
#1588 = SURFACE_STYLE_FILL_AREA ( #1839 ) ;
#1589 = PRESENTATION_LAYER_ASSIGNMENT (  '', '', ( #6776 ) ) ;
#1590 = ORIENTED_EDGE ( 'NONE', *, *, #4166, .T. ) ;
#1591 = DIRECTION ( 'NONE',  ( 0.000000000000000000, -0.000000000000000000, -1.000000000000000000 ) ) ;
#1592 = PRESENTATION_STYLE_ASSIGNMENT (( #5036 ) ) ;
#1593 = DIRECTION ( 'NONE',  ( 1.000000000000000000, 0.000000000000000000, 0.000000000000000000 ) ) ;
#1594 = ORIENTED_EDGE ( 'NONE', *, *, #7892, .T. ) ;
#1595 = FACE_OUTER_BOUND ( 'NONE', #1745, .T. ) ;
#1596 = VERTEX_POINT ( 'NONE', #4402 ) ;
#1597 = PLANE ( 'NONE',  #7475 ) ;
#1598 = CARTESIAN_POINT ( 'NONE',  ( 0.7040164599795355471, 7.783024418061680153E-17, 0.5000000000000000000 ) ) ;
#1599 = VERTEX_POINT ( 'NONE', #8523 ) ;
#1600 = AXIS2_PLACEMENT_3D ( 'NONE', #7967, #7225, #5750 ) ;
#1601 = PLANE ( 'NONE',  #7686 ) ;
#1602 = AXIS2_PLACEMENT_3D ( 'NONE', #3133, #3178, #8612 ) ;
#1603 = ORIENTED_EDGE ( 'NONE', *, *, #1948, .T. ) ;
#1604 = DIRECTION ( 'NONE',  ( 0.000000000000000000, 0.000000000000000000, -1.000000000000000000 ) ) ;
#1605 = LINE ( 'NONE', #7626, #298 ) ;
#1606 = ADVANCED_FACE ( 'NONE', ( #7323 ), #491, .F. ) ;
#1607 = EDGE_CURVE ( 'NONE', #5937, #5185, #2983, .T. ) ;
#1608 = EDGE_CURVE ( 'NONE', #172, #8525, #5722, .T. ) ;
#1609 = ADVANCED_FACE ( 'NONE', ( #6368, #6657, #5980, #3075, #1003, #908, #2935, #8681, #5074, #5032, #6452 ), #7129, .F. ) ;
#1610 = CARTESIAN_POINT ( 'NONE',  ( 0.000000000000000000, -0.7767525643175616779, 0.1499999999999999944 ) ) ;
#1611 = CARTESIAN_POINT ( 'NONE',  ( 1.602250989393667391, 0.8197776927927701296, 0.000000000000000000 ) ) ;
#1612 = CARTESIAN_POINT ( 'NONE',  ( 5.520000000000001350, 4.899999999999998579, 3.017654449115059201 ) ) ;
#1613 = PLANE ( 'NONE',  #657 ) ;
#1614 = CARTESIAN_POINT ( 'NONE',  ( -5.390576079945590848, 0.000000000000000000, 0.1499999999999999944 ) ) ;
#1615 = VERTEX_POINT ( 'NONE', #4688 ) ;
#1616 = UNCERTAINTY_MEASURE_WITH_UNIT (LENGTH_MEASURE( 1.000000000000000082E-05 ), #3483, 'distance_accuracy_value', 'NONE');
#1617 = DIRECTION ( 'NONE',  ( -0.000000000000000000, 0.000000000000000000, -1.000000000000000000 ) ) ;
#1618 = CARTESIAN_POINT ( 'NONE',  ( 1.340000000000000080, 3.999999999999999112, 2.000000000000000000 ) ) ;
#1619 = FILL_AREA_STYLE ('',( #1706 ) ) ;
#1620 = AXIS2_PLACEMENT_3D ( 'NONE', #7839, #3234, #445 ) ;
#1621 = FACE_OUTER_BOUND ( 'NONE', #4, .T. ) ;
#1622 = LINE ( 'NONE', #191, #5531 ) ;
#1623 = DIRECTION ( 'NONE',  ( 0.000000000000000000, -1.000000000000000000, 0.000000000000000000 ) ) ;
#1624 = CARTESIAN_POINT ( 'NONE',  ( 1.252250989393667302, -0.3913831919116187996, 0.1499999999999999944 ) ) ;
#1625 =( NAMED_UNIT ( * ) SI_UNIT ( $, .STERADIAN. ) SOLID_ANGLE_UNIT ( ) );
#1626 = DIRECTION ( 'NONE',  ( 0.000000000000000000, -1.000000000000000000, 0.000000000000000000 ) ) ;
#1627 = ORIENTED_EDGE ( 'NONE', *, *, #2154, .F. ) ;
#1628 = ORIENTED_EDGE ( 'NONE', *, *, #7704, .F. ) ;
#1630 = CARTESIAN_POINT ( 'NONE',  ( 3.880000000000000782, 7.641130724221518733, 3.884080669685257448 ) ) ;
#1629 = VECTOR ( 'NONE', #8836, 1000.000000000000000 ) ;
#1631 = EDGE_LOOP ( 'NONE', ( #4189, #7815, #542, #1193 ) ) ;
#1632 = CARTESIAN_POINT ( 'NONE',  ( 0.000000000000000000, -0.7767525643175616779, 0.1499999999999999944 ) ) ;
#1633 = UNCERTAINTY_MEASURE_WITH_UNIT (LENGTH_MEASURE( 1.000000000000000082E-05 ), #3067, 'distance_accuracy_value', 'NONE');
#1634 = CARTESIAN_POINT ( 'NONE',  ( -1.480492736483534744, -0.6194252216434082969, 0.4000000000000000222 ) ) ;
#1635 = VECTOR ( 'NONE', #6311, 1000.000000000000000 ) ;
#1636 = VERTEX_POINT ( 'NONE', #4022 ) ;
#1637 = FACE_OUTER_BOUND ( 'NONE', #2119, .T. ) ;
#1638 = PRESENTATION_LAYER_ASSIGNMENT (  '', '', ( #2362 ) ) ;
#1639 = FACE_OUTER_BOUND ( 'NONE', #7883, .T. ) ;
#1640 = ORIENTED_EDGE ( 'NONE', *, *, #1879, .F. ) ;
#1641 = UNCERTAINTY_MEASURE_WITH_UNIT (LENGTH_MEASURE( 1.000000000000000082E-05 ), #6784, 'distance_accuracy_value', 'NONE');
#1642 = VECTOR ( 'NONE', #4966, 1000.000000000000000 ) ;
#1643 = PRESENTATION_STYLE_ASSIGNMENT (( #8532 ) ) ;
#1644 = VECTOR ( 'NONE', #450, 1000.000000000000000 ) ;
#1645 = VERTEX_POINT ( 'NONE', #11 ) ;
#1646 = ADVANCED_FACE ( 'NONE', ( #6709 ), #6062, .T. ) ;
#1647 = FILL_AREA_STYLE ('',( #791 ) ) ;
#1648 = COLOUR_RGB ( '',1.000000000000000000, 1.000000000000000000, 1.000000000000000000 ) ;
#1649 = VERTEX_POINT ( 'NONE', #7540 ) ;
#1650 =( LENGTH_UNIT ( ) NAMED_UNIT ( * ) SI_UNIT ( .MILLI., .METRE. ) );
#1651 = STYLED_ITEM ( 'NONE', ( #3679 ), #8335 ) ;
#1652 = LINE ( 'NONE', #8461, #8743 ) ;
#1653 = MECHANICAL_DESIGN_GEOMETRIC_PRESENTATION_REPRESENTATION (  '', ( #380 ), #652 ) ;
#1654 = LINE ( 'NONE', #8320, #3741 ) ;
#1655 = EDGE_CURVE ( 'NONE', #4000, #6010, #2701, .T. ) ;
#1656 = STYLED_ITEM ( 'NONE', ( #8761 ), #8650 ) ;
#1657 = DIRECTION ( 'NONE',  ( -0.000000000000000000, -0.000000000000000000, 1.000000000000000000 ) ) ;
#1658 = CARTESIAN_POINT ( 'NONE',  ( -1.275591300402032724, 1.768548375075876589, 0.1499999999999999944 ) ) ;
#1659 = ORIENTED_EDGE ( 'NONE', *, *, #36, .F. ) ;
#1660 = DIRECTION ( 'NONE',  ( 1.000000000000000000, 0.000000000000000000, 0.000000000000000000 ) ) ;
#1661 = ADVANCED_FACE ( 'NONE', ( #8767 ), #1215, .T. ) ;
#1662 =( GEOMETRIC_REPRESENTATION_CONTEXT ( 3 ) GLOBAL_UNCERTAINTY_ASSIGNED_CONTEXT ( ( #4774 ) ) GLOBAL_UNIT_ASSIGNED_CONTEXT ( ( #5700, #5646, #7056 ) ) REPRESENTATION_CONTEXT ( 'NONE', 'WORKASPACE' ) );
#1663 = PRESENTATION_STYLE_ASSIGNMENT (( #5105 ) ) ;
#1664 = CARTESIAN_POINT ( 'NONE',  ( -4.797984649922256928, -0.7767525643175616779, 0.1499999999999999944 ) ) ;
#1665 = SURFACE_STYLE_FILL_AREA ( #1619 ) ;
#1666 = STYLED_ITEM ( 'NONE', ( #5932 ), #7521 ) ;
#1667 = LINE ( 'NONE', #2974, #786 ) ;
#1668 = ADVANCED_FACE ( 'NONE', ( #1343 ), #2746, .T. ) ;
#1669 = LINE ( 'NONE', #8436, #5370 ) ;
#1670 = DIRECTION ( 'NONE',  ( -1.304779308234270448E-16, 1.000000000000000000, 0.000000000000000000 ) ) ;
#1671 = ADVANCED_FACE ( 'NONE', ( #270 ), #5529, .F. ) ;
#1672 = FILL_AREA_STYLE_COLOUR ( '', #5892 ) ;
#1673 = ORIENTED_EDGE ( 'NONE', *, *, #7648, .T. ) ;
#1674 = VERTEX_POINT ( 'NONE', #2143 ) ;
#1675 =( GEOMETRIC_REPRESENTATION_CONTEXT ( 3 ) GLOBAL_UNCERTAINTY_ASSIGNED_CONTEXT ( ( #5774 ) ) GLOBAL_UNIT_ASSIGNED_CONTEXT ( ( #3196, #3848, #6662 ) ) REPRESENTATION_CONTEXT ( 'NONE', 'WORKASPACE' ) );
#1676 =( NAMED_UNIT ( * ) PLANE_ANGLE_UNIT ( ) SI_UNIT ( $, .RADIAN. ) );
#1677 = PRESENTATION_STYLE_ASSIGNMENT (( #7130 ) ) ;
#1678 = EDGE_CURVE ( 'NONE', #8699, #3250, #1605, .T. ) ;
#1679 = ORIENTED_EDGE ( 'NONE', *, *, #6848, .T. ) ;
#1680 = DIRECTION ( 'NONE',  ( 0.000000000000000000, -0.000000000000000000, 1.000000000000000000 ) ) ;
#1681 = CARTESIAN_POINT ( 'NONE',  ( 13.74655025073976056, 7.765819727554607998E-16, 0.000000000000000000 ) ) ;
#1682 = UNCERTAINTY_MEASURE_WITH_UNIT (LENGTH_MEASURE( 1.000000000000000082E-05 ), #4339, 'distance_accuracy_value', 'NONE');
#1683 = LINE ( 'NONE', #1013, #3534 ) ;
#1684 = VERTEX_POINT ( 'NONE', #1471 ) ;
#1685 = PLANE ( 'NONE',  #7598 ) ;
#1686 = VERTEX_POINT ( 'NONE', #4377 ) ;
#1687 = CYLINDRICAL_SURFACE ( 'NONE', #7318, 0.2145018023815153663 ) ;
#1688 = CARTESIAN_POINT ( 'NONE',  ( -3.146208542697765065, 0.2332654097976019913, 0.1499999999999999944 ) ) ;
#1689 = STYLED_ITEM ( 'NONE', ( #5163 ), #2241 ) ;
#1690 = FILL_AREA_STYLE ('',( #5171 ) ) ;
#1691 = EDGE_LOOP ( 'NONE', ( #5676, #7994, #8794, #8212 ) ) ;
#1692 = SURFACE_SIDE_STYLE ('',( #6435 ) ) ;
#1693 = ORIENTED_EDGE ( 'NONE', *, *, #8119, .T. ) ;
#1694 =( NAMED_UNIT ( * ) SI_UNIT ( $, .STERADIAN. ) SOLID_ANGLE_UNIT ( ) );
#1695 = EDGE_CURVE ( 'NONE', #7840, #1323, #4242, .T. ) ;
#1696 = SURFACE_STYLE_FILL_AREA ( #5220 ) ;
#1697 =( NAMED_UNIT ( * ) PLANE_ANGLE_UNIT ( ) SI_UNIT ( $, .RADIAN. ) );
#1698 = DIRECTION ( 'NONE',  ( 1.000000000000000000, 0.000000000000000000, -0.000000000000000000 ) ) ;
#1699 = CARTESIAN_POINT ( 'NONE',  ( -3.160000000000000586, 4.827278989943721399, -2.000000000000000000 ) ) ;
#1700 = DIRECTION ( 'NONE',  ( -0.000000000000000000, -0.000000000000000000, -1.000000000000000000 ) ) ;
#1701 = VECTOR ( 'NONE', #8695, 1000.000000000000000 ) ;
#1702 = ORIENTED_EDGE ( 'NONE', *, *, #1125, .F. ) ;
#1703 = DIRECTION ( 'NONE',  ( 1.000000000000000000, 0.000000000000000000, 0.000000000000000000 ) ) ;
#1704 = SURFACE_STYLE_USAGE ( .BOTH. , #492 ) ;
#1705 = SURFACE_SIDE_STYLE ('',( #7160 ) ) ;
#1706 = FILL_AREA_STYLE_COLOUR ( '', #8793 ) ;
#1707 = DIRECTION ( 'NONE',  ( 1.000000000000000000, -6.195440985631453345E-16, 0.000000000000000000 ) ) ;
#1708 = SURFACE_SIDE_STYLE ('',( #8474 ) ) ;
#1709 = DIRECTION ( 'NONE',  ( 0.000000000000000000, 0.000000000000000000, -1.000000000000000000 ) ) ;
#1710 = FILL_AREA_STYLE_COLOUR ( '', #4811 ) ;
#1711 = COLOUR_RGB ( '',1.000000000000000000, 1.000000000000000000, 1.000000000000000000 ) ;
#1712 = LINE ( 'NONE', #288, #7324 ) ;
#1713 = ORIENTED_EDGE ( 'NONE', *, *, #1944, .T. ) ;
#1714 = VERTEX_POINT ( 'NONE', #4959 ) ;
#1715 = VECTOR ( 'NONE', #2869, 1000.000000000000000 ) ;
#1716 = FILL_AREA_STYLE_COLOUR ( '', #4006 ) ;
#1717 = EDGE_CURVE ( 'NONE', #4532, #6257, #229, .T. ) ;
#1718 = VERTEX_POINT ( 'NONE', #6973 ) ;
#1719 = DIRECTION ( 'NONE',  ( -1.000000000000000000, 0.000000000000000000, 0.000000000000000000 ) ) ;
#1720 = EDGE_CURVE ( 'NONE', #5463, #5225, #2866, .T. ) ;
#1721 = PLANE ( 'NONE',  #6093 ) ;
#1722 = PRESENTATION_LAYER_ASSIGNMENT (  '', '', ( #719 ) ) ;
#1723 = EDGE_CURVE ( 'NONE', #4140, #4501, #2958, .T. ) ;
#1724 = CARTESIAN_POINT ( 'NONE',  ( 1.340000000000000080, 4.899999999999998579, 3.884080669685257448 ) ) ;
#1725 = ORIENTED_EDGE ( 'NONE', *, *, #1011, .F. ) ;
#1726 = DIRECTION ( 'NONE',  ( 0.000000000000000000, 1.000000000000000000, 0.000000000000000000 ) ) ;
#1727 = CARTESIAN_POINT ( 'NONE',  ( 0.4913539421220920467, -0.3913831919116189106, 0.4000000000000000222 ) ) ;
#1728 = VERTEX_POINT ( 'NONE', #8416 ) ;
#1729 = FILL_AREA_STYLE_COLOUR ( '', #7542 ) ;
#1730 = FACE_OUTER_BOUND ( 'NONE', #8087, .T. ) ;
#1731 = CARTESIAN_POINT ( 'NONE',  ( -7.179999999999999716, 4.826793837766002682, 3.059473063321507258 ) ) ;
#1732 = ORIENTED_EDGE ( 'NONE', *, *, #4208, .F. ) ;
#1733 = FILL_AREA_STYLE_COLOUR ( '', #6296 ) ;
#1734 = EDGE_LOOP ( 'NONE', ( #8402, #1029, #8093, #4810 ) ) ;
#1735 = VERTEX_POINT ( 'NONE', #6340 ) ;
#1736 =( NAMED_UNIT ( * ) SI_UNIT ( $, .STERADIAN. ) SOLID_ANGLE_UNIT ( ) );
#1737 = SURFACE_SIDE_STYLE ('',( #980 ) ) ;
#1738 = UNCERTAINTY_MEASURE_WITH_UNIT (LENGTH_MEASURE( 1.000000000000000082E-05 ), #5507, 'distance_accuracy_value', 'NONE');
#1739 = EDGE_CURVE ( 'NONE', #8521, #7956, #7098, .T. ) ;
#1740 = FILL_AREA_STYLE ('',( #8717 ) ) ;
#1741 = PRESENTATION_LAYER_ASSIGNMENT (  '', '', ( #3614 ) ) ;
#1742 = CARTESIAN_POINT ( 'NONE',  ( 2.648125170278138540, -1.722655820111723246, -2.000000000000000000 ) ) ;
#1743 = DIRECTION ( 'NONE',  ( -0.000000000000000000, -0.000000000000000000, 1.000000000000000000 ) ) ;
#1744 = DIRECTION ( 'NONE',  ( 0.000000000000000000, 0.000000000000000000, -1.000000000000000000 ) ) ;
#1745 = EDGE_LOOP ( 'NONE', ( #8116, #933, #4556, #5209, #7083, #1201, #1673 ) ) ;
#1746 = LINE ( 'NONE', #3787, #6482 ) ;
#1747 = SURFACE_STYLE_USAGE ( .BOTH. , #2522 ) ;
#1748 = FACE_OUTER_BOUND ( 'NONE', #5511, .T. ) ;
#1749 = DIRECTION ( 'NONE',  ( 0.000000000000000000, 0.000000000000000000, 1.000000000000000000 ) ) ;
#1750 = EDGE_LOOP ( 'NONE', ( #701, #6241, #6053, #129 ) ) ;
#1751 = ORIENTED_EDGE ( 'NONE', *, *, #5091, .F. ) ;
#1752 = ORIENTED_EDGE ( 'NONE', *, *, #8499, .F. ) ;
#1753 = STYLED_ITEM ( 'NONE', ( #4353 ), #3930 ) ;
#1754 = DIRECTION ( 'NONE',  ( -0.000000000000000000, -0.000000000000000000, -1.000000000000000000 ) ) ;
#1755 = VERTEX_POINT ( 'NONE', #3692 ) ;
#1756 = CARTESIAN_POINT ( 'NONE',  ( 0.000000000000000000, 1.215912586094422654, 0.5000000000000000000 ) ) ;
#1757 = SURFACE_SIDE_STYLE ('',( #5203 ) ) ;
#1758 = DIRECTION ( 'NONE',  ( 1.000000000000000000, 0.000000000000000000, 0.000000000000000000 ) ) ;
#1759 = PRESENTATION_STYLE_ASSIGNMENT (( #5729 ) ) ;
#1760 = ORIENTED_EDGE ( 'NONE', *, *, #2977, .T. ) ;
#1761 = ADVANCED_FACE ( 'NONE', ( #8236 ), #2102, .F. ) ;
#1762 = VECTOR ( 'NONE', #7424, 1000.000000000000000 ) ;
#1763 = LINE ( 'NONE', #6427, #4604 ) ;
#1764 = ORIENTED_EDGE ( 'NONE', *, *, #6863, .F. ) ;
#1765 = CARTESIAN_POINT ( 'NONE',  ( 6.948636131094521495, -5.267066187369637831, -2.000000000000000000 ) ) ;
#1766 = EDGE_CURVE ( 'NONE', #7140, #3167, #1832, .T. ) ;
#1767 = EDGE_CURVE ( 'NONE', #4148, #3711, #316, .T. ) ;
#1768 = FILL_AREA_STYLE ('',( #7782 ) ) ;
#1769 = MECHANICAL_DESIGN_GEOMETRIC_PRESENTATION_REPRESENTATION (  '', ( #5644 ), #4956 ) ;
#1770 = ADVANCED_FACE ( 'NONE', ( #6520 ), #1120, .F. ) ;
#1771 = ORIENTED_EDGE ( 'NONE', *, *, #7912, .F. ) ;
#1772 =( GEOMETRIC_REPRESENTATION_CONTEXT ( 3 ) GLOBAL_UNCERTAINTY_ASSIGNED_CONTEXT ( ( #404 ) ) GLOBAL_UNIT_ASSIGNED_CONTEXT ( ( #2031, #685, #7809 ) ) REPRESENTATION_CONTEXT ( 'NONE', 'WORKASPACE' ) );
#1773 = CARTESIAN_POINT ( 'NONE',  ( 5.520000000000001350, 3.999999999999999112, 2.000000000000000000 ) ) ;
#1774 = CARTESIAN_POINT ( 'NONE',  ( -3.143373282304378513, -3.008659175951458956E-15, 0.000000000000000000 ) ) ;
#1775 = AXIS2_PLACEMENT_3D ( 'NONE', #3207, #8647, #8120 ) ;
#1776 = VECTOR ( 'NONE', #1176, 1000.000000000000000 ) ;
#1777 = MECHANICAL_DESIGN_GEOMETRIC_PRESENTATION_REPRESENTATION (  '', ( #2362 ), #6387 ) ;
#1778 = EDGE_LOOP ( 'NONE', ( #5860, #5477, #262, #4009, #5977, #5548, #8126, #3266, #1085, #5500, #7568, #8710, #2364, #6708, #3016, #7054, #3383, #6879, #1145, #3263 ) ) ;
#1779 = AXIS2_PLACEMENT_3D ( 'NONE', #3299, #6815, #724 ) ;
#1780 = ADVANCED_FACE ( 'NONE', ( #4594 ), #3737, .F. ) ;
#1782 = ORIENTED_EDGE ( 'NONE', *, *, #7223, .T. ) ;
#1781 = VECTOR ( 'NONE', #6978, 1000.000000000000000 ) ;
#1783 = EDGE_CURVE ( 'NONE', #1806, #847, #1652, .T. ) ;
#1784 = MECHANICAL_DESIGN_GEOMETRIC_PRESENTATION_REPRESENTATION (  '', ( #769 ), #2650 ) ;
#1785 = PRESENTATION_LAYER_ASSIGNMENT (  '', '', ( #6515 ) ) ;
#1786 = VECTOR ( 'NONE', #469, 1000.000000000000000 ) ;
#1787 = PRESENTATION_LAYER_ASSIGNMENT (  '', '', ( #4113 ) ) ;
#1788 = VECTOR ( 'NONE', #7727, 1000.000000000000000 ) ;
#1789 =( LENGTH_UNIT ( ) NAMED_UNIT ( * ) SI_UNIT ( .MILLI., .METRE. ) );
#1790 =( NAMED_UNIT ( * ) SI_UNIT ( $, .STERADIAN. ) SOLID_ANGLE_UNIT ( ) );
#1791 = DIRECTION ( 'NONE',  ( 0.000000000000000000, -0.000000000000000000, 1.000000000000000000 ) ) ;
#1793 = SURFACE_STYLE_USAGE ( .BOTH. , #7973 ) ;
#1792 = CIRCLE ( 'NONE', #790, 0.8278507393618649290 ) ;
#1794 = ORIENTED_EDGE ( 'NONE', *, *, #3772, .F. ) ;
#1795 =( GEOMETRIC_REPRESENTATION_CONTEXT ( 3 ) GLOBAL_UNCERTAINTY_ASSIGNED_CONTEXT ( ( #779 ) ) GLOBAL_UNIT_ASSIGNED_CONTEXT ( ( #7063, #7152, #8323 ) ) REPRESENTATION_CONTEXT ( 'NONE', 'WORKASPACE' ) );
#1796 = CARTESIAN_POINT ( 'NONE',  ( 5.520000000000001350, 7.641130724221518733, 3.884080669685257448 ) ) ;
#1797 = CARTESIAN_POINT ( 'NONE',  ( -1.480492736483534744, 0.9979665374599521188, 0.000000000000000000 ) ) ;
#1798 = DIRECTION ( 'NONE',  ( -4.841365169877129885E-16, 1.000000000000000000, 0.000000000000000000 ) ) ;
#1799 = CARTESIAN_POINT ( 'NONE',  ( 0.6913539421220922243, -1.499134892010379943E-16, 0.1499999999999999944 ) ) ;
#1800 = LINE ( 'NONE', #4570, #1390 ) ;
#1801 = COLOUR_RGB ( '',0.7960784313725489669, 0.8235294117647058432, 0.9372549019607843146 ) ;
#1802 =( NAMED_UNIT ( * ) PLANE_ANGLE_UNIT ( ) SI_UNIT ( $, .RADIAN. ) );
#1803 = PRESENTATION_LAYER_ASSIGNMENT (  '', '', ( #5684 ) ) ;
#1804 = ORIENTED_EDGE ( 'NONE', *, *, #6235, .T. ) ;
#1805 = CARTESIAN_POINT ( 'NONE',  ( -1.480492736483534966, 1.768548375075876589, 0.1499999999999999944 ) ) ;
#1806 = VERTEX_POINT ( 'NONE', #2510 ) ;
#1807 = EDGE_LOOP ( 'NONE', ( #3680, #6663, #3399, #1813 ) ) ;
#1808 =( GEOMETRIC_REPRESENTATION_CONTEXT ( 3 ) GLOBAL_UNCERTAINTY_ASSIGNED_CONTEXT ( ( #4363 ) ) GLOBAL_UNIT_ASSIGNED_CONTEXT ( ( #3921, #3320, #1256 ) ) REPRESENTATION_CONTEXT ( 'NONE', 'WORKASPACE' ) );
#1809 = ADVANCED_FACE ( 'NONE', ( #3916 ), #3006, .T. ) ;
#1810 = LINE ( 'NONE', #1895, #8112 ) ;
#1811 = VECTOR ( 'NONE', #7849, 1000.000000000000000 ) ;
#1812 = SURFACE_STYLE_USAGE ( .BOTH. , #4530 ) ;
#1813 = ORIENTED_EDGE ( 'NONE', *, *, #8392, .F. ) ;
#1814 = FILL_AREA_STYLE ('',( #8738 ) ) ;
#1815 =( LENGTH_UNIT ( ) NAMED_UNIT ( * ) SI_UNIT ( .MILLI., .METRE. ) );
#1816 =( LENGTH_UNIT ( ) NAMED_UNIT ( * ) SI_UNIT ( .MILLI., .METRE. ) );
#1817 = ORIENTED_EDGE ( 'NONE', *, *, #5178, .T. ) ;
#1818 = VECTOR ( 'NONE', #7935, 1000.000000000000000 ) ;
#1819 =( LENGTH_UNIT ( ) NAMED_UNIT ( * ) SI_UNIT ( .MILLI., .METRE. ) );
#1820 = VERTEX_POINT ( 'NONE', #1965 ) ;
#1821 = DIRECTION ( 'NONE',  ( -0.000000000000000000, 0.000000000000000000, -1.000000000000000000 ) ) ;
#1822 = CARTESIAN_POINT ( 'NONE',  ( -7.179999999999999716, 4.826793837766002682, 3.059473063321507258 ) ) ;
#1823 = ORIENTED_EDGE ( 'NONE', *, *, #2083, .T. ) ;
#1824 =( GEOMETRIC_REPRESENTATION_CONTEXT ( 3 ) GLOBAL_UNCERTAINTY_ASSIGNED_CONTEXT ( ( #7141 ) ) GLOBAL_UNIT_ASSIGNED_CONTEXT ( ( #7219, #5834, #5173 ) ) REPRESENTATION_CONTEXT ( 'NONE', 'WORKASPACE' ) );
#1825 = DIRECTION ( 'NONE',  ( -0.000000000000000000, -0.000000000000000000, -1.000000000000000000 ) ) ;
#1826 = PRESENTATION_STYLE_ASSIGNMENT (( #6739 ) ) ;
#1827 = EDGE_CURVE ( 'NONE', #4220, #3574, #2602, .T. ) ;
#1828 = ORIENTED_EDGE ( 'NONE', *, *, #1877, .T. ) ;
#1829 = COLOUR_RGB ( '',1.000000000000000000, 1.000000000000000000, 1.000000000000000000 ) ;
#1830 = ORIENTED_EDGE ( 'NONE', *, *, #7642, .T. ) ;
#1831 = CARTESIAN_POINT ( 'NONE',  ( 2.980000000000000870, 7.641130724221518733, 3.884080669685257448 ) ) ;
#1832 = LINE ( 'NONE', #7190, #2594 ) ;
#1833 = EDGE_CURVE ( 'NONE', #1686, #2694, #4730, .T. ) ;
#1834 = ADVANCED_FACE ( 'NONE', ( #566 ), #8810, .F. ) ;
#1835 = CARTESIAN_POINT ( 'NONE',  ( -6.280000000000000249, 4.899999999999998579, 2.000000000000000000 ) ) ;
#1836 = CARTESIAN_POINT ( 'NONE',  ( 0.6913539421220920023, -0.8913831919116188551, 0.000000000000000000 ) ) ;
#1837 = PRESENTATION_STYLE_ASSIGNMENT (( #1793 ) ) ;
#1838 = VERTEX_POINT ( 'NONE', #6104 ) ;
#1839 = FILL_AREA_STYLE ('',( #3758 ) ) ;
#1840 = FACE_OUTER_BOUND ( 'NONE', #2726, .T. ) ;
#1841 = SURFACE_SIDE_STYLE ('',( #8019 ) ) ;
#1842 = PLANE ( 'NONE',  #615 ) ;
#1843 = CARTESIAN_POINT ( 'NONE',  ( -3.146208542697764621, -3.019825643321816754E-15, 0.000000000000000000 ) ) ;
#1844 = DIRECTION ( 'NONE',  ( 0.000000000000000000, -0.000000000000000000, 1.000000000000000000 ) ) ;
#1845 = PRESENTATION_STYLE_ASSIGNMENT (( #3247 ) ) ;
#1846 = ORIENTED_EDGE ( 'NONE', *, *, #4443, .T. ) ;
#1847 = ORIENTED_EDGE ( 'NONE', *, *, #6061, .T. ) ;
#1848 = EDGE_LOOP ( 'NONE', ( #4152, #8748, #7468, #2047 ) ) ;
#1849 = COLOUR_RGB ( '',0.2509803921568627416, 0.2509803921568627416, 0.2509803921568627416 ) ;
#1850 = SURFACE_STYLE_FILL_AREA ( #5285 ) ;
#1851 = ORIENTED_EDGE ( 'NONE', *, *, #8457, .F. ) ;
#1852 = FACE_OUTER_BOUND ( 'NONE', #2633, .T. ) ;
#1853 = COLOUR_RGB ( '',0.000000000000000000, 0.000000000000000000, 0.000000000000000000 ) ;
#1854 = VERTEX_POINT ( 'NONE', #1253 ) ;
#1855 = MECHANICAL_DESIGN_GEOMETRIC_PRESENTATION_REPRESENTATION (  '', ( #5880 ), #4612 ) ;
#1856 = STYLED_ITEM ( 'NONE', ( #1517 ), #5568 ) ;
#1857 = ORIENTED_EDGE ( 'NONE', *, *, #1783, .T. ) ;
#1858 = CARTESIAN_POINT ( 'NONE',  ( 0.000000000000000000, 1.315449244559767195, 0.000000000000000000 ) ) ;
#1859 = AXIS2_PLACEMENT_3D ( 'NONE', #5625, #6918, #1413 ) ;
#1860 = AXIS2_PLACEMENT_3D ( 'NONE', #7753, #4914, #7713 ) ;
#1861 = ORIENTED_EDGE ( 'NONE', *, *, #4820, .F. ) ;
#1862 = FILL_AREA_STYLE ('',( #4721 ) ) ;
#1863 = COLOUR_RGB ( '',1.000000000000000000, 1.000000000000000000, 1.000000000000000000 ) ;
#1864 = FILL_AREA_STYLE_COLOUR ( '', #2496 ) ;
#1865 =( NAMED_UNIT ( * ) SI_UNIT ( $, .STERADIAN. ) SOLID_ANGLE_UNIT ( ) );
#1866 = COLOUR_RGB ( '',1.000000000000000000, 1.000000000000000000, 1.000000000000000000 ) ;
#1867 = ORIENTED_EDGE ( 'NONE', *, *, #2600, .T. ) ;
#1868 = ORIENTED_EDGE ( 'NONE', *, *, #842, .F. ) ;
#1869 = PRESENTATION_STYLE_ASSIGNMENT (( #6050 ) ) ;
#1870 = CARTESIAN_POINT ( 'NONE',  ( -1.275591300402032724, 0.000000000000000000, 0.1499999999999999944 ) ) ;
#1871 = PRESENTATION_LAYER_ASSIGNMENT (  '', '', ( #5757 ) ) ;
#1872 = UNCERTAINTY_MEASURE_WITH_UNIT (LENGTH_MEASURE( 1.000000000000000082E-05 ), #2951, 'distance_accuracy_value', 'NONE');
#1873 = LINE ( 'NONE', #4639, #6992 ) ;
#1874 = DIRECTION ( 'NONE',  ( 0.000000000000000000, -0.000000000000000000, 1.000000000000000000 ) ) ;
#1875 = ORIENTED_EDGE ( 'NONE', *, *, #2494, .F. ) ;
#1876 = ORIENTED_EDGE ( 'NONE', *, *, #3817, .F. ) ;
#1877 = EDGE_CURVE ( 'NONE', #8618, #5630, #7352, .T. ) ;
#1878 = EDGE_CURVE ( 'NONE', #6317, #8256, #3408, .T. ) ;
#1879 = EDGE_CURVE ( 'NONE', #8391, #3935, #7531, .T. ) ;
#1880 =( LENGTH_UNIT ( ) NAMED_UNIT ( * ) SI_UNIT ( .MILLI., .METRE. ) );
#1881 = EDGE_CURVE ( 'NONE', #7474, #2229, #6052, .T. ) ;
#1882 = LINE ( 'NONE', #7363, #6444 ) ;
#1883 =( NAMED_UNIT ( * ) SI_UNIT ( $, .STERADIAN. ) SOLID_ANGLE_UNIT ( ) );
#1884 = CARTESIAN_POINT ( 'NONE',  ( 0.000000000000000000, -3.000000000000000000, 0.000000000000000000 ) ) ;
#1885 = VECTOR ( 'NONE', #4636, 1000.000000000000000 ) ;
#1886 = CARTESIAN_POINT ( 'NONE',  ( -1.275591300402032724, 2.091446606018390497, 0.000000000000000000 ) ) ;
#1887 = DIRECTION ( 'NONE',  ( -0.000000000000000000, 1.000000000000000000, -0.000000000000000000 ) ) ;
#1888 = CARTESIAN_POINT ( 'NONE',  ( 1.041353942122092535, -4.516152825500466093E-16, 0.000000000000000000 ) ) ;
#1889 = CARTESIAN_POINT ( 'NONE',  ( 0.6913539421220921133, 1.319777692792770019, 0.000000000000000000 ) ) ;
#1890 = ORIENTED_EDGE ( 'NONE', *, *, #372, .F. ) ;
#1891 = LINE ( 'NONE', #538, #7191 ) ;
#1892 = VERTEX_POINT ( 'NONE', #2644 ) ;
#1893 = VERTEX_POINT ( 'NONE', #3963 ) ;
#1894 = CIRCLE ( 'NONE', #8467, 0.8278507393618635968 ) ;
#1895 = CARTESIAN_POINT ( 'NONE',  ( 4.141442242859602274, 0.1631021076784486823, 0.2999999999999999889 ) ) ;
#1896 = UNCERTAINTY_MEASURE_WITH_UNIT (LENGTH_MEASURE( 1.000000000000000082E-05 ), #3391, 'distance_accuracy_value', 'NONE');
#1897 = EDGE_LOOP ( 'NONE', ( #7744, #351, #8200, #6626 ) ) ;
#1898 = SURFACE_SIDE_STYLE ('',( #5861 ) ) ;
#1899 = DIRECTION ( 'NONE',  ( 2.211034786967315494E-16, -1.000000000000000000, 0.000000000000000000 ) ) ;
#1900 = CARTESIAN_POINT ( 'NONE',  ( -2.648125170278134988, -4.141704418566487966, -3.000000000000000000 ) ) ;
#1901 = ORIENTED_EDGE ( 'NONE', *, *, #4770, .T. ) ;
#1902 = FILL_AREA_STYLE_COLOUR ( '', #1012 ) ;
#1903 = VERTEX_POINT ( 'NONE', #525 ) ;
#1904 = EDGE_LOOP ( 'NONE', ( #5721, #6367, #7371, #2722 ) ) ;
#1905 = SURFACE_SIDE_STYLE ('',( #1325 ) ) ;
#1906 = EDGE_LOOP ( 'NONE', ( #6706, #3163 ) ) ;
#1907 =( NAMED_UNIT ( * ) PLANE_ANGLE_UNIT ( ) SI_UNIT ( $, .RADIAN. ) );
#1908 = SURFACE_STYLE_FILL_AREA ( #5963 ) ;
#1909 = CARTESIAN_POINT ( 'NONE',  ( -7.179999999999999716, 4.899999999999998579, 2.000000000000000000 ) ) ;
#1910 = VECTOR ( 'NONE', #8383, 1000.000000000000000 ) ;
#1911 = ORIENTED_EDGE ( 'NONE', *, *, #1133, .F. ) ;
#1912 = VECTOR ( 'NONE', #4856, 1000.000000000000000 ) ;
#1913 = EDGE_LOOP ( 'NONE', ( #3757, #1876, #7945, #3000 ) ) ;
#1914 = DIRECTION ( 'NONE',  ( 0.000000000000000000, -1.000000000000000000, 0.000000000000000000 ) ) ;
#1915 = VECTOR ( 'NONE', #8536, 1000.000000000000000 ) ;
#1916 = FACE_BOUND ( 'NONE', #73, .T. ) ;
#1917 = VECTOR ( 'NONE', #7852, 1000.000000000000000 ) ;
#1918 = EDGE_LOOP ( 'NONE', ( #5274, #8145, #7974, #434, #7907, #2890, #6366, #3800, #3435, #5168, #5577, #1760, #2043, #5046, #2053, #3424 ) ) ;
#1919 = ADVANCED_FACE ( 'NONE', ( #6699, #3276, #7487, #1331, #2740, #1916, #662 ), #1295, .T. ) ;
#1920 = MECHANICAL_DESIGN_GEOMETRIC_PRESENTATION_REPRESENTATION (  '', ( #5377 ), #1075 ) ;
#1921 = CYLINDRICAL_SURFACE ( 'NONE', #2927, 0.8278507393618649290 ) ;
#1922 = AXIS2_PLACEMENT_3D ( 'NONE', #340, #8481, #7738 ) ;
#1923 = CARTESIAN_POINT ( 'NONE',  ( -7.486385755306426439E-15, 1.768548375075889023, 0.1499999999999999944 ) ) ;
#1924 = SURFACE_STYLE_USAGE ( .BOTH. , #6798 ) ;
#1925 = CARTESIAN_POINT ( 'NONE',  ( -10.94655025073975985, 4.336808689942017736E-16, -2.000000000000000000 ) ) ;
#1926 = ORIENTED_EDGE ( 'NONE', *, *, #5663, .T. ) ;
#1927 = CIRCLE ( 'NONE', #3656, 2.800000000000000266 ) ;
#1928 = COLOUR_RGB ( '',0.7529411764705882248, 0.000000000000000000, 0.7529411764705882248 ) ;
#1929 = EDGE_CURVE ( 'NONE', #5898, #8764, #2858, .T. ) ;
#1930 = AXIS2_PLACEMENT_3D ( 'NONE', #1799, #4568, #2569 ) ;
#1931 = DIRECTION ( 'NONE',  ( 1.000000000000000000, 0.000000000000000000, -0.000000000000000000 ) ) ;
#1932 = SURFACE_STYLE_FILL_AREA ( #4479 ) ;
#1933 = CARTESIAN_POINT ( 'NONE',  ( -3.739999999999999325, 3.999999999999999112, 3.017654449115059201 ) ) ;
#1934 = LINE ( 'NONE', #5890, #91 ) ;
#1935 = PRESENTATION_LAYER_ASSIGNMENT (  '', '', ( #8084 ) ) ;
#1936 =( NAMED_UNIT ( * ) SI_UNIT ( $, .STERADIAN. ) SOLID_ANGLE_UNIT ( ) );
#1937 = ORIENTED_EDGE ( 'NONE', *, *, #4554, .T. ) ;
#1939 = ADVANCED_FACE ( 'NONE', ( #6334 ), #2903, .F. ) ;
#1938 = VECTOR ( 'NONE', #3394, 1000.000000000000000 ) ;
#1940 =( NAMED_UNIT ( * ) PLANE_ANGLE_UNIT ( ) SI_UNIT ( $, .RADIAN. ) );
#1941 = ORIENTED_EDGE ( 'NONE', *, *, #8812, .F. ) ;
#1942 = FILL_AREA_STYLE ('',( #8071 ) ) ;
#1943 = ORIENTED_EDGE ( 'NONE', *, *, #1364, .F. ) ;
#1944 = EDGE_CURVE ( 'NONE', #34, #7127, #1553, .T. ) ;
#1945 = DIRECTION ( 'NONE',  ( -0.000000000000000000, -0.000000000000000000, -1.000000000000000000 ) ) ;
#1946 =( NAMED_UNIT ( * ) PLANE_ANGLE_UNIT ( ) SI_UNIT ( $, .RADIAN. ) );
#1947 = VECTOR ( 'NONE', #3118, 1000.000000000000000 ) ;
#1948 = EDGE_CURVE ( 'NONE', #8613, #4938, #3777, .T. ) ;
#1949 = CARTESIAN_POINT ( 'NONE',  ( -5.734760885516596574, 1.215912586094422654, 0.5000000000000000000 ) ) ;
#1950 = EDGE_LOOP ( 'NONE', ( #4658, #2211 ) ) ;
#1951 = MECHANICAL_DESIGN_GEOMETRIC_PRESENTATION_REPRESENTATION (  '', ( #4128 ), #3828 ) ;
#1952 =( NAMED_UNIT ( * ) PLANE_ANGLE_UNIT ( ) SI_UNIT ( $, .RADIAN. ) );
#1953 = VERTEX_POINT ( 'NONE', #2096 ) ;
#1954 = ORIENTED_EDGE ( 'NONE', *, *, #8842, .F. ) ;
#1955 = AXIS2_PLACEMENT_3D ( 'NONE', #5310, #7355, #1081 ) ;
#1956 = LINE ( 'NONE', #8747, #1497 ) ;
#1957 = EDGE_LOOP ( 'NONE', ( #8141, #6415, #7554, #5087 ) ) ;
#1958 = DIRECTION ( 'NONE',  ( -0.000000000000000000, -1.000000000000000000, -0.000000000000000000 ) ) ;
#1959 = FILL_AREA_STYLE_COLOUR ( '', #1431 ) ;
#1960 = DIRECTION ( 'NONE',  ( 0.000000000000000000, 0.000000000000000000, 1.000000000000000000 ) ) ;
#1961 = COLOUR_RGB ( '',1.000000000000000000, 1.000000000000000000, 1.000000000000000000 ) ;
#1962 = FACE_OUTER_BOUND ( 'NONE', #1913, .T. ) ;
#1963 = ORIENTED_EDGE ( 'NONE', *, *, #1173, .F. ) ;
#1964 = DIRECTION ( 'NONE',  ( 0.000000000000000000, -0.000000000000000000, -1.000000000000000000 ) ) ;
#1965 = CARTESIAN_POINT ( 'NONE',  ( -2.099999999999999645, 3.999999999999999112, 3.017654449115059201 ) ) ;
#1966 = ORIENTED_EDGE ( 'NONE', *, *, #6605, .T. ) ;
#1967 = UNCERTAINTY_MEASURE_WITH_UNIT (LENGTH_MEASURE( 1.000000000000000082E-05 ), #3733, 'distance_accuracy_value', 'NONE');
#1968 = ORIENTED_EDGE ( 'NONE', *, *, #6954, .T. ) ;
#1969 = MECHANICAL_DESIGN_GEOMETRIC_PRESENTATION_REPRESENTATION (  '', ( #811 ), #4294 ) ;
#1970 = PRESENTATION_STYLE_ASSIGNMENT (( #528 ) ) ;
#1971 = LINE ( 'NONE', #4948, #3892 ) ;
#1972 = VERTEX_POINT ( 'NONE', #877 ) ;
#1973 =( GEOMETRIC_REPRESENTATION_CONTEXT ( 3 ) GLOBAL_UNCERTAINTY_ASSIGNED_CONTEXT ( ( #8451 ) ) GLOBAL_UNIT_ASSIGNED_CONTEXT ( ( #6064, #1394, #2018 ) ) REPRESENTATION_CONTEXT ( 'NONE', 'WORKASPACE' ) );
#1974 = CARTESIAN_POINT ( 'NONE',  ( -2.648125170278134988, -4.141704418566487966, -2.000000000000000000 ) ) ;
#1975 = CARTESIAN_POINT ( 'NONE',  ( -1.480492736483535188, 2.544545736534499891, 0.000000000000000000 ) ) ;
#1976 = DIRECTION ( 'NONE',  ( -1.000000000000000000, -4.233068125707992719E-15, 0.000000000000000000 ) ) ;
#1977 = CARTESIAN_POINT ( 'NONE',  ( -5.949819853805799141, 0.2692500179271393179, 0.4000000000000000222 ) ) ;
#1978 = VECTOR ( 'NONE', #39, 1000.000000000000000 ) ;
#1979 = VERTEX_POINT ( 'NONE', #8266 ) ;
#1980 = CARTESIAN_POINT ( 'NONE',  ( -0.3909452591481796802, -4.385197194226567952, 0.000000000000000000 ) ) ;
#1981 = DIRECTION ( 'NONE',  ( 1.000000000000000000, 0.000000000000000000, 0.000000000000000000 ) ) ;
#1982 = FILL_AREA_STYLE ('',( #3428 ) ) ;
#1983 = VERTEX_POINT ( 'NONE', #47 ) ;
#1984 = DIRECTION ( 'NONE',  ( -0.000000000000000000, 1.000000000000000000, -0.000000000000000000 ) ) ;
#1985 = FILL_AREA_STYLE_COLOUR ( '', #3649 ) ;
#1986 = PLANE ( 'NONE',  #1779 ) ;
#1987 = DIRECTION ( 'NONE',  ( -1.000000000000000000, 0.000000000000000000, 0.000000000000000000 ) ) ;
#1988 = DIRECTION ( 'NONE',  ( -0.000000000000000000, 0.000000000000000000, -1.000000000000000000 ) ) ;
#1989 = VERTEX_POINT ( 'NONE', #8311 ) ;
#1990 = DIRECTION ( 'NONE',  ( -0.000000000000000000, -0.000000000000000000, -1.000000000000000000 ) ) ;
#1991 = ORIENTED_EDGE ( 'NONE', *, *, #3433, .F. ) ;
#1992 = ORIENTED_EDGE ( 'NONE', *, *, #5904, .T. ) ;
#1993 = ADVANCED_FACE ( 'NONE', ( #5515 ), #87, .F. ) ;
#1994 = EDGE_CURVE ( 'NONE', #631, #5321, #6888, .T. ) ;
#1995 = DIRECTION ( 'NONE',  ( -1.000000000000000000, 0.000000000000000000, 0.000000000000000000 ) ) ;
#1996 = ADVANCED_FACE ( 'NONE', ( #3580 ), #5870, .T. ) ;
#1997 = ADVANCED_FACE ( 'NONE', ( #3540 ), #7183, .F. ) ;
#1998 = ORIENTED_EDGE ( 'NONE', *, *, #3367, .T. ) ;
#1999 = PRESENTATION_STYLE_ASSIGNMENT (( #8133 ) ) ;
#2000 = SURFACE_STYLE_USAGE ( .BOTH. , #79 ) ;
#2001 = STYLED_ITEM ( 'NONE', ( #3456 ), #1646 ) ;
#2002 = STYLED_ITEM ( 'NONE', ( #1263 ), #5405 ) ;
#2003 = DIRECTION ( 'NONE',  ( -1.267143614600721018E-16, 1.000000000000000000, -0.000000000000000000 ) ) ;
#2004 = EDGE_LOOP ( 'NONE', ( #1823, #8670, #7698, #1454 ) ) ;
#2005 = MECHANICAL_DESIGN_GEOMETRIC_PRESENTATION_REPRESENTATION (  '', ( #4333 ), #4184 ) ;
#2006 = DIRECTION ( 'NONE',  ( 1.000000000000000000, -0.000000000000000000, -0.000000000000000000 ) ) ;
#2007 = COLOUR_RGB ( '',1.000000000000000000, 1.000000000000000000, 0.5019607843137254832 ) ;
#2008 = CARTESIAN_POINT ( 'NONE',  ( 0.000000000000000000, 0.5500754429267872281, 0.1499999999999999944 ) ) ;
#2009 = ORIENTED_EDGE ( 'NONE', *, *, #754, .T. ) ;
#2010 =( GEOMETRIC_REPRESENTATION_CONTEXT ( 3 ) GLOBAL_UNCERTAINTY_ASSIGNED_CONTEXT ( ( #6285 ) ) GLOBAL_UNIT_ASSIGNED_CONTEXT ( ( #1819, #8081, #6040 ) ) REPRESENTATION_CONTEXT ( 'NONE', 'WORKASPACE' ) );
#2011 = FACE_OUTER_BOUND ( 'NONE', #5343, .T. ) ;
#2012 = ORIENTED_EDGE ( 'NONE', *, *, #412, .F. ) ;
#2013 =( NAMED_UNIT ( * ) PLANE_ANGLE_UNIT ( ) SI_UNIT ( $, .RADIAN. ) );
#2014 = DIRECTION ( 'NONE',  ( 1.000000000000000000, 0.000000000000000000, -0.000000000000000000 ) ) ;
#2015 = ORIENTED_EDGE ( 'NONE', *, *, #6862, .F. ) ;
#2016 = FILL_AREA_STYLE_COLOUR ( '', #850 ) ;
#2017 = STYLED_ITEM ( 'NONE', ( #7894 ), #4592 ) ;
#2018 =( NAMED_UNIT ( * ) SI_UNIT ( $, .STERADIAN. ) SOLID_ANGLE_UNIT ( ) );
#2019 =( NAMED_UNIT ( * ) SI_UNIT ( $, .STERADIAN. ) SOLID_ANGLE_UNIT ( ) );
#2020 = CARTESIAN_POINT ( 'NONE',  ( 8.000000000000000000, 6.099999999999998757, -2.000000000000000000 ) ) ;
#2021 = PLANE ( 'NONE',  #8516 ) ;
#2022 = DIRECTION ( 'NONE',  ( 0.000000000000000000, 0.000000000000000000, -1.000000000000000000 ) ) ;
#2023 = DIRECTION ( 'NONE',  ( -0.000000000000000000, -0.000000000000000000, -1.000000000000000000 ) ) ;
#2024 = ORIENTED_EDGE ( 'NONE', *, *, #1234, .F. ) ;
#2025 = SURFACE_SIDE_STYLE ('',( #8201 ) ) ;
#2026 = AXIS2_PLACEMENT_3D ( 'NONE', #8360, #5562, #6200 ) ;
#2027 = FACE_OUTER_BOUND ( 'NONE', #2765, .T. ) ;
#2028 = ORIENTED_EDGE ( 'NONE', *, *, #2731, .F. ) ;
#2029 = CARTESIAN_POINT ( 'NONE',  ( -0.8909452591481796802, 0.000000000000000000, 0.5000000000000000000 ) ) ;
#2030 = SURFACE_STYLE_FILL_AREA ( #7637 ) ;
#2031 =( LENGTH_UNIT ( ) NAMED_UNIT ( * ) SI_UNIT ( .MILLI., .METRE. ) );
#2032 = ORIENTED_EDGE ( 'NONE', *, *, #253, .T. ) ;
#2033 = LINE ( 'NONE', #1412, #2727 ) ;
#2034 = COLOUR_RGB ( '',0.000000000000000000, 0.000000000000000000, 0.000000000000000000 ) ;
#2035 = CARTESIAN_POINT ( 'NONE',  ( -1.275591300402032724, 0.000000000000000000, 0.1499999999999999944 ) ) ;
#2036 = ORIENTED_EDGE ( 'NONE', *, *, #1720, .F. ) ;
#2037 = ORIENTED_EDGE ( 'NONE', *, *, #8549, .F. ) ;
#2038 = ORIENTED_EDGE ( 'NONE', *, *, #5252, .T. ) ;
#2039 = DIRECTION ( 'NONE',  ( 0.000000000000000000, 0.000000000000000000, 1.000000000000000000 ) ) ;
#2040 = DIRECTION ( 'NONE',  ( 1.000000000000000000, -0.000000000000000000, -0.000000000000000000 ) ) ;
#2041 = LINE ( 'NONE', #697, #2517 ) ;
#2042 = EDGE_CURVE ( 'NONE', #4653, #5372, #265, .T. ) ;
#2043 = ORIENTED_EDGE ( 'NONE', *, *, #6232, .F. ) ;
#2044 = EDGE_CURVE ( 'NONE', #7745, #8520, #4783, .T. ) ;
#2045 = CARTESIAN_POINT ( 'NONE',  ( 0.4913539421220920467, 0.8197776927927701296, 0.000000000000000000 ) ) ;
#2046 = SURFACE_SIDE_STYLE ('',( #8186 ) ) ;
#2047 = ORIENTED_EDGE ( 'NONE', *, *, #4443, .F. ) ;
#2048 = AXIS2_PLACEMENT_3D ( 'NONE', #6653, #5313, #4511 ) ;
#2049 = AXIS2_PLACEMENT_3D ( 'NONE', #6547, #3208, #5948 ) ;
#2050 = ORIENTED_EDGE ( 'NONE', *, *, #1948, .F. ) ;
#2051 = EDGE_CURVE ( 'NONE', #5457, #2579, #927, .T. ) ;
#2052 = CARTESIAN_POINT ( 'NONE',  ( -6.280000000000000249, 7.641130724221518733, 3.884080669685257448 ) ) ;
#2053 = ORIENTED_EDGE ( 'NONE', *, *, #1161, .T. ) ;
#2054 =( GEOMETRIC_REPRESENTATION_CONTEXT ( 3 ) GLOBAL_UNCERTAINTY_ASSIGNED_CONTEXT ( ( #1896 ) ) GLOBAL_UNIT_ASSIGNED_CONTEXT ( ( #3391, #3514, #587 ) ) REPRESENTATION_CONTEXT ( 'NONE', 'WORKASPACE' ) );
#2055 = EDGE_CURVE ( 'NONE', #8559, #6416, #4417, .T. ) ;
#2056 = VECTOR ( 'NONE', #6449, 1000.000000000000000 ) ;
#2057 = DIRECTION ( 'NONE',  ( 0.000000000000000000, 0.000000000000000000, 1.000000000000000000 ) ) ;
#2058 =( GEOMETRIC_REPRESENTATION_CONTEXT ( 3 ) GLOBAL_UNCERTAINTY_ASSIGNED_CONTEXT ( ( #8540 ) ) GLOBAL_UNIT_ASSIGNED_CONTEXT ( ( #1650, #3690, #1694 ) ) REPRESENTATION_CONTEXT ( 'NONE', 'WORKASPACE' ) );
#2059 = LINE ( 'NONE', #7498, #2227 ) ;
#2060 = CIRCLE ( 'NONE', #1775, 2.800000000000000266 ) ;
#2061 = AXIS2_PLACEMENT_3D ( 'NONE', #5851, #8551, #5190 ) ;
#2062 = FACE_OUTER_BOUND ( 'NONE', #1254, .T. ) ;
#2063 = VECTOR ( 'NONE', #743, 1000.000000000000000 ) ;
#2065 = LINE ( 'NONE', #2708, #335 ) ;
#2064 = COLOUR_RGB ( '',1.000000000000000000, 1.000000000000000000, 1.000000000000000000 ) ;
#2066 = ORIENTED_EDGE ( 'NONE', *, *, #7266, .F. ) ;
#2067 = FILL_AREA_STYLE_COLOUR ( '', #28 ) ;
#2068 = FACE_OUTER_BOUND ( 'NONE', #8575, .T. ) ;
#2069 = CARTESIAN_POINT ( 'NONE',  ( -5.949819853805799141, 0.2692500179271393179, 0.4000000000000000222 ) ) ;
#2070 = ORIENTED_EDGE ( 'NONE', *, *, #3296, .T. ) ;
#2071 = CARTESIAN_POINT ( 'NONE',  ( 3.436010026804369399, -0.9211733355175579785, 0.000000000000000000 ) ) ;
#2072 = PLANE ( 'NONE',  #8361 ) ;
#2073 = FILL_AREA_STYLE ('',( #7510 ) ) ;
#2074 =( LENGTH_UNIT ( ) NAMED_UNIT ( * ) SI_UNIT ( .MILLI., .METRE. ) );
#2075 = CARTESIAN_POINT ( 'NONE',  ( 5.520000000000001350, 4.826793837766001793, 3.059473063321508146 ) ) ;
#2076 = COLOUR_RGB ( '',0.7960784313725489669, 0.8235294117647058432, 0.9372549019607843146 ) ;
#2077 = ORIENTED_EDGE ( 'NONE', *, *, #5301, .F. ) ;
#2078 = SURFACE_STYLE_USAGE ( .BOTH. , #113 ) ;
#2079 = VECTOR ( 'NONE', #5003, 1000.000000000000000 ) ;
#2080 = VERTEX_POINT ( 'NONE', #2454 ) ;
#2081 = ORIENTED_EDGE ( 'NONE', *, *, #741, .T. ) ;
#2082 = COLOUR_RGB ( '',1.000000000000000000, 1.000000000000000000, 1.000000000000000000 ) ;
#2083 = EDGE_CURVE ( 'NONE', #6818, #6783, #3621, .T. ) ;
#2084 = VERTEX_POINT ( 'NONE', #5254 ) ;
#2085 = CARTESIAN_POINT ( 'NONE',  ( 4.141442242859602274, 0.1631021076784486823, 0.000000000000000000 ) ) ;
#2086 = SURFACE_SIDE_STYLE ('',( #8215 ) ) ;
#2087 = DIRECTION ( 'NONE',  ( -0.000000000000000000, -0.000000000000000000, -1.000000000000000000 ) ) ;
#2088 = STYLED_ITEM ( 'NONE', ( #7502 ), #8458 ) ;
#2089 = AXIS2_PLACEMENT_3D ( 'NONE', #716, #6940, #4249 ) ;
#2090 = UNCERTAINTY_MEASURE_WITH_UNIT (LENGTH_MEASURE( 1.000000000000000082E-05 ), #1134, 'distance_accuracy_value', 'NONE');
#2091 = CARTESIAN_POINT ( 'NONE',  ( 0.6913539421220922243, -1.499134892010379943E-16, 0.1499999999999999944 ) ) ;
#2092 = CIRCLE ( 'NONE', #7131, 0.8278507393618627086 ) ;
#2093 = ORIENTED_EDGE ( 'NONE', *, *, #8063, .T. ) ;
#2094 = DIRECTION ( 'NONE',  ( -0.000000000000000000, -0.000000000000000000, -1.000000000000000000 ) ) ;
#2095 = MECHANICAL_DESIGN_GEOMETRIC_PRESENTATION_REPRESENTATION (  '', ( #1656 ), #2956 ) ;
#2096 = CARTESIAN_POINT ( 'NONE',  ( -2.938471846222876938, -0.2185654625746346891, 0.000000000000000000 ) ) ;
#2097 = VERTEX_POINT ( 'NONE', #7142 ) ;
#2098 = COLOUR_RGB ( '',1.000000000000000000, 1.000000000000000000, 1.000000000000000000 ) ;
#2099 = DIRECTION ( 'NONE',  ( -1.000000000000000000, 0.000000000000000000, 0.000000000000000000 ) ) ;
#2100 = MECHANICAL_DESIGN_GEOMETRIC_PRESENTATION_REPRESENTATION (  '', ( #1666 ), #7144 ) ;
#2101 = PLANE ( 'NONE',  #6937 ) ;
#2102 = PLANE ( 'NONE',  #3747 ) ;
#2103 = EDGE_CURVE ( 'NONE', #1323, #5002, #1894, .T. ) ;
#2104 = EDGE_CURVE ( 'NONE', #6764, #3997, #6465, .T. ) ;
#2105 = DIRECTION ( 'NONE',  ( 0.000000000000000000, 0.000000000000000000, 1.000000000000000000 ) ) ;
#2106 = LINE ( 'NONE', #796, #7515 ) ;
#2107 = VECTOR ( 'NONE', #6035, 1000.000000000000000 ) ;
#2108 =( LENGTH_UNIT ( ) NAMED_UNIT ( * ) SI_UNIT ( .MILLI., .METRE. ) );
#2109 = PRESENTATION_STYLE_ASSIGNMENT (( #8241 ) ) ;
#2110 = SURFACE_STYLE_FILL_AREA ( #3382 ) ;
#2111 = EDGE_LOOP ( 'NONE', ( #5034, #729, #3236, #5334 ) ) ;
#2112 = AXIS2_PLACEMENT_3D ( 'NONE', #7680, #2881, #1525 ) ;
#2113 = CARTESIAN_POINT ( 'NONE',  ( -5.734760885516596574, 2.197828827475229563, 0.5000000000000000000 ) ) ;
#2114 = DIRECTION ( 'NONE',  ( 0.000000000000000000, -0.000000000000000000, -1.000000000000000000 ) ) ;
#2115 = LINE ( 'NONE', #2200, #1635 ) ;
#2116 = CARTESIAN_POINT ( 'NONE',  ( 3.436010026804369399, 0.1631021076784486823, 0.2999999999999999889 ) ) ;
#2117 = VECTOR ( 'NONE', #6341, 1000.000000000000000 ) ;
#2118 = DIRECTION ( 'NONE',  ( -0.000000000000000000, 0.000000000000000000, -1.000000000000000000 ) ) ;
#2119 = EDGE_LOOP ( 'NONE', ( #1163, #8443, #104, #8027 ) ) ;
#2120 = LINE ( 'NONE', #32, #1562 ) ;
#2121 = SURFACE_SIDE_STYLE ('',( #6875 ) ) ;
#2122 = ORIENTED_EDGE ( 'NONE', *, *, #6288, .F. ) ;
#2123 = VERTEX_POINT ( 'NONE', #3908 ) ;
#2124 =( LENGTH_UNIT ( ) NAMED_UNIT ( * ) SI_UNIT ( .MILLI., .METRE. ) );
#2125 = ORIENTED_EDGE ( 'NONE', *, *, #6287, .T. ) ;
#2126 = DIRECTION ( 'NONE',  ( 1.000000000000000000, 0.000000000000000000, -0.000000000000000000 ) ) ;
#2127 = DIRECTION ( 'NONE',  ( 1.000000000000000000, 0.000000000000000000, 0.000000000000000000 ) ) ;
#2128 = DIRECTION ( 'NONE',  ( -1.000000000000000000, 0.000000000000000000, 0.000000000000000000 ) ) ;
#2129 = UNCERTAINTY_MEASURE_WITH_UNIT (LENGTH_MEASURE( 1.000000000000000082E-05 ), #2108, 'distance_accuracy_value', 'NONE');
#2130 = PRESENTATION_LAYER_ASSIGNMENT (  '', '', ( #3001 ) ) ;
#2131 = CARTESIAN_POINT ( 'NONE',  ( 0.000000000000000000, 0.000000000000000000, 0.1499999999999999944 ) ) ;
#2132 = DIRECTION ( 'NONE',  ( 0.000000000000000000, 1.000000000000000000, -0.000000000000000000 ) ) ;
#2133 = ORIENTED_EDGE ( 'NONE', *, *, #7653, .T. ) ;
#2134 = CARTESIAN_POINT ( 'NONE',  ( -8.000000000000000000, 6.099999999999998757, -2.000000000000000000 ) ) ;
#2135 = ORIENTED_EDGE ( 'NONE', *, *, #2390, .F. ) ;
#2136 = UNCERTAINTY_MEASURE_WITH_UNIT (LENGTH_MEASURE( 1.000000000000000082E-05 ), #330, 'distance_accuracy_value', 'NONE');
#2137 = VECTOR ( 'NONE', #4975, 1000.000000000000000 ) ;
#2138 = PRESENTATION_STYLE_ASSIGNMENT (( #50 ) ) ;
#2139 = PRESENTATION_LAYER_ASSIGNMENT (  '', '', ( #8148 ) ) ;
#2140 =( GEOMETRIC_REPRESENTATION_CONTEXT ( 3 ) GLOBAL_UNCERTAINTY_ASSIGNED_CONTEXT ( ( #6014 ) ) GLOBAL_UNIT_ASSIGNED_CONTEXT ( ( #2124, #2807, #2848 ) ) REPRESENTATION_CONTEXT ( 'NONE', 'WORKASPACE' ) );
#2141 = SURFACE_STYLE_FILL_AREA ( #4777 ) ;
#2142 = AXIS2_PLACEMENT_3D ( 'NONE', #7042, #6882, #3442 ) ;
#2143 = CARTESIAN_POINT ( 'NONE',  ( -2.938471846222877826, 1.315449244559767195, 0.000000000000000000 ) ) ;
#2144 = CARTESIAN_POINT ( 'NONE',  ( -1.275591300402032724, 1.768548375075876589, 0.1499999999999999944 ) ) ;
#2145 = FACE_OUTER_BOUND ( 'NONE', #8343, .T. ) ;
#2146 = DIRECTION ( 'NONE',  ( 0.000000000000000000, 0.000000000000000000, -1.000000000000000000 ) ) ;
#2147 = DIRECTION ( 'NONE',  ( -1.421904488505579654E-16, 1.000000000000000000, -0.000000000000000000 ) ) ;
#2148 = CARTESIAN_POINT ( 'NONE',  ( 0.000000000000000000, -0.8913831919116188551, 0.000000000000000000 ) ) ;
#2149 = DIRECTION ( 'NONE',  ( -0.000000000000000000, -0.000000000000000000, -1.000000000000000000 ) ) ;
#2150 = ADVANCED_FACE ( 'NONE', ( #3215 ), #470, .T. ) ;
#2151 = CARTESIAN_POINT ( 'NONE',  ( 1.340000000000000080, 7.641130724221518733, 3.017654449115059201 ) ) ;
#2152 = ORIENTED_EDGE ( 'NONE', *, *, #2449, .F. ) ;
#2153 = EDGE_CURVE ( 'NONE', #1097, #7563, #5958, .T. ) ;
#2154 = EDGE_CURVE ( 'NONE', #7951, #2575, #5294, .T. ) ;
#2155 = VECTOR ( 'NONE', #4031, 1000.000000000000000 ) ;
#2156 = EDGE_CURVE ( 'NONE', #5919, #3147, #3547, .T. ) ;
#2157 = FILL_AREA_STYLE ('',( #2067 ) ) ;
#2158 = SURFACE_SIDE_STYLE ('',( #1850 ) ) ;
#2159 =( NAMED_UNIT ( * ) SI_UNIT ( $, .STERADIAN. ) SOLID_ANGLE_UNIT ( ) );
#2160 = PLANE ( 'NONE',  #4526 ) ;
#2161 = CARTESIAN_POINT ( 'NONE',  ( 0.000000000000000000, 0.000000000000000000, 0.1499999999999999944 ) ) ;
#2162 = VERTEX_POINT ( 'NONE', #1432 ) ;
#2163 = PLANE ( 'NONE',  #549 ) ;
#2164 = PRESENTATION_STYLE_ASSIGNMENT (( #647 ) ) ;
#2165 = ORIENTED_EDGE ( 'NONE', *, *, #620, .T. ) ;
#2166 = ORIENTED_EDGE ( 'NONE', *, *, #228, .T. ) ;
#2167 = CARTESIAN_POINT ( 'NONE',  ( -3.143373282304378957, -3.008659175951462901E-15, 0.1499999999999999944 ) ) ;
#2168 = ORIENTED_EDGE ( 'NONE', *, *, #3972, .F. ) ;
#2169 = LINE ( 'NONE', #3528, #6138 ) ;
#2170 = CARTESIAN_POINT ( 'NONE',  ( 0.6913539421220921133, 0.8197776927927701296, 0.000000000000000000 ) ) ;
#2171 = DIRECTION ( 'NONE',  ( 1.267143614600721018E-16, -1.000000000000000000, 0.000000000000000000 ) ) ;
#2172 = FILL_AREA_STYLE ('',( #2852 ) ) ;
#2173 = DIRECTION ( 'NONE',  ( 0.000000000000000000, 0.000000000000000000, -1.000000000000000000 ) ) ;
#2174 = ORIENTED_EDGE ( 'NONE', *, *, #6488, .F. ) ;
#2175 = DIRECTION ( 'NONE',  ( 9.598300946485964287E-16, -1.000000000000000000, 0.000000000000000000 ) ) ;
#2176 = PRODUCT_DEFINITION_SHAPE ( 'NONE', 'NONE',  #6470 ) ;
#2177 = CARTESIAN_POINT ( 'NONE',  ( 3.159999999999998366, 4.827278989943721399, -2.000000000000000000 ) ) ;
#2178 = DIRECTION ( 'NONE',  ( -0.000000000000000000, -0.000000000000000000, -1.000000000000000000 ) ) ;
#2179 = ORIENTED_EDGE ( 'NONE', *, *, #411, .F. ) ;
#2180 =( NAMED_UNIT ( * ) PLANE_ANGLE_UNIT ( ) SI_UNIT ( $, .RADIAN. ) );
#2181 =( LENGTH_UNIT ( ) NAMED_UNIT ( * ) SI_UNIT ( .MILLI., .METRE. ) );
#2182 = FACE_BOUND ( 'NONE', #5969, .T. ) ;
#2183 = ADVANCED_FACE ( 'NONE', ( #4337 ), #2101, .F. ) ;
#2184 = VECTOR ( 'NONE', #6901, 1000.000000000000000 ) ;
#2185 = VECTOR ( 'NONE', #821, 1000.000000000000000 ) ;
#2186 = PLANE ( 'NONE',  #5455 ) ;
#2187 = CARTESIAN_POINT ( 'NONE',  ( 1.340000000000000080, 4.826793837766004458, 3.887323802683370744 ) ) ;
#2188 = CARTESIAN_POINT ( 'NONE',  ( -1.280492736483534566, 0.5500754429267872281, 0.000000000000000000 ) ) ;
#2189 = DIRECTION ( 'NONE',  ( -0.000000000000000000, -0.000000000000000000, -1.000000000000000000 ) ) ;
#2190 = VECTOR ( 'NONE', #1527, 1000.000000000000000 ) ;
#2191 = DIRECTION ( 'NONE',  ( -0.000000000000000000, -1.000000000000000000, -0.000000000000000000 ) ) ;
#2192 = SURFACE_STYLE_FILL_AREA ( #7675 ) ;
#2193 = ORIENTED_EDGE ( 'NONE', *, *, #2104, .T. ) ;
#2194 = SURFACE_STYLE_FILL_AREA ( #5062 ) ;
#2195 = EDGE_CURVE ( 'NONE', #7106, #7605, #5701, .T. ) ;
#2196 = STYLED_ITEM ( 'NONE', ( #1592 ), #5869 ) ;
#2197 = VECTOR ( 'NONE', #4397, 1000.000000000000000 ) ;
#2198 = CARTESIAN_POINT ( 'NONE',  ( 0.000000000000000000, -1.143254048349641838, 0.1499999999999999944 ) ) ;
#2199 = DIRECTION ( 'NONE',  ( 1.000000000000000000, 0.000000000000000000, 0.000000000000000000 ) ) ;
#2200 = CARTESIAN_POINT ( 'NONE',  ( 0.000000000000000000, 0.8197776927927701296, 0.1499999999999999944 ) ) ;
#2201 = CARTESIAN_POINT ( 'NONE',  ( 0.000000000000000000, 1.215912586094422654, 0.5000000000000000000 ) ) ;
#2202 = CARTESIAN_POINT ( 'NONE',  ( 4.141442242859602274, 0.1631021076784486823, 0.2999999999999999889 ) ) ;
#2203 = CIRCLE ( 'NONE', #628, 2.000000000000000000 ) ;
#2204 = ADVANCED_FACE ( 'NONE', ( #8415, #8317, #2182, #749, #2280, #1561, #4869, #3633, #7667, #3455, #5527, #708, #6386, #7583 ), #3585, .T. ) ;
#2205 = VECTOR ( 'NONE', #1408, 1000.000000000000000 ) ;
#2206 = LINE ( 'NONE', #5156, #1068 ) ;
#2207 = VECTOR ( 'NONE', #2147, 1000.000000000000000 ) ;
#2208 = COLOUR_RGB ( '',1.000000000000000000, 1.000000000000000000, 0.5019607843137254832 ) ;
#2209 =( NAMED_UNIT ( * ) SI_UNIT ( $, .STERADIAN. ) SOLID_ANGLE_UNIT ( ) );
#2210 = ORIENTED_EDGE ( 'NONE', *, *, #7112, .F. ) ;
#2211 = ORIENTED_EDGE ( 'NONE', *, *, #3880, .T. ) ;
#2212 = CARTESIAN_POINT ( 'NONE',  ( -2.938471846222877382, 0.2332654097976019636, 0.1499999999999999944 ) ) ;
#2213 = PRESENTATION_LAYER_ASSIGNMENT (  '', '', ( #2654 ) ) ;
#2214 = STYLED_ITEM ( 'NONE', ( #5745 ), #8132 ) ;
#2215 = EDGE_CURVE ( 'NONE', #2985, #870, #3076, .T. ) ;
#2216 = CARTESIAN_POINT ( 'NONE',  ( -1.920000000000000373, 4.827278989943721399, -2.000000000000000000 ) ) ;
#2217 = ORIENTED_EDGE ( 'NONE', *, *, #2712, .T. ) ;
#2218 = LINE ( 'NONE', #6500, #4164 ) ;
#2219 = EDGE_CURVE ( 'NONE', #775, #6672, #1810, .T. ) ;
#2220 = DIRECTION ( 'NONE',  ( 1.000000000000000000, 0.000000000000000000, -0.000000000000000000 ) ) ;
#2221 = STYLED_ITEM ( 'NONE', ( #5608 ), #6337 ) ;
#2222 = PLANE ( 'NONE',  #2388 ) ;
#2223 = EDGE_LOOP ( 'NONE', ( #25, #5262, #5072, #3613, #3091, #7917, #4861, #5938, #3616, #8439, #8163, #5132, #7410, #6684, #4776, #783 ) ) ;
#2224 = AXIS2_PLACEMENT_3D ( 'NONE', #4008, #7481, #2735 ) ;
#2225 = DIRECTION ( 'NONE',  ( 0.000000000000000000, 0.000000000000000000, -1.000000000000000000 ) ) ;
#2226 = ORIENTED_EDGE ( 'NONE', *, *, #1994, .T. ) ;
#2227 = VECTOR ( 'NONE', #1347, 1000.000000000000000 ) ;
#2228 = DIRECTION ( 'NONE',  ( -1.000000000000000000, 0.000000000000000000, 0.000000000000000000 ) ) ;
#2229 = VERTEX_POINT ( 'NONE', #8561 ) ;
#2230 = PRESENTATION_LAYER_ASSIGNMENT (  '', '', ( #3106 ) ) ;
#2231 = VECTOR ( 'NONE', #1887, 1000.000000000000000 ) ;
#2232 = CARTESIAN_POINT ( 'NONE',  ( 4.650921065566159918, 0.1761656672350274677, 0.2999999999999999889 ) ) ;
#2233 = DIRECTION ( 'NONE',  ( 0.000000000000000000, 0.000000000000000000, 1.000000000000000000 ) ) ;
#2234 = CARTESIAN_POINT ( 'NONE',  ( 1.140718772248132490E-16, -0.2185654625746331348, 0.1499999999999999944 ) ) ;
#2235 = UNCERTAINTY_MEASURE_WITH_UNIT (LENGTH_MEASURE( 1.000000000000000082E-05 ), #3814, 'distance_accuracy_value', 'NONE');
#2236 = FILL_AREA_STYLE ('',( #177 ) ) ;
#2237 = AXIS2_PLACEMENT_3D ( 'NONE', #7177, #7082, #7776 ) ;
#2238 = FACE_OUTER_BOUND ( 'NONE', #4641, .T. ) ;
#2239 =( NAMED_UNIT ( * ) SI_UNIT ( $, .STERADIAN. ) SOLID_ANGLE_UNIT ( ) );
#2240 = CARTESIAN_POINT ( 'NONE',  ( -2.938471846222877382, 0.2332654097976019636, 0.1499999999999999944 ) ) ;
#2241 = MANIFOLD_SOLID_BREP ( 'Boss-Extrude21', #851 ) ;
#2242 = CARTESIAN_POINT ( 'NONE',  ( 2.648125170278138540, -1.722655820111723246, -3.000000000000000000 ) ) ;
#2243 = LINE ( 'NONE', #7718, #3506 ) ;
#2244 = VECTOR ( 'NONE', #6729, 1000.000000000000000 ) ;
#2245 = FACE_OUTER_BOUND ( 'NONE', #8267, .T. ) ;
#2246 = SURFACE_STYLE_FILL_AREA ( #2333 ) ;
#2247 = VERTEX_POINT ( 'NONE', #2442 ) ;
#2248 = MECHANICAL_DESIGN_GEOMETRIC_PRESENTATION_REPRESENTATION (  '', ( #4015 ), #8675 ) ;
#2249 = VECTOR ( 'NONE', #7089, 1000.000000000000000 ) ;
#2250 = DIRECTION ( 'NONE',  ( 1.000000000000000000, 0.000000000000000000, -0.000000000000000000 ) ) ;
#2251 = CARTESIAN_POINT ( 'NONE',  ( -2.938471846222877382, 0.5500754429267870060, 0.1500000000000000222 ) ) ;
#2252 = SURFACE_SIDE_STYLE ('',( #242 ) ) ;
#2253 = CARTESIAN_POINT ( 'NONE',  ( -6.280000000000000249, 7.641130724221518733, 3.017654449115059201 ) ) ;
#2254 = CARTESIAN_POINT ( 'NONE',  ( 2.980000000000000870, 4.899999999999998579, 3.884080669685257448 ) ) ;
#2255 =( NAMED_UNIT ( * ) PLANE_ANGLE_UNIT ( ) SI_UNIT ( $, .RADIAN. ) );
#2256 = VECTOR ( 'NONE', #1981, 1000.000000000000000 ) ;
#2257 = DIRECTION ( 'NONE',  ( 1.000000000000000000, 0.000000000000000000, 0.000000000000000000 ) ) ;
#2258 = PLANE ( 'NONE',  #1162 ) ;
#2259 = ORIENTED_EDGE ( 'NONE', *, *, #8656, .T. ) ;
#2260 = ORIENTED_EDGE ( 'NONE', *, *, #6605, .F. ) ;
#2261 = VERTEX_POINT ( 'NONE', #4529 ) ;
#2262 =( NAMED_UNIT ( * ) PLANE_ANGLE_UNIT ( ) SI_UNIT ( $, .RADIAN. ) );
#2263 = VECTOR ( 'NONE', #6389, 1000.000000000000000 ) ;
#2264 = FACE_OUTER_BOUND ( 'NONE', #664, .T. ) ;
#2265 =( NAMED_UNIT ( * ) SI_UNIT ( $, .STERADIAN. ) SOLID_ANGLE_UNIT ( ) );
#2266 = UNCERTAINTY_MEASURE_WITH_UNIT (LENGTH_MEASURE( 1.000000000000000082E-05 ), #4195, 'distance_accuracy_value', 'NONE');
#2267 = EDGE_LOOP ( 'NONE', ( #825, #5360, #7984, #4588 ) ) ;
#2268 = DIRECTION ( 'NONE',  ( -1.000000000000000000, 0.000000000000000000, 0.000000000000000000 ) ) ;
#2269 = ADVANCED_FACE ( 'NONE', ( #1144 ), #8026, .T. ) ;
#2270 = PRESENTATION_STYLE_ASSIGNMENT (( #263 ) ) ;
#2271 = ORIENTED_EDGE ( 'NONE', *, *, #7100, .F. ) ;
#2272 = CARTESIAN_POINT ( 'NONE',  ( 3.880000000000000782, 4.899999999999998579, 3.884080669685257448 ) ) ;
#2273 = VECTOR ( 'NONE', #1196, 1000.000000000000000 ) ;
#2274 = EDGE_CURVE ( 'NONE', #3567, #2311, #3854, .T. ) ;
#2275 = EDGE_CURVE ( 'NONE', #1636, #551, #5284, .T. ) ;
#2276 = FILL_AREA_STYLE_COLOUR ( '', #4250 ) ;
#2277 = SURFACE_STYLE_USAGE ( .BOTH. , #2952 ) ;
#2278 = VERTEX_POINT ( 'NONE', #2402 ) ;
#2279 = DIRECTION ( 'NONE',  ( 1.000000000000000000, 2.211034786967315741E-16, -0.000000000000000000 ) ) ;
#2280 = FACE_BOUND ( 'NONE', #72, .T. ) ;
#2281 = CARTESIAN_POINT ( 'NONE',  ( 0.6913539421220922243, -1.499134892010379943E-16, 0.000000000000000000 ) ) ;
#2282 = PLANE ( 'NONE',  #3164 ) ;
#2283 = FACE_OUTER_BOUND ( 'NONE', #6428, .T. ) ;
#2284 = VECTOR ( 'NONE', #7522, 1000.000000000000000 ) ;
#2285 = VECTOR ( 'NONE', #8329, 1000.000000000000000 ) ;
#2286 = DIRECTION ( 'NONE',  ( -0.000000000000000000, -1.000000000000000000, -0.000000000000000000 ) ) ;
#2287 = CARTESIAN_POINT ( 'NONE',  ( 0.4400000000000001688, 7.641130724221518733, 3.017654449115059201 ) ) ;
#2288 = DIRECTION ( 'NONE',  ( 0.000000000000000000, -1.000000000000000000, 0.000000000000000000 ) ) ;
#2289 = EDGE_LOOP ( 'NONE', ( #4893, #5642, #6730, #7855 ) ) ;
#2290 = AXIS2_PLACEMENT_3D ( 'NONE', #6506, #8404, #1058 ) ;
#2291 = PRESENTATION_LAYER_ASSIGNMENT (  '', '', ( #6906 ) ) ;
#2292 = SURFACE_STYLE_USAGE ( .BOTH. , #1577 ) ;
#2293 = PLANE ( 'NONE',  #4607 ) ;
#2294 = FILL_AREA_STYLE ('',( #5713 ) ) ;
#2295 = DIRECTION ( 'NONE',  ( 1.000000000000000000, 0.000000000000000000, 0.000000000000000000 ) ) ;
#2296 = DIRECTION ( 'NONE',  ( 1.000000000000000000, 0.000000000000000000, -0.000000000000000000 ) ) ;
#2297 = FILL_AREA_STYLE ('',( #327 ) ) ;
#2298 = DIRECTION ( 'NONE',  ( 0.000000000000000000, -0.000000000000000000, 1.000000000000000000 ) ) ;
#2299 = DIRECTION ( 'NONE',  ( -1.000000000000000000, 0.000000000000000000, 0.000000000000000000 ) ) ;
#2300 =( NAMED_UNIT ( * ) PLANE_ANGLE_UNIT ( ) SI_UNIT ( $, .RADIAN. ) );
#2301 = ORIENTED_EDGE ( 'NONE', *, *, #1133, .T. ) ;
#2302 = ORIENTED_EDGE ( 'NONE', *, *, #1833, .T. ) ;
#2303 = DIRECTION ( 'NONE',  ( 1.000000000000000000, 0.000000000000000000, 0.000000000000000000 ) ) ;
#2304 = EDGE_CURVE ( 'NONE', #7570, #1184, #3989, .T. ) ;
#2305 = LINE ( 'NONE', #2936, #5941 ) ;
#2306 = VECTOR ( 'NONE', #105, 1000.000000000000000 ) ;
#2307 = ORIENTED_EDGE ( 'NONE', *, *, #7851, .F. ) ;
#2308 = DIRECTION ( 'NONE',  ( -1.000000000000000000, -0.000000000000000000, -0.000000000000000000 ) ) ;
#2309 = PLANE ( 'NONE',  #2049 ) ;
#2310 = CARTESIAN_POINT ( 'NONE',  ( -8.000000000000000000, 6.099999999999998757, -2.000000000000000000 ) ) ;
#2311 = VERTEX_POINT ( 'NONE', #7337 ) ;
#2312 = DIRECTION ( 'NONE',  ( 0.000000000000000000, 0.000000000000000000, 1.000000000000000000 ) ) ;
#2313 = VERTEX_POINT ( 'NONE', #2481 ) ;
#2314 = SURFACE_STYLE_USAGE ( .BOTH. , #1019 ) ;
#2315 = CARTESIAN_POINT ( 'NONE',  ( 1.340000000000000080, 4.826793837766004458, 3.059473063321505482 ) ) ;
#2316 = EDGE_CURVE ( 'NONE', #6270, #6812, #5237, .T. ) ;
#2317 = DIRECTION ( 'NONE',  ( -1.000000000000000000, 0.000000000000000000, 0.000000000000000000 ) ) ;
#2318 = ORIENTED_EDGE ( 'NONE', *, *, #3708, .F. ) ;
#2319 = AXIS2_PLACEMENT_3D ( 'NONE', #2008, #8046, #4678 ) ;
#2320 = EDGE_CURVE ( 'NONE', #3121, #3866, #6168, .T. ) ;
#2321 = LINE ( 'NONE', #5088, #3094 ) ;
#2322 = EDGE_CURVE ( 'NONE', #382, #1535, #8069, .T. ) ;
#2323 = DIRECTION ( 'NONE',  ( 0.000000000000000000, -0.000000000000000000, 1.000000000000000000 ) ) ;
#2324 = MECHANICAL_DESIGN_GEOMETRIC_PRESENTATION_REPRESENTATION (  '', ( #6205 ), #2763 ) ;
#2325 = ORIENTED_EDGE ( 'NONE', *, *, #4328, .F. ) ;
#2326 =( NAMED_UNIT ( * ) PLANE_ANGLE_UNIT ( ) SI_UNIT ( $, .RADIAN. ) );
#2327 = DIRECTION ( 'NONE',  ( 0.000000000000000000, 0.000000000000000000, 1.000000000000000000 ) ) ;
#2328 = EDGE_CURVE ( 'NONE', #8015, #604, #4701, .T. ) ;
#2329 = ADVANCED_FACE ( 'NONE', ( #2027 ), #7556, .T. ) ;
#2330 = CARTESIAN_POINT ( 'NONE',  ( -8.000000000000000000, -6.100000000000000533, -2.000000000000000000 ) ) ;
#2331 = LINE ( 'NONE', #233, #3222 ) ;
#2332 = FILL_AREA_STYLE ('',( #7193 ) ) ;
#2333 = FILL_AREA_STYLE ('',( #5660 ) ) ;
#2334 = VERTEX_POINT ( 'NONE', #682 ) ;
#2335 = UNCERTAINTY_MEASURE_WITH_UNIT (LENGTH_MEASURE( 1.000000000000000082E-05 ), #6489, 'distance_accuracy_value', 'NONE');
#2336 = DIRECTION ( 'NONE',  ( 0.000000000000000000, 0.000000000000000000, -1.000000000000000000 ) ) ;
#2337 = PRESENTATION_STYLE_ASSIGNMENT (( #2292 ) ) ;
#2338 = LINE ( 'NONE', #2393, #9 ) ;
#2339 = FACE_OUTER_BOUND ( 'NONE', #8390, .T. ) ;
#2340 = AXIS2_PLACEMENT_3D ( 'NONE', #2672, #2796, #8206 ) ;
#2341 = DIRECTION ( 'NONE',  ( -0.000000000000000000, -1.000000000000000000, -0.000000000000000000 ) ) ;
#2342 = CARTESIAN_POINT ( 'NONE',  ( -2.938471846222877826, 2.803082408881607535, 0.4000000000000000222 ) ) ;
#2343 = VECTOR ( 'NONE', #7220, 1000.000000000000000 ) ;
#2344 = PLANE ( 'NONE',  #762 ) ;
#2345 = PRESENTATION_STYLE_ASSIGNMENT (( #998 ) ) ;
#2346 = CARTESIAN_POINT ( 'NONE',  ( 3.043598800306982154E-17, 0.2332654097976015750, 0.1499999999999999944 ) ) ;
#2347 = ORIENTED_EDGE ( 'NONE', *, *, #7801, .T. ) ;
#2348 = EDGE_LOOP ( 'NONE', ( #2301, #5410, #3558, #1281 ) ) ;
#2349 =( GEOMETRIC_REPRESENTATION_CONTEXT ( 3 ) GLOBAL_UNCERTAINTY_ASSIGNED_CONTEXT ( ( #2625 ) ) GLOBAL_UNIT_ASSIGNED_CONTEXT ( ( #4403, #6453, #5680 ) ) REPRESENTATION_CONTEXT ( 'NONE', 'WORKASPACE' ) );
#2350 = SPHERICAL_SURFACE ( 'NONE', #484, 0.6499999999999995781 ) ;
#2351 = ORIENTED_EDGE ( 'NONE', *, *, #2494, .T. ) ;
#2352 = FACE_OUTER_BOUND ( 'NONE', #1586, .T. ) ;
#2353 = PLANE ( 'NONE',  #3220 ) ;
#2354 = LINE ( 'NONE', #3619, #8049 ) ;
#2355 = UNCERTAINTY_MEASURE_WITH_UNIT (LENGTH_MEASURE( 1.000000000000000082E-05 ), #6147, 'distance_accuracy_value', 'NONE');
#2356 = MECHANICAL_DESIGN_GEOMETRIC_PRESENTATION_REPRESENTATION (  '', ( #7787 ), #6242 ) ;
#2357 = LINE ( 'NONE', #4621, #4559 ) ;
#2358 = PRESENTATION_LAYER_ASSIGNMENT (  '', '', ( #6240 ) ) ;
#2359 = VERTEX_POINT ( 'NONE', #8785 ) ;
#2360 = PLANE ( 'NONE',  #4985 ) ;
#2361 = EDGE_CURVE ( 'NONE', #3453, #4320, #1405, .T. ) ;
#2362 = STYLED_ITEM ( 'NONE', ( #6567 ), #1073 ) ;
#2363 = LINE ( 'NONE', #2994, #704 ) ;
#2364 = ORIENTED_EDGE ( 'NONE', *, *, #4819, .F. ) ;
#2365 = UNCERTAINTY_MEASURE_WITH_UNIT (LENGTH_MEASURE( 1.000000000000000082E-05 ), #5818, 'distance_accuracy_value', 'NONE');
#2366 = CARTESIAN_POINT ( 'NONE',  ( 1.282828802210860042, -3.005484622322586841, -3.000000000000000000 ) ) ;
#2367 = VECTOR ( 'NONE', #274, 1000.000000000000000 ) ;
#2368 =( NAMED_UNIT ( * ) SI_UNIT ( $, .STERADIAN. ) SOLID_ANGLE_UNIT ( ) );
#2369 = CARTESIAN_POINT ( 'NONE',  ( -1.270000000000000684, 4.827278989943721399, -2.000000000000000000 ) ) ;
#2370 = COLOUR_RGB ( '',1.000000000000000000, 0.000000000000000000, 0.000000000000000000 ) ;
#2371 = ORIENTED_EDGE ( 'NONE', *, *, #8599, .F. ) ;
#2372 = CARTESIAN_POINT ( 'NONE',  ( 1.298978179107250108, 2.872085941517590628E-16, 0.5000000000000000000 ) ) ;
#2373 = MECHANICAL_DESIGN_GEOMETRIC_PRESENTATION_REPRESENTATION (  '', ( #6102 ), #2800 ) ;
#2374 = CARTESIAN_POINT ( 'NONE',  ( 0.000000000000000000, 0.000000000000000000, 0.000000000000000000 ) ) ;
#2375 = ORIENTED_EDGE ( 'NONE', *, *, #6676, .T. ) ;
#2376 = DIRECTION ( 'NONE',  ( 0.000000000000000000, 1.000000000000000000, -0.000000000000000000 ) ) ;
#2377 = VECTOR ( 'NONE', #4859, 1000.000000000000000 ) ;
#2378 = FILL_AREA_STYLE_COLOUR ( '', #2007 ) ;
#2379 = UNCERTAINTY_MEASURE_WITH_UNIT (LENGTH_MEASURE( 1.000000000000000082E-05 ), #5864, 'distance_accuracy_value', 'NONE');
#2380 = VECTOR ( 'NONE', #6623, 1000.000000000000000 ) ;
#2381 = CARTESIAN_POINT ( 'NONE',  ( -1.275591300402032724, 1.315449244559767639, 0.000000000000000000 ) ) ;
#2382 = SURFACE_SIDE_STYLE ('',( #3554 ) ) ;
#2383 = MECHANICAL_DESIGN_GEOMETRIC_PRESENTATION_REPRESENTATION (  '', ( #3106 ), #95 ) ;
#2384 = CARTESIAN_POINT ( 'NONE',  ( 3.436010026804369399, 0.1631021076784486823, 0.000000000000000000 ) ) ;
#2385 = CARTESIAN_POINT ( 'NONE',  ( -0.8909452591481796802, -5.367113435607375749, 0.5000000000000000000 ) ) ;
#2386 = CARTESIAN_POINT ( 'NONE',  ( -6.280000000000000249, 4.826793837766002682, 3.887323802683371188 ) ) ;
#2387 = ORIENTED_EDGE ( 'NONE', *, *, #5159, .T. ) ;
#2388 = AXIS2_PLACEMENT_3D ( 'NONE', #6202, #1338, #49 ) ;
#2389 = EDGE_CURVE ( 'NONE', #1674, #3440, #4130, .T. ) ;
#2390 = EDGE_CURVE ( 'NONE', #698, #5470, #3465, .T. ) ;
#2391 = STYLED_ITEM ( 'NONE', ( #8315 ), #8831 ) ;
#2392 = LINE ( 'NONE', #1796, #3132 ) ;
#2393 = CARTESIAN_POINT ( 'NONE',  ( 6.420000000000000817, 4.899999999999998579, 3.017654449115059201 ) ) ;
#2394 = CARTESIAN_POINT ( 'NONE',  ( 5.356353281621393236, -0.9081097759609791931, 0.000000000000000000 ) ) ;
#2395 = CARTESIAN_POINT ( 'NONE',  ( -1.480492736483534744, -0.2185654625746343560, 0.1499999999999999944 ) ) ;
#2396 =( NAMED_UNIT ( * ) PLANE_ANGLE_UNIT ( ) SI_UNIT ( $, .RADIAN. ) );
#2397 = DIRECTION ( 'NONE',  ( 1.000000000000000000, 0.000000000000000000, 0.000000000000000000 ) ) ;
#2398 = DIRECTION ( 'NONE',  ( -0.000000000000000000, -0.000000000000000000, -1.000000000000000000 ) ) ;
#2399 = ORIENTED_EDGE ( 'NONE', *, *, #6352, .T. ) ;
#2400 = VERTEX_POINT ( 'NONE', #8735 ) ;
#2401 = CARTESIAN_POINT ( 'NONE',  ( 0.000000000000000000, 0.000000000000000000, -2.000000000000000000 ) ) ;
#2402 = CARTESIAN_POINT ( 'NONE',  ( -2.099999999999999645, 4.899999999999998579, 3.884080669685257448 ) ) ;
#2403 = ORIENTED_EDGE ( 'NONE', *, *, #5847, .T. ) ;
#2404 =( NAMED_UNIT ( * ) SI_UNIT ( $, .STERADIAN. ) SOLID_ANGLE_UNIT ( ) );
#2405 = COLOUR_RGB ( '',1.000000000000000000, 1.000000000000000000, 1.000000000000000000 ) ;
#2406 = UNCERTAINTY_MEASURE_WITH_UNIT (LENGTH_MEASURE( 1.000000000000000082E-05 ), #6722, 'distance_accuracy_value', 'NONE');
#2407 = DIRECTION ( 'NONE',  ( -1.000000000000000000, 0.000000000000000000, 0.000000000000000000 ) ) ;
#2408 = EDGE_LOOP ( 'NONE', ( #2302, #419, #4998, #5213 ) ) ;
#2409 = PLANE ( 'NONE',  #6756 ) ;
#2410 = ORIENTED_EDGE ( 'NONE', *, *, #5479, .T. ) ;
#2411 =( NAMED_UNIT ( * ) SI_UNIT ( $, .STERADIAN. ) SOLID_ANGLE_UNIT ( ) );
#2412 =( NAMED_UNIT ( * ) PLANE_ANGLE_UNIT ( ) SI_UNIT ( $, .RADIAN. ) );
#2413 = COLOUR_RGB ( '',1.000000000000000000, 1.000000000000000000, 1.000000000000000000 ) ;
#2414 = DIRECTION ( 'NONE',  ( 0.000000000000000000, 0.000000000000000000, -1.000000000000000000 ) ) ;
#2415 = ORIENTED_EDGE ( 'NONE', *, *, #7223, .F. ) ;
#2416 = SURFACE_SIDE_STYLE ('',( #1566 ) ) ;
#2417 = PRESENTATION_LAYER_ASSIGNMENT (  '', '', ( #5025 ) ) ;
#2418 = CARTESIAN_POINT ( 'NONE',  ( 0.000000000000000000, -4.385197194226567952, 0.000000000000000000 ) ) ;
#2419 = ORIENTED_EDGE ( 'NONE', *, *, #6287, .F. ) ;
#2420 = CARTESIAN_POINT ( 'NONE',  ( -3.146208542697765065, 0.2332654097976019913, 0.000000000000000000 ) ) ;
#2421 = CARTESIAN_POINT ( 'NONE',  ( -2.938471846222877826, 1.315449244559767195, 0.1500000000000000222 ) ) ;
#2422 = FACE_OUTER_BOUND ( 'NONE', #7234, .T. ) ;
#2423 = VECTOR ( 'NONE', #150, 1000.000000000000000 ) ;
#2424 = ORIENTED_EDGE ( 'NONE', *, *, #8715, .F. ) ;
#2425 = LINE ( 'NONE', #7885, #4915 ) ;
#2426 = CARTESIAN_POINT ( 'NONE',  ( 8.000000000000000000, 6.099999999999998757, 0.000000000000000000 ) ) ;
#2427 = DIRECTION ( 'NONE',  ( 1.000000000000000000, 0.000000000000000000, 0.000000000000000000 ) ) ;
#2428 =( LENGTH_UNIT ( ) NAMED_UNIT ( * ) SI_UNIT ( .MILLI., .METRE. ) );
#2429 = VECTOR ( 'NONE', #2427, 1000.000000000000000 ) ;
#2430 = DIRECTION ( 'NONE',  ( 0.000000000000000000, 0.000000000000000000, 1.000000000000000000 ) ) ;
#2431 = EDGE_CURVE ( 'NONE', #817, #4664, #8202, .T. ) ;
#2432 = SPHERICAL_SURFACE ( 'NONE', #4989, 0.6499999999999995781 ) ;
#2433 = ADVANCED_FACE ( 'NONE', ( #2068 ), #721, .F. ) ;
#2434 = DIRECTION ( 'NONE',  ( 0.000000000000000000, 1.000000000000000000, 0.000000000000000000 ) ) ;
#2435 = ADVANCED_FACE ( 'NONE', ( #4390 ), #3648, .F. ) ;
#2436 = ADVANCED_FACE ( 'NONE', ( #6355 ), #2836, .T. ) ;
#2437 = DIRECTION ( 'NONE',  ( -0.000000000000000000, -0.000000000000000000, -1.000000000000000000 ) ) ;
#2438 = EDGE_CURVE ( 'NONE', #6840, #8734, #852, .T. ) ;
#2439 = SURFACE_STYLE_FILL_AREA ( #7125 ) ;
#2440 = VERTEX_POINT ( 'NONE', #5579 ) ;
#2441 = ORIENTED_EDGE ( 'NONE', *, *, #4714, .F. ) ;
#2442 = CARTESIAN_POINT ( 'NONE',  ( 5.520000000000001350, 4.899999999999998579, 3.884080669685257448 ) ) ;
#2443 = ORIENTED_EDGE ( 'NONE', *, *, #6211, .T. ) ;
#2444 = CARTESIAN_POINT ( 'NONE',  ( -1.480492736483534966, 1.768548375075876589, 0.1500000000000000222 ) ) ;
#2445 = FILL_AREA_STYLE_COLOUR ( '', #8351 ) ;
#2446 = VECTOR ( 'NONE', #8796, 1000.000000000000000 ) ;
#2447 = EDGE_CURVE ( 'NONE', #1854, #1838, #2918, .T. ) ;
#2448 = LINE ( 'NONE', #5689, #2528 ) ;
#2449 = EDGE_CURVE ( 'NONE', #8082, #2311, #4974, .T. ) ;
#2450 = ORIENTED_EDGE ( 'NONE', *, *, #7909, .T. ) ;
#2451 = PRESENTATION_STYLE_ASSIGNMENT (( #4460 ) ) ;
#2452 = ORIENTED_EDGE ( 'NONE', *, *, #1881, .T. ) ;
#2453 = DIRECTION ( 'NONE',  ( 0.000000000000000000, 1.000000000000000000, 0.000000000000000000 ) ) ;
#2454 = CARTESIAN_POINT ( 'NONE',  ( 0.7040164599795359912, -4.385197194226567952, 0.000000000000000000 ) ) ;
#2455 = ORIENTED_EDGE ( 'NONE', *, *, #2967, .T. ) ;
#2456 = LINE ( 'NONE', #7914, #3137 ) ;
#2457 = CARTESIAN_POINT ( 'NONE',  ( -1.199999999999999734, 4.826793837766005346, 3.059473063321504593 ) ) ;
#2458 = CARTESIAN_POINT ( 'NONE',  ( 7.518932503990860106, -5.267066187369637831, -2.100000000000000089 ) ) ;
#2459 = EDGE_LOOP ( 'NONE', ( #6499, #3308, #7709, #653 ) ) ;
#2460 = ORIENTED_EDGE ( 'NONE', *, *, #6055, .T. ) ;
#2461 = CYLINDRICAL_SURFACE ( 'NONE', #8210, 2.800000000000000266 ) ;
#2462 =( LENGTH_UNIT ( ) NAMED_UNIT ( * ) SI_UNIT ( .MILLI., .METRE. ) );
#2463 = CARTESIAN_POINT ( 'NONE',  ( -2.099999999999999645, 7.641130724221518733, 3.017654449115059201 ) ) ;
#2464 = AXIS2_PLACEMENT_3D ( 'NONE', #312, #2414, #2498 ) ;
#2465 = SURFACE_STYLE_USAGE ( .BOTH. , #5222 ) ;
#2466 = SURFACE_STYLE_FILL_AREA ( #6616 ) ;
#2467 = LINE ( 'NONE', #5273, #562 ) ;
#2468 = EDGE_LOOP ( 'NONE', ( #771, #5832, #1493, #8661 ) ) ;
#2469 = ADVANCED_FACE ( 'NONE', ( #8427 ), #8381, .T. ) ;
#2470 = FACE_OUTER_BOUND ( 'NONE', #2468, .T. ) ;
#2471 = CARTESIAN_POINT ( 'NONE',  ( 6.420000000000000817, 7.641130724221518733, 3.017654449115059201 ) ) ;
#2472 = DIRECTION ( 'NONE',  ( -1.000000000000000000, 0.000000000000000000, 0.000000000000000000 ) ) ;
#2473 = PLANE ( 'NONE',  #1930 ) ;
#2474 = FILL_AREA_STYLE_COLOUR ( '', #1094 ) ;
#2475 = SURFACE_STYLE_USAGE ( .BOTH. , #535 ) ;
#2476 = VERTEX_POINT ( 'NONE', #6307 ) ;
#2477 =( NAMED_UNIT ( * ) SI_UNIT ( $, .STERADIAN. ) SOLID_ANGLE_UNIT ( ) );
#2478 = ORIENTED_EDGE ( 'NONE', *, *, #228, .F. ) ;
#2479 = EDGE_LOOP ( 'NONE', ( #4748, #5295, #2066, #4032, #3056, #861, #4181 ) ) ;
#2480 =( GEOMETRIC_REPRESENTATION_CONTEXT ( 3 ) GLOBAL_UNCERTAINTY_ASSIGNED_CONTEXT ( ( #1273 ) ) GLOBAL_UNIT_ASSIGNED_CONTEXT ( ( #6586, #5934, #7292 ) ) REPRESENTATION_CONTEXT ( 'NONE', 'WORKASPACE' ) );
#2481 = CARTESIAN_POINT ( 'NONE',  ( -1.068326999829344315, -3.005484622322586841, -2.000000000000000000 ) ) ;
#2482 = CARTESIAN_POINT ( 'NONE',  ( 0.000000000000000000, 0.000000000000000000, 0.1499999999999999944 ) ) ;
#2483 = ORIENTED_EDGE ( 'NONE', *, *, #6954, .F. ) ;
#2484 = VECTOR ( 'NONE', #1376, 1000.000000000000000 ) ;
#2485 = SURFACE_STYLE_USAGE ( .BOTH. , #1233 ) ;
#2486 = PRESENTATION_STYLE_ASSIGNMENT (( #3995 ) ) ;
#2487 = ADVANCED_FACE ( 'NONE', ( #5019 ), #7113, .F. ) ;
#2488 = CARTESIAN_POINT ( 'NONE',  ( 2.163148036665242469, 0.8197776927927701296, 0.1499999999999999944 ) ) ;
#2489 = EDGE_LOOP ( 'NONE', ( #6824, #7490, #8581, #4401 ) ) ;
#2490 = VECTOR ( 'NONE', #6868, 1000.000000000000000 ) ;
#2491 = LINE ( 'NONE', #5953, #8296 ) ;
#2492 = VERTEX_POINT ( 'NONE', #8550 ) ;
#2493 = SURFACE_STYLE_FILL_AREA ( #5912 ) ;
#2494 = EDGE_CURVE ( 'NONE', #1615, #3699, #447, .T. ) ;
#2495 = PLANE ( 'NONE',  #7184 ) ;
#2496 = COLOUR_RGB ( '',0.7960784313725489669, 0.8235294117647058432, 0.9372549019607843146 ) ;
#2497 = ADVANCED_FACE ( 'NONE', ( #2470 ), #6485, .F. ) ;
#2498 = DIRECTION ( 'NONE',  ( -1.000000000000000000, 0.000000000000000000, 0.000000000000000000 ) ) ;
#2499 = ORIENTED_EDGE ( 'NONE', *, *, #1096, .T. ) ;
#2500 = CARTESIAN_POINT ( 'NONE',  ( -5.949819853805799141, 0.2692500179271393179, 0.4000000000000000222 ) ) ;
#2501 = STYLED_ITEM ( 'NONE', ( #6594 ), #5846 ) ;
#2502 = PRESENTATION_LAYER_ASSIGNMENT (  '', '', ( #211 ) ) ;
#2503 = EDGE_CURVE ( 'NONE', #3684, #2508, #8683, .T. ) ;
#2504 = COLOUR_RGB ( '',0.7529411764705882248, 0.000000000000000000, 0.7529411764705882248 ) ;
#2505 = AXIS2_PLACEMENT_3D ( 'NONE', #5485, #1307, #2022 ) ;
#2506 = DIRECTION ( 'NONE',  ( 1.267143614600721018E-16, -1.000000000000000000, 0.000000000000000000 ) ) ;
#2507 = ORIENTED_EDGE ( 'NONE', *, *, #891, .T. ) ;
#2508 = VERTEX_POINT ( 'NONE', #1039 ) ;
#2509 = DIRECTION ( 'NONE',  ( 0.000000000000000000, 0.000000000000000000, 1.000000000000000000 ) ) ;
#2510 = CARTESIAN_POINT ( 'NONE',  ( 5.520000000000001350, 3.999999999999999112, 2.000000000000000000 ) ) ;
#2511 = PRESENTATION_LAYER_ASSIGNMENT (  '', '', ( #6395 ) ) ;
#2512 =( GEOMETRIC_REPRESENTATION_CONTEXT ( 3 ) GLOBAL_UNCERTAINTY_ASSIGNED_CONTEXT ( ( #2266 ) ) GLOBAL_UNIT_ASSIGNED_CONTEXT ( ( #4195, #1388, #3414 ) ) REPRESENTATION_CONTEXT ( 'NONE', 'WORKASPACE' ) );
#2513 = VECTOR ( 'NONE', #642, 1000.000000000000000 ) ;
#2514 = CARTESIAN_POINT ( 'NONE',  ( 2.648125170278138540, -1.722655820111723246, -3.000000000000000000 ) ) ;
#2515 = DIRECTION ( 'NONE',  ( -0.000000000000000000, -0.000000000000000000, -1.000000000000000000 ) ) ;
#2516 =( NAMED_UNIT ( * ) PLANE_ANGLE_UNIT ( ) SI_UNIT ( $, .RADIAN. ) );
#2518 = PLANE ( 'NONE',  #1620 ) ;
#2517 = VECTOR ( 'NONE', #2003, 1000.000000000000000 ) ;
#2519 = ORIENTED_EDGE ( 'NONE', *, *, #2821, .F. ) ;
#2520 = VECTOR ( 'NONE', #5534, 1000.000000000000000 ) ;
#2521 = DIRECTION ( 'NONE',  ( 0.000000000000000000, -0.000000000000000000, -1.000000000000000000 ) ) ;
#2522 = SURFACE_SIDE_STYLE ('',( #3150 ) ) ;
#2523 = CARTESIAN_POINT ( 'NONE',  ( 0.000000000000000000, 2.544545736534499891, 0.1499999999999999944 ) ) ;
#2524 = STYLED_ITEM ( 'NONE', ( #3874 ), #8000 ) ;
#2525 = LINE ( 'NONE', #1843, #6681 ) ;
#2526 = SURFACE_STYLE_USAGE ( .BOTH. , #1092 ) ;
#2527 = SURFACE_STYLE_USAGE ( .BOTH. , #7291 ) ;
#2528 = VECTOR ( 'NONE', #4535, 1000.000000000000000 ) ;
#2529 = EDGE_LOOP ( 'NONE', ( #2621, #4799, #4863, #6782 ) ) ;
#2530 =( LENGTH_UNIT ( ) NAMED_UNIT ( * ) SI_UNIT ( .MILLI., .METRE. ) );
#2531 = ORIENTED_EDGE ( 'NONE', *, *, #7278, .F. ) ;
#2532 = ORIENTED_EDGE ( 'NONE', *, *, #2156, .F. ) ;
#2533 = VECTOR ( 'NONE', #8, 1000.000000000000000 ) ;
#2534 = MECHANICAL_DESIGN_GEOMETRIC_PRESENTATION_REPRESENTATION (  '', ( #6997 ), #951 ) ;
#2535 = CARTESIAN_POINT ( 'NONE',  ( -5.390576079945590848, -1.143254048349641838, 0.000000000000000000 ) ) ;
#2536 = ORIENTED_EDGE ( 'NONE', *, *, #7080, .T. ) ;
#2537 =( NAMED_UNIT ( * ) SI_UNIT ( $, .STERADIAN. ) SOLID_ANGLE_UNIT ( ) );
#2538 = LINE ( 'NONE', #3941, #6384 ) ;
#2539 =( NAMED_UNIT ( * ) SI_UNIT ( $, .STERADIAN. ) SOLID_ANGLE_UNIT ( ) );
#2540 = FILL_AREA_STYLE ('',( #5950 ) ) ;
#2541 = ORIENTED_EDGE ( 'NONE', *, *, #3831, .T. ) ;
#2542 = AXIS2_PLACEMENT_3D ( 'NONE', #3889, #3420, #7500 ) ;
#2543 = DIRECTION ( 'NONE',  ( -0.000000000000000000, 0.000000000000000000, -1.000000000000000000 ) ) ;
#2544 = ORIENTED_EDGE ( 'NONE', *, *, #7911, .F. ) ;
#2545 = FACE_OUTER_BOUND ( 'NONE', #2004, .T. ) ;
#2546 = DIRECTION ( 'NONE',  ( -1.000000000000000000, 0.000000000000000000, 0.000000000000000000 ) ) ;
#2547 = ORIENTED_EDGE ( 'NONE', *, *, #8622, .T. ) ;
#2548 = COLOUR_RGB ( '',0.2509803921568627416, 0.2509803921568627416, 0.2509803921568627416 ) ;
#2549 = DIRECTION ( 'NONE',  ( -0.000000000000000000, -1.000000000000000000, -0.000000000000000000 ) ) ;
#2550 = SURFACE_SIDE_STYLE ('',( #1908 ) ) ;
#2551 = CARTESIAN_POINT ( 'NONE',  ( 1.041353942122092091, -0.8913831919116188551, 0.1499999999999999944 ) ) ;
#2552 = ADVANCED_FACE ( 'NONE', ( #1840 ), #7886, .F. ) ;
#2553 = EDGE_CURVE ( 'NONE', #567, #3050, #7928, .T. ) ;
#2554 = FILL_AREA_STYLE ('',( #8667 ) ) ;
#2555 = EDGE_CURVE ( 'NONE', #2769, #4546, #375, .T. ) ;
#2556 = EDGE_CURVE ( 'NONE', #7090, #7563, #5710, .T. ) ;
#2557 = ORIENTED_EDGE ( 'NONE', *, *, #8537, .T. ) ;
#2558 = ORIENTED_EDGE ( 'NONE', *, *, #409, .T. ) ;
#2559 =( LENGTH_UNIT ( ) NAMED_UNIT ( * ) SI_UNIT ( .MILLI., .METRE. ) );
#2560 = VECTOR ( 'NONE', #3238, 1000.000000000000000 ) ;
#2561 = PRESENTATION_STYLE_ASSIGNMENT (( #3105 ) ) ;
#2562 = SURFACE_STYLE_FILL_AREA ( #5974 ) ;
#2563 = CARTESIAN_POINT ( 'NONE',  ( 3.436010026804369399, -0.9211733355175579785, 0.2999999999999999889 ) ) ;
#2564 = ORIENTED_EDGE ( 'NONE', *, *, #726, .T. ) ;
#2565 = ORIENTED_EDGE ( 'NONE', *, *, #2322, .F. ) ;
#2566 = COLOUR_RGB ( '',1.000000000000000000, 1.000000000000000000, 0.5019607843137254832 ) ;
#2567 = PLANE ( 'NONE',  #3295 ) ;
#2568 = SURFACE_STYLE_FILL_AREA ( #7328 ) ;
#2569 = DIRECTION ( 'NONE',  ( 2.168404344971008128E-16, 1.000000000000000000, 0.000000000000000000 ) ) ;
#2570 = SURFACE_STYLE_FILL_AREA ( #4518 ) ;
#2571 = AXIS2_PLACEMENT_3D ( 'NONE', #3512, #6308, #4210 ) ;
#2572 = DIRECTION ( 'NONE',  ( -9.571434588722602042E-16, 1.000000000000000000, 0.000000000000000000 ) ) ;
#2573 = ORIENTED_EDGE ( 'NONE', *, *, #3367, .F. ) ;
#2574 = ORIENTED_EDGE ( 'NONE', *, *, #1173, .T. ) ;
#2575 = VERTEX_POINT ( 'NONE', #1132 ) ;
#2576 = VECTOR ( 'NONE', #2882, 1000.000000000000000 ) ;
#2577 =( NAMED_UNIT ( * ) PLANE_ANGLE_UNIT ( ) SI_UNIT ( $, .RADIAN. ) );
#2578 =( LENGTH_UNIT ( ) NAMED_UNIT ( * ) SI_UNIT ( .MILLI., .METRE. ) );
#2579 = VERTEX_POINT ( 'NONE', #324 ) ;
#2580 = CARTESIAN_POINT ( 'NONE',  ( 8.146550250739759136, 4.336808689942017736E-16, 0.000000000000000000 ) ) ;
#2581 =( LENGTH_UNIT ( ) NAMED_UNIT ( * ) SI_UNIT ( .MILLI., .METRE. ) );
#2582 = CARTESIAN_POINT ( 'NONE',  ( -5.285226492385886488, 0.6740263370552496136, 0.1499999999999999944 ) ) ;
#2583 = CARTESIAN_POINT ( 'NONE',  ( -1.485906978275892021, -3.281386957593472341E-16, 0.5000000000000000000 ) ) ;
#2584 = STYLED_ITEM ( 'NONE', ( #1837 ), #4215 ) ;
#2585 = VERTEX_POINT ( 'NONE', #5849 ) ;
#2586 = MECHANICAL_DESIGN_GEOMETRIC_PRESENTATION_REPRESENTATION (  '', ( #8711 ), #5444 ) ;
#2587 = PRESENTATION_LAYER_ASSIGNMENT (  '', '', ( #6469 ) ) ;
#2588 = SURFACE_STYLE_FILL_AREA ( #4041 ) ;
#2589 = ORIENTED_EDGE ( 'NONE', *, *, #8041, .F. ) ;
#2590 = VERTEX_POINT ( 'NONE', #8018 ) ;
#2591 = EDGE_CURVE ( 'NONE', #1903, #7644, #1541, .T. ) ;
#2592 = FACE_OUTER_BOUND ( 'NONE', #5798, .T. ) ;
#2593 = STYLED_ITEM ( 'NONE', ( #4982 ), #4550 ) ;
#2594 = VECTOR ( 'NONE', #360, 1000.000000000000000 ) ;
#2595 = ORIENTED_EDGE ( 'NONE', *, *, #8394, .T. ) ;
#2596 = DIRECTION ( 'NONE',  ( 1.000000000000000000, 0.000000000000000000, 0.000000000000000000 ) ) ;
#2597 = DIRECTION ( 'NONE',  ( 1.000000000000000000, 0.000000000000000000, 0.000000000000000000 ) ) ;
#2598 = LINE ( 'NONE', #3181, #4237 ) ;
#2599 = ORIENTED_EDGE ( 'NONE', *, *, #2438, .F. ) ;
#2600 = EDGE_CURVE ( 'NONE', #1854, #5376, #8511, .T. ) ;
#2601 = EDGE_LOOP ( 'NONE', ( #4312, #8642, #4411, #2676 ) ) ;
#2602 = LINE ( 'NONE', #4099, #7064 ) ;
#2603 = ORIENTED_EDGE ( 'NONE', *, *, #7634, .F. ) ;
#2604 = EDGE_CURVE ( 'NONE', #2247, #255, #2392, .T. ) ;
#2605 = VECTOR ( 'NONE', #2677, 1000.000000000000000 ) ;
#2606 = UNCERTAINTY_MEASURE_WITH_UNIT (LENGTH_MEASURE( 1.000000000000000082E-05 ), #3628, 'distance_accuracy_value', 'NONE');
#2607 = EDGE_CURVE ( 'NONE', #6201, #7209, #5227, .T. ) ;
#2608 = SURFACE_SIDE_STYLE ('',( #6701 ) ) ;
#2609 = COLOUR_RGB ( '',1.000000000000000000, 1.000000000000000000, 1.000000000000000000 ) ;
#2610 = FILL_AREA_STYLE ('',( #1169 ) ) ;
#2611 = LINE ( 'NONE', #5349, #4832 ) ;
#2612 = ORIENTED_EDGE ( 'NONE', *, *, #2051, .T. ) ;
#2613 = EDGE_CURVE ( 'NONE', #7980, #1854, #5149, .T. ) ;
#2614 = PRESENTATION_STYLE_ASSIGNMENT (( #710 ) ) ;
#2615 = ADVANCED_FACE ( 'NONE', ( #1087 ), #7237, .T. ) ;
#2616 = FILL_AREA_STYLE ('',( #7451 ) ) ;
#2617 = EDGE_CURVE ( 'NONE', #5002, #7370, #7578, .T. ) ;
#2618 = DIRECTION ( 'NONE',  ( 1.000000000000000000, -0.000000000000000000, -0.000000000000000000 ) ) ;
#2619 = CARTESIAN_POINT ( 'NONE',  ( 3.880000000000000782, 7.641130724221518733, 3.017654449115059201 ) ) ;
#2620 = DIRECTION ( 'NONE',  ( -1.267143614600721018E-16, 1.000000000000000000, 0.000000000000000000 ) ) ;
#2621 = ORIENTED_EDGE ( 'NONE', *, *, #6792, .T. ) ;
#2622 = CARTESIAN_POINT ( 'NONE',  ( 1.041353942122092535, -4.516152825500466093E-16, 0.1499999999999999944 ) ) ;
#2623 = ORIENTED_EDGE ( 'NONE', *, *, #5461, .T. ) ;
#2624 = SURFACE_SIDE_STYLE ('',( #4791 ) ) ;
#2625 = UNCERTAINTY_MEASURE_WITH_UNIT (LENGTH_MEASURE( 1.000000000000000082E-05 ), #4403, 'distance_accuracy_value', 'NONE');
#2626 = DIRECTION ( 'NONE',  ( 1.000000000000000000, 0.000000000000000000, 0.000000000000000000 ) ) ;
#2627 = ORIENTED_EDGE ( 'NONE', *, *, #3425, .F. ) ;
#2628 = FACE_OUTER_BOUND ( 'NONE', #4733, .T. ) ;
#2629 = LINE ( 'NONE', #5449, #2205 ) ;
#2630 = PLANE ( 'NONE',  #3405 ) ;
#2631 = EDGE_LOOP ( 'NONE', ( #5073, #732, #2036, #7610, #1548, #2627, #1941, #7172 ) ) ;
#2632 = VERTEX_POINT ( 'NONE', #4828 ) ;
#2633 = EDGE_LOOP ( 'NONE', ( #1099, #6505, #1468, #4853 ) ) ;
#2634 = FILL_AREA_STYLE_COLOUR ( '', #705 ) ;
#2635 = VERTEX_POINT ( 'NONE', #8057 ) ;
#2636 = FACE_OUTER_BOUND ( 'NONE', #5344, .T. ) ;
#2637 = ADVANCED_FACE ( 'NONE', ( #5480 ), #8726, .T. ) ;
#2638 = PRESENTATION_LAYER_ASSIGNMENT (  '', '', ( #5099 ) ) ;
#2639 = LINE ( 'NONE', #8091, #5126 ) ;
#2640 = ORIENTED_EDGE ( 'NONE', *, *, #3430, .F. ) ;
#2641 = AXIS2_PLACEMENT_3D ( 'NONE', #248, #1670, #6538 ) ;
#2642 = FACE_OUTER_BOUND ( 'NONE', #430, .T. ) ;
#2643 = STYLED_ITEM ( 'NONE', ( #5606 ), #1025 ) ;
#2644 = CARTESIAN_POINT ( 'NONE',  ( -3.143373282304380734, 2.544545736534499003, 0.000000000000000000 ) ) ;
#2645 = MECHANICAL_DESIGN_GEOMETRIC_PRESENTATION_REPRESENTATION (  '', ( #919 ), #5236 ) ;
#2646 = VERTEX_POINT ( 'NONE', #3285 ) ;
#2647 = COLOUR_RGB ( '',0.000000000000000000, 0.000000000000000000, 0.000000000000000000 ) ;
#2648 = DIRECTION ( 'NONE',  ( -0.000000000000000000, 0.000000000000000000, -1.000000000000000000 ) ) ;
#2649 = VECTOR ( 'NONE', #1188, 1000.000000000000000 ) ;
#2650 =( GEOMETRIC_REPRESENTATION_CONTEXT ( 3 ) GLOBAL_UNCERTAINTY_ASSIGNED_CONTEXT ( ( #7375 ) ) GLOBAL_UNIT_ASSIGNED_CONTEXT ( ( #5058, #7025, #6397 ) ) REPRESENTATION_CONTEXT ( 'NONE', 'WORKASPACE' ) );
#2651 = DIRECTION ( 'NONE',  ( 0.000000000000000000, -1.000000000000000000, 0.000000000000000000 ) ) ;
#2652 = SURFACE_SIDE_STYLE ('',( #1508 ) ) ;
#2653 = EDGE_LOOP ( 'NONE', ( #1232, #5075, #4497, #4356 ) ) ;
#2654 = STYLED_ITEM ( 'NONE', ( #1643 ), #1379 ) ;
#2655 = STYLED_ITEM ( 'NONE', ( #8042 ), #8228 ) ;
#2656 = FILL_AREA_STYLE ('',( #2016 ) ) ;
#2657 = AXIS2_PLACEMENT_3D ( 'NONE', #7765, #1749, #2295 ) ;
#2658 = CARTESIAN_POINT ( 'NONE',  ( 1.340000000000000080, 4.826793837766004458, 3.059473063321505482 ) ) ;
#2659 = VECTOR ( 'NONE', #4495, 1000.000000000000000 ) ;
#2660 =( NAMED_UNIT ( * ) SI_UNIT ( $, .STERADIAN. ) SOLID_ANGLE_UNIT ( ) );
#2661 = ADVANCED_FACE ( 'NONE', ( #4690 ), #3373, .T. ) ;
#2662 = EDGE_CURVE ( 'NONE', #7609, #4230, #5530, .T. ) ;
#2663 = CARTESIAN_POINT ( 'NONE',  ( 5.520000000000001350, 3.999999999999999112, 3.017654449115060089 ) ) ;
#2664 = EDGE_LOOP ( 'NONE', ( #5419, #874, #1771, #6330 ) ) ;
#2665 = EDGE_CURVE ( 'NONE', #7387, #1989, #3458, .T. ) ;
#2666 = VECTOR ( 'NONE', #6870, 1000.000000000000000 ) ;
#2667 = EDGE_CURVE ( 'NONE', #2162, #6949, #1882, .T. ) ;
#2668 = DIRECTION ( 'NONE',  ( 0.000000000000000000, -0.000000000000000000, 1.000000000000000000 ) ) ;
#2669 = COLOUR_RGB ( '',1.000000000000000000, 1.000000000000000000, 1.000000000000000000 ) ;
#2670 =( NAMED_UNIT ( * ) PLANE_ANGLE_UNIT ( ) SI_UNIT ( $, .RADIAN. ) );
#2671 = ORIENTED_EDGE ( 'NONE', *, *, #2104, .F. ) ;
#2672 = CARTESIAN_POINT ( 'NONE',  ( 0.000000000000000000, 0.000000000000000000, 0.5000000000000000000 ) ) ;
#2673 = PLANE ( 'NONE',  #1208 ) ;
#2674 = SURFACE_STYLE_FILL_AREA ( #2073 ) ;
#2675 = VECTOR ( 'NONE', #3053, 1000.000000000000000 ) ;
#2676 = ORIENTED_EDGE ( 'NONE', *, *, #3024, .T. ) ;
#2677 = DIRECTION ( 'NONE',  ( -0.000000000000000000, -0.000000000000000000, -1.000000000000000000 ) ) ;
#2678 = SURFACE_STYLE_USAGE ( .BOTH. , #7303 ) ;
#2679 = ORIENTED_EDGE ( 'NONE', *, *, #7801, .F. ) ;
#2680 = VERTEX_POINT ( 'NONE', #575 ) ;
#2681 = PRESENTATION_LAYER_ASSIGNMENT (  '', '', ( #8384 ) ) ;
#2682 = FACE_OUTER_BOUND ( 'NONE', #7011, .T. ) ;
#2683 = VERTEX_POINT ( 'NONE', #1974 ) ;
#2684 = CIRCLE ( 'NONE', #389, 0.8278507393618644850 ) ;
#2685 = CARTESIAN_POINT ( 'NONE',  ( 0.000000000000000000, 0.6740263370552496136, 0.1499999999999999944 ) ) ;
#2686 = DIRECTION ( 'NONE',  ( -1.000000000000000000, 0.000000000000000000, -0.000000000000000000 ) ) ;
#2687 = FILL_AREA_STYLE_COLOUR ( '', #1053 ) ;
#2688 = MECHANICAL_DESIGN_GEOMETRIC_PRESENTATION_REPRESENTATION (  '', ( #244 ), #3542 ) ;
#2689 = SURFACE_STYLE_USAGE ( .BOTH. , #1328 ) ;
#2690 = ORIENTED_EDGE ( 'NONE', *, *, #3543, .T. ) ;
#2691 = EDGE_CURVE ( 'NONE', #5895, #4165, #4736, .T. ) ;
#2692 =( LENGTH_UNIT ( ) NAMED_UNIT ( * ) SI_UNIT ( .MILLI., .METRE. ) );
#2693 = CARTESIAN_POINT ( 'NONE',  ( 0.6913539421220921133, 1.319777692792770019, 0.1499999999999999944 ) ) ;
#2694 = VERTEX_POINT ( 'NONE', #7059 ) ;
#2695 = CARTESIAN_POINT ( 'NONE',  ( 0.000000000000000000, 0.2692500179271393179, 0.1499999999999999944 ) ) ;
#2696 = ORIENTED_EDGE ( 'NONE', *, *, #2555, .F. ) ;
#2697 = MECHANICAL_DESIGN_GEOMETRIC_PRESENTATION_REPRESENTATION (  '', ( #4153 ), #972 ) ;
#2698 = DIRECTION ( 'NONE',  ( -1.000000000000000000, 1.304779308234270448E-16, 0.000000000000000000 ) ) ;
#2699 = DIRECTION ( 'NONE',  ( 0.000000000000000000, -0.000000000000000000, 1.000000000000000000 ) ) ;
#2700 = ORIENTED_EDGE ( 'NONE', *, *, #2667, .T. ) ;
#2701 = LINE ( 'NONE', #3371, #7599 ) ;
#2702 = VECTOR ( 'NONE', #398, 1000.000000000000000 ) ;
#2703 = FILL_AREA_STYLE_COLOUR ( '', #1849 ) ;
#2704 = LINE ( 'NONE', #2020, #2207 ) ;
#2705 = LINE ( 'NONE', #1439, #2520 ) ;
#2706 = FILL_AREA_STYLE ('',( #6212 ) ) ;
#2707 = CARTESIAN_POINT ( 'NONE',  ( 1.140718772248132490E-16, -0.2185654625746331348, 0.000000000000000000 ) ) ;
#2708 = CARTESIAN_POINT ( 'NONE',  ( 11.94655025073976162, 3.000000000000000000, -2.000000000000000000 ) ) ;
#2709 = ORIENTED_EDGE ( 'NONE', *, *, #3881, .F. ) ;
#2710 = LINE ( 'NONE', #5488, #4768 ) ;
#2711 =( LENGTH_UNIT ( ) NAMED_UNIT ( * ) SI_UNIT ( .MILLI., .METRE. ) );
#2712 = EDGE_CURVE ( 'NONE', #8571, #1972, #884, .T. ) ;
#2713 = EDGE_LOOP ( 'NONE', ( #6495, #2776, #5901, #8095 ) ) ;
#2714 = LINE ( 'NONE', #2029, #2913 ) ;
#2715 = EDGE_CURVE ( 'NONE', #4761, #7570, #7715, .T. ) ;
#2716 = EDGE_CURVE ( 'NONE', #8618, #3224, #4872, .T. ) ;
#2717 = CARTESIAN_POINT ( 'NONE',  ( -1.275591300402032724, 2.544545736534499891, 0.1499999999999999944 ) ) ;
#2718 = EDGE_CURVE ( 'NONE', #5788, #1139, #4916, .T. ) ;
#2719 = SURFACE_STYLE_USAGE ( .BOTH. , #29 ) ;
#2720 = SURFACE_STYLE_USAGE ( .BOTH. , #1410 ) ;
#2721 = EDGE_CURVE ( 'NONE', #2247, #3909, #5570, .T. ) ;
#2722 = ORIENTED_EDGE ( 'NONE', *, *, #6288, .T. ) ;
#2723 = SURFACE_STYLE_FILL_AREA ( #646 ) ;
#2724 =( NAMED_UNIT ( * ) SI_UNIT ( $, .STERADIAN. ) SOLID_ANGLE_UNIT ( ) );
#2725 = ORIENTED_EDGE ( 'NONE', *, *, #3102, .F. ) ;
#2726 = EDGE_LOOP ( 'NONE', ( #2093, #118, #2375, #489, #197, #1063, #5206, #8183 ) ) ;
#2727 = VECTOR ( 'NONE', #1990, 1000.000000000000000 ) ;
#2728 = DIRECTION ( 'NONE',  ( 0.000000000000000000, -0.000000000000000000, -1.000000000000000000 ) ) ;
#2729 = EDGE_LOOP ( 'NONE', ( #5166, #5866, #8696, #6512 ) ) ;
#2730 = SURFACE_STYLE_FILL_AREA ( #694 ) ;
#2731 = EDGE_CURVE ( 'NONE', #6222, #6028, #3549, .T. ) ;
#2732 =( LENGTH_UNIT ( ) NAMED_UNIT ( * ) SI_UNIT ( .MILLI., .METRE. ) );
#2733 = LINE ( 'NONE', #8262, #4231 ) ;
#2734 =( GEOMETRIC_REPRESENTATION_CONTEXT ( 3 ) GLOBAL_UNCERTAINTY_ASSIGNED_CONTEXT ( ( #4681 ) ) GLOBAL_UNIT_ASSIGNED_CONTEXT ( ( #1880, #4069, #3323 ) ) REPRESENTATION_CONTEXT ( 'NONE', 'WORKASPACE' ) );
#2735 = DIRECTION ( 'NONE',  ( 1.000000000000000000, 0.000000000000000000, 0.000000000000000000 ) ) ;
#2736 = ORIENTED_EDGE ( 'NONE', *, *, #8503, .F. ) ;
#2737 = PRESENTATION_LAYER_ASSIGNMENT (  '', '', ( #4333 ) ) ;
#2738 = PRESENTATION_LAYER_ASSIGNMENT (  '', '', ( #7741 ) ) ;
#2739 = VECTOR ( 'NONE', #6208, 1000.000000000000000 ) ;
#2740 = FACE_BOUND ( 'NONE', #5017, .T. ) ;
#2741 = ORIENTED_EDGE ( 'NONE', *, *, #6953, .T. ) ;
#2742 = SURFACE_SIDE_STYLE ('',( #3411 ) ) ;
#2743 = ORIENTED_EDGE ( 'NONE', *, *, #4166, .F. ) ;
#2744 = DIRECTION ( 'NONE',  ( -0.000000000000000000, -0.000000000000000000, -1.000000000000000000 ) ) ;
#2745 = VERTEX_POINT ( 'NONE', #8535 ) ;
#2746 = PLANE ( 'NONE',  #1860 ) ;
#2747 = MECHANICAL_DESIGN_GEOMETRIC_PRESENTATION_REPRESENTATION (  '', ( #4194 ), #3176 ) ;
#2748 = FACE_OUTER_BOUND ( 'NONE', #6001, .T. ) ;
#2749 = LINE ( 'NONE', #2148, #230 ) ;
#2750 = EDGE_CURVE ( 'NONE', #3725, #7350, #7585, .T. ) ;
#2751 = CARTESIAN_POINT ( 'NONE',  ( 13.94655025073976162, 1.000000000000000000, -2.000000000000000000 ) ) ;
#2752 = CARTESIAN_POINT ( 'NONE',  ( 1.340000000000000080, 4.899999999999998579, 3.884080669685257448 ) ) ;
#2753 = ORIENTED_EDGE ( 'NONE', *, *, #4648, .T. ) ;
#2754 = LINE ( 'NONE', #4882, #2306 ) ;
#2755 = STYLED_ITEM ( 'NONE', ( #6650 ), #1809 ) ;
#2756 = DIRECTION ( 'NONE',  ( 1.000000000000000000, 0.000000000000000000, -0.000000000000000000 ) ) ;
#2757 = ORIENTED_EDGE ( 'NONE', *, *, #5493, .F. ) ;
#2758 =( LENGTH_UNIT ( ) NAMED_UNIT ( * ) SI_UNIT ( .MILLI., .METRE. ) );
#2759 = CARTESIAN_POINT ( 'NONE',  ( 0.000000000000000000, -0.2185654625746343560, 0.1499999999999999944 ) ) ;
#2760 = CARTESIAN_POINT ( 'NONE',  ( 2.163148036665242469, 0.000000000000000000, 0.1499999999999999944 ) ) ;
#2761 = ORIENTED_EDGE ( 'NONE', *, *, #1723, .T. ) ;
#2762 = DIRECTION ( 'NONE',  ( -0.000000000000000000, 0.000000000000000000, -1.000000000000000000 ) ) ;
#2763 =( GEOMETRIC_REPRESENTATION_CONTEXT ( 3 ) GLOBAL_UNCERTAINTY_ASSIGNED_CONTEXT ( ( #7176 ) ) GLOBAL_UNIT_ASSIGNED_CONTEXT ( ( #3683, #1024, #396 ) ) REPRESENTATION_CONTEXT ( 'NONE', 'WORKASPACE' ) );
#2764 =( LENGTH_UNIT ( ) NAMED_UNIT ( * ) SI_UNIT ( .MILLI., .METRE. ) );
#2765 = EDGE_LOOP ( 'NONE', ( #4718, #860, #1226, #6983 ) ) ;
#2766 = ORIENTED_EDGE ( 'NONE', *, *, #2665, .T. ) ;
#2767 = FACE_OUTER_BOUND ( 'NONE', #2601, .T. ) ;
#2768 = EDGE_CURVE ( 'NONE', #813, #2476, #8274, .T. ) ;
#2769 = VERTEX_POINT ( 'NONE', #4340 ) ;
#2770 = FILL_AREA_STYLE ('',( #4144 ) ) ;
#2771 = UNCERTAINTY_MEASURE_WITH_UNIT (LENGTH_MEASURE( 1.000000000000000082E-05 ), #1789, 'distance_accuracy_value', 'NONE');
#2772 = ORIENTED_EDGE ( 'NONE', *, *, #182, .T. ) ;
#2773 = ADVANCED_FACE ( 'NONE', ( #2238 ), #6248, .T. ) ;
#2774 = ADVANCED_FACE ( 'NONE', ( #7874 ), #794, .T. ) ;
#2775 = CARTESIAN_POINT ( 'NONE',  ( -5.390576079945590848, -1.143254048349641838, 0.1499999999999999944 ) ) ;
#2776 = ORIENTED_EDGE ( 'NONE', *, *, #5415, .F. ) ;
#2777 = UNCERTAINTY_MEASURE_WITH_UNIT (LENGTH_MEASURE( 1.000000000000000082E-05 ), #2889, 'distance_accuracy_value', 'NONE');
#2778 = CARTESIAN_POINT ( 'NONE',  ( -2.938471846222877382, -0.2185654625746348279, 0.1500000000000000222 ) ) ;
#2779 = FACE_OUTER_BOUND ( 'NONE', #446, .T. ) ;
#2780 = VECTOR ( 'NONE', #6404, 1000.000000000000000 ) ;
#2781 = FILL_AREA_STYLE ('',( #6206 ) ) ;
#2782 = DIRECTION ( 'NONE',  ( -0.000000000000000000, 0.000000000000000000, 1.000000000000000000 ) ) ;
#2783 = AXIS2_PLACEMENT_3D ( 'NONE', #4261, #2296, #855 ) ;
#2784 = DIRECTION ( 'NONE',  ( -0.000000000000000000, -0.000000000000000000, 1.000000000000000000 ) ) ;
#2785 = FILL_AREA_STYLE ('',( #3378 ) ) ;
#2786 =( GEOMETRIC_REPRESENTATION_CONTEXT ( 3 ) GLOBAL_UNCERTAINTY_ASSIGNED_CONTEXT ( ( #3965 ) ) GLOBAL_UNIT_ASSIGNED_CONTEXT ( ( #4098, #5266, #1293 ) ) REPRESENTATION_CONTEXT ( 'NONE', 'WORKASPACE' ) );
#2787 = CARTESIAN_POINT ( 'NONE',  ( -0.000000000000000000, 1.319777692792770019, 0.000000000000000000 ) ) ;
#2789 = LINE ( 'NONE', #3328, #5381 ) ;
#2788 = VECTOR ( 'NONE', #6749, 1000.000000000000000 ) ;
#2790 = ORIENTED_EDGE ( 'NONE', *, *, #1717, .T. ) ;
#2791 = CYLINDRICAL_SURFACE ( 'NONE', #4625, 0.8278507393618649290 ) ;
#2792 = VECTOR ( 'NONE', #8471, 1000.000000000000000 ) ;
#2793 = PRESENTATION_STYLE_ASSIGNMENT (( #5408 ) ) ;
#2794 = DIRECTION ( 'NONE',  ( -0.000000000000000000, -0.000000000000000000, -1.000000000000000000 ) ) ;
#2795 = AXIS2_PLACEMENT_3D ( 'NONE', #4632, #7349, #4552 ) ;
#2796 = DIRECTION ( 'NONE',  ( -0.000000000000000000, 0.000000000000000000, 1.000000000000000000 ) ) ;
#2797 = CARTESIAN_POINT ( 'NONE',  ( -8.000000000000000000, 3.000000000000000000, -2.000000000000000000 ) ) ;
#2798 = FACE_OUTER_BOUND ( 'NONE', #6374, .T. ) ;
#2799 = SURFACE_STYLE_USAGE ( .BOTH. , #3564 ) ;
#2800 =( GEOMETRIC_REPRESENTATION_CONTEXT ( 3 ) GLOBAL_UNCERTAINTY_ASSIGNED_CONTEXT ( ( #6925 ) ) GLOBAL_UNIT_ASSIGNED_CONTEXT ( ( #2074, #8295, #6174 ) ) REPRESENTATION_CONTEXT ( 'NONE', 'WORKASPACE' ) );
#2801 = ORIENTED_EDGE ( 'NONE', *, *, #7480, .T. ) ;
#2802 = CARTESIAN_POINT ( 'NONE',  ( 0.000000000000000000, 1.319777692792770019, 0.1499999999999999944 ) ) ;
#2803 = FACE_OUTER_BOUND ( 'NONE', #5030, .T. ) ;
#2804 = ORIENTED_EDGE ( 'NONE', *, *, #4302, .F. ) ;
#2805 = EDGE_LOOP ( 'NONE', ( #5279, #5696 ) ) ;
#2806 = COLOUR_RGB ( '',1.000000000000000000, 1.000000000000000000, 1.000000000000000000 ) ;
#2807 =( NAMED_UNIT ( * ) PLANE_ANGLE_UNIT ( ) SI_UNIT ( $, .RADIAN. ) );
#2808 = MECHANICAL_DESIGN_GEOMETRIC_PRESENTATION_REPRESENTATION (  '', ( #6694 ), #5967 ) ;
#2809 = ORIENTED_EDGE ( 'NONE', *, *, #8502, .T. ) ;
#2810 = SURFACE_STYLE_USAGE ( .BOTH. , #4854 ) ;
#2811 = CARTESIAN_POINT ( 'NONE',  ( -2.648125170278134988, -1.722655820111723246, -3.000000000000000000 ) ) ;
#2812 =( NAMED_UNIT ( * ) PLANE_ANGLE_UNIT ( ) SI_UNIT ( $, .RADIAN. ) );
#2813 = COLOUR_RGB ( '',0.2509803921568627416, 0.2509803921568627416, 0.2509803921568627416 ) ;
#2814 = UNCERTAINTY_MEASURE_WITH_UNIT (LENGTH_MEASURE( 1.000000000000000082E-05 ), #6771, 'distance_accuracy_value', 'NONE');
#2815 = COLOUR_RGB ( '',0.000000000000000000, 0.000000000000000000, 0.000000000000000000 ) ;
#2816 = FACE_OUTER_BOUND ( 'NONE', #6867, .T. ) ;
#2817 = ORIENTED_EDGE ( 'NONE', *, *, #3588, .F. ) ;
#2818 = SURFACE_STYLE_USAGE ( .BOTH. , #6333 ) ;
#2819 = ORIENTED_EDGE ( 'NONE', *, *, #6463, .F. ) ;
#2820 = AXIS2_PLACEMENT_3D ( 'NONE', #2075, #2842, #2118 ) ;
#2821 = EDGE_CURVE ( 'NONE', #2953, #1806, #3218, .T. ) ;
#2822 = EDGE_CURVE ( 'NONE', #2632, #5196, #4046, .T. ) ;
#2823 = EDGE_CURVE ( 'NONE', #7605, #8300, #8706, .T. ) ;
#2824 = DIRECTION ( 'NONE',  ( 0.000000000000000000, -1.000000000000000000, 0.000000000000000000 ) ) ;
#2825 = CARTESIAN_POINT ( 'NONE',  ( 0.000000000000000000, 0.000000000000000000, 0.1499999999999999944 ) ) ;
#2826 = DIRECTION ( 'NONE',  ( 1.000000000000000000, 0.000000000000000000, 0.000000000000000000 ) ) ;
#2827 = FILL_AREA_STYLE_COLOUR ( '', #1064 ) ;
#2828 = MECHANICAL_DESIGN_GEOMETRIC_PRESENTATION_REPRESENTATION (  '', ( #1689 ), #5289 ) ;
#2829 = CARTESIAN_POINT ( 'NONE',  ( -0.3909452591481796802, -5.356808079531231392, 0.000000000000000000 ) ) ;
#2830 = CARTESIAN_POINT ( 'NONE',  ( 4.650921065566159918, -0.9081097759609791931, 0.2999999999999999889 ) ) ;
#2831 = DIRECTION ( 'NONE',  ( 1.000000000000000000, 0.000000000000000000, 0.000000000000000000 ) ) ;
#2832 =( NAMED_UNIT ( * ) SI_UNIT ( $, .STERADIAN. ) SOLID_ANGLE_UNIT ( ) );
#2833 = ORIENTED_EDGE ( 'NONE', *, *, #2431, .F. ) ;
#2834 = LINE ( 'NONE', #4838, #1443 ) ;
#2835 = VECTOR ( 'NONE', #1433, 1000.000000000000000 ) ;
#2836 = PLANE ( 'NONE',  #3272 ) ;
#2837 = FACE_OUTER_BOUND ( 'NONE', #3730, .T. ) ;
#2838 = CARTESIAN_POINT ( 'NONE',  ( -8.853235964556685616E-15, 2.091446606018403376, 0.1499999999999999944 ) ) ;
#2839 = FILL_AREA_STYLE_COLOUR ( '', #3801 ) ;
#2840 = FILL_AREA_STYLE ('',( #1451 ) ) ;
#2841 = VECTOR ( 'NONE', #53, 1000.000000000000000 ) ;
#2842 = DIRECTION ( 'NONE',  ( 1.000000000000000000, 0.000000000000000000, -0.000000000000000000 ) ) ;
#2843 = ORIENTED_EDGE ( 'NONE', *, *, #135, .T. ) ;
#2844 = DIRECTION ( 'NONE',  ( 1.000000000000000000, 0.000000000000000000, 0.000000000000000000 ) ) ;
#2845 = FILL_AREA_STYLE_COLOUR ( '', #8453 ) ;
#2846 = ORIENTED_EDGE ( 'NONE', *, *, #4712, .F. ) ;
#2847 = ORIENTED_EDGE ( 'NONE', *, *, #601, .T. ) ;
#2848 =( NAMED_UNIT ( * ) SI_UNIT ( $, .STERADIAN. ) SOLID_ANGLE_UNIT ( ) );
#2849 = ORIENTED_EDGE ( 'NONE', *, *, #3275, .F. ) ;
#2850 =( LENGTH_UNIT ( ) NAMED_UNIT ( * ) SI_UNIT ( .MILLI., .METRE. ) );
#2851 = AXIS2_PLACEMENT_3D ( 'NONE', #7607, #4936, #2844 ) ;
#2852 = FILL_AREA_STYLE_COLOUR ( '', #2082 ) ;
#2853 = EDGE_CURVE ( 'NONE', #4385, #183, #5872, .T. ) ;
#2854 = PLANE ( 'NONE',  #13 ) ;
#2855 = ORIENTED_EDGE ( 'NONE', *, *, #3206, .F. ) ;
#2856 = CARTESIAN_POINT ( 'NONE',  ( -4.639999999999998792, 7.641130724221518733, 3.017654449115059201 ) ) ;
#2857 = DIRECTION ( 'NONE',  ( -1.000000000000000000, 0.000000000000000000, 0.000000000000000000 ) ) ;
#2858 = LINE ( 'NONE', #4908, #8590 ) ;
#2859 = ORIENTED_EDGE ( 'NONE', *, *, #247, .F. ) ;
#2860 = VECTOR ( 'NONE', #3603, 1000.000000000000000 ) ;
#2861 = ADVANCED_FACE ( 'NONE', ( #1245 ), #7308, .T. ) ;
#2862 = SURFACE_STYLE_USAGE ( .BOTH. , #6338 ) ;
#2863 = PLANE ( 'NONE',  #4286 ) ;
#2864 = AXIS2_PLACEMENT_3D ( 'NONE', #2897, #5557, #2127 ) ;
#2865 = DIRECTION ( 'NONE',  ( -1.000000000000000000, -5.219117232937081793E-16, 0.000000000000000000 ) ) ;
#2866 = LINE ( 'NONE', #8318, #1437 ) ;
#2867 = EDGE_CURVE ( 'NONE', #4761, #3860, #2456, .T. ) ;
#2868 = AXIS2_PLACEMENT_3D ( 'NONE', #5910, #8608, #513 ) ;
#2869 = DIRECTION ( 'NONE',  ( -1.000000000000000000, 0.000000000000000000, 0.000000000000000000 ) ) ;
#2870 = FACE_OUTER_BOUND ( 'NONE', #4717, .T. ) ;
#2871 = FILL_AREA_STYLE ('',( #7588 ) ) ;
#2872 = DIRECTION ( 'NONE',  ( 1.000000000000000000, 0.000000000000000000, 0.000000000000000000 ) ) ;
#2873 = CARTESIAN_POINT ( 'NONE',  ( 0.4913539421220920467, 0.8197776927927701296, 0.4000000000000000222 ) ) ;
#2874 = LINE ( 'NONE', #7552, #8233 ) ;
#2875 = FACE_OUTER_BOUND ( 'NONE', #5907, .T. ) ;
#2876 = ADVANCED_FACE ( 'NONE', ( #3180 ), #4547, .T. ) ;
#2877 = ORIENTED_EDGE ( 'NONE', *, *, #3143, .T. ) ;
#2878 =( GEOMETRIC_REPRESENTATION_CONTEXT ( 3 ) GLOBAL_UNCERTAINTY_ASSIGNED_CONTEXT ( ( #7623 ) ) GLOBAL_UNIT_ASSIGNED_CONTEXT ( ( #7418, #3198, #7981 ) ) REPRESENTATION_CONTEXT ( 'NONE', 'WORKASPACE' ) );
#2879 = CARTESIAN_POINT ( 'NONE',  ( 6.948636131094521495, -5.267066187369637831, -2.000000000000000000 ) ) ;
#2880 = EDGE_CURVE ( 'NONE', #5979, #454, #3867, .T. ) ;
#2881 = DIRECTION ( 'NONE',  ( 0.000000000000000000, -1.000000000000000000, 0.000000000000000000 ) ) ;
#2882 = DIRECTION ( 'NONE',  ( 1.000000000000000000, -0.000000000000000000, -0.000000000000000000 ) ) ;
#2883 =( NAMED_UNIT ( * ) SI_UNIT ( $, .STERADIAN. ) SOLID_ANGLE_UNIT ( ) );
#2884 = SURFACE_STYLE_FILL_AREA ( #4977 ) ;
#2885 = FACE_OUTER_BOUND ( 'NONE', #7472, .T. ) ;
#2886 = DIRECTION ( 'NONE',  ( 1.000000000000000000, 0.000000000000000000, -0.000000000000000000 ) ) ;
#2887 =( NAMED_UNIT ( * ) SI_UNIT ( $, .STERADIAN. ) SOLID_ANGLE_UNIT ( ) );
#2888 = LINE ( 'NONE', #5112, #8061 ) ;
#2889 =( LENGTH_UNIT ( ) NAMED_UNIT ( * ) SI_UNIT ( .MILLI., .METRE. ) );
#2890 = ORIENTED_EDGE ( 'NONE', *, *, #6004, .F. ) ;
#2891 = EDGE_LOOP ( 'NONE', ( #3199, #4896, #2070, #2217 ) ) ;
#2892 = AXIS2_PLACEMENT_3D ( 'NONE', #2369, #6601, #3729 ) ;
#2893 = CARTESIAN_POINT ( 'NONE',  ( -1.480492736483535188, 2.803082408881607535, 0.4000000000000000222 ) ) ;
#2894 = CARTESIAN_POINT ( 'NONE',  ( 0.000000000000000000, 1.315449244559767195, 0.1499999999999999944 ) ) ;
#2895 = ORIENTED_EDGE ( 'NONE', *, *, #953, .F. ) ;
#2896 = FILL_AREA_STYLE_COLOUR ( '', #2566 ) ;
#2897 = CARTESIAN_POINT ( 'NONE',  ( -11.94655025073976162, -1.000000000000000000, 0.000000000000000000 ) ) ;
#2898 = SURFACE_STYLE_FILL_AREA ( #7695 ) ;
#2899 = UNCERTAINTY_MEASURE_WITH_UNIT (LENGTH_MEASURE( 1.000000000000000082E-05 ), #4366, 'distance_accuracy_value', 'NONE');
#2900 = COLOUR_RGB ( '',0.000000000000000000, 0.000000000000000000, 0.000000000000000000 ) ;
#2901 = ORIENTED_EDGE ( 'NONE', *, *, #4651, .T. ) ;
#2902 = ORIENTED_EDGE ( 'NONE', *, *, #2553, .F. ) ;
#2903 = PLANE ( 'NONE',  #7889 ) ;
#2904 = ORIENTED_EDGE ( 'NONE', *, *, #6192, .F. ) ;
#2905 = FACE_OUTER_BOUND ( 'NONE', #5386, .T. ) ;
#2907 =( NAMED_UNIT ( * ) PLANE_ANGLE_UNIT ( ) SI_UNIT ( $, .RADIAN. ) );
#2906 = COLOUR_RGB ( '',1.000000000000000000, 1.000000000000000000, 1.000000000000000000 ) ;
#2908 = CARTESIAN_POINT ( 'NONE',  ( -4.639999999999998792, 4.899999999999998579, 3.884080669685257448 ) ) ;
#2909 = LINE ( 'NONE', #6477, #713 ) ;
#2910 = CARTESIAN_POINT ( 'NONE',  ( -8.000000000000000000, 6.099999999999998757, -2.000000000000000000 ) ) ;
#2911 = FILL_AREA_STYLE_COLOUR ( '', #8649 ) ;
#2912 = DIRECTION ( 'NONE',  ( -0.000000000000000000, -0.000000000000000000, -1.000000000000000000 ) ) ;
#2913 = VECTOR ( 'NONE', #6078, 1000.000000000000000 ) ;
#2914 = LINE ( 'NONE', #4970, #1050 ) ;
#2915 = EDGE_LOOP ( 'NONE', ( #2573, #2574, #4762, #4720 ) ) ;
#2916 = LINE ( 'NONE', #7110, #4911 ) ;
#2917 = PRESENTATION_LAYER_ASSIGNMENT (  '', '', ( #5366 ) ) ;
#2918 = LINE ( 'NONE', #4256, #8832 ) ;
#2919 = MECHANICAL_DESIGN_GEOMETRIC_PRESENTATION_REPRESENTATION (  '', ( #8775 ), #4823 ) ;
#2920 = COLOUR_RGB ( '',1.000000000000000000, 1.000000000000000000, 1.000000000000000000 ) ;
#2921 = LINE ( 'NONE', #5666, #7314 ) ;
#2922 = DIRECTION ( 'NONE',  ( 1.000000000000000000, 0.000000000000000000, 0.000000000000000000 ) ) ;
#2923 = CARTESIAN_POINT ( 'NONE',  ( -5.772468334849516935, -1.143254048349641838, 0.000000000000000000 ) ) ;
#2924 = SURFACE_STYLE_USAGE ( .BOTH. , #190 ) ;
#2925 = EDGE_CURVE ( 'NONE', #8497, #4433, #5915, .T. ) ;
#2926 = VECTOR ( 'NONE', #4190, 1000.000000000000000 ) ;
#2927 = AXIS2_PLACEMENT_3D ( 'NONE', #4598, #7356, #7880 ) ;
#2928 = EDGE_CURVE ( 'NONE', #6257, #2334, #7995, .T. ) ;
#2929 = ADVANCED_FACE ( 'NONE', ( #3952 ), #8803, .T. ) ;
#2930 = STYLED_ITEM ( 'NONE', ( #1276 ), #896 ) ;
#2931 = DIRECTION ( 'NONE',  ( -0.000000000000000000, 0.000000000000000000, 1.000000000000000000 ) ) ;
#2932 = CARTESIAN_POINT ( 'NONE',  ( 0.7040164599795355471, 7.783024418061680153E-17, 0.000000000000000000 ) ) ;
#2933 = ORIENTED_EDGE ( 'NONE', *, *, #608, .T. ) ;
#2934 = ORIENTED_EDGE ( 'NONE', *, *, #6572, .F. ) ;
#2935 = FACE_BOUND ( 'NONE', #5661, .T. ) ;
#2936 = CARTESIAN_POINT ( 'NONE',  ( -5.949819853805799141, 0.2692500179271393179, 0.000000000000000000 ) ) ;
#2937 = ORIENTED_EDGE ( 'NONE', *, *, #5928, .T. ) ;
#2938 = FILL_AREA_STYLE ('',( #2896 ) ) ;
#2939 = DIRECTION ( 'NONE',  ( 0.000000000000000000, -0.000000000000000000, -1.000000000000000000 ) ) ;
#2940 = DIRECTION ( 'NONE',  ( 1.000000000000000000, 0.000000000000000000, 0.000000000000000000 ) ) ;
#2941 = PRESENTATION_LAYER_ASSIGNMENT (  '', '', ( #8368 ) ) ;
#2942 = FILL_AREA_STYLE ('',( #5521 ) ) ;
#2943 = ORIENTED_EDGE ( 'NONE', *, *, #4596, .F. ) ;
#2944 = VECTOR ( 'NONE', #5314, 1000.000000000000000 ) ;
#2945 = AXIS2_PLACEMENT_3D ( 'NONE', #2131, #5732, #921 ) ;
#2946 = PRESENTATION_STYLE_ASSIGNMENT (( #6375 ) ) ;
#2947 = CARTESIAN_POINT ( 'NONE',  ( 1.813148036665242602, 0.000000000000000000, 0.1499999999999999944 ) ) ;
#2948 = ORIENTED_EDGE ( 'NONE', *, *, #5283, .F. ) ;
#2949 = CARTESIAN_POINT ( 'NONE',  ( -2.938471846222876938, -2.820433710282340104E-15, 0.1499999999999999944 ) ) ;
#2950 = PRESENTATION_LAYER_ASSIGNMENT (  '', '', ( #380 ) ) ;
#2951 =( LENGTH_UNIT ( ) NAMED_UNIT ( * ) SI_UNIT ( .MILLI., .METRE. ) );
#2952 = SURFACE_SIDE_STYLE ('',( #7053 ) ) ;
#2953 = VERTEX_POINT ( 'NONE', #1501 ) ;
#2954 = MECHANICAL_DESIGN_GEOMETRIC_PRESENTATION_REPRESENTATION (  '', ( #3686 ), #4695 ) ;
#2955 = DIRECTION ( 'NONE',  ( 0.000000000000000000, 0.000000000000000000, -1.000000000000000000 ) ) ;
#2956 =( GEOMETRIC_REPRESENTATION_CONTEXT ( 3 ) GLOBAL_UNCERTAINTY_ASSIGNED_CONTEXT ( ( #7044 ) ) GLOBAL_UNIT_ASSIGNED_CONTEXT ( ( #8098, #2516, #5347 ) ) REPRESENTATION_CONTEXT ( 'NONE', 'WORKASPACE' ) );
#2957 = DIRECTION ( 'NONE',  ( -1.000000000000000000, 0.000000000000000000, 0.000000000000000000 ) ) ;
#2958 = LINE ( 'NONE', #839, #6179 ) ;
#2959 = AXIS2_PLACEMENT_3D ( 'NONE', #7383, #4581, #3210 ) ;
#2960 = LINE ( 'NONE', #3637, #4615 ) ;
#2961 = CARTESIAN_POINT ( 'NONE',  ( -5.949819853805799141, -0.7767525643175616779, 0.000000000000000000 ) ) ;
#2962 = DIRECTION ( 'NONE',  ( -0.000000000000000000, -0.000000000000000000, 1.000000000000000000 ) ) ;
#2963 = STYLED_ITEM ( 'NONE', ( #8637 ), #7533 ) ;
#2964 = SURFACE_STYLE_USAGE ( .BOTH. , #6304 ) ;
#2965 = ORIENTED_EDGE ( 'NONE', *, *, #8669, .F. ) ;
#2966 = UNCERTAINTY_MEASURE_WITH_UNIT (LENGTH_MEASURE( 1.000000000000000082E-05 ), #2758, 'distance_accuracy_value', 'NONE');
#2967 = EDGE_CURVE ( 'NONE', #1535, #7736, #4143, .T. ) ;
#2968 = CARTESIAN_POINT ( 'NONE',  ( 1.813148036665242602, -0.3913831919116190217, 0.000000000000000000 ) ) ;
#2969 = AXIS2_PLACEMENT_3D ( 'NONE', #7269, #5257, #8663 ) ;
#2970 =( NAMED_UNIT ( * ) SI_UNIT ( $, .STERADIAN. ) SOLID_ANGLE_UNIT ( ) );
#2971 =( NAMED_UNIT ( * ) PLANE_ANGLE_UNIT ( ) SI_UNIT ( $, .RADIAN. ) );
#2972 = CARTESIAN_POINT ( 'NONE',  ( -5.139799166388884899, 2.197828827475229563, 0.000000000000000000 ) ) ;
#2973 = DIRECTION ( 'NONE',  ( 0.000000000000000000, 1.000000000000000000, -0.000000000000000000 ) ) ;
#2974 = CARTESIAN_POINT ( 'NONE',  ( 0.000000000000000000, -4.385197194226567952, 0.5000000000000000000 ) ) ;
#2975 = FILL_AREA_STYLE_COLOUR ( '', #2098 ) ;
#2976 = DIRECTION ( 'NONE',  ( 0.000000000000000000, 0.000000000000000000, -1.000000000000000000 ) ) ;
#2977 = EDGE_CURVE ( 'NONE', #5708, #1279, #4765, .T. ) ;
#2978 = AXIS2_PLACEMENT_3D ( 'NONE', #7374, #7858, #1229 ) ;
#2979 = SURFACE_STYLE_FILL_AREA ( #7123 ) ;
#2980 = CARTESIAN_POINT ( 'NONE',  ( 5.356353281621393236, -0.9081097759609791931, 0.2999999999999999889 ) ) ;
#2981 = ORIENTED_EDGE ( 'NONE', *, *, #8499, .T. ) ;
#2982 = ORIENTED_EDGE ( 'NONE', *, *, #3824, .T. ) ;
#2983 = LINE ( 'NONE', #3237, #3583 ) ;
#2984 = EDGE_CURVE ( 'NONE', #183, #8521, #8131, .T. ) ;
#2985 = VERTEX_POINT ( 'NONE', #7526 ) ;
#2986 = DIRECTION ( 'NONE',  ( -0.000000000000000000, -1.000000000000000000, -0.000000000000000000 ) ) ;
#2987 = AXIS2_PLACEMENT_3D ( 'NONE', #6620, #2521, #5317 ) ;
#2988 =( NAMED_UNIT ( * ) PLANE_ANGLE_UNIT ( ) SI_UNIT ( $, .RADIAN. ) );
#2989 = CARTESIAN_POINT ( 'NONE',  ( 1.041353942122092313, 0.8197776927927701296, 0.000000000000000000 ) ) ;
#2990 = UNCERTAINTY_MEASURE_WITH_UNIT (LENGTH_MEASURE( 1.000000000000000082E-05 ), #823, 'distance_accuracy_value', 'NONE');
#2991 = EDGE_CURVE ( 'NONE', #6877, #6633, #6957, .T. ) ;
#2992 = DIRECTION ( 'NONE',  ( -1.000000000000000000, 0.000000000000000000, 0.000000000000000000 ) ) ;
#2993 = VERTEX_POINT ( 'NONE', #776 ) ;
#2994 = CARTESIAN_POINT ( 'NONE',  ( 4.141442242859602274, -0.9211733355175579785, 0.2999999999999999889 ) ) ;
#2995 = ORIENTED_EDGE ( 'NONE', *, *, #3273, .F. ) ;
#2996 = VECTOR ( 'NONE', #8852, 1000.000000000000000 ) ;
#2997 = LINE ( 'NONE', #4463, #3085 ) ;
#2998 = ADVANCED_FACE ( 'NONE', ( #4272 ), #734, .F. ) ;
#2999 = CARTESIAN_POINT ( 'NONE',  ( -3.143373282304378957, -3.008659175951462901E-15, 0.000000000000000000 ) ) ;
#3000 = ORIENTED_EDGE ( 'NONE', *, *, #4931, .T. ) ;
#3001 = STYLED_ITEM ( 'NONE', ( #3522 ), #4986 ) ;
#3002 = PLANE ( 'NONE',  #4258 ) ;
#3003 = ORIENTED_EDGE ( 'NONE', *, *, #5792, .T. ) ;
#3004 = SURFACE_STYLE_USAGE ( .BOTH. , #8460 ) ;
#3005 =( GEOMETRIC_REPRESENTATION_CONTEXT ( 3 ) GLOBAL_UNCERTAINTY_ASSIGNED_CONTEXT ( ( #7575 ) ) GLOBAL_UNIT_ASSIGNED_CONTEXT ( ( #1435, #5571, #8276 ) ) REPRESENTATION_CONTEXT ( 'NONE', 'WORKASPACE' ) );
#3006 = PLANE ( 'NONE',  #1600 ) ;
#3007 = DIRECTION ( 'NONE',  ( -0.000000000000000000, 0.000000000000000000, 1.000000000000000000 ) ) ;
#3008 = STYLED_ITEM ( 'NONE', ( #7386 ), #4387 ) ;
#3009 = CARTESIAN_POINT ( 'NONE',  ( 4.141442242859602274, -0.9211733355175579785, 0.000000000000000000 ) ) ;
#3010 = AXIS2_PLACEMENT_3D ( 'NONE', #2401, #5316, #4780 ) ;
#3011 = MECHANICAL_DESIGN_GEOMETRIC_PRESENTATION_REPRESENTATION (  '', ( #6906 ), #6181 ) ;
#3012 = DIRECTION ( 'NONE',  ( -0.000000000000000000, 1.000000000000000000, -0.000000000000000000 ) ) ;
#3013 = CARTESIAN_POINT ( 'NONE',  ( 1.252250989393667302, 1.319777692792770019, 0.1499999999999999944 ) ) ;
#3014 =( NAMED_UNIT ( * ) SI_UNIT ( $, .STERADIAN. ) SOLID_ANGLE_UNIT ( ) );
#3015 = ADVANCED_BREP_SHAPE_REPRESENTATION ( 'Vl53l0x', ( #2241, #946 ), #1662 ) ;
#3016 = ORIENTED_EDGE ( 'NONE', *, *, #3430, .T. ) ;
#3017 = DIRECTION ( 'NONE',  ( 1.000000000000000000, -0.000000000000000000, -0.000000000000000000 ) ) ;
#3018 = STYLED_ITEM ( 'NONE', ( #2164 ), #4485 ) ;
#3019 = STYLED_ITEM ( 'NONE', ( #7669 ), #1671 ) ;
#3020 =( GEOMETRIC_REPRESENTATION_CONTEXT ( 3 ) GLOBAL_UNCERTAINTY_ASSIGNED_CONTEXT ( ( #5060 ) ) GLOBAL_UNIT_ASSIGNED_CONTEXT ( ( #2850, #736, #205 ) ) REPRESENTATION_CONTEXT ( 'NONE', 'WORKASPACE' ) );
#3021 = DIRECTION ( 'NONE',  ( 0.000000000000000000, 0.000000000000000000, -1.000000000000000000 ) ) ;
#3022 = CARTESIAN_POINT ( 'NONE',  ( -2.099999999999999645, 4.899999999999998579, 3.884080669685257448 ) ) ;
#3023 = CARTESIAN_POINT ( 'NONE',  ( -13.74655025073976056, 4.336808689942017736E-16, 0.000000000000000000 ) ) ;
#3024 = EDGE_CURVE ( 'NONE', #4793, #4613, #8177, .T. ) ;
#3025 = DIRECTION ( 'NONE',  ( -0.000000000000000000, -0.000000000000000000, -1.000000000000000000 ) ) ;
#3026 =( NAMED_UNIT ( * ) SI_UNIT ( $, .STERADIAN. ) SOLID_ANGLE_UNIT ( ) );
#3027 = LINE ( 'NONE', #2932, #2056 ) ;
#3028 = FILL_AREA_STYLE_COLOUR ( '', #22 ) ;
#3029 = VERTEX_POINT ( 'NONE', #7000 ) ;
#3030 = ORIENTED_EDGE ( 'NONE', *, *, #137, .T. ) ;
#3031 = DIRECTION ( 'NONE',  ( 0.000000000000000000, -0.000000000000000000, -1.000000000000000000 ) ) ;
#3032 = DIRECTION ( 'NONE',  ( 1.000000000000000000, -4.336808689942016257E-16, 0.000000000000000000 ) ) ;
#3033 = ORIENTED_EDGE ( 'NONE', *, *, #7353, .F. ) ;
#3034 = CARTESIAN_POINT ( 'NONE',  ( -2.099999999999999645, 4.899999999999998579, 2.000000000000000000 ) ) ;
#3035 = LINE ( 'NONE', #5727, #8783 ) ;
#3036 = SURFACE_STYLE_USAGE ( .BOTH. , #3718 ) ;
#3037 = STYLED_ITEM ( 'NONE', ( #347 ), #196 ) ;
#3038 = UNCERTAINTY_MEASURE_WITH_UNIT (LENGTH_MEASURE( 1.000000000000000082E-05 ), #5695, 'distance_accuracy_value', 'NONE');
#3039 = FACE_OUTER_BOUND ( 'NONE', #2891, .T. ) ;
#3040 = ORIENTED_EDGE ( 'NONE', *, *, #785, .T. ) ;
#3041 = EDGE_LOOP ( 'NONE', ( #2179, #3122, #561, #3894, #4253, #5422, #5600 ) ) ;
#3042 = SURFACE_STYLE_USAGE ( .BOTH. , #7908 ) ;
#3043 = DIRECTION ( 'NONE',  ( -0.000000000000000000, 0.000000000000000000, -1.000000000000000000 ) ) ;
#3044 = CARTESIAN_POINT ( 'NONE',  ( -6.280000000000000249, 7.641130724221518733, 3.884080669685257448 ) ) ;
#3045 = EDGE_LOOP ( 'NONE', ( #8110, #7632, #6141, #1991 ) ) ;
#3046 = EDGE_CURVE ( 'NONE', #3440, #5919, #654, .T. ) ;
#3047 = EDGE_CURVE ( 'NONE', #4610, #7370, #7612, .T. ) ;
#3048 = CARTESIAN_POINT ( 'NONE',  ( -5.390576079945590848, 0.000000000000000000, 0.1499999999999999944 ) ) ;
#3049 = EDGE_CURVE ( 'NONE', #1953, #3358, #8259, .T. ) ;
#3050 = VERTEX_POINT ( 'NONE', #6227 ) ;
#3051 = SURFACE_STYLE_FILL_AREA ( #6609 ) ;
#3052 = DIRECTION ( 'NONE',  ( -1.000000000000000000, 0.000000000000000000, 0.000000000000000000 ) ) ;
#3053 = DIRECTION ( 'NONE',  ( -0.000000000000000000, -0.000000000000000000, -1.000000000000000000 ) ) ;
#3054 = CARTESIAN_POINT ( 'NONE',  ( -2.938471846222877826, 2.544545736534499891, 0.1499999999999999944 ) ) ;
#3055 = DIRECTION ( 'NONE',  ( 1.000000000000000000, 0.000000000000000000, 0.000000000000000000 ) ) ;
#3056 = ORIENTED_EDGE ( 'NONE', *, *, #4910, .F. ) ;
#3057 = AXIS2_PLACEMENT_3D ( 'NONE', #145, #7155, #4432 ) ;
#3058 = PLANE ( 'NONE',  #6921 ) ;
#3059 = PRESENTATION_LAYER_ASSIGNMENT (  '', '', ( #5656 ) ) ;
#3060 = DIRECTION ( 'NONE',  ( -0.000000000000000000, 0.000000000000000000, -1.000000000000000000 ) ) ;
#3061 = PLANE ( 'NONE',  #6611 ) ;
#3062 = SURFACE_SIDE_STYLE ('',( #949 ) ) ;
#3063 = SURFACE_STYLE_USAGE ( .BOTH. , #2252 ) ;
#3064 = CARTESIAN_POINT ( 'NONE',  ( 0.000000000000000000, 0.000000000000000000, 0.1499999999999999944 ) ) ;
#3065 = VECTOR ( 'NONE', #280, 1000.000000000000000 ) ;
#3066 = SURFACE_SIDE_STYLE ('',( #5068 ) ) ;
#3067 =( LENGTH_UNIT ( ) NAMED_UNIT ( * ) SI_UNIT ( .MILLI., .METRE. ) );
#3068 = VECTOR ( 'NONE', #2257, 1000.000000000000000 ) ;
#3069 = CARTESIAN_POINT ( 'NONE',  ( 6.948636131094521495, -5.267066187369637831, 0.000000000000000000 ) ) ;
#3070 = LINE ( 'NONE', #8518, #7512 ) ;
#3071 = SURFACE_STYLE_FILL_AREA ( #5029 ) ;
#3072 = VERTEX_POINT ( 'NONE', #3403 ) ;
#3073 = EDGE_LOOP ( 'NONE', ( #5161, #2671, #7445, #8066 ) ) ;
#3075 = FACE_BOUND ( 'NONE', #8024, .T. ) ;
#3074 = VECTOR ( 'NONE', #7164, 1000.000000000000000 ) ;
#3076 = LINE ( 'NONE', #4616, #7707 ) ;
#3077 = ORIENTED_EDGE ( 'NONE', *, *, #8457, .T. ) ;
#3078 = SURFACE_SIDE_STYLE ('',( #5683 ) ) ;
#3079 = CARTESIAN_POINT ( 'NONE',  ( -5.949819853805799141, -0.7767525643175616779, 0.4000000000000000222 ) ) ;
#3080 = UNCERTAINTY_MEASURE_WITH_UNIT (LENGTH_MEASURE( 1.000000000000000082E-05 ), #5841, 'distance_accuracy_value', 'NONE');
#3081 =( NAMED_UNIT ( * ) PLANE_ANGLE_UNIT ( ) SI_UNIT ( $, .RADIAN. ) );
#3082 = VECTOR ( 'NONE', #4079, 1000.000000000000000 ) ;
#3083 = COLOUR_RGB ( '',0.2509803921568627416, 0.2509803921568627416, 0.2509803921568627416 ) ;
#3084 = ORIENTED_EDGE ( 'NONE', *, *, #556, .F. ) ;
#3085 = VECTOR ( 'NONE', #3775, 1000.000000000000000 ) ;
#3086 = ORIENTED_EDGE ( 'NONE', *, *, #3880, .F. ) ;
#3087 = UNCERTAINTY_MEASURE_WITH_UNIT (LENGTH_MEASURE( 1.000000000000000082E-05 ), #2711, 'distance_accuracy_value', 'NONE');
#3088 = LINE ( 'NONE', #4543, #2249 ) ;
#3089 = SURFACE_STYLE_USAGE ( .BOTH. , #1061 ) ;
#3090 = VECTOR ( 'NONE', #3792, 1000.000000000000000 ) ;
#3091 = ORIENTED_EDGE ( 'NONE', *, *, #3824, .F. ) ;
#3092 = SURFACE_SIDE_STYLE ('',( #840 ) ) ;
#3093 = FILL_AREA_STYLE ('',( #7587 ) ) ;
#3094 = VECTOR ( 'NONE', #931, 1000.000000000000000 ) ;
#3095 = CARTESIAN_POINT ( 'NONE',  ( 3.436010026804369399, -0.9211733355175579785, 0.2999999999999999889 ) ) ;
#3096 = CIRCLE ( 'NONE', #7391, 0.5702963728963384993 ) ;
#3097 = EDGE_LOOP ( 'NONE', ( #1241, #2519, #5720, #8737 ) ) ;
#3098 = AXIS2_PLACEMENT_3D ( 'NONE', #7180, #1726, #4028 ) ;
#3099 =( LENGTH_UNIT ( ) NAMED_UNIT ( * ) SI_UNIT ( .MILLI., .METRE. ) );
#3100 = EDGE_CURVE ( 'NONE', #4789, #551, #2169, .T. ) ;
#3101 = UNCERTAINTY_MEASURE_WITH_UNIT (LENGTH_MEASURE( 1.000000000000000082E-05 ), #1815, 'distance_accuracy_value', 'NONE');
#3102 = EDGE_CURVE ( 'NONE', #1989, #1323, #4091, .T. ) ;
#3103 = EDGE_CURVE ( 'NONE', #5612, #5895, #4804, .T. ) ;
#3104 = ADVANCED_FACE ( 'NONE', ( #256 ), #912, .F. ) ;
#3105 = SURFACE_STYLE_USAGE ( .BOTH. , #8543 ) ;
#3106 = STYLED_ITEM ( 'NONE', ( #5909 ), #8431 ) ;
#3107 = CARTESIAN_POINT ( 'NONE',  ( -0.3909452591481796802, -4.385197194226567952, 0.5000000000000000000 ) ) ;
#3108 = SURFACE_STYLE_FILL_AREA ( #3640 ) ;
#3109 = PLANE ( 'NONE',  #7316 ) ;
#3110 = ORIENTED_EDGE ( 'NONE', *, *, #616, .F. ) ;
#3111 = LINE ( 'NONE', #7565, #2605 ) ;
#3112 = PRESENTATION_LAYER_ASSIGNMENT (  '', '', ( #2391 ) ) ;
#3113 = EDGE_CURVE ( 'NONE', #4107, #3340, #8345, .T. ) ;
#3114 = CARTESIAN_POINT ( 'NONE',  ( 0.000000000000000000, 3.000000000000000000, 0.000000000000000000 ) ) ;
#3115 = CYLINDRICAL_SURFACE ( 'NONE', #8568, 0.8278507393618635968 ) ;
#3116 =( NAMED_UNIT ( * ) PLANE_ANGLE_UNIT ( ) SI_UNIT ( $, .RADIAN. ) );
#3117 = MECHANICAL_DESIGN_GEOMETRIC_PRESENTATION_REPRESENTATION (  '', ( #4426 ), #5139 ) ;
#3118 = DIRECTION ( 'NONE',  ( -0.000000000000000000, -0.000000000000000000, -1.000000000000000000 ) ) ;
#3119 = CARTESIAN_POINT ( 'NONE',  ( -8.853235964556685616E-15, 2.091446606018403376, 0.1499999999999999944 ) ) ;
#3120 = PLANE ( 'NONE',  #1344 ) ;
#3121 = VERTEX_POINT ( 'NONE', #7041 ) ;
#3122 = ORIENTED_EDGE ( 'NONE', *, *, #5673, .F. ) ;
#3123 =( NAMED_UNIT ( * ) PLANE_ANGLE_UNIT ( ) SI_UNIT ( $, .RADIAN. ) );
#3124 = ORIENTED_EDGE ( 'NONE', *, *, #1234, .T. ) ;
#3125 = LINE ( 'NONE', #6546, #483 ) ;
#3126 = CARTESIAN_POINT ( 'NONE',  ( -2.938471846222877826, 2.544545736534499891, 0.1499999999999999944 ) ) ;
#3127 = ORIENTED_EDGE ( 'NONE', *, *, #7962, .F. ) ;
#3128 = DIRECTION ( 'NONE',  ( -0.000000000000000000, 0.000000000000000000, 1.000000000000000000 ) ) ;
#3129 = EDGE_LOOP ( 'NONE', ( #6269, #6381, #7388, #216 ) ) ;
#3130 = CARTESIAN_POINT ( 'NONE',  ( -3.143373282304380734, 2.544545736534499003, 0.1499999999999999944 ) ) ;
#3131 = DIRECTION ( 'NONE',  ( 0.000000000000000000, 0.000000000000000000, -1.000000000000000000 ) ) ;
#3132 = VECTOR ( 'NONE', #7286, 1000.000000000000000 ) ;
#3133 = CARTESIAN_POINT ( 'NONE',  ( 6.349999999999999645, 4.829999999999998295, -2.000000000000000000 ) ) ;
#3134 = EDGE_LOOP ( 'NONE', ( #1250, #5041, #4030, #3971 ) ) ;
#3135 = LINE ( 'NONE', #2551, #5933 ) ;
#3136 = EDGE_CURVE ( 'NONE', #1535, #3999, #204, .T. ) ;
#3137 = VECTOR ( 'NONE', #5296, 1000.000000000000000 ) ;
#3138 = FACE_OUTER_BOUND ( 'NONE', #2267, .T. ) ;
#3139 = ORIENTED_EDGE ( 'NONE', *, *, #186, .F. ) ;
#3140 = ORIENTED_EDGE ( 'NONE', *, *, #2977, .F. ) ;
#3141 = FILL_AREA_STYLE_COLOUR ( '', #3217 ) ;
#3142 = FILL_AREA_STYLE_COLOUR ( '', #2900 ) ;
#3143 = EDGE_CURVE ( 'NONE', #4847, #2334, #7737, .T. ) ;
#3144 = DIRECTION ( 'NONE',  ( -0.000000000000000000, -1.000000000000000000, -0.000000000000000000 ) ) ;
#3145 = CARTESIAN_POINT ( 'NONE',  ( -5.285226492385886488, 0.000000000000000000, 0.1499999999999999944 ) ) ;
#3146 =( GEOMETRIC_REPRESENTATION_CONTEXT ( 3 ) GLOBAL_UNCERTAINTY_ASSIGNED_CONTEXT ( ( #4807 ) ) GLOBAL_UNIT_ASSIGNED_CONTEXT ( ( #1446, #8834, #1485 ) ) REPRESENTATION_CONTEXT ( 'NONE', 'WORKASPACE' ) );
#3147 = VERTEX_POINT ( 'NONE', #3672 ) ;
#3148 = EDGE_CURVE ( 'NONE', #733, #3903, #2218, .T. ) ;
#3149 = DIRECTION ( 'NONE',  ( 1.000000000000000000, 0.000000000000000000, 0.000000000000000000 ) ) ;
#3150 = SURFACE_STYLE_FILL_AREA ( #3843 ) ;
#3151 = PRESENTATION_LAYER_ASSIGNMENT (  '', '', ( #8711 ) ) ;
#3152 = CARTESIAN_POINT ( 'NONE',  ( 3.436010026804369399, 0.1631021076784486823, 0.2999999999999999889 ) ) ;
#3153 = STYLED_ITEM ( 'NONE', ( #1474 ), #5472 ) ;
#3154 = LINE ( 'NONE', #4693, #1644 ) ;
#3155 = DIRECTION ( 'NONE',  ( -0.000000000000000000, -1.000000000000000000, -0.000000000000000000 ) ) ;
#3156 = EDGE_CURVE ( 'NONE', #7267, #4642, #4992, .T. ) ;
#3157 = ORIENTED_EDGE ( 'NONE', *, *, #2691, .F. ) ;
#3158 = EDGE_CURVE ( 'NONE', #7609, #5898, #5076, .T. ) ;
#3159 = MECHANICAL_DESIGN_GEOMETRIC_PRESENTATION_REPRESENTATION (  '', ( #2584 ), #1574 ) ;
#3160 = MECHANICAL_DESIGN_GEOMETRIC_PRESENTATION_REPRESENTATION (  '', ( #5747 ), #8149 ) ;
#3161 = LINE ( 'NONE', #5936, #2155 ) ;
#3162 = ORIENTED_EDGE ( 'NONE', *, *, #1511, .T. ) ;
#3163 = ORIENTED_EDGE ( 'NONE', *, *, #8366, .T. ) ;
#3164 = AXIS2_PLACEMENT_3D ( 'NONE', #3592, #6343, #3694 ) ;
#3165 = DIRECTION ( 'NONE',  ( 0.000000000000000000, -1.000000000000000000, 0.000000000000000000 ) ) ;
#3166 = CARTESIAN_POINT ( 'NONE',  ( -7.500000000000000000, 5.728180208693597564, 0.000000000000000000 ) ) ;
#3167 = VERTEX_POINT ( 'NONE', #4317 ) ;
#3168 = PRESENTATION_STYLE_ASSIGNMENT (( #2485 ) ) ;
#3169 = DIRECTION ( 'NONE',  ( 1.000000000000000000, 0.000000000000000000, 0.000000000000000000 ) ) ;
#3170 = MECHANICAL_DESIGN_GEOMETRIC_PRESENTATION_REPRESENTATION (  '', ( #4904 ), #4477 ) ;
#3171 = CARTESIAN_POINT ( 'NONE',  ( 1.252250989393667524, -5.430772972790946247E-16, 0.1499999999999999944 ) ) ;
#3172 = ORIENTED_EDGE ( 'NONE', *, *, #4328, .T. ) ;
#3173 = CARTESIAN_POINT ( 'NONE',  ( -2.099999999999999645, 7.641130724221518733, 3.017654449115059201 ) ) ;
#3174 = ORIENTED_EDGE ( 'NONE', *, *, #2928, .T. ) ;
#3175 = FILL_AREA_STYLE_COLOUR ( '', #3452 ) ;
#3176 =( GEOMETRIC_REPRESENTATION_CONTEXT ( 3 ) GLOBAL_UNCERTAINTY_ASSIGNED_CONTEXT ( ( #8181 ) ) GLOBAL_UNIT_ASSIGNED_CONTEXT ( ( #6904, #4254, #7597 ) ) REPRESENTATION_CONTEXT ( 'NONE', 'WORKASPACE' ) );
#3177 = FILL_AREA_STYLE_COLOUR ( '', #4826 ) ;
#3178 = DIRECTION ( 'NONE',  ( 0.000000000000000000, -0.000000000000000000, -1.000000000000000000 ) ) ;
#3179 = VERTEX_POINT ( 'NONE', #5035 ) ;
#3180 = FACE_OUTER_BOUND ( 'NONE', #7893, .T. ) ;
#3181 = CARTESIAN_POINT ( 'NONE',  ( 0.000000000000000000, -5.365916429288997591, 0.5000000000000000000 ) ) ;
#3182 = LINE ( 'NONE', #5918, #8220 ) ;
#3183 = ORIENTED_EDGE ( 'NONE', *, *, #3479, .F. ) ;
#3184 = ORIENTED_EDGE ( 'NONE', *, *, #1827, .T. ) ;
#3185 =( NAMED_UNIT ( * ) PLANE_ANGLE_UNIT ( ) SI_UNIT ( $, .RADIAN. ) );
#3186 = STYLED_ITEM ( 'NONE', ( #4013 ), #1834 ) ;
#3187 = CARTESIAN_POINT ( 'NONE',  ( 0.4400000000000001688, 4.899999999999998579, 3.017654449115059201 ) ) ;
#3188 = PRESENTATION_LAYER_ASSIGNMENT (  '', '', ( #7070 ) ) ;
#3189 = CARTESIAN_POINT ( 'NONE',  ( 0.000000000000000000, 3.000000000000000000, 0.000000000000000000 ) ) ;
#3190 = DIRECTION ( 'NONE',  ( 4.233068125708002185E-15, -1.000000000000000000, 0.000000000000000000 ) ) ;
#3191 = ORIENTED_EDGE ( 'NONE', *, *, #518, .F. ) ;
#3192 =( NAMED_UNIT ( * ) PLANE_ANGLE_UNIT ( ) SI_UNIT ( $, .RADIAN. ) );
#3193 = DIRECTION ( 'NONE',  ( 1.000000000000000000, 4.841365169877129885E-16, -0.000000000000000000 ) ) ;
#3194 = FACE_OUTER_BOUND ( 'NONE', #6929, .T. ) ;
#3195 = LINE ( 'NONE', #4025, #2231 ) ;
#3196 =( LENGTH_UNIT ( ) NAMED_UNIT ( * ) SI_UNIT ( .MILLI., .METRE. ) );
#3197 = ORIENTED_EDGE ( 'NONE', *, *, #6342, .F. ) ;
#3198 =( NAMED_UNIT ( * ) PLANE_ANGLE_UNIT ( ) SI_UNIT ( $, .RADIAN. ) );
#3199 = ORIENTED_EDGE ( 'NONE', *, *, #4549, .F. ) ;
#3200 = EDGE_LOOP ( 'NONE', ( #2038, #1324, #2804, #5755 ) ) ;
#3201 = EDGE_CURVE ( 'NONE', #7655, #8189, #339, .T. ) ;
#3202 = VERTEX_POINT ( 'NONE', #3762 ) ;
#3203 = VECTOR ( 'NONE', #1758, 1000.000000000000000 ) ;
#3204 =( NAMED_UNIT ( * ) SI_UNIT ( $, .STERADIAN. ) SOLID_ANGLE_UNIT ( ) );
#3205 = ADVANCED_FACE ( 'NONE', ( #8480 ), #4490, .T. ) ;
#3206 = EDGE_CURVE ( 'NONE', #3167, #3202, #6455, .T. ) ;
#3207 = CARTESIAN_POINT ( 'NONE',  ( 10.94655025073975985, 4.336808689942017736E-16, 0.000000000000000000 ) ) ;
#3208 = DIRECTION ( 'NONE',  ( 0.000000000000000000, 1.000000000000000000, 0.000000000000000000 ) ) ;
#3209 = ADVANCED_FACE ( 'NONE', ( #2352 ), #5120, .F. ) ;
#3210 = DIRECTION ( 'NONE',  ( 1.000000000000000000, 0.000000000000000000, 0.000000000000000000 ) ) ;
#3211 = ORIENTED_EDGE ( 'NONE', *, *, #5202, .T. ) ;
#3212 = VECTOR ( 'NONE', #6261, 1000.000000000000000 ) ;
#3213 = ORIENTED_EDGE ( 'NONE', *, *, #5896, .F. ) ;
#3214 = FILL_AREA_STYLE ('',( #3177 ) ) ;
#3215 = FACE_OUTER_BOUND ( 'NONE', #1512, .T. ) ;
#3216 = VERTEX_POINT ( 'NONE', #7946 ) ;
#3217 = COLOUR_RGB ( '',0.2509803921568627416, 0.2509803921568627416, 0.2509803921568627416 ) ;
#3218 = LINE ( 'NONE', #1773, #8548 ) ;
#3219 = SURFACE_STYLE_FILL_AREA ( #3954 ) ;
#3220 = AXIS2_PLACEMENT_3D ( 'NONE', #5863, #5772, #3673 ) ;
#3221 = COLOUR_RGB ( '',0.7960784313725489669, 0.8235294117647058432, 0.9372549019607843146 ) ;
#3222 = VECTOR ( 'NONE', #7673, 1000.000000000000000 ) ;
#3223 = CARTESIAN_POINT ( 'NONE',  ( -4.639999999999998792, 4.899999999999998579, 2.000000000000000000 ) ) ;
#3224 = VERTEX_POINT ( 'NONE', #8646 ) ;
#3225 = EDGE_LOOP ( 'NONE', ( #4034, #7304 ) ) ;
#3226 = PRESENTATION_LAYER_ASSIGNMENT (  '', '', ( #2214 ) ) ;
#3227 = UNCERTAINTY_MEASURE_WITH_UNIT (LENGTH_MEASURE( 1.000000000000000082E-05 ), #6641, 'distance_accuracy_value', 'NONE');
#3228 = VECTOR ( 'NONE', #154, 1000.000000000000000 ) ;
#3229 =( LENGTH_UNIT ( ) NAMED_UNIT ( * ) SI_UNIT ( .MILLI., .METRE. ) );
#3230 = DIRECTION ( 'NONE',  ( 0.000000000000000000, -1.000000000000000000, -0.000000000000000000 ) ) ;
#3231 = STYLED_ITEM ( 'NONE', ( #1301 ), #184 ) ;
#3232 = FACE_OUTER_BOUND ( 'NONE', #878, .T. ) ;
#3234 = DIRECTION ( 'NONE',  ( -1.000000000000000000, 0.000000000000000000, 0.000000000000000000 ) ) ;
#3233 = MECHANICAL_DESIGN_GEOMETRIC_PRESENTATION_REPRESENTATION (  '', ( #5259 ), #3822 ) ;
#3235 = LINE ( 'NONE', #3282, #2944 ) ;
#3236 = ORIENTED_EDGE ( 'NONE', *, *, #6300, .F. ) ;
#3237 = CARTESIAN_POINT ( 'NONE',  ( -7.500000000000000000, 3.728180208693597120, 0.000000000000000000 ) ) ;
#3238 = DIRECTION ( 'NONE',  ( 1.000000000000000000, 0.000000000000000000, 0.000000000000000000 ) ) ;
#3239 = SURFACE_STYLE_USAGE ( .BOTH. , #1841 ) ;
#3240 = MECHANICAL_DESIGN_GEOMETRIC_PRESENTATION_REPRESENTATION (  '', ( #7260 ), #3532 ) ;
#3241 = DIRECTION ( 'NONE',  ( 1.000000000000000000, 0.000000000000000000, 0.000000000000000000 ) ) ;
#3242 = AXIS2_PLACEMENT_3D ( 'NONE', #5794, #2962, #941 ) ;
#3243 = SURFACE_STYLE_FILL_AREA ( #5229 ) ;
#3244 = EDGE_CURVE ( 'NONE', #8679, #8191, #3940, .T. ) ;
#3245 = FACE_OUTER_BOUND ( 'NONE', #6950, .T. ) ;
#3246 = VECTOR ( 'NONE', #5331, 1000.000000000000000 ) ;
#3247 = SURFACE_STYLE_USAGE ( .BOTH. , #5278 ) ;
#3248 = VERTEX_POINT ( 'NONE', #2444 ) ;
#3249 = CARTESIAN_POINT ( 'NONE',  ( -4.270710445465622840, 0.2692500179271393179, 0.4000000000000000222 ) ) ;
#3250 = VERTEX_POINT ( 'NONE', #3856 ) ;
#3251 = ORIENTED_EDGE ( 'NONE', *, *, #4865, .F. ) ;
#3252 = AXIS2_PLACEMENT_3D ( 'NONE', #1923, #3190, #5272 ) ;
#3253 = VECTOR ( 'NONE', #5244, 1000.000000000000000 ) ;
#3254 = VERTEX_POINT ( 'NONE', #3805 ) ;
#3255 = FILL_AREA_STYLE_COLOUR ( '', #756 ) ;
#3256 = LINE ( 'NONE', #5994, #7373 ) ;
#3257 =( LENGTH_UNIT ( ) NAMED_UNIT ( * ) SI_UNIT ( .MILLI., .METRE. ) );
#3258 = EDGE_CURVE ( 'NONE', #8064, #2769, #8028, .T. ) ;
#3259 = DIRECTION ( 'NONE',  ( 0.000000000000000000, 0.000000000000000000, -1.000000000000000000 ) ) ;
#3260 = ORIENTED_EDGE ( 'NONE', *, *, #3258, .T. ) ;
#3261 = COLOUR_RGB ( '',0.2509803921568627416, 0.2509803921568627416, 0.2509803921568627416 ) ;
#3262 = ORIENTED_EDGE ( 'NONE', *, *, #2880, .T. ) ;
#3263 = ORIENTED_EDGE ( 'NONE', *, *, #7591, .F. ) ;
#3264 = CARTESIAN_POINT ( 'NONE',  ( 10.94655025073975985, 4.336808689942017736E-16, 0.000000000000000000 ) ) ;
#3265 = ADVANCED_FACE ( 'NONE', ( #5287 ), #6592, .F. ) ;
#3266 = ORIENTED_EDGE ( 'NONE', *, *, #4987, .F. ) ;
#3267 = CARTESIAN_POINT ( 'NONE',  ( 0.000000000000000000, 0.000000000000000000, 0.1499999999999999944 ) ) ;
#3268 = CARTESIAN_POINT ( 'NONE',  ( 0.000000000000000000, -5.367113435607375749, 0.5000000000000000000 ) ) ;
#3269 = ADVANCED_FACE ( 'NONE', ( #2628 ), #7205, .F. ) ;
#3270 = SURFACE_STYLE_FILL_AREA ( #2554 ) ;
#3271 = EDGE_LOOP ( 'NONE', ( #5342, #5824, #5324, #77 ) ) ;
#3272 = AXIS2_PLACEMENT_3D ( 'NONE', #3703, #805, #5711 ) ;
#3273 = EDGE_CURVE ( 'NONE', #2575, #2579, #8563, .T. ) ;
#3274 = VERTEX_POINT ( 'NONE', #2580 ) ;
#3275 = EDGE_CURVE ( 'NONE', #7350, #8082, #5328, .T. ) ;
#3276 = FACE_BOUND ( 'NONE', #1848, .T. ) ;
#3277 = EDGE_CURVE ( 'NONE', #7188, #2440, #5789, .T. ) ;
#3278 = COLOUR_RGB ( '',1.000000000000000000, 1.000000000000000000, 1.000000000000000000 ) ;
#3279 =( NAMED_UNIT ( * ) SI_UNIT ( $, .STERADIAN. ) SOLID_ANGLE_UNIT ( ) );
#3280 = SURFACE_SIDE_STYLE ('',( #2562 ) ) ;
#3281 = LINE ( 'NONE', #7447, #4037 ) ;
#3282 = CARTESIAN_POINT ( 'NONE',  ( 1.340000000000000080, 7.641130724221518733, 3.017654449115059201 ) ) ;
#3283 = VERTEX_POINT ( 'NONE', #5543 ) ;
#3284 = SURFACE_STYLE_FILL_AREA ( #2656 ) ;
#3285 = CARTESIAN_POINT ( 'NONE',  ( -1.485906978275891133, -4.385197194226567952, 0.000000000000000000 ) ) ;
#3286 = PLANE ( 'NONE',  #5744 ) ;
#3287 = DIRECTION ( 'NONE',  ( -0.000000000000000000, -0.000000000000000000, -1.000000000000000000 ) ) ;
#3288 = DIRECTION ( 'NONE',  ( 1.000000000000000000, 0.000000000000000000, 0.000000000000000000 ) ) ;
#3289 = VECTOR ( 'NONE', #4084, 1000.000000000000000 ) ;
#3290 = FILL_AREA_STYLE_COLOUR ( '', #3261 ) ;
#3291 =( NAMED_UNIT ( * ) SI_UNIT ( $, .STERADIAN. ) SOLID_ANGLE_UNIT ( ) );
#3292 = ORIENTED_EDGE ( 'NONE', *, *, #6236, .T. ) ;
#3293 = DIRECTION ( 'NONE',  ( 0.000000000000000000, -1.000000000000000000, 0.000000000000000000 ) ) ;
#3294 = VERTEX_POINT ( 'NONE', #2071 ) ;
#3295 = AXIS2_PLACEMENT_3D ( 'NONE', #5319, #1931, #7887 ) ;
#3296 = EDGE_CURVE ( 'NONE', #2985, #8571, #2714, .T. ) ;
#3297 = DIRECTION ( 'NONE',  ( 1.000000000000000000, -0.000000000000000000, -0.000000000000000000 ) ) ;
#3298 = ORIENTED_EDGE ( 'NONE', *, *, #3972, .T. ) ;
#3299 = CARTESIAN_POINT ( 'NONE',  ( 0.000000000000000000, 0.000000000000000000, -3.000000000000000000 ) ) ;
#3300 = LINE ( 'NONE', #588, #4569 ) ;
#3301 = VECTOR ( 'NONE', #8762, 1000.000000000000000 ) ;
#3302 = ORIENTED_EDGE ( 'NONE', *, *, #2103, .T. ) ;
#3303 = DIRECTION ( 'NONE',  ( 0.000000000000000000, -1.000000000000000000, 0.000000000000000000 ) ) ;
#3304 = ORIENTED_EDGE ( 'NONE', *, *, #7751, .T. ) ;
#3305 = EDGE_LOOP ( 'NONE', ( #8478, #10, #3813, #6597 ) ) ;
#3306 = CARTESIAN_POINT ( 'NONE',  ( -2.099999999999999645, 4.826793837766005346, 3.059473063321504593 ) ) ;
#3307 = COLOUR_RGB ( '',1.000000000000000000, 1.000000000000000000, 1.000000000000000000 ) ;
#3308 = ORIENTED_EDGE ( 'NONE', *, *, #8537, .F. ) ;
#3309 = SURFACE_SIDE_STYLE ('',( #4589 ) ) ;
#3310 = SURFACE_STYLE_USAGE ( .BOTH. , #1197 ) ;
#3311 = CARTESIAN_POINT ( 'NONE',  ( 0.000000000000000000, 1.768548375075876589, 0.1499999999999999944 ) ) ;
#3312 = ORIENTED_EDGE ( 'NONE', *, *, #5791, .F. ) ;
#3313 = SURFACE_SIDE_STYLE ('',( #5970 ) ) ;
#3314 = CARTESIAN_POINT ( 'NONE',  ( -2.099999999999999645, 7.641130724221518733, 3.884080669685257448 ) ) ;
#3315 = ORIENTED_EDGE ( 'NONE', *, *, #7992, .T. ) ;
#3316 = EDGE_CURVE ( 'NONE', #2683, #4769, #8789, .T. ) ;
#3317 = ADVANCED_FACE ( 'NONE', ( #8164 ), #4794, .T. ) ;
#3318 =( NAMED_UNIT ( * ) PLANE_ANGLE_UNIT ( ) SI_UNIT ( $, .RADIAN. ) );
#3319 = PLANE ( 'NONE',  #369 ) ;
#3320 =( NAMED_UNIT ( * ) PLANE_ANGLE_UNIT ( ) SI_UNIT ( $, .RADIAN. ) );
#3321 = LINE ( 'NONE', #7658, #2079 ) ;
#3322 = ORIENTED_EDGE ( 'NONE', *, *, #3708, .T. ) ;
#3323 =( NAMED_UNIT ( * ) SI_UNIT ( $, .STERADIAN. ) SOLID_ANGLE_UNIT ( ) );
#3324 = AXIS2_PLACEMENT_3D ( 'NONE', #7621, #7010, #8409 ) ;
#3325 = SURFACE_STYLE_USAGE ( .BOTH. , #1219 ) ;
#3326 = CARTESIAN_POINT ( 'NONE',  ( -3.138471846222877559, 0.9979665374599516747, 0.1499999999999999944 ) ) ;
#3327 = SURFACE_STYLE_FILL_AREA ( #3810 ) ;
#3328 = CARTESIAN_POINT ( 'NONE',  ( 2.648125170278138096, -4.141704418566487966, -3.000000000000000000 ) ) ;
#3329 = ORIENTED_EDGE ( 'NONE', *, *, #2822, .T. ) ;
#3330 = PRESENTATION_STYLE_ASSIGNMENT (( #6031 ) ) ;
#3331 = UNCERTAINTY_MEASURE_WITH_UNIT (LENGTH_MEASURE( 1.000000000000000082E-05 ), #7331, 'distance_accuracy_value', 'NONE');
#3332 = DIRECTION ( 'NONE',  ( -6.672013369141561864E-15, -0.000000000000000000, -1.000000000000000000 ) ) ;
#3333 = ORIENTED_EDGE ( 'NONE', *, *, #3879, .F. ) ;
#3334 = SURFACE_SIDE_STYLE ('',( #6909 ) ) ;
#3335 = SURFACE_SIDE_STYLE ('',( #4619 ) ) ;
#3336 = FACE_OUTER_BOUND ( 'NONE', #4843, .T. ) ;
#3337 = DIRECTION ( 'NONE',  ( -4.336808689942016750E-16, -1.000000000000000000, 0.000000000000000000 ) ) ;
#3338 = VERTEX_POINT ( 'NONE', #7560 ) ;
#3339 = LINE ( 'NONE', #2802, #3575 ) ;
#3340 = VERTEX_POINT ( 'NONE', #4844 ) ;
#3341 = ORIENTED_EDGE ( 'NONE', *, *, #5685, .T. ) ;
#3342 = COLOUR_RGB ( '',0.7529411764705882248, 0.000000000000000000, 0.7529411764705882248 ) ;
#3343 = DIRECTION ( 'NONE',  ( 1.000000000000000000, 2.231762095060381305E-16, -0.000000000000000000 ) ) ;
#3344 = VECTOR ( 'NONE', #3484, 1000.000000000000000 ) ;
#3345 = ORIENTED_EDGE ( 'NONE', *, *, #5493, .T. ) ;
#3346 = DIRECTION ( 'NONE',  ( -1.000000000000000000, -0.000000000000000000, -0.000000000000000000 ) ) ;
#3347 = FILL_AREA_STYLE_COLOUR ( '', #6759 ) ;
#3348 = LINE ( 'NONE', #1420, #4661 ) ;
#3349 = AXIS2_PLACEMENT_3D ( 'NONE', #3604, #3193, #1798 ) ;
#3350 = DIRECTION ( 'NONE',  ( -0.000000000000000000, -0.000000000000000000, -1.000000000000000000 ) ) ;
#3351 = ORIENTED_EDGE ( 'NONE', *, *, #412, .T. ) ;
#3352 = VECTOR ( 'NONE', #2437, 1000.000000000000000 ) ;
#3353 = FILL_AREA_STYLE ('',( #8045 ) ) ;
#3354 = COLOUR_RGB ( '',0.7960784313725489669, 0.8235294117647058432, 0.9372549019607843146 ) ;
#3355 = SURFACE_SIDE_STYLE ('',( #6012 ) ) ;
#3356 = COLOUR_RGB ( '',1.000000000000000000, 0.000000000000000000, 0.000000000000000000 ) ;
#3357 = VECTOR ( 'NONE', #4981, 1000.000000000000000 ) ;
#3358 = VERTEX_POINT ( 'NONE', #7508 ) ;
#3359 = CARTESIAN_POINT ( 'NONE',  ( 3.436010026804369399, -0.9211733355175579785, 0.2999999999999999889 ) ) ;
#3360 = ORIENTED_EDGE ( 'NONE', *, *, #1678, .T. ) ;
#3361 = PRESENTATION_STYLE_ASSIGNMENT (( #7534 ) ) ;
#3362 = PRESENTATION_LAYER_ASSIGNMENT (  '', '', ( #1753 ) ) ;
#3363 = CARTESIAN_POINT ( 'NONE',  ( -1.480492736483535188, 2.544545736534499891, 0.1499999999999999944 ) ) ;
#3364 = PRESENTATION_LAYER_ASSIGNMENT (  '', '', ( #475 ) ) ;
#3365 =( NAMED_UNIT ( * ) SI_UNIT ( $, .STERADIAN. ) SOLID_ANGLE_UNIT ( ) );
#3366 = ORIENTED_EDGE ( 'NONE', *, *, #3244, .F. ) ;
#3367 = EDGE_CURVE ( 'NONE', #3029, #8252, #5492, .T. ) ;
#3368 = CIRCLE ( 'NONE', #4112, 2.800000000000000266 ) ;
#3369 = ADVANCED_FACE ( 'NONE', ( #5411 ), #6773, .F. ) ;
#3370 = EDGE_CURVE ( 'NONE', #3776, #4179, #7919, .T. ) ;
#3371 = CARTESIAN_POINT ( 'NONE',  ( -1.480492736483534744, 0.000000000000000000, 0.1499999999999999944 ) ) ;
#3372 = EDGE_CURVE ( 'NONE', #8559, #8205, #1447, .T. ) ;
#3373 = CYLINDRICAL_SURFACE ( 'NONE', #6735, 0.8278507393618635968 ) ;
#3375 = EDGE_CURVE ( 'NONE', #3684, #4461, #4078, .T. ) ;
#3374 = COLOUR_RGB ( '',0.7960784313725489669, 0.8235294117647058432, 0.9372549019607843146 ) ;
#3376 = DIRECTION ( 'NONE',  ( 0.000000000000000000, -1.000000000000000000, 0.000000000000000000 ) ) ;
#3377 = DIRECTION ( 'NONE',  ( -0.000000000000000000, -0.000000000000000000, -1.000000000000000000 ) ) ;
#3378 = FILL_AREA_STYLE_COLOUR ( '', #1236 ) ;
#3379 = COLOUR_RGB ( '',1.000000000000000000, 1.000000000000000000, 1.000000000000000000 ) ;
#3380 = CARTESIAN_POINT ( 'NONE',  ( -2.099999999999999645, 7.641130724221518733, 3.017654449115059201 ) ) ;
#3381 = DIRECTION ( 'NONE',  ( 0.000000000000000000, -0.000000000000000000, -1.000000000000000000 ) ) ;
#3382 = FILL_AREA_STYLE ('',( #675 ) ) ;
#3383 = ORIENTED_EDGE ( 'NONE', *, *, #7108, .F. ) ;
#3384 = VECTOR ( 'NONE', #4738, 1000.000000000000000 ) ;
#3385 = DIRECTION ( 'NONE',  ( 1.000000000000000000, 0.000000000000000000, 0.000000000000000000 ) ) ;
#3386 = EDGE_CURVE ( 'NONE', #5080, #1103, #108, .T. ) ;
#3387 = EDGE_CURVE ( 'NONE', #4433, #112, #4749, .T. ) ;
#3388 = AXIS2_PLACEMENT_3D ( 'NONE', #8280, #4877, #3421 ) ;
#3389 = DIRECTION ( 'NONE',  ( -0.000000000000000000, 0.000000000000000000, -1.000000000000000000 ) ) ;
#3390 = ORIENTED_EDGE ( 'NONE', *, *, #5614, .T. ) ;
#3391 =( LENGTH_UNIT ( ) NAMED_UNIT ( * ) SI_UNIT ( .MILLI., .METRE. ) );
#3392 = DIRECTION ( 'NONE',  ( -0.000000000000000000, -0.000000000000000000, -1.000000000000000000 ) ) ;
#3393 =( GEOMETRIC_REPRESENTATION_CONTEXT ( 3 ) GLOBAL_UNCERTAINTY_ASSIGNED_CONTEXT ( ( #2129 ) ) GLOBAL_UNIT_ASSIGNED_CONTEXT ( ( #2108, #715, #4875 ) ) REPRESENTATION_CONTEXT ( 'NONE', 'WORKASPACE' ) );
#3394 = DIRECTION ( 'NONE',  ( -1.000000000000000000, 0.000000000000000000, 0.000000000000000000 ) ) ;
#3395 = DIRECTION ( 'NONE',  ( -0.000000000000000000, 1.000000000000000000, -0.000000000000000000 ) ) ;
#3396 = ORIENTED_EDGE ( 'NONE', *, *, #6406, .T. ) ;
#3397 = CARTESIAN_POINT ( 'NONE',  ( 7.518932503990860106, -5.267066187369637831, 0.000000000000000000 ) ) ;
#3398 = VERTEX_POINT ( 'NONE', #6813 ) ;
#3399 = ORIENTED_EDGE ( 'NONE', *, *, #7210, .T. ) ;
#3400 = VECTOR ( 'NONE', #5431, 1000.000000000000000 ) ;
#3401 = CARTESIAN_POINT ( 'NONE',  ( 3.436010026804369399, 0.1631021076784486823, 0.2999999999999999889 ) ) ;
#3402 = ORIENTED_EDGE ( 'NONE', *, *, #6903, .T. ) ;
#3403 = CARTESIAN_POINT ( 'NONE',  ( -1.480492736483534744, -0.6194252216434082969, 0.4000000000000000222 ) ) ;
#3404 = DIRECTION ( 'NONE',  ( 0.000000000000000000, 0.000000000000000000, 1.000000000000000000 ) ) ;
#3405 = AXIS2_PLACEMENT_3D ( 'NONE', #6817, #1988, #3944 ) ;
#3406 = ORIENTED_EDGE ( 'NONE', *, *, #7700, .F. ) ;
#3407 = FACE_OUTER_BOUND ( 'NONE', #8489, .T. ) ;
#3408 = LINE ( 'NONE', #3314, #879 ) ;
#3409 = ORIENTED_EDGE ( 'NONE', *, *, #7058, .F. ) ;
#3410 = EDGE_CURVE ( 'NONE', #2080, #7736, #640, .T. ) ;
#3411 = SURFACE_STYLE_FILL_AREA ( #2942 ) ;
#3412 = ORIENTED_EDGE ( 'NONE', *, *, #4197, .F. ) ;
#3413 = VECTOR ( 'NONE', #1754, 1000.000000000000000 ) ;
#3414 =( NAMED_UNIT ( * ) SI_UNIT ( $, .STERADIAN. ) SOLID_ANGLE_UNIT ( ) );
#3415 = LINE ( 'NONE', #4110, #7268 ) ;
#3416 = EDGE_LOOP ( 'NONE', ( #6718, #5233, #8225, #4991 ) ) ;
#3417 = LINE ( 'NONE', #711, #2739 ) ;
#3418 = DIRECTION ( 'NONE',  ( 1.000000000000000000, 0.000000000000000000, 0.000000000000000000 ) ) ;
#3419 = SURFACE_STYLE_FILL_AREA ( #6760 ) ;
#3420 = DIRECTION ( 'NONE',  ( -1.000000000000000000, 0.000000000000000000, 0.000000000000000000 ) ) ;
#3421 = DIRECTION ( 'NONE',  ( 1.000000000000000000, 0.000000000000000000, 0.000000000000000000 ) ) ;
#3422 = CARTESIAN_POINT ( 'NONE',  ( 5.520000000000001350, 7.641130724221518733, 3.017654449115059201 ) ) ;
#3423 = VECTOR ( 'NONE', #818, 1000.000000000000000 ) ;
#3424 = ORIENTED_EDGE ( 'NONE', *, *, #6768, .T. ) ;
#3425 = EDGE_CURVE ( 'NONE', #6764, #5082, #4976, .T. ) ;
#3426 = LINE ( 'NONE', #23, #6196 ) ;
#3427 = DIRECTION ( 'NONE',  ( 1.267143614600721018E-16, -1.000000000000000000, 0.000000000000000000 ) ) ;
#3428 = FILL_AREA_STYLE_COLOUR ( '', #6013 ) ;
#3429 = ORIENTED_EDGE ( 'NONE', *, *, #3410, .T. ) ;
#3430 = EDGE_CURVE ( 'NONE', #5368, #408, #188, .T. ) ;
#3431 = CARTESIAN_POINT ( 'NONE',  ( 0.000000000000000000, 0.000000000000000000, 0.1499999999999999944 ) ) ;
#3432 = DIRECTION ( 'NONE',  ( 0.000000000000000000, 0.000000000000000000, 1.000000000000000000 ) ) ;
#3433 = EDGE_CURVE ( 'NONE', #2440, #1596, #8429, .T. ) ;
#3434 = PRESENTATION_STYLE_ASSIGNMENT (( #2720 ) ) ;
#3435 = ORIENTED_EDGE ( 'NONE', *, *, #5147, .F. ) ;
#3436 = ORIENTED_EDGE ( 'NONE', *, *, #4052, .F. ) ;
#3437 = VERTEX_POINT ( 'NONE', #1618 ) ;
#3438 = COLOUR_RGB ( '',1.000000000000000000, 1.000000000000000000, 1.000000000000000000 ) ;
#3439 = DIRECTION ( 'NONE',  ( 9.571434588722602042E-16, -1.000000000000000000, 0.000000000000000000 ) ) ;
#3440 = VERTEX_POINT ( 'NONE', #151 ) ;
#3441 =( LENGTH_UNIT ( ) NAMED_UNIT ( * ) SI_UNIT ( .MILLI., .METRE. ) );
#3442 = DIRECTION ( 'NONE',  ( -9.571434588722592181E-16, 1.000000000000000000, 0.000000000000000000 ) ) ;
#3443 = CARTESIAN_POINT ( 'NONE',  ( 2.980000000000000870, 7.641130724221518733, 3.017654449115059201 ) ) ;
#3444 = PRESENTATION_LAYER_ASSIGNMENT (  '', '', ( #7730 ) ) ;
#3445 =( GEOMETRIC_REPRESENTATION_CONTEXT ( 3 ) GLOBAL_UNCERTAINTY_ASSIGNED_CONTEXT ( ( #1377 ) ) GLOBAL_UNIT_ASSIGNED_CONTEXT ( ( #8382, #3651, #4304 ) ) REPRESENTATION_CONTEXT ( 'NONE', 'WORKASPACE' ) );
#3446 = UNCERTAINTY_MEASURE_WITH_UNIT (LENGTH_MEASURE( 1.000000000000000082E-05 ), #2530, 'distance_accuracy_value', 'NONE');
#3447 = CYLINDRICAL_SURFACE ( 'NONE', #936, 0.8278507393618627086 ) ;
#3448 = ORIENTED_EDGE ( 'NONE', *, *, #2604, .T. ) ;
#3449 = STYLED_ITEM ( 'NONE', ( #2451 ), #4344 ) ;
#3450 = CARTESIAN_POINT ( 'NONE',  ( 10.94655025073975985, 4.336808689942017736E-16, -2.000000000000000000 ) ) ;
#3451 = VECTOR ( 'NONE', #1461, 1000.000000000000000 ) ;
#3452 = COLOUR_RGB ( '',0.2509803921568627416, 0.2509803921568627416, 0.2509803921568627416 ) ;
#3453 = VERTEX_POINT ( 'NONE', #4259 ) ;
#3454 = PRESENTATION_STYLE_ASSIGNMENT (( #869 ) ) ;
#3455 = FACE_BOUND ( 'NONE', #2713, .T. ) ;
#3456 = PRESENTATION_STYLE_ASSIGNMENT (( #7496 ) ) ;
#3457 = VECTOR ( 'NONE', #8640, 1000.000000000000000 ) ;
#3458 = LINE ( 'NONE', #6207, #2841 ) ;
#3459 =( NAMED_UNIT ( * ) SI_UNIT ( $, .STERADIAN. ) SOLID_ANGLE_UNIT ( ) );
#3460 = LINE ( 'NONE', #3553, #4255 ) ;
#3461 = CARTESIAN_POINT ( 'NONE',  ( 1.813148036665242602, 0.000000000000000000, 0.000000000000000000 ) ) ;
#3462 = DIRECTION ( 'NONE',  ( -0.000000000000000000, -0.000000000000000000, 1.000000000000000000 ) ) ;
#3463 = ORIENTED_EDGE ( 'NONE', *, *, #8837, .F. ) ;
#3464 = MECHANICAL_DESIGN_GEOMETRIC_PRESENTATION_REPRESENTATION (  '', ( #3614 ), #5768 ) ;
#3465 = LINE ( 'NONE', #1314, #8538 ) ;
#3466 = PRESENTATION_STYLE_ASSIGNMENT (( #4927 ) ) ;
#3467 = CARTESIAN_POINT ( 'NONE',  ( 0.000000000000000000, -3.000000000000000000, -2.000000000000000000 ) ) ;
#3468 = CARTESIAN_POINT ( 'NONE',  ( 0.2040164599795360190, -4.385197194226567952, 0.5000000000000000000 ) ) ;
#3469 = LINE ( 'NONE', #4080, #6830 ) ;
#3470 = LINE ( 'NONE', #2116, #6107 ) ;
#3471 = CARTESIAN_POINT ( 'NONE',  ( -2.938471846222877826, 0.000000000000000000, 0.1499999999999999944 ) ) ;
#3472 = ORIENTED_EDGE ( 'NONE', *, *, #36, .T. ) ;
#3473 = FACE_OUTER_BOUND ( 'NONE', #4487, .T. ) ;
#3474 = VECTOR ( 'NONE', #350, 1000.000000000000000 ) ;
#3475 = FILL_AREA_STYLE_COLOUR ( '', #3307 ) ;
#3476 = VERTEX_POINT ( 'NONE', #2251 ) ;
#3477 = ORIENTED_EDGE ( 'NONE', *, *, #7959, .T. ) ;
#3478 = ADVANCED_FACE ( 'NONE', ( #4350 ), #7725, .T. ) ;
#3479 = EDGE_CURVE ( 'NONE', #3453, #7047, #7807, .T. ) ;
#3480 = EDGE_CURVE ( 'NONE', #7143, #5200, #5760, .T. ) ;
#3481 = ORIENTED_EDGE ( 'NONE', *, *, #253, .F. ) ;
#3482 = CARTESIAN_POINT ( 'NONE',  ( -2.938471846222877826, 2.803082408881607535, 0.000000000000000000 ) ) ;
#3483 =( LENGTH_UNIT ( ) NAMED_UNIT ( * ) SI_UNIT ( .MILLI., .METRE. ) );
#3484 = DIRECTION ( 'NONE',  ( -0.000000000000000000, -1.000000000000000000, -0.000000000000000000 ) ) ;
#3485 = UNCERTAINTY_MEASURE_WITH_UNIT (LENGTH_MEASURE( 1.000000000000000082E-05 ), #7548, 'distance_accuracy_value', 'NONE');
#3486 = PRESENTATION_STYLE_ASSIGNMENT (( #43 ) ) ;
#3487 = SURFACE_STYLE_FILL_AREA ( #8721 ) ;
#3488 = ORIENTED_EDGE ( 'NONE', *, *, #2691, .T. ) ;
#3489 = LINE ( 'NONE', #6198, #5238 ) ;
#3490 = ORIENTED_EDGE ( 'NONE', *, *, #8229, .T. ) ;
#3491 = UNCERTAINTY_MEASURE_WITH_UNIT (LENGTH_MEASURE( 1.000000000000000082E-05 ), #2764, 'distance_accuracy_value', 'NONE');
#3492 = AXIS2_PLACEMENT_3D ( 'NONE', #1275, #4886, #7600 ) ;
#3493 = VECTOR ( 'NONE', #2087, 1000.000000000000000 ) ;
#3494 = DIRECTION ( 'NONE',  ( 0.000000000000000000, -1.000000000000000000, 0.000000000000000000 ) ) ;
#3495 = CARTESIAN_POINT ( 'NONE',  ( -0.8909452591481796802, -5.367113435607375749, 0.5000000000000000000 ) ) ;
#3496 = DIRECTION ( 'NONE',  ( 0.000000000000000000, 1.000000000000000000, 0.000000000000000000 ) ) ;
#3497 =( NAMED_UNIT ( * ) PLANE_ANGLE_UNIT ( ) SI_UNIT ( $, .RADIAN. ) );
#3498 = AXIS2_PLACEMENT_3D ( 'NONE', #7020, #2146, #8373 ) ;
#3499 = CARTESIAN_POINT ( 'NONE',  ( 2.980000000000000870, 7.641130724221518733, 3.017654449115059201 ) ) ;
#3500 =( GEOMETRIC_REPRESENTATION_CONTEXT ( 3 ) GLOBAL_UNCERTAINTY_ASSIGNED_CONTEXT ( ( #4434 ) ) GLOBAL_UNIT_ASSIGNED_CONTEXT ( ( #4710, #8790, #6774 ) ) REPRESENTATION_CONTEXT ( 'NONE', 'WORKASPACE' ) );
#3501 = MECHANICAL_DESIGN_GEOMETRIC_PRESENTATION_REPRESENTATION (  '', ( #8615 ), #1492 ) ;
#3502 = FACE_OUTER_BOUND ( 'NONE', #4266, .T. ) ;
#3503 = LINE ( 'NONE', #5609, #5972 ) ;
#3504 =( GEOMETRIC_REPRESENTATION_CONTEXT ( 3 ) GLOBAL_UNCERTAINTY_ASSIGNED_CONTEXT ( ( #2606 ) ) GLOBAL_UNIT_ASSIGNED_CONTEXT ( ( #3628, #4952, #1510 ) ) REPRESENTATION_CONTEXT ( 'NONE', 'WORKASPACE' ) );
#3505 = DIRECTION ( 'NONE',  ( 0.000000000000000000, -0.000000000000000000, 1.000000000000000000 ) ) ;
#3507 =( NAMED_UNIT ( * ) PLANE_ANGLE_UNIT ( ) SI_UNIT ( $, .RADIAN. ) );
#3506 = VECTOR ( 'NONE', #5098, 1000.000000000000000 ) ;
#3508 = VERTEX_POINT ( 'NONE', #5668 ) ;
#3509 = CARTESIAN_POINT ( 'NONE',  ( -2.938471846222877826, 2.091446606018390497, 0.1499999999999999944 ) ) ;
#3510 =( GEOMETRIC_REPRESENTATION_CONTEXT ( 3 ) GLOBAL_UNCERTAINTY_ASSIGNED_CONTEXT ( ( #2335 ) ) GLOBAL_UNIT_ASSIGNED_CONTEXT ( ( #6489, #3605, #6358 ) ) REPRESENTATION_CONTEXT ( 'NONE', 'WORKASPACE' ) );
#3511 =( LENGTH_UNIT ( ) NAMED_UNIT ( * ) SI_UNIT ( .MILLI., .METRE. ) );
#3512 = CARTESIAN_POINT ( 'NONE',  ( -3.739999999999999325, 4.826793837766020445, 3.059473063321488606 ) ) ;
#3513 = COLOUR_RGB ( '',1.000000000000000000, 1.000000000000000000, 0.5019607843137254832 ) ;
#3514 =( NAMED_UNIT ( * ) PLANE_ANGLE_UNIT ( ) SI_UNIT ( $, .RADIAN. ) );
#3515 = EDGE_CURVE ( 'NONE', #8256, #4230, #6357, .T. ) ;
#3516 = DIRECTION ( 'NONE',  ( -0.000000000000000000, 0.000000000000000000, 1.000000000000000000 ) ) ;
#3517 =( NAMED_UNIT ( * ) SI_UNIT ( $, .STERADIAN. ) SOLID_ANGLE_UNIT ( ) );
#3518 = DIRECTION ( 'NONE',  ( -0.000000000000000000, -0.000000000000000000, -1.000000000000000000 ) ) ;
#3519 = CARTESIAN_POINT ( 'NONE',  ( 1.252250989393667302, 0.000000000000000000, 0.1499999999999999944 ) ) ;
#3520 = PRESENTATION_LAYER_ASSIGNMENT (  '', '', ( #6401 ) ) ;
#3521 = ORIENTED_EDGE ( 'NONE', *, *, #4001, .T. ) ;
#3522 = PRESENTATION_STYLE_ASSIGNMENT (( #2078 ) ) ;
#3523 = ORIENTED_EDGE ( 'NONE', *, *, #6120, .F. ) ;
#3524 = ORIENTED_EDGE ( 'NONE', *, *, #3543, .F. ) ;
#3525 = CARTESIAN_POINT ( 'NONE',  ( 3.880000000000000782, 3.999999999999999112, 3.017654449115059201 ) ) ;
#3526 = AXIS2_PLACEMENT_3D ( 'NONE', #2463, #6613, #7921 ) ;
#3527 = ORIENTED_EDGE ( 'NONE', *, *, #832, .F. ) ;
#3528 = CARTESIAN_POINT ( 'NONE',  ( 1.813148036665242602, 0.000000000000000000, 0.000000000000000000 ) ) ;
#3529 = EDGE_CURVE ( 'NONE', #3711, #7895, #7116, .T. ) ;
#3530 = FACE_OUTER_BOUND ( 'NONE', #592, .T. ) ;
#3531 = CARTESIAN_POINT ( 'NONE',  ( -6.280000000000000249, 4.826793837766002682, 3.059473063321507258 ) ) ;
#3532 =( GEOMETRIC_REPRESENTATION_CONTEXT ( 3 ) GLOBAL_UNCERTAINTY_ASSIGNED_CONTEXT ( ( #4456 ) ) GLOBAL_UNIT_ASSIGNED_CONTEXT ( ( #6070, #5440, #4298 ) ) REPRESENTATION_CONTEXT ( 'NONE', 'WORKASPACE' ) );
#3533 = FACE_OUTER_BOUND ( 'NONE', #7577, .T. ) ;
#3534 = VECTOR ( 'NONE', #1593, 1000.000000000000000 ) ;
#3535 = ORIENTED_EDGE ( 'NONE', *, *, #6736, .F. ) ;
#3536 = DIRECTION ( 'NONE',  ( 0.000000000000000000, 0.000000000000000000, 1.000000000000000000 ) ) ;
#3537 = EDGE_CURVE ( 'NONE', #7983, #3224, #7161, .T. ) ;
#3538 = PRESENTATION_STYLE_ASSIGNMENT (( #2818 ) ) ;
#3539 = VECTOR ( 'NONE', #1170, 1000.000000000000000 ) ;
#3540 = FACE_OUTER_BOUND ( 'NONE', #600, .T. ) ;
#3541 = VERTEX_POINT ( 'NONE', #8470 ) ;
#3542 =( GEOMETRIC_REPRESENTATION_CONTEXT ( 3 ) GLOBAL_UNCERTAINTY_ASSIGNED_CONTEXT ( ( #3620 ) ) GLOBAL_UNIT_ASSIGNED_CONTEXT ( ( #30, #7604, #1453 ) ) REPRESENTATION_CONTEXT ( 'NONE', 'WORKASPACE' ) );
#3543 = EDGE_CURVE ( 'NONE', #235, #4075, #62, .T. ) ;
#3544 = EDGE_CURVE ( 'NONE', #6696, #8256, #3652, .T. ) ;
#3545 = FACE_OUTER_BOUND ( 'NONE', #1778, .T. ) ;
#3546 = DIRECTION ( 'NONE',  ( -0.000000000000000000, -0.000000000000000000, -1.000000000000000000 ) ) ;
#3547 = LINE ( 'NONE', #6246, #4071 ) ;
#3548 = DIRECTION ( 'NONE',  ( -1.000000000000000000, -4.233068125708002185E-15, 0.000000000000000000 ) ) ;
#3549 = LINE ( 'NONE', #5011, #3865 ) ;
#3550 = LINE ( 'NONE', #5703, #3896 ) ;
#3551 = SURFACE_STYLE_FILL_AREA ( #139 ) ;
#3552 = VECTOR ( 'NONE', #585, 1000.000000000000000 ) ;
#3553 = CARTESIAN_POINT ( 'NONE',  ( -3.739999999999999325, 3.999999999999999112, 2.000000000000000000 ) ) ;
#3554 = SURFACE_STYLE_FILL_AREA ( #6478 ) ;
#3555 = DIRECTION ( 'NONE',  ( 0.000000000000000000, -1.000000000000000000, 0.000000000000000000 ) ) ;
#3556 = DIRECTION ( 'NONE',  ( -1.000000000000000000, -5.219117232937081793E-16, 0.000000000000000000 ) ) ;
#3557 = CARTESIAN_POINT ( 'NONE',  ( 1.041353942122092313, 0.8197776927927701296, 0.1499999999999999944 ) ) ;
#3558 = ORIENTED_EDGE ( 'NONE', *, *, #5093, .F. ) ;
#3559 = CARTESIAN_POINT ( 'NONE',  ( 2.980000000000000870, 4.899999999999998579, 3.017654449115059201 ) ) ;
#3560 = MECHANICAL_DESIGN_GEOMETRIC_PRESENTATION_REPRESENTATION (  '', ( #4010 ), #1261 ) ;
#3561 = CARTESIAN_POINT ( 'NONE',  ( -1.199999999999999734, 7.641130724221518733, 3.884080669685257448 ) ) ;
#3562 = DIRECTION ( 'NONE',  ( -0.000000000000000000, -0.000000000000000000, -1.000000000000000000 ) ) ;
#3563 =( GEOMETRIC_REPRESENTATION_CONTEXT ( 3 ) GLOBAL_UNCERTAINTY_ASSIGNED_CONTEXT ( ( #305 ) ) GLOBAL_UNIT_ASSIGNED_CONTEXT ( ( #5604, #8576, #7347 ) ) REPRESENTATION_CONTEXT ( 'NONE', 'WORKASPACE' ) );
#3564 = SURFACE_SIDE_STYLE ('',( #809 ) ) ;
#3565 = CARTESIAN_POINT ( 'NONE',  ( -5.390576079945590848, 0.000000000000000000, 0.000000000000000000 ) ) ;
#3566 = ORIENTED_EDGE ( 'NONE', *, *, #3296, .F. ) ;
#3567 = VERTEX_POINT ( 'NONE', #2972 ) ;
#3568 = DIRECTION ( 'NONE',  ( -0.000000000000000000, -0.000000000000000000, -1.000000000000000000 ) ) ;
#3569 = CARTESIAN_POINT ( 'NONE',  ( 2.980000000000000870, 4.899999999999998579, 2.000000000000000000 ) ) ;
#3570 = EDGE_LOOP ( 'NONE', ( #2623, #2895, #4357, #7358 ) ) ;
#3571 = DIRECTION ( 'NONE',  ( 2.231762095060381305E-16, -1.000000000000000000, 0.000000000000000000 ) ) ;
#3572 = SURFACE_STYLE_USAGE ( .BOTH. , #3618 ) ;
#3573 = PLANE ( 'NONE',  #4802 ) ;
#3574 = VERTEX_POINT ( 'NONE', #6309 ) ;
#3575 = VECTOR ( 'NONE', #6084, 1000.000000000000000 ) ;
#3576 =( NAMED_UNIT ( * ) SI_UNIT ( $, .STERADIAN. ) SOLID_ANGLE_UNIT ( ) );
#3577 = ORIENTED_EDGE ( 'NONE', *, *, #3386, .F. ) ;
#3578 = LINE ( 'NONE', #5693, #1228 ) ;
#3579 = LINE ( 'NONE', #5599, #75 ) ;
#3580 = FACE_OUTER_BOUND ( 'NONE', #4451, .T. ) ;
#3581 = EDGE_LOOP ( 'NONE', ( #2948, #3871, #3839, #4756 ) ) ;
#3582 =( GEOMETRIC_REPRESENTATION_CONTEXT ( 3 ) GLOBAL_UNCERTAINTY_ASSIGNED_CONTEXT ( ( #1425 ) ) GLOBAL_UNIT_ASSIGNED_CONTEXT ( ( #83, #124, #3576 ) ) REPRESENTATION_CONTEXT ( 'NONE', 'WORKASPACE' ) );
#3583 = VECTOR ( 'NONE', #2303, 1000.000000000000000 ) ;
#3584 = MECHANICAL_DESIGN_GEOMETRIC_PRESENTATION_REPRESENTATION (  '', ( #5182 ), #3020 ) ;
#3585 = PLANE ( 'NONE',  #681 ) ;
#3586 = DIRECTION ( 'NONE',  ( 0.000000000000000000, 1.000000000000000000, -0.000000000000000000 ) ) ;
#3587 = ADVANCED_FACE ( 'NONE', ( #3750 ), #1486, .T. ) ;
#3588 = EDGE_CURVE ( 'NONE', #8450, #8213, #5982, .T. ) ;
#3589 = SURFACE_STYLE_USAGE ( .BOTH. , #3092 ) ;
#3590 = STYLED_ITEM ( 'NONE', ( #7643 ), #4492 ) ;
#3591 = ADVANCED_FACE ( 'NONE', ( #1041 ), #3791, .T. ) ;
#3592 = CARTESIAN_POINT ( 'NONE',  ( 1.340000000000000080, 4.899999999999998579, 3.017654449115059201 ) ) ;
#3593 = PLANE ( 'NONE',  #6083 ) ;
#3594 = DIRECTION ( 'NONE',  ( 0.000000000000000000, 1.000000000000000000, 0.000000000000000000 ) ) ;
#3595 = CARTESIAN_POINT ( 'NONE',  ( 1.252250989393667302, 1.319777692792770019, 0.1499999999999999944 ) ) ;
#3596 = CARTESIAN_POINT ( 'NONE',  ( -8.000000000000000000, -6.100000000000000533, 0.000000000000000000 ) ) ;
#3597 = DIRECTION ( 'NONE',  ( -1.000000000000000000, 0.000000000000000000, 0.000000000000000000 ) ) ;
#3598 = PRESENTATION_STYLE_ASSIGNMENT (( #7798 ) ) ;
#3599 = EDGE_LOOP ( 'NONE', ( #2009, #2761, #8652, #3630 ) ) ;
#3600 = VECTOR ( 'NONE', #5988, 1000.000000000000000 ) ;
#3601 = LINE ( 'NONE', #6400, #7617 ) ;
#3602 = DIRECTION ( 'NONE',  ( 0.000000000000000000, 1.000000000000000000, 0.000000000000000000 ) ) ;
#3603 = DIRECTION ( 'NONE',  ( 1.000000000000000000, -0.000000000000000000, -0.000000000000000000 ) ) ;
#3604 = CARTESIAN_POINT ( 'NONE',  ( -1.280492736483534344, -6.199332934692037739E-16, 0.1499999999999999944 ) ) ;
#3605 =( NAMED_UNIT ( * ) PLANE_ANGLE_UNIT ( ) SI_UNIT ( $, .RADIAN. ) );
#3606 = PLANE ( 'NONE',  #3951 ) ;
#3607 = LINE ( 'NONE', #284, #8086 ) ;
#3608 = PLANE ( 'NONE',  #801 ) ;
#3609 = DIRECTION ( 'NONE',  ( 0.000000000000000000, -1.000000000000000000, 0.000000000000000000 ) ) ;
#3610 =( LENGTH_UNIT ( ) NAMED_UNIT ( * ) SI_UNIT ( .MILLI., .METRE. ) );
#3611 = SURFACE_STYLE_USAGE ( .BOTH. , #249 ) ;
#3612 = ORIENTED_EDGE ( 'NONE', *, *, #7435, .F. ) ;
#3613 = ORIENTED_EDGE ( 'NONE', *, *, #6158, .T. ) ;
#3614 = STYLED_ITEM ( 'NONE', ( #479 ), #1919 ) ;
#3615 = SURFACE_STYLE_FILL_AREA ( #1536 ) ;
#3616 = ORIENTED_EDGE ( 'NONE', *, *, #6061, .F. ) ;
#3617 = DIRECTION ( 'NONE',  ( 0.000000000000000000, 1.000000000000000000, -0.000000000000000000 ) ) ;
#3618 = SURFACE_SIDE_STYLE ('',( #7613 ) ) ;
#3619 = CARTESIAN_POINT ( 'NONE',  ( 0.4913539421220920467, 0.8197776927927701296, 0.000000000000000000 ) ) ;
#3620 = UNCERTAINTY_MEASURE_WITH_UNIT (LENGTH_MEASURE( 1.000000000000000082E-05 ), #30, 'distance_accuracy_value', 'NONE');
#3621 = CIRCLE ( 'NONE', #2464, 0.5702963728963384993 ) ;
#3622 =( NAMED_UNIT ( * ) SI_UNIT ( $, .STERADIAN. ) SOLID_ANGLE_UNIT ( ) );
#3623 = ORIENTED_EDGE ( 'NONE', *, *, #8285, .T. ) ;
#3624 = SURFACE_SIDE_STYLE ('',( #8307 ) ) ;
#3625 = DIRECTION ( 'NONE',  ( 4.841365169877129885E-16, -1.000000000000000000, 0.000000000000000000 ) ) ;
#3626 = ORIENTED_EDGE ( 'NONE', *, *, #5569, .F. ) ;
#3627 = FACE_OUTER_BOUND ( 'NONE', #6689, .T. ) ;
#3628 =( LENGTH_UNIT ( ) NAMED_UNIT ( * ) SI_UNIT ( .MILLI., .METRE. ) );
#3629 =( NAMED_UNIT ( * ) SI_UNIT ( $, .STERADIAN. ) SOLID_ANGLE_UNIT ( ) );
#3630 = ORIENTED_EDGE ( 'NONE', *, *, #4279, .F. ) ;
#3631 = FILL_AREA_STYLE ('',( #7015 ) ) ;
#3632 = CARTESIAN_POINT ( 'NONE',  ( 2.980000000000000870, 3.999999999999999112, 3.017654449115059201 ) ) ;
#3633 = FACE_BOUND ( 'NONE', #5102, .T. ) ;
#3635 = CARTESIAN_POINT ( 'NONE',  ( -0.3909452591481796802, -5.356808079531231392, 0.5000000000000000000 ) ) ;
#3634 = VECTOR ( 'NONE', #2023, 1000.000000000000000 ) ;
#3636 = DIRECTION ( 'NONE',  ( -1.000000000000000000, -4.233068125707992719E-15, 0.000000000000000000 ) ) ;
#3637 = CARTESIAN_POINT ( 'NONE',  ( 0.000000000000000000, -0.8913831919116188551, 0.000000000000000000 ) ) ;
#3638 = DIRECTION ( 'NONE',  ( 0.000000000000000000, -1.000000000000000000, -0.000000000000000000 ) ) ;
#3639 = DIRECTION ( 'NONE',  ( 0.000000000000000000, 0.000000000000000000, 1.000000000000000000 ) ) ;
#3640 = FILL_AREA_STYLE ('',( #4510 ) ) ;
#3641 = PLANE ( 'NONE',  #7661 ) ;
#3642 = ORIENTED_EDGE ( 'NONE', *, *, #5198, .F. ) ;
#3643 = ADVANCED_FACE ( 'NONE', ( #7844 ), #1842, .F. ) ;
#3644 = EDGE_CURVE ( 'NONE', #7770, #4634, #7288, .T. ) ;
#3645 = CARTESIAN_POINT ( 'NONE',  ( 7.500000000000000000, 5.728180208693597564, 2.000000000000000000 ) ) ;
#3646 = EDGE_CURVE ( 'NONE', #4230, #5089, #7930, .T. ) ;
#3647 = PRESENTATION_LAYER_ASSIGNMENT (  '', '', ( #2643 ) ) ;
#3648 = PLANE ( 'NONE',  #2112 ) ;
#3649 = COLOUR_RGB ( '',1.000000000000000000, 1.000000000000000000, 1.000000000000000000 ) ;
#3650 = VECTOR ( 'NONE', #8684, 1000.000000000000000 ) ;
#3651 =( NAMED_UNIT ( * ) PLANE_ANGLE_UNIT ( ) SI_UNIT ( $, .RADIAN. ) );
#3652 = LINE ( 'NONE', #3561, #2780 ) ;
#3653 = CYLINDRICAL_SURFACE ( 'NONE', #2657, 2.000000000000000000 ) ;
#3654 =( NAMED_UNIT ( * ) PLANE_ANGLE_UNIT ( ) SI_UNIT ( $, .RADIAN. ) );
#3655 = CARTESIAN_POINT ( 'NONE',  ( 6.948636131094521495, -5.267066187369637831, 0.1000000000000002554 ) ) ;
#3656 = AXIS2_PLACEMENT_3D ( 'NONE', #3450, #127, #2857 ) ;
#3657 = AXIS2_PLACEMENT_3D ( 'NONE', #3742, #3639, #1698 ) ;
#3658 = LINE ( 'NONE', #2342, #8666 ) ;
#3659 = PRESENTATION_LAYER_ASSIGNMENT (  '', '', ( #2930 ) ) ;
#3660 = CARTESIAN_POINT ( 'NONE',  ( -8.000000000000000000, 6.099999999999998757, 0.000000000000000000 ) ) ;
#3661 = EDGE_CURVE ( 'NONE', #293, #3440, #449, .T. ) ;
#3662 = VECTOR ( 'NONE', #5356, 1000.000000000000000 ) ;
#3663 = EDGE_CURVE ( 'NONE', #3254, #5979, #5151, .T. ) ;
#3664 =( NAMED_UNIT ( * ) PLANE_ANGLE_UNIT ( ) SI_UNIT ( $, .RADIAN. ) );
#3665 = ORIENTED_EDGE ( 'NONE', *, *, #8546, .T. ) ;
#3666 = ORIENTED_EDGE ( 'NONE', *, *, #6890, .T. ) ;
#3667 = DIRECTION ( 'NONE',  ( -1.000000000000000000, -0.000000000000000000, -0.000000000000000000 ) ) ;
#3668 = AXIS2_PLACEMENT_3D ( 'NONE', #7910, #6600, #1821 ) ;
#3669 = PRESENTATION_LAYER_ASSIGNMENT (  '', '', ( #1506 ) ) ;
#3670 = SURFACE_STYLE_FILL_AREA ( #7773 ) ;
#3671 = ORIENTED_EDGE ( 'NONE', *, *, #1395, .F. ) ;
#3672 = CARTESIAN_POINT ( 'NONE',  ( -3.138471846222877559, 0.5500754429267868950, 0.000000000000000000 ) ) ;
#3673 = DIRECTION ( 'NONE',  ( -1.000000000000000000, 0.000000000000000000, -0.000000000000000000 ) ) ;
#3674 = CARTESIAN_POINT ( 'NONE',  ( -1.282828802210860042, -3.005484622322586841, -3.000000000000000000 ) ) ;
#3675 =( GEOMETRIC_REPRESENTATION_CONTEXT ( 3 ) GLOBAL_UNCERTAINTY_ASSIGNED_CONTEXT ( ( #8218 ) ) GLOBAL_UNIT_ASSIGNED_CONTEXT ( ( #4694, #7890, #7932 ) ) REPRESENTATION_CONTEXT ( 'NONE', 'WORKASPACE' ) );
#3676 = SURFACE_STYLE_FILL_AREA ( #6549 ) ;
#3677 = VERTEX_POINT ( 'NONE', #2394 ) ;
#3678 = AXIS2_PLACEMENT_3D ( 'NONE', #1108, #3381, #6762 ) ;
#3679 = PRESENTATION_STYLE_ASSIGNMENT (( #871 ) ) ;
#3680 = ORIENTED_EDGE ( 'NONE', *, *, #6349, .F. ) ;
#3681 = AXIS2_PLACEMENT_3D ( 'NONE', #2242, #3638, #318 ) ;
#3682 = FACE_OUTER_BOUND ( 'NONE', #8479, .T. ) ;
#3683 =( LENGTH_UNIT ( ) NAMED_UNIT ( * ) SI_UNIT ( .MILLI., .METRE. ) );
#3684 = VERTEX_POINT ( 'NONE', #3885 ) ;
#3685 = VECTOR ( 'NONE', #2515, 1000.000000000000000 ) ;
#3686 = STYLED_ITEM ( 'NONE', ( #5345 ), #7014 ) ;
#3687 = LINE ( 'NONE', #5049, #7528 ) ;
#3688 = VECTOR ( 'NONE', #2744, 1000.000000000000000 ) ;
#3689 = ORIENTED_EDGE ( 'NONE', *, *, #2389, .T. ) ;
#3690 =( NAMED_UNIT ( * ) PLANE_ANGLE_UNIT ( ) SI_UNIT ( $, .RADIAN. ) );
#3691 = ADVANCED_FACE ( 'NONE', ( #1748 ), #8513, .F. ) ;
#3692 = CARTESIAN_POINT ( 'NONE',  ( 1.340000000000000080, 3.999999999999999112, 3.017654449115059201 ) ) ;
#3693 = AXIS2_PLACEMENT_3D ( 'NONE', #3119, #8554, #902 ) ;
#3694 = DIRECTION ( 'NONE',  ( -1.000000000000000000, 0.000000000000000000, -0.000000000000000000 ) ) ;
#3695 = CARTESIAN_POINT ( 'NONE',  ( 0.000000000000000000, 3.000000000000000000, 0.000000000000000000 ) ) ;
#3696 = CARTESIAN_POINT ( 'NONE',  ( 1.340000000000000080, 4.826793837766004458, 3.059473063321505482 ) ) ;
#3697 = SURFACE_STYLE_USAGE ( .BOTH. , #889 ) ;
#3698 = CARTESIAN_POINT ( 'NONE',  ( 2.163148036665242469, -0.8913831919116188551, 0.1499999999999999944 ) ) ;
#3699 = VERTEX_POINT ( 'NONE', #7888 ) ;
#3700 = UNCERTAINTY_MEASURE_WITH_UNIT (LENGTH_MEASURE( 1.000000000000000082E-05 ), #5669, 'distance_accuracy_value', 'NONE');
#3701 = DIRECTION ( 'NONE',  ( -1.000000000000000000, 0.000000000000000000, 0.000000000000000000 ) ) ;
#3702 = STYLED_ITEM ( 'NONE', ( #7985 ), #3265 ) ;
#3703 = CARTESIAN_POINT ( 'NONE',  ( 0.000000000000000000, 0.000000000000000000, 0.1499999999999999944 ) ) ;
#3704 = DIRECTION ( 'NONE',  ( -0.000000000000000000, -1.000000000000000000, -0.000000000000000000 ) ) ;
#3705 = DIRECTION ( 'NONE',  ( 0.000000000000000000, -0.000000000000000000, -1.000000000000000000 ) ) ;
#3706 = CARTESIAN_POINT ( 'NONE',  ( 13.94655025073976162, -1.000000000000000000, -2.000000000000000000 ) ) ;
#3707 = DIRECTION ( 'NONE',  ( -1.000000000000000000, -0.000000000000000000, -0.000000000000000000 ) ) ;
#3708 = EDGE_CURVE ( 'NONE', #1191, #5302, #5275, .T. ) ;
#3709 = SURFACE_STYLE_USAGE ( .BOTH. , #8387 ) ;
#3710 = SURFACE_SIDE_STYLE ('',( #3071 ) ) ;
#3711 = VERTEX_POINT ( 'NONE', #4516 ) ;
#3712 = ORIENTED_EDGE ( 'NONE', *, *, #2604, .F. ) ;
#3713 = SURFACE_STYLE_USAGE ( .BOTH. , #6498 ) ;
#3714 = EDGE_LOOP ( 'NONE', ( #1195, #7471, #1048, #2595 ) ) ;
#3715 = VECTOR ( 'NONE', #8370, 1000.000000000000000 ) ;
#3716 = EDGE_CURVE ( 'NONE', #6197, #8689, #6583, .T. ) ;
#3717 =( NAMED_UNIT ( * ) PLANE_ANGLE_UNIT ( ) SI_UNIT ( $, .RADIAN. ) );
#3718 = SURFACE_SIDE_STYLE ('',( #4407 ) ) ;
#3719 = UNCERTAINTY_MEASURE_WITH_UNIT (LENGTH_MEASURE( 1.000000000000000082E-05 ), #6913, 'distance_accuracy_value', 'NONE');
#3720 = ADVANCED_FACE ( 'NONE', ( #4645 ), #6712, .T. ) ;
#3721 = CARTESIAN_POINT ( 'NONE',  ( 3.043598800306982154E-17, 0.2332654097976015750, 0.1499999999999999944 ) ) ;
#3722 = ORIENTED_EDGE ( 'NONE', *, *, #3943, .F. ) ;
#3723 = FILL_AREA_STYLE_COLOUR ( '', #2669 ) ;
#3724 = DIRECTION ( 'NONE',  ( -1.000000000000000000, 0.000000000000000000, 0.000000000000000000 ) ) ;
#3725 = VERTEX_POINT ( 'NONE', #8302 ) ;
#3726 = UNCERTAINTY_MEASURE_WITH_UNIT (LENGTH_MEASURE( 1.000000000000000082E-05 ), #3441, 'distance_accuracy_value', 'NONE');
#3727 =( NAMED_UNIT ( * ) PLANE_ANGLE_UNIT ( ) SI_UNIT ( $, .RADIAN. ) );
#3728 = VECTOR ( 'NONE', #3571, 1000.000000000000000 ) ;
#3729 = DIRECTION ( 'NONE',  ( -1.000000000000000000, 0.000000000000000000, 6.672013369141570542E-15 ) ) ;
#3730 = EDGE_LOOP ( 'NONE', ( #1954, #1640, #1937, #6183 ) ) ;
#3731 = VECTOR ( 'NONE', #3297, 1000.000000000000000 ) ;
#3732 = DIRECTION ( 'NONE',  ( -1.000000000000000000, -1.267143614600721018E-16, 0.000000000000000000 ) ) ;
#3733 =( LENGTH_UNIT ( ) NAMED_UNIT ( * ) SI_UNIT ( .MILLI., .METRE. ) );
#3734 = EDGE_LOOP ( 'NONE', ( #5501, #7201, #4971, #4593 ) ) ;
#3735 = CARTESIAN_POINT ( 'NONE',  ( 4.650921065566159918, 0.1761656672350274677, 0.000000000000000000 ) ) ;
#3736 = VECTOR ( 'NONE', #2826, 1000.000000000000000 ) ;
#3737 = PLANE ( 'NONE',  #7624 ) ;
#3738 = DIRECTION ( 'NONE',  ( 1.000000000000000000, 0.000000000000000000, 0.000000000000000000 ) ) ;
#3739 = VECTOR ( 'NONE', #5559, 1000.000000000000000 ) ;
#3740 = VECTOR ( 'NONE', #6185, 1000.000000000000000 ) ;
#3741 = VECTOR ( 'NONE', #138, 1000.000000000000000 ) ;
#3742 = CARTESIAN_POINT ( 'NONE',  ( 1.340000000000000080, 7.641130724221518733, 3.884080669685257448 ) ) ;
#3743 = CARTESIAN_POINT ( 'NONE',  ( -2.099999999999999645, 4.826793837766005346, 3.059473063321504593 ) ) ;
#3744 = ORIENTED_EDGE ( 'NONE', *, *, #3515, .T. ) ;
#3745 = CARTESIAN_POINT ( 'NONE',  ( 2.648125170278138540, -1.722655820111723246, -3.000000000000000000 ) ) ;
#3746 = PRESENTATION_LAYER_ASSIGNMENT (  '', '', ( #2593 ) ) ;
#3747 = AXIS2_PLACEMENT_3D ( 'NONE', #3781, #3873, #3829 ) ;
#3748 = AXIS2_PLACEMENT_3D ( 'NONE', #4898, #5632, #6276 ) ;
#3749 = DIRECTION ( 'NONE',  ( -1.267143614600721018E-16, 1.000000000000000000, -0.000000000000000000 ) ) ;
#3750 = FACE_OUTER_BOUND ( 'NONE', #6829, .T. ) ;
#3751 = CARTESIAN_POINT ( 'NONE',  ( -2.424791468256499006E-16, -0.3913831919116180225, 0.1499999999999999944 ) ) ;
#3752 =( NAMED_UNIT ( * ) SI_UNIT ( $, .STERADIAN. ) SOLID_ANGLE_UNIT ( ) );
#3753 = CIRCLE ( 'NONE', #8725, 0.2145018023815153663 ) ;
#3754 = CARTESIAN_POINT ( 'NONE',  ( 0.000000000000000000, 0.000000000000000000, -2.000000000000000000 ) ) ;
#3755 = DIRECTION ( 'NONE',  ( -1.000000000000000000, -0.000000000000000000, -0.000000000000000000 ) ) ;
#3756 = ORIENTED_EDGE ( 'NONE', *, *, #842, .T. ) ;
#3757 = ORIENTED_EDGE ( 'NONE', *, *, #4329, .F. ) ;
#3758 = FILL_AREA_STYLE_COLOUR ( '', #1000 ) ;
#3759 = DIRECTION ( 'NONE',  ( -6.672013369141570542E-15, -0.000000000000000000, -1.000000000000000000 ) ) ;
#3760 = AXIS2_PLACEMENT_3D ( 'NONE', #2879, #1573, #1703 ) ;
#3761 = EDGE_LOOP ( 'NONE', ( #397, #2679, #2531, #4614 ) ) ;
#3762 = CARTESIAN_POINT ( 'NONE',  ( 3.880000000000000782, 3.999999999999999112, 2.000000000000000000 ) ) ;
#3763 = DIRECTION ( 'NONE',  ( 1.000000000000000000, 0.000000000000000000, 0.000000000000000000 ) ) ;
#3764 = CARTESIAN_POINT ( 'NONE',  ( -1.480492736483534744, 0.5500754429267872281, 0.1499999999999999944 ) ) ;
#3765 = UNCERTAINTY_MEASURE_WITH_UNIT (LENGTH_MEASURE( 1.000000000000000082E-05 ), #3099, 'distance_accuracy_value', 'NONE');
#3766 =( LENGTH_UNIT ( ) NAMED_UNIT ( * ) SI_UNIT ( .MILLI., .METRE. ) );
#3767 = ORIENTED_EDGE ( 'NONE', *, *, #6853, .T. ) ;
#3768 = ADVANCED_FACE ( 'NONE', ( #4358 ), #6419, .F. ) ;
#3769 =( NAMED_UNIT ( * ) PLANE_ANGLE_UNIT ( ) SI_UNIT ( $, .RADIAN. ) );
#3770 = ORIENTED_EDGE ( 'NONE', *, *, #6624, .F. ) ;
#3771 = DIRECTION ( 'NONE',  ( -0.000000000000000000, 0.000000000000000000, 1.000000000000000000 ) ) ;
#3772 = EDGE_CURVE ( 'NONE', #4086, #7302, #2305, .T. ) ;
#3773 = ADVANCED_FACE ( 'NONE', ( #4452 ), #2350, .T. ) ;
#3774 = EDGE_CURVE ( 'NONE', #7140, #3216, #4941, .T. ) ;
#3775 = DIRECTION ( 'NONE',  ( -0.000000000000000000, -0.000000000000000000, 1.000000000000000000 ) ) ;
#3776 = VERTEX_POINT ( 'NONE', #2216 ) ;
#3777 = CIRCLE ( 'NONE', #2026, 0.6499999999999995781 ) ;
#3778 = CARTESIAN_POINT ( 'NONE',  ( -2.938471846222877826, 2.803082408881607535, 0.4000000000000000222 ) ) ;
#3779 = PRODUCT_CONTEXT ( 'NONE', #8469, 'mechanical' ) ;
#3780 = ORIENTED_EDGE ( 'NONE', *, *, #7992, .F. ) ;
#3781 = CARTESIAN_POINT ( 'NONE',  ( -4.639999999999998792, 3.999999999999999112, 3.017654449115059201 ) ) ;
#3782 = CARTESIAN_POINT ( 'NONE',  ( 0.000000000000000000, -3.000000000000000000, 0.000000000000000000 ) ) ;
#3783 = SURFACE_SIDE_STYLE ('',( #3108 ) ) ;
#3784 = CARTESIAN_POINT ( 'NONE',  ( 8.000000000000000000, 6.099999999999998757, -2.000000000000000000 ) ) ;
#3785 = EDGE_LOOP ( 'NONE', ( #5563, #1185, #6164, #2455 ) ) ;
#3786 = CIRCLE ( 'NONE', #605, 0.2145018023815153663 ) ;
#3787 = CARTESIAN_POINT ( 'NONE',  ( 7.500000000000000000, 3.728180208693597120, 2.000000000000000000 ) ) ;
#3788 = MECHANICAL_DESIGN_GEOMETRIC_PRESENTATION_REPRESENTATION (  '', ( #6515 ), #5638 ) ;
#3789 = CARTESIAN_POINT ( 'NONE',  ( 5.520000000000001350, 4.899999999999998579, 3.017654449115059201 ) ) ;
#3790 = LINE ( 'NONE', #3022, #2860 ) ;
#3791 = PLANE ( 'NONE',  #4517 ) ;
#3792 = DIRECTION ( 'NONE',  ( -0.000000000000000000, -0.000000000000000000, -1.000000000000000000 ) ) ;
#3793 = AXIS2_PLACEMENT_3D ( 'NONE', #4438, #6487, #2922 ) ;
#3794 = CARTESIAN_POINT ( 'NONE',  ( 3.436010026804369399, -0.9211733355175579785, 0.000000000000000000 ) ) ;
#3795 = AXIS2_PLACEMENT_3D ( 'NONE', #7853, #5764, #329 ) ;
#3796 = FILL_AREA_STYLE ('',( #4484 ) ) ;
#3797 = FACE_OUTER_BOUND ( 'NONE', #1734, .T. ) ;
#3798 = SURFACE_STYLE_FILL_AREA ( #1047 ) ;
#3799 = ORIENTED_EDGE ( 'NONE', *, *, #557, .F. ) ;
#3800 = ORIENTED_EDGE ( 'NONE', *, *, #259, .T. ) ;
#3801 = COLOUR_RGB ( '',0.7529411764705882248, 0.000000000000000000, 0.7529411764705882248 ) ;
#3802 = ADVANCED_FACE ( 'NONE', ( #4988 ), #2344, .T. ) ;
#3803 = COLOUR_RGB ( '',0.7529411764705882248, 0.000000000000000000, 0.7529411764705882248 ) ;
#3804 = ORIENTED_EDGE ( 'NONE', *, *, #8063, .F. ) ;
#3805 = CARTESIAN_POINT ( 'NONE',  ( -1.480492736483535188, 2.544545736534499891, 0.1500000000000000222 ) ) ;
#3806 = SURFACE_STYLE_USAGE ( .BOTH. , #7821 ) ;
#3807 =( GEOMETRIC_REPRESENTATION_CONTEXT ( 3 ) GLOBAL_UNCERTAINTY_ASSIGNED_CONTEXT ( ( #8425 ) ) GLOBAL_UNIT_ASSIGNED_CONTEXT ( ( #4929, #765, #2159 ) ) REPRESENTATION_CONTEXT ( 'NONE', 'WORKASPACE' ) );
#3808 = VECTOR ( 'NONE', #2288, 1000.000000000000000 ) ;
#3809 = ORIENTED_EDGE ( 'NONE', *, *, #4987, .T. ) ;
#3810 = FILL_AREA_STYLE ('',( #1057 ) ) ;
#3811 = MECHANICAL_DESIGN_GEOMETRIC_PRESENTATION_REPRESENTATION (  '', ( #6395 ), #930 ) ;
#3812 = CARTESIAN_POINT ( 'NONE',  ( 0.000000000000000000, 0.000000000000000000, 0.4000000000000000222 ) ) ;
#3813 = ORIENTED_EDGE ( 'NONE', *, *, #6571, .T. ) ;
#3814 =( LENGTH_UNIT ( ) NAMED_UNIT ( * ) SI_UNIT ( .MILLI., .METRE. ) );
#3815 = COLOUR_RGB ( '',0.7529411764705882248, 0.000000000000000000, 0.7529411764705882248 ) ;
#3816 = DIRECTION ( 'NONE',  ( 1.000000000000000000, -0.000000000000000000, -0.000000000000000000 ) ) ;
#3817 = EDGE_CURVE ( 'NONE', #3476, #3121, #5027, .T. ) ;
#3818 = VECTOR ( 'NONE', #5066, 1000.000000000000000 ) ;
#3819 = ORIENTED_EDGE ( 'NONE', *, *, #5461, .F. ) ;
#3820 = SURFACE_STYLE_USAGE ( .BOTH. , #1065 ) ;
#3821 = LINE ( 'NONE', #5592, #3493 ) ;
#3822 =( GEOMETRIC_REPRESENTATION_CONTEXT ( 3 ) GLOBAL_UNCERTAINTY_ASSIGNED_CONTEXT ( ( #2355 ) ) GLOBAL_UNIT_ASSIGNED_CONTEXT ( ( #6147, #8806, #7440 ) ) REPRESENTATION_CONTEXT ( 'NONE', 'WORKASPACE' ) );
#3823 = LINE ( 'NONE', #7963, #4268 ) ;
#3824 = EDGE_CURVE ( 'NONE', #8363, #8015, #5717, .T. ) ;
#3825 = ORIENTED_EDGE ( 'NONE', *, *, #6457, .F. ) ;
#3826 = ORIENTED_EDGE ( 'NONE', *, *, #4212, .F. ) ;
#3827 = SURFACE_SIDE_STYLE ('',( #1078 ) ) ;
#3828 =( GEOMETRIC_REPRESENTATION_CONTEXT ( 3 ) GLOBAL_UNCERTAINTY_ASSIGNED_CONTEXT ( ( #7740 ) ) GLOBAL_UNIT_ASSIGNED_CONTEXT ( ( #942, #7796, #5143 ) ) REPRESENTATION_CONTEXT ( 'NONE', 'WORKASPACE' ) );
#3829 = DIRECTION ( 'NONE',  ( 0.000000000000000000, -0.000000000000000000, 1.000000000000000000 ) ) ;
#3830 = UNCERTAINTY_MEASURE_WITH_UNIT (LENGTH_MEASURE( 1.000000000000000082E-05 ), #3257, 'distance_accuracy_value', 'NONE');
#3831 = EDGE_CURVE ( 'NONE', #5491, #2097, #2206, .T. ) ;
#3832 = MECHANICAL_DESIGN_GEOMETRIC_PRESENTATION_REPRESENTATION (  '', ( #7257 ), #1795 ) ;
#3833 = EDGE_CURVE ( 'NONE', #4664, #4086, #2888, .T. ) ;
#3834 = DIRECTION ( 'NONE',  ( 0.000000000000000000, 0.000000000000000000, -1.000000000000000000 ) ) ;
#3835 = MECHANICAL_DESIGN_GEOMETRIC_PRESENTATION_REPRESENTATION (  '', ( #6417 ), #6846 ) ;
#3836 = LINE ( 'NONE', #7230, #2788 ) ;
#3837 = FILL_AREA_STYLE_COLOUR ( '', #8239 ) ;
#3838 = CARTESIAN_POINT ( 'NONE',  ( -1.480492736483535188, 2.803082408881607535, 0.000000000000000000 ) ) ;
#3839 = ORIENTED_EDGE ( 'NONE', *, *, #4167, .T. ) ;
#3840 = AXIS2_PLACEMENT_3D ( 'NONE', #300, #5776, #8484 ) ;
#3841 = VECTOR ( 'NONE', #7535, 1000.000000000000000 ) ;
#3842 = FILL_AREA_STYLE ('',( #1174 ) ) ;
#3843 = FILL_AREA_STYLE ('',( #6021 ) ) ;
#3844 = CARTESIAN_POINT ( 'NONE',  ( -2.938471846222877826, 0.9979665374599516747, 0.1499999999999999944 ) ) ;
#3845 =( NAMED_UNIT ( * ) SI_UNIT ( $, .STERADIAN. ) SOLID_ANGLE_UNIT ( ) );
#3846 = CIRCLE ( 'NONE', #667, 0.5702963728963384993 ) ;
#3847 = FACE_OUTER_BOUND ( 'NONE', #2111, .T. ) ;
#3848 =( NAMED_UNIT ( * ) PLANE_ANGLE_UNIT ( ) SI_UNIT ( $, .RADIAN. ) );
#3849 = PRESENTATION_STYLE_ASSIGNMENT (( #2475 ) ) ;
#3850 = ORIENTED_EDGE ( 'NONE', *, *, #1237, .T. ) ;
#3851 = FILL_AREA_STYLE ('',( #8558 ) ) ;
#3852 = ORIENTED_EDGE ( 'NONE', *, *, #4585, .T. ) ;
#3853 = VERTEX_POINT ( 'NONE', #5070 ) ;
#3854 = LINE ( 'NONE', #1101, #5148 ) ;
#3855 = VERTEX_POINT ( 'NONE', #7728 ) ;
#3856 = CARTESIAN_POINT ( 'NONE',  ( -3.143373282304380290, 2.091446606018389609, 0.000000000000000000 ) ) ;
#3857 = FILL_AREA_STYLE ('',( #5121 ) ) ;
#3858 = COLOUR_RGB ( '',1.000000000000000000, 1.000000000000000000, 1.000000000000000000 ) ;
#3859 = SURFACE_SIDE_STYLE ('',( #3676 ) ) ;
#3860 = VERTEX_POINT ( 'NONE', #6314 ) ;
#3861 = CARTESIAN_POINT ( 'NONE',  ( -1.485906978275890911, -5.367113435607375749, 0.000000000000000000 ) ) ;
#3862 = ORIENTED_EDGE ( 'NONE', *, *, #2215, .T. ) ;
#3863 = DIRECTION ( 'NONE',  ( 0.000000000000000000, -0.000000000000000000, 1.000000000000000000 ) ) ;
#3864 =( NAMED_UNIT ( * ) SI_UNIT ( $, .STERADIAN. ) SOLID_ANGLE_UNIT ( ) );
#3865 = VECTOR ( 'NONE', #7627, 1000.000000000000000 ) ;
#3866 = VERTEX_POINT ( 'NONE', #5623 ) ;
#3867 = LINE ( 'NONE', #6603, #1269 ) ;
#3868 = DIRECTION ( 'NONE',  ( 0.000000000000000000, 0.000000000000000000, -1.000000000000000000 ) ) ;
#3869 = VECTOR ( 'NONE', #7957, 1000.000000000000000 ) ;
#3870 = CARTESIAN_POINT ( 'NONE',  ( 6.420000000000000817, 3.999999999999999112, 3.017654449115060089 ) ) ;
#3871 = ORIENTED_EDGE ( 'NONE', *, *, #6464, .F. ) ;
#3872 = ORIENTED_EDGE ( 'NONE', *, *, #5624, .T. ) ;
#3873 = DIRECTION ( 'NONE',  ( 0.000000000000000000, 1.000000000000000000, 0.000000000000000000 ) ) ;
#3874 = PRESENTATION_STYLE_ASSIGNMENT (( #2465 ) ) ;
#3875 = CARTESIAN_POINT ( 'NONE',  ( -5.285226492385886488, 0.000000000000000000, 0.000000000000000000 ) ) ;
#3876 =( LENGTH_UNIT ( ) NAMED_UNIT ( * ) SI_UNIT ( .MILLI., .METRE. ) );
#3877 = VECTOR ( 'NONE', #7558, 1000.000000000000000 ) ;
#3878 = LINE ( 'NONE', #1212, #7046 ) ;
#3879 = EDGE_CURVE ( 'NONE', #4945, #8600, #1669, .T. ) ;
#3880 = EDGE_CURVE ( 'NONE', #8189, #5280, #6086, .T. ) ;
#3881 = EDGE_CURVE ( 'NONE', #6316, #5116, #4265, .T. ) ;
#3882 =( NAMED_UNIT ( * ) SI_UNIT ( $, .STERADIAN. ) SOLID_ANGLE_UNIT ( ) );
#3883 =( NAMED_UNIT ( * ) PLANE_ANGLE_UNIT ( ) SI_UNIT ( $, .RADIAN. ) );
#3884 = STYLED_ITEM ( 'NONE', ( #4141 ), #1557 ) ;
#3885 = CARTESIAN_POINT ( 'NONE',  ( -4.402923696573366463, -0.7767525643175616779, 0.000000000000000000 ) ) ;
#3886 = AXIS2_PLACEMENT_3D ( 'NONE', #7028, #5064, #187 ) ;
#3887 = DIRECTION ( 'NONE',  ( 0.000000000000000000, 0.000000000000000000, -1.000000000000000000 ) ) ;
#3888 = CARTESIAN_POINT ( 'NONE',  ( -1.272756040008647282, -0.2185654625746343560, 0.1499999999999999944 ) ) ;
#3889 = CARTESIAN_POINT ( 'NONE',  ( 6.420000000000000817, 4.826793837766001793, 3.059473063321508146 ) ) ;
#3890 = DIRECTION ( 'NONE',  ( 0.000000000000000000, 0.000000000000000000, -1.000000000000000000 ) ) ;
#3891 = EDGE_LOOP ( 'NONE', ( #8139, #7567, #6778, #7819 ) ) ;
#3892 = VECTOR ( 'NONE', #4280, 1000.000000000000000 ) ;
#3893 = FACE_OUTER_BOUND ( 'NONE', #8127, .T. ) ;
#3894 = ORIENTED_EDGE ( 'NONE', *, *, #8313, .F. ) ;
#3895 = ORIENTED_EDGE ( 'NONE', *, *, #6869, .T. ) ;
#3896 = VECTOR ( 'NONE', #5054, 1000.000000000000000 ) ;
#3897 = SURFACE_SIDE_STYLE ('',( #1051 ) ) ;
#3898 = PLANE ( 'NONE',  #5040 ) ;
#3899 = ORIENTED_EDGE ( 'NONE', *, *, #4116, .T. ) ;
#3900 =( LENGTH_UNIT ( ) NAMED_UNIT ( * ) SI_UNIT ( .MILLI., .METRE. ) );
#3901 = DIRECTION ( 'NONE',  ( 1.000000000000000000, 0.000000000000000000, 0.000000000000000000 ) ) ;
#3902 = FACE_OUTER_BOUND ( 'NONE', #923, .T. ) ;
#3903 = VERTEX_POINT ( 'NONE', #7122 ) ;
#3904 = ORIENTED_EDGE ( 'NONE', *, *, #1131, .T. ) ;
#3905 =( NAMED_UNIT ( * ) PLANE_ANGLE_UNIT ( ) SI_UNIT ( $, .RADIAN. ) );
#3906 = MECHANICAL_DESIGN_GEOMETRIC_PRESENTATION_REPRESENTATION (  '', ( #2017 ), #7879 ) ;
#3907 = CARTESIAN_POINT ( 'NONE',  ( -5.734760885516596574, 1.215912586094422654, 0.000000000000000000 ) ) ;
#3908 = CARTESIAN_POINT ( 'NONE',  ( -2.938471846222877826, 1.768548375075876589, 0.1499999999999999944 ) ) ;
#3909 = VERTEX_POINT ( 'NONE', #956 ) ;
#3910 = CARTESIAN_POINT ( 'NONE',  ( 1.340000000000000080, 4.899999999999998579, 3.017654449115059201 ) ) ;
#3911 = CARTESIAN_POINT ( 'NONE',  ( 6.948636131094521495, -5.267066187369637831, -2.100000000000000089 ) ) ;
#3912 = SURFACE_STYLE_USAGE ( .BOTH. , #8708 ) ;
#3913 = ORIENTED_EDGE ( 'NONE', *, *, #7846, .T. ) ;
#3914 = ORIENTED_EDGE ( 'NONE', *, *, #4933, .T. ) ;
#3915 =( NAMED_UNIT ( * ) PLANE_ANGLE_UNIT ( ) SI_UNIT ( $, .RADIAN. ) );
#3916 = FACE_OUTER_BOUND ( 'NONE', #4555, .T. ) ;
#3917 = EDGE_CURVE ( 'NONE', #3476, #6039, #328, .T. ) ;
#3918 =( NAMED_UNIT ( * ) PLANE_ANGLE_UNIT ( ) SI_UNIT ( $, .RADIAN. ) );
#3919 = MECHANICAL_DESIGN_GEOMETRIC_PRESENTATION_REPRESENTATION (  '', ( #7070 ), #4637 ) ;
#3920 = PLANE ( 'NONE',  #6388 ) ;
#3921 =( LENGTH_UNIT ( ) NAMED_UNIT ( * ) SI_UNIT ( .MILLI., .METRE. ) );
#3922 = DIRECTION ( 'NONE',  ( 0.000000000000000000, 1.000000000000000000, 0.000000000000000000 ) ) ;
#3923 = PLANE ( 'NONE',  #1083 ) ;
#3924 = EDGE_CURVE ( 'NONE', #4939, #2590, #8352, .T. ) ;
#3925 = SURFACE_STYLE_FILL_AREA ( #3842 ) ;
#3926 = LINE ( 'NONE', #8588, #2429 ) ;
#3927 = SURFACE_STYLE_USAGE ( .BOTH. , #6534 ) ;
#3928 = DIRECTION ( 'NONE',  ( 1.000000000000000000, 0.000000000000000000, 0.000000000000000000 ) ) ;
#3929 = DIRECTION ( 'NONE',  ( -0.000000000000000000, -0.000000000000000000, -1.000000000000000000 ) ) ;
#3930 = ADVANCED_FACE ( 'NONE', ( #6993 ), #1583, .T. ) ;
#3931 = ADVANCED_FACE ( 'NONE', ( #453 ), #8638, .F. ) ;
#3932 = FILL_AREA_STYLE_COLOUR ( '', #3342 ) ;
#3933 = ORIENTED_EDGE ( 'NONE', *, *, #7964, .T. ) ;
#3934 = ADVANCED_FACE ( 'NONE', ( #3983 ), #497, .F. ) ;
#3935 = VERTEX_POINT ( 'NONE', #1889 ) ;
#3936 = ORIENTED_EDGE ( 'NONE', *, *, #5252, .F. ) ;
#3937 = FILL_AREA_STYLE ('',( #1716 ) ) ;
#3938 = CARTESIAN_POINT ( 'NONE',  ( -6.280000000000000249, 7.641130724221518733, 3.017654449115059201 ) ) ;
#3939 = ORIENTED_EDGE ( 'NONE', *, *, #5738, .T. ) ;
#3940 = LINE ( 'NONE', #461, #7564 ) ;
#3941 = CARTESIAN_POINT ( 'NONE',  ( 0.000000000000000000, -5.367113435607375749, 0.5000000000000000000 ) ) ;
#3942 = CARTESIAN_POINT ( 'NONE',  ( 0.000000000000000000, -0.2185654625746343560, 0.000000000000000000 ) ) ;
#3943 = EDGE_CURVE ( 'NONE', #8764, #1615, #4649, .T. ) ;
#3944 = DIRECTION ( 'NONE',  ( -1.000000000000000000, 0.000000000000000000, 0.000000000000000000 ) ) ;
#3945 = EDGE_CURVE ( 'NONE', #6222, #1164, #6763, .T. ) ;
#3946 = EDGE_LOOP ( 'NONE', ( #7377, #4400, #3819, #5315, #8820, #2843, #6786, #2640, #614, #7955, #7865, #4077, #3184, #1594, #383, #4881, #3936, #7965, #2809, #5766, #2589, #7078, #4537, #2532, #159, #7916, #6602, #8560, #3127, #4021, #3360, #6640, #1329, #3826, #676, #5286 ) ) ;
#3947 = AXIS2_PLACEMENT_3D ( 'NONE', #6545, #5902, #7255 ) ;
#3948 = CARTESIAN_POINT ( 'NONE',  ( -4.402923696573366463, -1.143254048349641838, 0.000000000000000000 ) ) ;
#3949 = ORIENTED_EDGE ( 'NONE', *, *, #2718, .F. ) ;
#3950 = EDGE_LOOP ( 'NONE', ( #7495, #8701, #6541, #3262 ) ) ;
#3951 = AXIS2_PLACEMENT_3D ( 'NONE', #6359, #2973, #7766 ) ;
#3952 = FACE_OUTER_BOUND ( 'NONE', #7618, .T. ) ;
#3953 =( LENGTH_UNIT ( ) NAMED_UNIT ( * ) SI_UNIT ( .MILLI., .METRE. ) );
#3954 = FILL_AREA_STYLE ('',( #1864 ) ) ;
#3955 = PRESENTATION_LAYER_ASSIGNMENT (  '', '', ( #6821 ) ) ;
#3956 = COLOUR_RGB ( '',1.000000000000000000, 1.000000000000000000, 1.000000000000000000 ) ;
#3957 = VECTOR ( 'NONE', #2094, 1000.000000000000000 ) ;
#3958 = LINE ( 'NONE', #5837, #7806 ) ;
#3959 = ORIENTED_EDGE ( 'NONE', *, *, #8693, .T. ) ;
#3961 = VERTEX_POINT ( 'NONE', #1401 ) ;
#3960 = AXIS2_PLACEMENT_3D ( 'NONE', #6025, #4608, #3887 ) ;
#3962 = CARTESIAN_POINT ( 'NONE',  ( -8.000000000000000000, 6.099999999999998757, 0.000000000000000000 ) ) ;
#3963 = CARTESIAN_POINT ( 'NONE',  ( 2.980000000000000870, 7.641130724221518733, 3.017654449115059201 ) ) ;
#3964 = MECHANICAL_DESIGN_GEOMETRIC_PRESENTATION_REPRESENTATION (  '', ( #8084 ), #7934 ) ;
#3965 = UNCERTAINTY_MEASURE_WITH_UNIT (LENGTH_MEASURE( 1.000000000000000082E-05 ), #4098, 'distance_accuracy_value', 'NONE');
#3966 = VECTOR ( 'NONE', #5109, 1000.000000000000000 ) ;
#3967 = CARTESIAN_POINT ( 'NONE',  ( -4.797984649922256928, -0.7767525643175616779, 0.000000000000000000 ) ) ;
#3968 = CARTESIAN_POINT ( 'NONE',  ( 5.520000000000001350, 3.999999999999999112, 3.017654449115060089 ) ) ;
#3970 = DIRECTION ( 'NONE',  ( -1.267143614600721018E-16, 1.000000000000000000, -0.000000000000000000 ) ) ;
#3969 = PRESENTATION_LAYER_ASSIGNMENT (  '', '', ( #5259 ) ) ;
#3971 = ORIENTED_EDGE ( 'NONE', *, *, #1121, .F. ) ;
#3972 = EDGE_CURVE ( 'NONE', #255, #4653, #4074, .T. ) ;
#3973 = EDGE_LOOP ( 'NONE', ( #7222, #8025, #8723, #5868 ) ) ;
#3974 = SURFACE_STYLE_FILL_AREA ( #8192 ) ;
#3975 = COLOUR_RGB ( '',1.000000000000000000, 1.000000000000000000, 1.000000000000000000 ) ;
#3976 =( NAMED_UNIT ( * ) PLANE_ANGLE_UNIT ( ) SI_UNIT ( $, .RADIAN. ) );
#3977 = VECTOR ( 'NONE', #103, 1000.000000000000000 ) ;
#3978 = DIRECTION ( 'NONE',  ( 0.000000000000000000, -1.000000000000000000, 0.000000000000000000 ) ) ;
#3979 = DIRECTION ( 'NONE',  ( 0.000000000000000000, -0.000000000000000000, -1.000000000000000000 ) ) ;
#3980 = PRESENTATION_STYLE_ASSIGNMENT (( #8686 ) ) ;
#3981 = LINE ( 'NONE', #8778, #4858 ) ;
#3982 = CIRCLE ( 'NONE', #386, 0.8278507393618644850 ) ;
#3983 = FACE_OUTER_BOUND ( 'NONE', #5239, .T. ) ;
#3984 = ORIENTED_EDGE ( 'NONE', *, *, #2042, .F. ) ;
#3985 = SURFACE_SIDE_STYLE ('',( #7247 ) ) ;
#3986 = ORIENTED_EDGE ( 'NONE', *, *, #5949, .T. ) ;
#3987 = ORIENTED_EDGE ( 'NONE', *, *, #3370, .F. ) ;
#3988 = STYLED_ITEM ( 'NONE', ( #1970 ), #8660 ) ;
#3989 = LINE ( 'NONE', #5899, #1532 ) ;
#3990 = STYLED_ITEM ( 'NONE', ( #193 ), #7491 ) ;
#3991 = UNCERTAINTY_MEASURE_WITH_UNIT (LENGTH_MEASURE( 1.000000000000000082E-05 ), #276, 'distance_accuracy_value', 'NONE');
#3992 = CARTESIAN_POINT ( 'NONE',  ( 0.000000000000000000, 1.315449244559767639, 0.1499999999999999944 ) ) ;
#3993 = VERTEX_POINT ( 'NONE', #6214 ) ;
#3994 =( LENGTH_UNIT ( ) NAMED_UNIT ( * ) SI_UNIT ( .MILLI., .METRE. ) );
#3995 = SURFACE_STYLE_USAGE ( .BOTH. , #3335 ) ;
#3996 = CARTESIAN_POINT ( 'NONE',  ( 1.813148036665242602, 1.319777692792770019, 0.1499999999999999944 ) ) ;
#3997 = VERTEX_POINT ( 'NONE', #6163 ) ;
#3998 = PLANE ( 'NONE',  #4341 ) ;
#3999 = VERTEX_POINT ( 'NONE', #4878 ) ;
#4000 = VERTEX_POINT ( 'NONE', #58 ) ;
#4001 = EDGE_CURVE ( 'NONE', #4779, #5612, #2789, .T. ) ;
#4002 = CYLINDRICAL_SURFACE ( 'NONE', #8219, 0.5702963728963384993 ) ;
#4003 = ADVANCED_FACE ( 'NONE', ( #8157 ), #8829, .T. ) ;
#4004 = EDGE_LOOP ( 'NONE', ( #3986, #6617, #519, #2024 ) ) ;
#4005 =( NAMED_UNIT ( * ) SI_UNIT ( $, .STERADIAN. ) SOLID_ANGLE_UNIT ( ) );
#4006 = COLOUR_RGB ( '',0.8980392156862745390, 0.8980392156862745390, 0.8980392156862745390 ) ;
#4007 = CARTESIAN_POINT ( 'NONE',  ( -1.275591300402032724, 2.544545736534499891, 0.000000000000000000 ) ) ;
#4008 = CARTESIAN_POINT ( 'NONE',  ( 0.000000000000000000, 0.000000000000000000, 0.2999999999999999889 ) ) ;
#4009 = ORIENTED_EDGE ( 'NONE', *, *, #8005, .F. ) ;
#4010 = STYLED_ITEM ( 'NONE', ( #1663 ), #2487 ) ;
#4011 = ORIENTED_EDGE ( 'NONE', *, *, #594, .F. ) ;
#4012 = CARTESIAN_POINT ( 'NONE',  ( 0.000000000000000000, -3.000000000000000000, 0.000000000000000000 ) ) ;
#4013 = PRESENTATION_STYLE_ASSIGNMENT (( #8004 ) ) ;
#4014 = ORIENTED_EDGE ( 'NONE', *, *, #1011, .T. ) ;
#4015 = STYLED_ITEM ( 'NONE', ( #8396 ), #3205 ) ;
#4016 = PLANE ( 'NONE',  #7271 ) ;
#4017 = DIRECTION ( 'NONE',  ( 0.000000000000000000, 0.000000000000000000, -1.000000000000000000 ) ) ;
#4018 = PLANE ( 'NONE',  #5549 ) ;
#4019 = CARTESIAN_POINT ( 'NONE',  ( -2.938471846222877382, -0.6194252216434082969, 0.4000000000000000222 ) ) ;
#4020 = DIRECTION ( 'NONE',  ( -1.000000000000000000, 0.000000000000000000, 0.000000000000000000 ) ) ;
#4021 = ORIENTED_EDGE ( 'NONE', *, *, #735, .F. ) ;
#4022 = CARTESIAN_POINT ( 'NONE',  ( 1.813148036665242602, -0.8913831919116188551, 0.1499999999999999944 ) ) ;
#4023 = DIRECTION ( 'NONE',  ( 6.672013369141575275E-15, 0.000000000000000000, 1.000000000000000000 ) ) ;
#4024 = DIRECTION ( 'NONE',  ( 0.000000000000000000, -0.000000000000000000, -1.000000000000000000 ) ) ;
#4025 = CARTESIAN_POINT ( 'NONE',  ( 0.4400000000000001688, 7.641130724221518733, 3.884080669685257448 ) ) ;
#4026 =( GEOMETRIC_REPRESENTATION_CONTEXT ( 3 ) GLOBAL_UNCERTAINTY_ASSIGNED_CONTEXT ( ( #5508 ) ) GLOBAL_UNIT_ASSIGNED_CONTEXT ( ( #2578, #2670, #4657 ) ) REPRESENTATION_CONTEXT ( 'NONE', 'WORKASPACE' ) );
#4027 = DIRECTION ( 'NONE',  ( -0.000000000000000000, 1.000000000000000000, -0.000000000000000000 ) ) ;
#4028 = DIRECTION ( 'NONE',  ( 0.000000000000000000, -0.000000000000000000, 1.000000000000000000 ) ) ;
#4029 = DIRECTION ( 'NONE',  ( -0.000000000000000000, -0.000000000000000000, 1.000000000000000000 ) ) ;
#4030 = ORIENTED_EDGE ( 'NONE', *, *, #4652, .F. ) ;
#4031 = DIRECTION ( 'NONE',  ( 1.000000000000000000, 0.000000000000000000, 0.000000000000000000 ) ) ;
#4032 = ORIENTED_EDGE ( 'NONE', *, *, #195, .F. ) ;
#4033 = DIRECTION ( 'NONE',  ( 1.000000000000000000, 0.000000000000000000, 0.000000000000000000 ) ) ;
#4034 = ORIENTED_EDGE ( 'NONE', *, *, #2083, .F. ) ;
#4035 = SURFACE_STYLE_USAGE ( .BOTH. , #8791 ) ;
#4036 = DIRECTION ( 'NONE',  ( -0.000000000000000000, -1.000000000000000000, -0.000000000000000000 ) ) ;
#4037 = VECTOR ( 'NONE', #3724, 1000.000000000000000 ) ;
#4038 = ORIENTED_EDGE ( 'NONE', *, *, #8231, .T. ) ;
#4039 = PRESENTATION_LAYER_ASSIGNMENT (  '', '', ( #3884 ) ) ;
#4040 = AXIS2_PLACEMENT_3D ( 'NONE', #4157, #669, #6896 ) ;
#4041 = FILL_AREA_STYLE ('',( #1280 ) ) ;
#4042 = ORIENTED_EDGE ( 'NONE', *, *, #8282, .F. ) ;
#4043 = EDGE_LOOP ( 'NONE', ( #8702, #5587, #7833, #4891 ) ) ;
#4044 = DIRECTION ( 'NONE',  ( -0.000000000000000000, -0.000000000000000000, -1.000000000000000000 ) ) ;
#4045 = ORIENTED_EDGE ( 'NONE', *, *, #3156, .T. ) ;
#4046 = LINE ( 'NONE', #2500, #3869 ) ;
#4047 = SURFACE_STYLE_USAGE ( .BOTH. , #2550 ) ;
#4048 = LINE ( 'NONE', #3443, #7088 ) ;
#4049 = EDGE_CURVE ( 'NONE', #1806, #8679, #5536, .T. ) ;
#4050 = EDGE_CURVE ( 'NONE', #4107, #4676, #3786, .T. ) ;
#4051 = DIRECTION ( 'NONE',  ( -0.000000000000000000, 0.000000000000000000, 1.000000000000000000 ) ) ;
#4052 = EDGE_CURVE ( 'NONE', #7980, #1903, #2065, .T. ) ;
#4053 = MECHANICAL_DESIGN_GEOMETRIC_PRESENTATION_REPRESENTATION (  '', ( #5757 ), #5193 ) ;
#4054 = EDGE_CURVE ( 'NONE', #8525, #6724, #4163, .T. ) ;
#4055 = EDGE_LOOP ( 'NONE', ( #4316, #6643, #6060, #2325, #6234, #6902, #759, #586, #1911, #1794, #421, #8245, #7904, #1326, #5780, #6799 ) ) ;
#4056 = EDGE_CURVE ( 'NONE', #3338, #1893, #8244, .T. ) ;
#4057 = PLANE ( 'NONE',  #6091 ) ;
#4058 = DIRECTION ( 'NONE',  ( 0.000000000000000000, -1.000000000000000000, 0.000000000000000000 ) ) ;
#4059 = VERTEX_POINT ( 'NONE', #2752 ) ;
#4060 = CARTESIAN_POINT ( 'NONE',  ( -1.480492736483534966, 0.000000000000000000, 0.1499999999999999944 ) ) ;
#4061 = ORIENTED_EDGE ( 'NONE', *, *, #4933, .F. ) ;
#4062 = ADVANCED_FACE ( 'NONE', ( #4788 ), #717, .F. ) ;
#4063 = SURFACE_STYLE_FILL_AREA ( #5523 ) ;
#4064 = ADVANCED_FACE ( 'NONE', ( #1354 ), #8109, .F. ) ;
#4065 = CARTESIAN_POINT ( 'NONE',  ( 1.140718772248132490E-16, -0.2185654625746331348, 0.1499999999999999944 ) ) ;
#4066 = FACE_OUTER_BOUND ( 'NONE', #4347, .T. ) ;
#4067 = FILL_AREA_STYLE_COLOUR ( '', #7114 ) ;
#4068 = ORIENTED_EDGE ( 'NONE', *, *, #2613, .T. ) ;
#4069 =( NAMED_UNIT ( * ) PLANE_ANGLE_UNIT ( ) SI_UNIT ( $, .RADIAN. ) );
#4070 = CARTESIAN_POINT ( 'NONE',  ( 2.648125170278138540, -1.722655820111723246, -3.000000000000000000 ) ) ;
#4071 = VECTOR ( 'NONE', #8235, 1000.000000000000000 ) ;
#4072 = LINE ( 'NONE', #6210, #365 ) ;
#4073 = DIRECTION ( 'NONE',  ( 0.000000000000000000, -1.000000000000000000, 0.000000000000000000 ) ) ;
#4074 = LINE ( 'NONE', #3422, #2184 ) ;
#4075 = VERTEX_POINT ( 'NONE', #6859 ) ;
#4076 = CARTESIAN_POINT ( 'NONE',  ( 7.500000000000000000, 3.728180208693597120, 0.000000000000000000 ) ) ;
#4077 = ORIENTED_EDGE ( 'NONE', *, *, #6448, .F. ) ;
#4078 = LINE ( 'NONE', #6944, #6075 ) ;
#4079 = DIRECTION ( 'NONE',  ( 0.000000000000000000, 0.000000000000000000, -1.000000000000000000 ) ) ;
#4080 = CARTESIAN_POINT ( 'NONE',  ( 1.340000000000000080, 7.641130724221518733, 3.884080669685257448 ) ) ;
#4081 = CARTESIAN_POINT ( 'NONE',  ( -6.280000000000000249, 4.899999999999998579, 2.000000000000000000 ) ) ;
#4082 = CARTESIAN_POINT ( 'NONE',  ( -6.280000000000000249, 4.899999999999998579, 3.017654449115059201 ) ) ;
#4083 = ORIENTED_EDGE ( 'NONE', *, *, #3646, .T. ) ;
#4084 = DIRECTION ( 'NONE',  ( 0.000000000000000000, 0.000000000000000000, -1.000000000000000000 ) ) ;
#4085 = ORIENTED_EDGE ( 'NONE', *, *, #3661, .T. ) ;
#4086 = VERTEX_POINT ( 'NONE', #890 ) ;
#4087 = EDGE_CURVE ( 'NONE', #817, #7143, #2914, .T. ) ;
#4088 = CARTESIAN_POINT ( 'NONE',  ( 0.000000000000000000, 1.319777692792770019, 0.1499999999999999944 ) ) ;
#4089 =( GEOMETRIC_REPRESENTATION_CONTEXT ( 3 ) GLOBAL_UNCERTAINTY_ASSIGNED_CONTEXT ( ( #2379 ) ) GLOBAL_UNIT_ASSIGNED_CONTEXT ( ( #5864, #7300, #2404 ) ) REPRESENTATION_CONTEXT ( 'NONE', 'WORKASPACE' ) );
#4090 = VERTEX_POINT ( 'NONE', #6982 ) ;
#4091 = LINE ( 'NONE', #6831, #1550 ) ;
#4092 = FILL_AREA_STYLE ('',( #8462 ) ) ;
#4093 =( NAMED_UNIT ( * ) SI_UNIT ( $, .STERADIAN. ) SOLID_ANGLE_UNIT ( ) );
#4094 = FILL_AREA_STYLE_COLOUR ( '', #6106 ) ;
#4095 = ORIENTED_EDGE ( 'NONE', *, *, #1528, .T. ) ;
#4096 = STYLED_ITEM ( 'NONE', ( #924 ), #257 ) ;
#4097 = ADVANCED_FACE ( 'NONE', ( #2875 ), #3641, .T. ) ;
#4098 =( LENGTH_UNIT ( ) NAMED_UNIT ( * ) SI_UNIT ( .MILLI., .METRE. ) );
#4099 = CARTESIAN_POINT ( 'NONE',  ( -3.043598800306995096E-17, 0.2332654097976025742, 0.000000000000000000 ) ) ;
#4100 =( GEOMETRIC_REPRESENTATION_CONTEXT ( 3 ) GLOBAL_UNCERTAINTY_ASSIGNED_CONTEXT ( ( #6399 ) ) GLOBAL_UNIT_ASSIGNED_CONTEXT ( ( #2581, #7947, #5364 ) ) REPRESENTATION_CONTEXT ( 'NONE', 'WORKASPACE' ) );
#4101 = VECTOR ( 'NONE', #6319, 1000.000000000000000 ) ;
#4102 = ORIENTED_EDGE ( 'NONE', *, *, #2662, .T. ) ;
#4103 = VECTOR ( 'NONE', #7706, 1000.000000000000000 ) ;
#4104 = MECHANICAL_DESIGN_GEOMETRIC_PRESENTATION_REPRESENTATION (  '', ( #5110 ), #4129 ) ;
#4105 = EDGE_CURVE ( 'NONE', #1718, #6222, #4384, .T. ) ;
#4106 = SURFACE_STYLE_FILL_AREA ( #4319 ) ;
#4107 = VERTEX_POINT ( 'NONE', #1480 ) ;
#4108 = MECHANICAL_DESIGN_GEOMETRIC_PRESENTATION_REPRESENTATION (  '', ( #2930 ), #1772 ) ;
#4109 = VECTOR ( 'NONE', #494, 1000.000000000000000 ) ;
#4110 = CARTESIAN_POINT ( 'NONE',  ( -4.639999999999998792, 3.999999999999999112, 3.017654449115059201 ) ) ;
#4111 = ORIENTED_EDGE ( 'NONE', *, *, #5308, .F. ) ;
#4112 = AXIS2_PLACEMENT_3D ( 'NONE', #3264, #8800, #1995 ) ;
#4113 = STYLED_ITEM ( 'NONE', ( #3361 ), #8017 ) ;
#4114 = ADVANCED_FACE ( 'NONE', ( #1571 ), #7105, .T. ) ;
#4115 = CARTESIAN_POINT ( 'NONE',  ( 0.000000000000000000, 0.000000000000000000, 0.1499999999999999944 ) ) ;
#4116 = EDGE_CURVE ( 'NONE', #1422, #6589, #5016, .T. ) ;
#4117 = CARTESIAN_POINT ( 'NONE',  ( 0.6913539421220921133, 0.000000000000000000, 0.1499999999999999944 ) ) ;
#4118 = LINE ( 'NONE', #6117, #6097 ) ;
#4119 = CARTESIAN_POINT ( 'NONE',  ( 7.518932503990860106, -5.267066187369637831, 0.1000000000000002554 ) ) ;
#4120 = VECTOR ( 'NONE', #613, 1000.000000000000000 ) ;
#4121 = MECHANICAL_DESIGN_GEOMETRIC_PRESENTATION_REPRESENTATION (  '', ( #6841 ), #4412 ) ;
#4122 = CARTESIAN_POINT ( 'NONE',  ( -3.146208542697764621, -0.2185654625746347723, 0.1499999999999999944 ) ) ;
#4123 = PRODUCT_RELATED_PRODUCT_CATEGORY ( 'part', '', ( #4292 ) ) ;
#4124 = LINE ( 'NONE', #2787, #3977 ) ;
#4125 = CARTESIAN_POINT ( 'NONE',  ( 1.340000000000000080, 3.999999999999999112, 3.017654449115059201 ) ) ;
#4126 = VERTEX_POINT ( 'NONE', #5611 ) ;
#4127 = CARTESIAN_POINT ( 'NONE',  ( -2.099999999999999645, 3.999999999999999112, 3.017654449115059201 ) ) ;
#4128 = STYLED_ITEM ( 'NONE', ( #7232 ), #8602 ) ;
#4129 =( GEOMETRIC_REPRESENTATION_CONTEXT ( 3 ) GLOBAL_UNCERTAINTY_ASSIGNED_CONTEXT ( ( #6424 ) ) GLOBAL_UNIT_ASSIGNED_CONTEXT ( ( #8155, #4876, #4786 ) ) REPRESENTATION_CONTEXT ( 'NONE', 'WORKASPACE' ) );
#4130 = LINE ( 'NONE', #4841, #3552 ) ;
#4131 = CARTESIAN_POINT ( 'NONE',  ( -4.890165539036997799, 0.6740263370552496136, 0.000000000000000000 ) ) ;
#4132 = ORIENTED_EDGE ( 'NONE', *, *, #7705, .T. ) ;
#4133 = LINE ( 'NONE', #3468, #8068 ) ;
#4134 = DIRECTION ( 'NONE',  ( 0.000000000000000000, -1.000000000000000000, 0.000000000000000000 ) ) ;
#4135 = CARTESIAN_POINT ( 'NONE',  ( -7.179999999999999716, 4.899999999999998579, 2.000000000000000000 ) ) ;
#4136 = ORIENTED_EDGE ( 'NONE', *, *, #7595, .F. ) ;
#4137 = VECTOR ( 'NONE', #5312, 1000.000000000000000 ) ;
#4138 = CARTESIAN_POINT ( 'NONE',  ( 2.980000000000000870, 3.999999999999999112, 3.017654449115059201 ) ) ;
#4139 = ORIENTED_EDGE ( 'NONE', *, *, #5415, .T. ) ;
#4140 = VERTEX_POINT ( 'NONE', #3557 ) ;
#4141 = PRESENTATION_STYLE_ASSIGNMENT (( #161 ) ) ;
#4142 = ORIENTED_EDGE ( 'NONE', *, *, #463, .F. ) ;
#4143 = LINE ( 'NONE', #5423, #827 ) ;
#4144 = FILL_AREA_STYLE_COLOUR ( '', #8719 ) ;
#4145 = CARTESIAN_POINT ( 'NONE',  ( -1.485906978275890911, -5.367113435607375749, 0.5000000000000000000 ) ) ;
#4146 = VECTOR ( 'NONE', #8107, 1000.000000000000000 ) ;
#4147 = FACE_OUTER_BOUND ( 'NONE', #3599, .T. ) ;
#4148 = VERTEX_POINT ( 'NONE', #4252 ) ;
#4149 = DIRECTION ( 'NONE',  ( 1.000000000000000000, 0.000000000000000000, -0.000000000000000000 ) ) ;
#4150 = VECTOR ( 'NONE', #6923, 1000.000000000000000 ) ;
#4151 = CARTESIAN_POINT ( 'NONE',  ( 1.252250989393667302, 0.000000000000000000, 0.000000000000000000 ) ) ;
#4152 = ORIENTED_EDGE ( 'NONE', *, *, #6573, .F. ) ;
#4153 = STYLED_ITEM ( 'NONE', ( #2793 ), #2433 ) ;
#4154 = SURFACE_SIDE_STYLE ('',( #2141 ) ) ;
#4155 =( NAMED_UNIT ( * ) SI_UNIT ( $, .STERADIAN. ) SOLID_ANGLE_UNIT ( ) );
#4156 = DIRECTION ( 'NONE',  ( -1.000000000000000000, 0.000000000000000000, 0.000000000000000000 ) ) ;
#4157 = CARTESIAN_POINT ( 'NONE',  ( 8.000000000000000000, 6.099999999999998757, -2.000000000000000000 ) ) ;
#4158 = CARTESIAN_POINT ( 'NONE',  ( 0.000000000000000000, -1.143254048349641838, 0.000000000000000000 ) ) ;
#4159 = CARTESIAN_POINT ( 'NONE',  ( 1.602250989393667391, -0.3913831919116189106, 0.1500000000000000222 ) ) ;
#4160 = CYLINDRICAL_SURFACE ( 'NONE', #2505, 0.8278507393618804722 ) ;
#4161 = ADVANCED_FACE ( 'NONE', ( #943 ), #8376, .F. ) ;
#4162 = LINE ( 'NONE', #2707, #8374 ) ;
#4163 = LINE ( 'NONE', #758, #3634 ) ;
#4164 = VECTOR ( 'NONE', #3617, 1000.000000000000000 ) ;
#4165 = VERTEX_POINT ( 'NONE', #7233 ) ;
#4166 = EDGE_CURVE ( 'NONE', #1838, #34, #5224, .T. ) ;
#4167 = EDGE_CURVE ( 'NONE', #3437, #1755, #5842, .T. ) ;
#4168 = ADVANCED_FACE ( 'NONE', ( #4563 ), #2518, .T. ) ;
#4169 = PRESENTATION_STYLE_ASSIGNMENT (( #7633 ) ) ;
#4170 = FILL_AREA_STYLE ('',( #6074 ) ) ;
#4171 = LINE ( 'NONE', #5490, #2423 ) ;
#4172 = CARTESIAN_POINT ( 'NONE',  ( -2.648125170278134988, -1.722655820111723246, -2.000000000000000000 ) ) ;
#4173 = VECTOR ( 'NONE', #1231, 1000.000000000000000 ) ;
#4174 = DIRECTION ( 'NONE',  ( 0.000000000000000000, 1.000000000000000000, -0.000000000000000000 ) ) ;
#4175 = SURFACE_STYLE_FILL_AREA ( #2840 ) ;
#4176 = ORIENTED_EDGE ( 'NONE', *, *, #7704, .T. ) ;
#4177 = LINE ( 'NONE', #6915, #4739 ) ;
#4178 = ORIENTED_EDGE ( 'NONE', *, *, #302, .T. ) ;
#4179 = VERTEX_POINT ( 'NONE', #7924 ) ;
#4180 = PRESENTATION_LAYER_ASSIGNMENT (  '', '', ( #1151 ) ) ;
#4181 = ORIENTED_EDGE ( 'NONE', *, *, #1608, .F. ) ;
#4182 = CARTESIAN_POINT ( 'NONE',  ( 1.602250989393667391, 1.319777692792770019, 0.1499999999999999944 ) ) ;
#4183 = DIRECTION ( 'NONE',  ( -0.000000000000000000, 1.000000000000000000, -0.000000000000000000 ) ) ;
#4184 =( GEOMETRIC_REPRESENTATION_CONTEXT ( 3 ) GLOBAL_UNCERTAINTY_ASSIGNED_CONTEXT ( ( #8226 ) ) GLOBAL_UNIT_ASSIGNED_CONTEXT ( ( #168, #8264, #8356 ) ) REPRESENTATION_CONTEXT ( 'NONE', 'WORKASPACE' ) );
#4185 = COLOUR_RGB ( '',1.000000000000000000, 1.000000000000000000, 1.000000000000000000 ) ;
#4186 = AXIS2_PLACEMENT_3D ( 'NONE', #520, #6738, #2597 ) ;
#4187 = UNCERTAINTY_MEASURE_WITH_UNIT (LENGTH_MEASURE( 1.000000000000000082E-05 ), #5550, 'distance_accuracy_value', 'NONE');
#4188 = DIRECTION ( 'NONE',  ( 1.000000000000000000, -0.000000000000000000, -0.000000000000000000 ) ) ;
#4189 = ORIENTED_EDGE ( 'NONE', *, *, #8765, .F. ) ;
#4190 = DIRECTION ( 'NONE',  ( -0.000000000000000000, -0.000000000000000000, 1.000000000000000000 ) ) ;
#4191 = VECTOR ( 'NONE', #4290, 1000.000000000000000 ) ;
#4192 = STYLED_ITEM ( 'NONE', ( #7573 ), #5783 ) ;
#4193 = ORIENTED_EDGE ( 'NONE', *, *, #3372, .T. ) ;
#4194 = STYLED_ITEM ( 'NONE', ( #4169 ), #4708 ) ;
#4195 =( LENGTH_UNIT ( ) NAMED_UNIT ( * ) SI_UNIT ( .MILLI., .METRE. ) );
#4196 = FACE_OUTER_BOUND ( 'NONE', #2479, .T. ) ;
#4197 = EDGE_CURVE ( 'NONE', #8213, #3294, #4640, .T. ) ;
#4198 = CIRCLE ( 'NONE', #2851, 2.000000000000000000 ) ;
#4199 = FILL_AREA_STYLE_COLOUR ( '', #3278 ) ;
#4200 = LINE ( 'NONE', #5397, #3736 ) ;
#4201 = DIRECTION ( 'NONE',  ( -0.000000000000000000, 0.000000000000000000, 1.000000000000000000 ) ) ;
#4202 = CARTESIAN_POINT ( 'NONE',  ( -11.94655025073976162, 1.000000000000000000, -2.000000000000000000 ) ) ;
#4203 = CARTESIAN_POINT ( 'NONE',  ( 2.363148036665242646, -0.3913831919116189106, 0.000000000000000000 ) ) ;
#4204 = DIRECTION ( 'NONE',  ( 0.000000000000000000, 1.000000000000000000, 0.000000000000000000 ) ) ;
#4205 = SURFACE_STYLE_USAGE ( .BOTH. , #5486 ) ;
#4206 = ORIENTED_EDGE ( 'NONE', *, *, #6065, .T. ) ;
#4207 = CARTESIAN_POINT ( 'NONE',  ( 8.146550250739759136, 4.336808689942017736E-16, -2.000000000000000000 ) ) ;
#4208 = EDGE_CURVE ( 'NONE', #5725, #1596, #4801, .T. ) ;
#4209 = COLOUR_RGB ( '',1.000000000000000000, 1.000000000000000000, 0.5019607843137254832 ) ;
#4210 = DIRECTION ( 'NONE',  ( 0.000000000000000000, 0.000000000000000000, 1.000000000000000000 ) ) ;
#4211 = CARTESIAN_POINT ( 'NONE',  ( 1.041353942122092535, -4.516152825500466093E-16, 0.1499999999999999944 ) ) ;
#4212 = EDGE_CURVE ( 'NONE', #2745, #7645, #2467, .T. ) ;
#4213 = FILL_AREA_STYLE_COLOUR ( '', #5800 ) ;
#4214 = LINE ( 'NONE', #6946, #7804 ) ;
#4215 = ADVANCED_FACE ( 'NONE', ( #1084 ), #7319, .F. ) ;
#4216 = ORIENTED_EDGE ( 'NONE', *, *, #4549, .T. ) ;
#4217 = DIRECTION ( 'NONE',  ( -1.000000000000000000, -0.000000000000000000, -0.000000000000000000 ) ) ;
#4218 = FILL_AREA_STYLE ('',( #3475 ) ) ;
#4219 = EDGE_LOOP ( 'NONE', ( #2965, #5338, #2226, #1523 ) ) ;
#4220 = VERTEX_POINT ( 'NONE', #8508 ) ;
#4221 = DIRECTION ( 'NONE',  ( 0.000000000000000000, -0.000000000000000000, 1.000000000000000000 ) ) ;
#4222 = EDGE_CURVE ( 'NONE', #2084, #4618, #486, .T. ) ;
#4223 = ORIENTED_EDGE ( 'NONE', *, *, #6953, .F. ) ;
#4224 = DIRECTION ( 'NONE',  ( -0.000000000000000000, -0.000000000000000000, -1.000000000000000000 ) ) ;
#4225 = ADVANCED_FACE ( 'NONE', ( #2422 ), #8678, .T. ) ;
#4226 = PLANE ( 'NONE',  #338 ) ;
#4227 = EDGE_CURVE ( 'NONE', #4075, #235, #6612, .T. ) ;
#4228 = UNCERTAINTY_MEASURE_WITH_UNIT (LENGTH_MEASURE( 1.000000000000000082E-05 ), #7931, 'distance_accuracy_value', 'NONE');
#4229 = FILL_AREA_STYLE ('',( #4734 ) ) ;
#4230 = VERTEX_POINT ( 'NONE', #5797 ) ;
#4231 = VECTOR ( 'NONE', #4183, 1000.000000000000000 ) ;
#4232 = CARTESIAN_POINT ( 'NONE',  ( -4.270710445465622840, 0.2692500179271393179, 0.4000000000000000222 ) ) ;
#4233 = DIRECTION ( 'NONE',  ( 0.000000000000000000, 0.000000000000000000, 1.000000000000000000 ) ) ;
#4234 = VERTEX_POINT ( 'NONE', #2386 ) ;
#4235 = UNCERTAINTY_MEASURE_WITH_UNIT (LENGTH_MEASURE( 1.000000000000000082E-05 ), #3876, 'distance_accuracy_value', 'NONE');
#4236 = COLOUR_RGB ( '',0.7960784313725489669, 0.8235294117647058432, 0.9372549019607843146 ) ;
#4237 = VECTOR ( 'NONE', #1247, 1000.000000000000000 ) ;
#4238 =( GEOMETRIC_REPRESENTATION_CONTEXT ( 3 ) GLOBAL_UNCERTAINTY_ASSIGNED_CONTEXT ( ( #5790 ) ) GLOBAL_UNIT_ASSIGNED_CONTEXT ( ( #5108, #3654, #3517 ) ) REPRESENTATION_CONTEXT ( 'NONE', 'WORKASPACE' ) );
#4239 = CARTESIAN_POINT ( 'NONE',  ( 4.650921065566159918, 0.1761656672350274677, 0.2999999999999999889 ) ) ;
#4240 = AXIS2_PLACEMENT_3D ( 'NONE', #7649, #3032, #863 ) ;
#4241 = CARTESIAN_POINT ( 'NONE',  ( 0.000000000000000000, 0.000000000000000000, 0.000000000000000000 ) ) ;
#4242 = LINE ( 'NONE', #6438, #1156 ) ;
#4243 = CARTESIAN_POINT ( 'NONE',  ( 0.000000000000000000, 0.000000000000000000, 0.1499999999999999944 ) ) ;
#4244 =( GEOMETRIC_REPRESENTATION_CONTEXT ( 3 ) GLOBAL_UNCERTAINTY_ASSIGNED_CONTEXT ( ( #7836 ) ) GLOBAL_UNIT_ASSIGNED_CONTEXT ( ( #8166, #1946, #5365 ) ) REPRESENTATION_CONTEXT ( 'NONE', 'WORKASPACE' ) );
#4245 = CARTESIAN_POINT ( 'NONE',  ( -1.280492736483534566, 0.5500754429267872281, 0.1499999999999999944 ) ) ;
#4246 = AXIS2_PLACEMENT_3D ( 'NONE', #8165, #5544, #8207 ) ;
#4247 = DIRECTION ( 'NONE',  ( 1.000000000000000000, 0.000000000000000000, 0.000000000000000000 ) ) ;
#4248 = ADVANCED_FACE ( 'NONE', ( #370 ), #3109, .F. ) ;
#4249 = DIRECTION ( 'NONE',  ( 0.000000000000000000, -0.000000000000000000, 1.000000000000000000 ) ) ;
#4250 = COLOUR_RGB ( '',1.000000000000000000, 1.000000000000000000, 1.000000000000000000 ) ;
#4252 = CARTESIAN_POINT ( 'NONE',  ( -1.480492736483534966, 0.9979665374599521188, 0.1500000000000000222 ) ) ;
#4251 = COLOUR_RGB ( '',1.000000000000000000, 1.000000000000000000, 1.000000000000000000 ) ;
#4253 = ORIENTED_EDGE ( 'NONE', *, *, #3646, .F. ) ;
#4254 =( NAMED_UNIT ( * ) PLANE_ANGLE_UNIT ( ) SI_UNIT ( $, .RADIAN. ) );
#4255 = VECTOR ( 'NONE', #1475, 1000.000000000000000 ) ;
#4256 = CARTESIAN_POINT ( 'NONE',  ( 8.000000000000000000, 3.000000000000000000, 0.000000000000000000 ) ) ;
#4257 = CARTESIAN_POINT ( 'NONE',  ( 0.000000000000000000, 0.6740263370552496136, 0.1499999999999999944 ) ) ;
#4258 = AXIS2_PLACEMENT_3D ( 'NONE', #5786, #7711, #5601 ) ;
#4259 = CARTESIAN_POINT ( 'NONE',  ( -4.797984649922256928, -0.7767525643175616779, 0.1499999999999999944 ) ) ;
#4260 =( NAMED_UNIT ( * ) PLANE_ANGLE_UNIT ( ) SI_UNIT ( $, .RADIAN. ) );
#4261 = CARTESIAN_POINT ( 'NONE',  ( 4.650921065566159918, 0.1761656672350274677, 0.2999999999999999889 ) ) ;
#4262 = PLANE ( 'NONE',  #7111 ) ;
#4263 = CARTESIAN_POINT ( 'NONE',  ( 1.252250989393667302, 0.8197776927927701296, 0.000000000000000000 ) ) ;
#4264 = VECTOR ( 'NONE', #2341, 1000.000000000000000 ) ;
#4265 = LINE ( 'NONE', #3565, #2197 ) ;
#4266 = EDGE_LOOP ( 'NONE', ( #403, #1381, #466, #6558 ) ) ;
#4267 = ORIENTED_EDGE ( 'NONE', *, *, #6189, .T. ) ;
#4268 = VECTOR ( 'NONE', #6563, 1000.000000000000000 ) ;
#4269 = CARTESIAN_POINT ( 'NONE',  ( -7.500000000000000000, 5.728180208693597564, 2.000000000000000000 ) ) ;
#4270 = AXIS2_PLACEMENT_3D ( 'NONE', #6584, #417, #378 ) ;
#4271 = EDGE_LOOP ( 'NONE', ( #7036, #5119, #2403, #8038 ) ) ;
#4272 = FACE_OUTER_BOUND ( 'NONE', #5735, .T. ) ;
#4273 = PLANE ( 'NONE',  #3748 ) ;
#4274 = CIRCLE ( 'NONE', #5398, 2.800000000000000266 ) ;
#4275 = ORIENTED_EDGE ( 'NONE', *, *, #78, .T. ) ;
#4276 = DIRECTION ( 'NONE',  ( 0.000000000000000000, -1.000000000000000000, 0.000000000000000000 ) ) ;
#4277 = ADVANCED_FACE ( 'NONE', ( #2816 ), #824, .T. ) ;
#4278 = VECTOR ( 'NONE', #6794, 1000.000000000000000 ) ;
#4279 = EDGE_CURVE ( 'NONE', #7156, #8391, #6278, .T. ) ;
#4280 = DIRECTION ( 'NONE',  ( 1.000000000000000000, 0.000000000000000000, 0.000000000000000000 ) ) ;
#4281 = ORIENTED_EDGE ( 'NONE', *, *, #8549, .T. ) ;
#4282 =( NAMED_UNIT ( * ) PLANE_ANGLE_UNIT ( ) SI_UNIT ( $, .RADIAN. ) );
#4283 = EDGE_CURVE ( 'NONE', #1442, #2311, #6750, .T. ) ;
#4284 = ADVANCED_FACE ( 'NONE', ( #4066 ), #2854, .T. ) ;
#4285 = CARTESIAN_POINT ( 'NONE',  ( 2.363148036665242646, 0.8197776927927701296, 0.4000000000000000222 ) ) ;
#4286 = AXIS2_PLACEMENT_3D ( 'NONE', #4065, #1341, #6204 ) ;
#4287 = EDGE_LOOP ( 'NONE', ( #7825, #905 ) ) ;
#4288 = PRESENTATION_LAYER_ASSIGNMENT (  '', '', ( #6997 ) ) ;
#4289 = DIRECTION ( 'NONE',  ( 0.000000000000000000, 0.000000000000000000, 1.000000000000000000 ) ) ;
#4290 = DIRECTION ( 'NONE',  ( -0.000000000000000000, -0.000000000000000000, -1.000000000000000000 ) ) ;
#4291 = CARTESIAN_POINT ( 'NONE',  ( -5.734760885516596574, 0.000000000000000000, 0.5000000000000000000 ) ) ;
#4292 = PRODUCT ( 'Vl53l0x', 'Vl53l0x', '', ( #3779 ) ) ;
#4293 = DIRECTION ( 'NONE',  ( -0.000000000000000000, -0.000000000000000000, -1.000000000000000000 ) ) ;
#4294 =( GEOMETRIC_REPRESENTATION_CONTEXT ( 3 ) GLOBAL_UNCERTAINTY_ASSIGNED_CONTEXT ( ( #5083 ) ) GLOBAL_UNIT_ASSIGNED_CONTEXT ( ( #239, #5618, #2970 ) ) REPRESENTATION_CONTEXT ( 'NONE', 'WORKASPACE' ) );
#4295 = DIRECTION ( 'NONE',  ( 0.000000000000000000, -0.000000000000000000, 1.000000000000000000 ) ) ;
#4296 = SURFACE_STYLE_USAGE ( .BOTH. , #2382 ) ;
#4297 = LINE ( 'NONE', #3596, #512 ) ;
#4298 =( NAMED_UNIT ( * ) SI_UNIT ( $, .STERADIAN. ) SOLID_ANGLE_UNIT ( ) );
#4299 = ORIENTED_EDGE ( 'NONE', *, *, #6125, .T. ) ;
#4300 = LINE ( 'NONE', #848, #5336 ) ;
#4301 = MECHANICAL_DESIGN_GEOMETRIC_PRESENTATION_REPRESENTATION (  '', ( #4871 ), #8841 ) ;
#4302 = EDGE_CURVE ( 'NONE', #6647, #3072, #529, .T. ) ;
#4303 = CARTESIAN_POINT ( 'NONE',  ( 0.000000000000000000, -1.143254048349641838, 0.1499999999999999944 ) ) ;
#4304 =( NAMED_UNIT ( * ) SI_UNIT ( $, .STERADIAN. ) SOLID_ANGLE_UNIT ( ) );
#4305 = CARTESIAN_POINT ( 'NONE',  ( -8.000000000000000000, 6.099999999999998757, -2.000000000000000000 ) ) ;
#4306 = FILL_AREA_STYLE ('',( #7639 ) ) ;
#4307 = LINE ( 'NONE', #995, #7246 ) ;
#4308 = DIRECTION ( 'NONE',  ( 0.000000000000000000, -1.000000000000000000, 0.000000000000000000 ) ) ;
#4309 = FILL_AREA_STYLE ('',( #810 ) ) ;
#4310 = FACE_OUTER_BOUND ( 'NONE', #3761, .T. ) ;
#4311 = DIRECTION ( 'NONE',  ( 0.000000000000000000, -0.000000000000000000, 1.000000000000000000 ) ) ;
#4312 = ORIENTED_EDGE ( 'NONE', *, *, #7480, .F. ) ;
#4313 = VERTEX_POINT ( 'NONE', #5001 ) ;
#4314 = FILL_AREA_STYLE_COLOUR ( '', #1711 ) ;
#4315 =( NAMED_UNIT ( * ) PLANE_ANGLE_UNIT ( ) SI_UNIT ( $, .RADIAN. ) );
#4316 = ORIENTED_EDGE ( 'NONE', *, *, #3375, .T. ) ;
#4317 = CARTESIAN_POINT ( 'NONE',  ( 2.980000000000000870, 3.999999999999999112, 2.000000000000000000 ) ) ;
#4318 = LINE ( 'NONE', #6958, #8289 ) ;
#4319 = FILL_AREA_STYLE ('',( #569 ) ) ;
#4320 = VERTEX_POINT ( 'NONE', #7701 ) ;
#4321 = VECTOR ( 'NONE', #2794, 1000.000000000000000 ) ;
#4322 = ORIENTED_EDGE ( 'NONE', *, *, #8231, .F. ) ;
#4323 = LINE ( 'NONE', #7051, #6199 ) ;
#4324 = FILL_AREA_STYLE_COLOUR ( '', #1351 ) ;
#4325 = AXIS2_PLACEMENT_3D ( 'NONE', #7647, #4895, #6142 ) ;
#4326 = ORIENTED_EDGE ( 'NONE', *, *, #7485, .F. ) ;
#4327 = COLOUR_RGB ( '',1.000000000000000000, 1.000000000000000000, 1.000000000000000000 ) ;
#4328 = EDGE_CURVE ( 'NONE', #6316, #7047, #1971, .T. ) ;
#4329 = EDGE_CURVE ( 'NONE', #3121, #3147, #3281, .T. ) ;
#4330 = ADVANCED_FACE ( 'NONE', ( #1595 ), #7868, .F. ) ;
#4331 =( NAMED_UNIT ( * ) SI_UNIT ( $, .STERADIAN. ) SOLID_ANGLE_UNIT ( ) );
#4332 = ADVANCED_FACE ( 'NONE', ( #1639 ), #1685, .T. ) ;
#4333 = STYLED_ITEM ( 'NONE', ( #6233 ), #4277 ) ;
#4334 = VECTOR ( 'NONE', #937, 1000.000000000000000 ) ;
#4335 = PRESENTATION_STYLE_ASSIGNMENT (( #226 ) ) ;
#4336 = MECHANICAL_DESIGN_GEOMETRIC_PRESENTATION_REPRESENTATION (  '', ( #1856 ), #436 ) ;
#4337 = FACE_OUTER_BOUND ( 'NONE', #8221, .T. ) ;
#4338 = UNCERTAINTY_MEASURE_WITH_UNIT (LENGTH_MEASURE( 1.000000000000000082E-05 ), #3610, 'distance_accuracy_value', 'NONE');
#4339 =( LENGTH_UNIT ( ) NAMED_UNIT ( * ) SI_UNIT ( .MILLI., .METRE. ) );
#4340 = CARTESIAN_POINT ( 'NONE',  ( 4.650921065566159918, -0.9081097759609791931, 0.2999999999999999889 ) ) ;
#4341 = AXIS2_PLACEMENT_3D ( 'NONE', #8654, #467, #2543 ) ;
#4342 = DIRECTION ( 'NONE',  ( -1.000000000000000000, 0.000000000000000000, 0.000000000000000000 ) ) ;
#4343 = EDGE_CURVE ( 'NONE', #2590, #4939, #5593, .T. ) ;
#4344 = ADVANCED_FACE ( 'NONE', ( #8488 ), #2409, .T. ) ;
#4345 = LINE ( 'NONE', #2330, #5261 ) ;
#4346 = CARTESIAN_POINT ( 'NONE',  ( 1.252250989393667080, -0.8913831919116188551, 0.1499999999999999944 ) ) ;
#4347 = EDGE_LOOP ( 'NONE', ( #7936, #3756, #2541, #3077 ) ) ;
#4348 = DIRECTION ( 'NONE',  ( 1.000000000000000000, -0.000000000000000000, -0.000000000000000000 ) ) ;
#4349 = DIRECTION ( 'NONE',  ( 0.000000000000000000, -0.000000000000000000, 1.000000000000000000 ) ) ;
#4350 = FACE_OUTER_BOUND ( 'NONE', #5817, .T. ) ;
#4351 = FACE_OUTER_BOUND ( 'NONE', #2408, .T. ) ;
#4352 = LINE ( 'NONE', #2253, #4829 ) ;
#4353 = PRESENTATION_STYLE_ASSIGNMENT (( #5674 ) ) ;
#4354 = FACE_OUTER_BOUND ( 'NONE', #6720, .T. ) ;
#4355 = PLANE ( 'NONE',  #309 ) ;
#4356 = ORIENTED_EDGE ( 'NONE', *, *, #3945, .T. ) ;
#4357 = ORIENTED_EDGE ( 'NONE', *, *, #8546, .F. ) ;
#4358 = FACE_OUTER_BOUND ( 'NONE', #511, .T. ) ;
#4359 = ORIENTED_EDGE ( 'NONE', *, *, #5388, .F. ) ;
#4360 = CARTESIAN_POINT ( 'NONE',  ( 0.2040164599795350475, 4.553162021507295559E-17, 0.000000000000000000 ) ) ;
#4361 = DIRECTION ( 'NONE',  ( -1.000000000000000000, -0.000000000000000000, -0.000000000000000000 ) ) ;
#4362 = LINE ( 'NONE', #5728, #6378 ) ;
#4363 = UNCERTAINTY_MEASURE_WITH_UNIT (LENGTH_MEASURE( 1.000000000000000082E-05 ), #3921, 'distance_accuracy_value', 'NONE');
#4364 = CARTESIAN_POINT ( 'NONE',  ( 1.813148036665242602, 0.000000000000000000, 0.1499999999999999944 ) ) ;
#4365 = ORIENTED_EDGE ( 'NONE', *, *, #627, .F. ) ;
#4366 =( LENGTH_UNIT ( ) NAMED_UNIT ( * ) SI_UNIT ( .MILLI., .METRE. ) );
#4367 = EDGE_CURVE ( 'NONE', #7895, #6922, #1763, .T. ) ;
#4368 = ORIENTED_EDGE ( 'NONE', *, *, #7862, .T. ) ;
#4369 = SURFACE_STYLE_USAGE ( .BOTH. , #8610 ) ;
#4370 = CARTESIAN_POINT ( 'NONE',  ( 1.340000000000000080, 7.641130724221518733, 3.017654449115059201 ) ) ;
#4371 = CARTESIAN_POINT ( 'NONE',  ( 2.363148036665242646, 0.8197776927927701296, 0.4000000000000000222 ) ) ;
#4372 = ORIENTED_EDGE ( 'NONE', *, *, #8656, .F. ) ;
#4373 = DIRECTION ( 'NONE',  ( 0.000000000000000000, 1.000000000000000000, 0.000000000000000000 ) ) ;
#4374 = ORIENTED_EDGE ( 'NONE', *, *, #3113, .F. ) ;
#4375 = PLANE ( 'NONE',  #5944 ) ;
#4377 = CARTESIAN_POINT ( 'NONE',  ( -3.739999999999999325, 7.641130724221518733, 3.017654449115059201 ) ) ;
#4376 =( GEOMETRIC_REPRESENTATION_CONTEXT ( 3 ) GLOBAL_UNCERTAINTY_ASSIGNED_CONTEXT ( ( #3991 ) ) GLOBAL_UNIT_ASSIGNED_CONTEXT ( ( #276, #4923, #3014 ) ) REPRESENTATION_CONTEXT ( 'NONE', 'WORKASPACE' ) );
#4378 = VECTOR ( 'NONE', #2940, 1000.000000000000000 ) ;
#4379 = EDGE_CURVE ( 'NONE', #775, #6877, #2363, .T. ) ;
#4380 = FACE_OUTER_BOUND ( 'NONE', #4453, .T. ) ;
#4381 = LINE ( 'NONE', #7794, #7677 ) ;
#4382 = LINE ( 'NONE', #7758, #6243 ) ;
#4383 = CARTESIAN_POINT ( 'NONE',  ( -4.639999999999998792, 4.826793837766020445, 3.059473063321488606 ) ) ;
#4384 = LINE ( 'NONE', #7067, #3808 ) ;
#4385 = VERTEX_POINT ( 'NONE', #1727 ) ;
#4386 = FACE_OUTER_BOUND ( 'NONE', #478, .T. ) ;
#4387 = ADVANCED_FACE ( 'NONE', ( #8449 ), #7139, .F. ) ;
#4388 = EDGE_CURVE ( 'NONE', #7047, #8477, #2491, .T. ) ;
#4389 = VECTOR ( 'NONE', #8294, 1000.000000000000000 ) ;
#4390 = FACE_OUTER_BOUND ( 'NONE', #3714, .T. ) ;
#4391 = CARTESIAN_POINT ( 'NONE',  ( -1.199999999999999734, 7.641130724221518733, 3.017654449115059201 ) ) ;
#4392 = CARTESIAN_POINT ( 'NONE',  ( 1.813148036665242602, -0.3913831919116190217, 0.1499999999999999944 ) ) ;
#4393 = SURFACE_SIDE_STYLE ('',( #8331 ) ) ;
#4394 = CARTESIAN_POINT ( 'NONE',  ( 2.163148036665242469, -0.8913831919116188551, 0.000000000000000000 ) ) ;
#4395 = PRESENTATION_LAYER_ASSIGNMENT (  '', '', ( #5110 ) ) ;
#4396 = CARTESIAN_POINT ( 'NONE',  ( -0.000000000000000000, 1.319777692792770019, 0.000000000000000000 ) ) ;
#4397 = DIRECTION ( 'NONE',  ( 0.000000000000000000, -1.000000000000000000, 0.000000000000000000 ) ) ;
#4398 = CARTESIAN_POINT ( 'NONE',  ( 6.378339758198182885, -5.267066187369637831, 0.1000000000000002554 ) ) ;
#4399 = CARTESIAN_POINT ( 'NONE',  ( -1.485906978275891133, -4.385197194226567952, 0.5000000000000000000 ) ) ;
#4400 = ORIENTED_EDGE ( 'NONE', *, *, #6574, .T. ) ;
#4401 = ORIENTED_EDGE ( 'NONE', *, *, #1551, .T. ) ;
#4402 = CARTESIAN_POINT ( 'NONE',  ( -13.74655025073976056, 4.336808689942017736E-16, -2.000000000000000000 ) ) ;
#4403 =( LENGTH_UNIT ( ) NAMED_UNIT ( * ) SI_UNIT ( .MILLI., .METRE. ) );
#4404 = ORIENTED_EDGE ( 'NONE', *, *, #2390, .T. ) ;
#4405 = DIRECTION ( 'NONE',  ( 0.000000000000000000, 0.000000000000000000, -1.000000000000000000 ) ) ;
#4406 = FILL_AREA_STYLE ('',( #2445 ) ) ;
#4407 = SURFACE_STYLE_FILL_AREA ( #5687 ) ;
#4408 = VECTOR ( 'NONE', #4442, 1000.000000000000000 ) ;
#4409 = UNCERTAINTY_MEASURE_WITH_UNIT (LENGTH_MEASURE( 1.000000000000000082E-05 ), #5305, 'distance_accuracy_value', 'NONE');
#4410 = DIRECTION ( 'NONE',  ( 0.000000000000000000, 0.000000000000000000, 1.000000000000000000 ) ) ;
#4411 = ORIENTED_EDGE ( 'NONE', *, *, #7634, .T. ) ;
#4412 =( GEOMETRIC_REPRESENTATION_CONTEXT ( 3 ) GLOBAL_UNCERTAINTY_ASSIGNED_CONTEXT ( ( #7823 ) ) GLOBAL_UNIT_ASSIGNED_CONTEXT ( ( #8569, #6552, #4539 ) ) REPRESENTATION_CONTEXT ( 'NONE', 'WORKASPACE' ) );
#4413 = CARTESIAN_POINT ( 'NONE',  ( 0.000000000000000000, 0.5500754429267868950, 0.1499999999999999944 ) ) ;
#4414 = ORIENTED_EDGE ( 'NONE', *, *, #4050, .F. ) ;
#4415 = VECTOR ( 'NONE', #5704, 1000.000000000000000 ) ;
#4416 = SURFACE_SIDE_STYLE ('',( #5830 ) ) ;
#4417 = LINE ( 'NONE', #8533, #175 ) ;
#4418 = ORIENTED_EDGE ( 'NONE', *, *, #4819, .T. ) ;
#4419 = AXIS2_PLACEMENT_3D ( 'NONE', #3743, #7066, #5796 ) ;
#4420 = MECHANICAL_DESIGN_GEOMETRIC_PRESENTATION_REPRESENTATION (  '', ( #4840 ), #82 ) ;
#4421 = MECHANICAL_DESIGN_GEOMETRIC_PRESENTATION_REPRESENTATION (  '', ( #5130 ), #5681 ) ;
#4422 =( LENGTH_UNIT ( ) NAMED_UNIT ( * ) SI_UNIT ( .MILLI., .METRE. ) );
#4423 = MECHANICAL_DESIGN_GEOMETRIC_PRESENTATION_REPRESENTATION (  '', ( #2391 ), #1519 ) ;
#4424 = CARTESIAN_POINT ( 'NONE',  ( -10.94655025073975985, 4.336808689942017736E-16, 0.000000000000000000 ) ) ;
#4425 = SURFACE_STYLE_USAGE ( .BOTH. , #7918 ) ;
#4426 = STYLED_ITEM ( 'NONE', ( #5497 ), #7379 ) ;
#4427 = DIRECTION ( 'NONE',  ( 1.000000000000000000, 0.000000000000000000, 0.000000000000000000 ) ) ;
#4428 = DIRECTION ( 'NONE',  ( 0.000000000000000000, -0.000000000000000000, 1.000000000000000000 ) ) ;
#4429 = LINE ( 'NONE', #7153, #218 ) ;
#4430 = MECHANICAL_DESIGN_GEOMETRIC_PRESENTATION_REPRESENTATION (  '', ( #2963 ), #1675 ) ;
#4431 = LINE ( 'NONE', #7154, #1514 ) ;
#4432 = DIRECTION ( 'NONE',  ( 0.000000000000000000, 0.000000000000000000, 1.000000000000000000 ) ) ;
#4433 = VERTEX_POINT ( 'NONE', #6087 ) ;
#4434 = UNCERTAINTY_MEASURE_WITH_UNIT (LENGTH_MEASURE( 1.000000000000000082E-05 ), #4710, 'distance_accuracy_value', 'NONE');
#4435 = CARTESIAN_POINT ( 'NONE',  ( -2.648125170278134988, -1.722655820111723246, -2.000000000000000000 ) ) ;
#4436 = DIRECTION ( 'NONE',  ( 1.000000000000000000, 0.000000000000000000, -0.000000000000000000 ) ) ;
#4437 = FILL_AREA_STYLE_COLOUR ( '', #5177 ) ;
#4438 = CARTESIAN_POINT ( 'NONE',  ( 0.000000000000000000, 0.000000000000000000, 0.5000000000000000000 ) ) ;
#4439 = LINE ( 'NONE', #1043, #3090 ) ;
#4440 = DIRECTION ( 'NONE',  ( 1.000000000000000000, 0.000000000000000000, 0.000000000000000000 ) ) ;
#4441 = EDGE_CURVE ( 'NONE', #7127, #5999, #6780, .T. ) ;
#4442 = DIRECTION ( 'NONE',  ( -0.000000000000000000, -1.000000000000000000, -0.000000000000000000 ) ) ;
#4443 = EDGE_CURVE ( 'NONE', #468, #4633, #6683, .T. ) ;
#4444 = EDGE_CURVE ( 'NONE', #3997, #7622, #5371, .T. ) ;
#4445 = ADVANCED_FACE ( 'NONE', ( #5333 ), #3998, .T. ) ;
#4446 = DIRECTION ( 'NONE',  ( 0.000000000000000000, 1.000000000000000000, -0.000000000000000000 ) ) ;
#4447 =( GEOMETRIC_REPRESENTATION_CONTEXT ( 3 ) GLOBAL_UNCERTAINTY_ASSIGNED_CONTEXT ( ( #5822 ) ) GLOBAL_UNIT_ASSIGNED_CONTEXT ( ( #8270, #1392, #4155 ) ) REPRESENTATION_CONTEXT ( 'NONE', 'WORKASPACE' ) );
#4448 = LINE ( 'NONE', #1046, #3352 ) ;
#4449 = PLANE ( 'NONE',  #4483 ) ;
#4450 = EDGE_LOOP ( 'NONE', ( #4142, #3959, #6215, #1627 ) ) ;
#4451 = EDGE_LOOP ( 'NONE', ( #910, #401 ) ) ;
#4452 = FACE_OUTER_BOUND ( 'NONE', #6082, .T. ) ;
#4453 = EDGE_LOOP ( 'NONE', ( #7940, #7780, #3666, #548 ) ) ;
#4454 = CARTESIAN_POINT ( 'NONE',  ( 1.813148036665242602, 1.319777692792770019, 0.1499999999999999944 ) ) ;
#4455 = SURFACE_STYLE_USAGE ( .BOTH. , #6323 ) ;
#4456 = UNCERTAINTY_MEASURE_WITH_UNIT (LENGTH_MEASURE( 1.000000000000000082E-05 ), #6070, 'distance_accuracy_value', 'NONE');
#4457 = DIRECTION ( 'NONE',  ( 0.000000000000000000, -1.000000000000000000, 0.000000000000000000 ) ) ;
#4458 = VERTEX_POINT ( 'NONE', #1192 ) ;
#4459 = CYLINDRICAL_SURFACE ( 'NONE', #3388, 2.000000000000000000 ) ;
#4460 = SURFACE_STYLE_USAGE ( .BOTH. , #303 ) ;
#4461 = VERTEX_POINT ( 'NONE', #3948 ) ;
#4462 = UNCERTAINTY_MEASURE_WITH_UNIT (LENGTH_MEASURE( 1.000000000000000082E-05 ), #3900, 'distance_accuracy_value', 'NONE');
#4463 = CARTESIAN_POINT ( 'NONE',  ( 2.648125170278138096, -4.141704418566487966, -3.000000000000000000 ) ) ;
#4464 = ORIENTED_EDGE ( 'NONE', *, *, #2716, .T. ) ;
#4465 = ORIENTED_EDGE ( 'NONE', *, *, #2316, .F. ) ;
#4466 =( NAMED_UNIT ( * ) SI_UNIT ( $, .STERADIAN. ) SOLID_ANGLE_UNIT ( ) );
#4467 = UNCERTAINTY_MEASURE_WITH_UNIT (LENGTH_MEASURE( 1.000000000000000082E-05 ), #6263, 'distance_accuracy_value', 'NONE');
#4468 = MECHANICAL_DESIGN_GEOMETRIC_PRESENTATION_REPRESENTATION (  '', ( #3449 ), #849 ) ;
#4469 = SURFACE_STYLE_FILL_AREA ( #8585 ) ;
#4470 = VECTOR ( 'NONE', #3439, 1000.000000000000000 ) ;
#4471 = CARTESIAN_POINT ( 'NONE',  ( -6.280000000000000249, 3.999999999999999112, 3.017654449115059201 ) ) ;
#4472 = CARTESIAN_POINT ( 'NONE',  ( -2.938471846222877382, -0.6194252216434082969, 0.4000000000000000222 ) ) ;
#4473 = SURFACE_STYLE_FILL_AREA ( #5976 ) ;
#4474 = ORIENTED_EDGE ( 'NONE', *, *, #363, .T. ) ;
#4475 = EDGE_CURVE ( 'NONE', #1645, #5321, #156, .T. ) ;
#4476 = DIRECTION ( 'NONE',  ( -1.421904488505579654E-16, 1.000000000000000000, -0.000000000000000000 ) ) ;
#4477 =( GEOMETRIC_REPRESENTATION_CONTEXT ( 3 ) GLOBAL_UNCERTAINTY_ASSIGNED_CONTEXT ( ( #5564 ) ) GLOBAL_UNIT_ASSIGNED_CONTEXT ( ( #4486, #3664, #2209 ) ) REPRESENTATION_CONTEXT ( 'NONE', 'WORKASPACE' ) );
#4478 = DIRECTION ( 'NONE',  ( 0.000000000000000000, -1.000000000000000000, 0.000000000000000000 ) ) ;
#4479 = FILL_AREA_STYLE ('',( #532 ) ) ;
#4480 = PRESENTATION_STYLE_ASSIGNMENT (( #5152 ) ) ;
#4481 = DIRECTION ( 'NONE',  ( 1.000000000000000000, 0.000000000000000000, 0.000000000000000000 ) ) ;
#4482 =( LENGTH_UNIT ( ) NAMED_UNIT ( * ) SI_UNIT ( .MILLI., .METRE. ) );
#4483 = AXIS2_PLACEMENT_3D ( 'NONE', #2346, #7769, #8389 ) ;
#4484 = FILL_AREA_STYLE_COLOUR ( '', #2906 ) ;
#4485 = ADVANCED_FACE ( 'NONE', ( #7429 ), #8744, .T. ) ;
#4486 =( LENGTH_UNIT ( ) NAMED_UNIT ( * ) SI_UNIT ( .MILLI., .METRE. ) );
#4487 = EDGE_LOOP ( 'NONE', ( #3904, #5432 ) ) ;
#4488 = ORIENTED_EDGE ( 'NONE', *, *, #8669, .T. ) ;
#4489 = ORIENTED_EDGE ( 'NONE', *, *, #8557, .F. ) ;
#4490 = CYLINDRICAL_SURFACE ( 'NONE', #6434, 0.5702963728963384993 ) ;
#4491 = CARTESIAN_POINT ( 'NONE',  ( 0.000000000000000000, -3.000000000000000000, -2.000000000000000000 ) ) ;
#4492 = ADVANCED_FACE ( 'NONE', ( #2803 ), #1322, .T. ) ;
#4493 = FACE_OUTER_BOUND ( 'NONE', #8169, .T. ) ;
#4494 = ORIENTED_EDGE ( 'NONE', *, *, #7008, .T. ) ;
#4495 = DIRECTION ( 'NONE',  ( 1.000000000000000000, -0.000000000000000000, -0.000000000000000000 ) ) ;
#4496 = DIRECTION ( 'NONE',  ( -0.000000000000000000, 0.000000000000000000, -1.000000000000000000 ) ) ;
#4497 = ORIENTED_EDGE ( 'NONE', *, *, #4105, .T. ) ;
#4498 = ADVANCED_FACE ( 'NONE', ( #5551 ), #158, .F. ) ;
#4499 = ADVANCED_FACE ( 'NONE', ( #7165 ), #2258, .F. ) ;
#4500 = EDGE_CURVE ( 'NONE', #7428, #2646, #6414, .T. ) ;
#4501 = VERTEX_POINT ( 'NONE', #8337 ) ;
#4502 = FILL_AREA_STYLE ('',( #1733 ) ) ;
#4503 = MECHANICAL_DESIGN_GEOMETRIC_PRESENTATION_REPRESENTATION (  '', ( #591 ), #5476 ) ;
#4504 = CARTESIAN_POINT ( 'NONE',  ( -1.480492736483534744, 0.9979665374599521188, 0.1499999999999999944 ) ) ;
#4505 = CARTESIAN_POINT ( 'NONE',  ( 6.420000000000000817, 7.641130724221518733, 3.884080669685257448 ) ) ;
#4506 = ORIENTED_EDGE ( 'NONE', *, *, #8658, .T. ) ;
#4507 = VERTEX_POINT ( 'NONE', #7731 ) ;
#4508 = DIRECTION ( 'NONE',  ( -1.000000000000000000, 0.000000000000000000, -0.000000000000000000 ) ) ;
#4509 =( LENGTH_UNIT ( ) NAMED_UNIT ( * ) SI_UNIT ( .MILLI., .METRE. ) );
#4510 = FILL_AREA_STYLE_COLOUR ( '', #5677 ) ;
#4511 = DIRECTION ( 'NONE',  ( -1.000000000000000000, 0.000000000000000000, 0.000000000000000000 ) ) ;
#4512 = VERTEX_POINT ( 'NONE', #5160 ) ;
#4513 = STYLED_ITEM ( 'NONE', ( #5773 ), #781 ) ;
#4514 = CARTESIAN_POINT ( 'NONE',  ( 0.4400000000000001688, 4.826793837766004458, 3.059473063321505482 ) ) ;
#4515 = DIRECTION ( 'NONE',  ( 0.000000000000000000, 1.000000000000000000, -0.000000000000000000 ) ) ;
#4516 = CARTESIAN_POINT ( 'NONE',  ( -1.280492736483534788, 0.9979665374599521188, 0.1499999999999999944 ) ) ;
#4517 = AXIS2_PLACEMENT_3D ( 'NONE', #8633, #5930, #5887 ) ;
#4518 = FILL_AREA_STYLE ('',( #451 ) ) ;
#4519 = CARTESIAN_POINT ( 'NONE',  ( -13.94655025073976162, -1.000000000000000000, -2.000000000000000000 ) ) ;
#4520 = PRESENTATION_LAYER_ASSIGNMENT (  '', '', ( #4096 ) ) ;
#4521 = SURFACE_STYLE_FILL_AREA ( #3796 ) ;
#4522 = ORIENTED_EDGE ( 'NONE', *, *, #2055, .F. ) ;
#4523 = DIRECTION ( 'NONE',  ( -1.000000000000000000, 0.000000000000000000, 0.000000000000000000 ) ) ;
#4524 = EDGE_LOOP ( 'NONE', ( #8491, #7295 ) ) ;
#4525 = ORIENTED_EDGE ( 'NONE', *, *, #5093, .T. ) ;
#4526 = AXIS2_PLACEMENT_3D ( 'NONE', #3064, #4201, #1518 ) ;
#4527 = PRESENTATION_LAYER_ASSIGNMENT (  '', '', ( #5940 ) ) ;
#4528 = AXIS2_PLACEMENT_3D ( 'NONE', #3069, #2931, #2397 ) ;
#4529 = CARTESIAN_POINT ( 'NONE',  ( -11.94655025073976162, -3.000000000000000000, 0.000000000000000000 ) ) ;
#4530 = SURFACE_SIDE_STYLE ('',( #1102 ) ) ;
#4531 = AXIS2_PLACEMENT_3D ( 'NONE', #4771, #6011, #1252 ) ;
#4532 = VERTEX_POINT ( 'NONE', #7854 ) ;
#4533 = FILL_AREA_STYLE ('',( #3255 ) ) ;
#4534 = CARTESIAN_POINT ( 'NONE',  ( 0.000000000000000000, -5.367113435607375749, 0.000000000000000000 ) ) ;
#4535 = DIRECTION ( 'NONE',  ( -0.000000000000000000, 1.000000000000000000, -0.000000000000000000 ) ) ;
#4536 = AXIS2_PLACEMENT_3D ( 'NONE', #5191, #2430, #5806 ) ;
#4537 = ORIENTED_EDGE ( 'NONE', *, *, #4329, .T. ) ;
#4538 = VECTOR ( 'NONE', #8306, 1000.000000000000000 ) ;
#4539 =( NAMED_UNIT ( * ) SI_UNIT ( $, .STERADIAN. ) SOLID_ANGLE_UNIT ( ) );
#4540 = VECTOR ( 'NONE', #5170, 1000.000000000000000 ) ;
#4541 = SURFACE_STYLE_FILL_AREA ( #4716 ) ;
#4542 = ORIENTED_EDGE ( 'NONE', *, *, #6988, .T. ) ;
#4543 = CARTESIAN_POINT ( 'NONE',  ( -4.639999999999998792, 3.999999999999999112, 3.017654449115059201 ) ) ;
#4544 = VECTOR ( 'NONE', #355, 1000.000000000000000 ) ;
#4545 = SURFACE_STYLE_USAGE ( .BOTH. , #6557 ) ;
#4546 = VERTEX_POINT ( 'NONE', #2980 ) ;
#4547 = PLANE ( 'NONE',  #2969 ) ;
#4548 = AXIS2_PLACEMENT_3D ( 'NONE', #4767, #4051, #4673 ) ;
#4549 = EDGE_CURVE ( 'NONE', #870, #1972, #1712, .T. ) ;
#4550 = ADVANCED_FACE ( 'NONE', ( #5114 ), #4449, .F. ) ;
#4551 = ADVANCED_FACE ( 'NONE', ( #1585 ), #4355, .F. ) ;
#4552 = DIRECTION ( 'NONE',  ( -1.421904488505579654E-16, 1.000000000000000000, 0.000000000000000000 ) ) ;
#4553 = PRESENTATION_LAYER_ASSIGNMENT (  '', '', ( #6258 ) ) ;
#4554 = EDGE_CURVE ( 'NONE', #8391, #4501, #3161, .T. ) ;
#4555 = EDGE_LOOP ( 'NONE', ( #3260, #8377, #2133, #944 ) ) ;
#4556 = ORIENTED_EDGE ( 'NONE', *, *, #4056, .T. ) ;
#4557 = DIRECTION ( 'NONE',  ( -1.000000000000000000, 0.000000000000000000, 0.000000000000000000 ) ) ;
#4558 = CIRCLE ( 'NONE', #4419, 0.8278507393618658172 ) ;
#4559 = VECTOR ( 'NONE', #4036, 1000.000000000000000 ) ;
#4560 = CARTESIAN_POINT ( 'NONE',  ( -2.648125170278134988, -1.722655820111723246, -3.000000000000000000 ) ) ;
#4561 = CARTESIAN_POINT ( 'NONE',  ( -1.480492736483535188, 2.803082408881607535, 0.4000000000000000222 ) ) ;
#4562 = FILL_AREA_STYLE ('',( #5391 ) ) ;
#4563 = FACE_OUTER_BOUND ( 'NONE', #5452, .T. ) ;
#4564 = VERTEX_POINT ( 'NONE', #7333 ) ;
#4565 = DIRECTION ( 'NONE',  ( 1.000000000000000000, 0.000000000000000000, -0.000000000000000000 ) ) ;
#4566 = CARTESIAN_POINT ( 'NONE',  ( 1.602250989393667391, 0.000000000000000000, 0.000000000000000000 ) ) ;
#4567 = PRESENTATION_STYLE_ASSIGNMENT (( #3927 ) ) ;
#4568 = DIRECTION ( 'NONE',  ( 1.000000000000000000, -2.168404344971008128E-16, 0.000000000000000000 ) ) ;
#4569 = VECTOR ( 'NONE', #5367, 1000.000000000000000 ) ;
#4570 = CARTESIAN_POINT ( 'NONE',  ( 3.880000000000000782, 3.999999999999999112, 3.017654449115059201 ) ) ;
#4571 = EDGE_CURVE ( 'NONE', #3677, #4507, #1271, .T. ) ;
#4572 = ORIENTED_EDGE ( 'NONE', *, *, #833, .T. ) ;
#4573 = EDGE_LOOP ( 'NONE', ( #2690, #5767 ) ) ;
#4574 = VECTOR ( 'NONE', #472, 1000.000000000000000 ) ;
#4575 = VERTEX_POINT ( 'NONE', #6766 ) ;
#4576 = CARTESIAN_POINT ( 'NONE',  ( -2.938471846222877826, 2.091446606018389609, 0.1500000000000000222 ) ) ;
#4577 = EDGE_LOOP ( 'NONE', ( #1180, #6041, #2483, #2166 ) ) ;
#4578 =( NAMED_UNIT ( * ) PLANE_ANGLE_UNIT ( ) SI_UNIT ( $, .RADIAN. ) );
#4579 = FACE_OUTER_BOUND ( 'NONE', #6468, .T. ) ;
#4580 =( GEOMETRIC_REPRESENTATION_CONTEXT ( 3 ) GLOBAL_UNCERTAINTY_ASSIGNED_CONTEXT ( ( #6508 ) ) GLOBAL_UNIT_ASSIGNED_CONTEXT ( ( #5445, #24, #61 ) ) REPRESENTATION_CONTEXT ( 'NONE', 'WORKASPACE' ) );
#4581 = DIRECTION ( 'NONE',  ( -0.000000000000000000, 0.000000000000000000, 1.000000000000000000 ) ) ;
#4582 = ORIENTED_EDGE ( 'NONE', *, *, #135, .F. ) ;
#4583 = ORIENTED_EDGE ( 'NONE', *, *, #4167, .F. ) ;
#4584 =( NAMED_UNIT ( * ) SI_UNIT ( $, .STERADIAN. ) SOLID_ANGLE_UNIT ( ) );
#4585 = EDGE_CURVE ( 'NONE', #5302, #4461, #582, .T. ) ;
#4586 = PRESENTATION_LAYER_ASSIGNMENT (  '', '', ( #4728 ) ) ;
#4587 = CARTESIAN_POINT ( 'NONE',  ( -13.94655025073976162, 0.000000000000000000, -2.000000000000000000 ) ) ;
#4588 = ORIENTED_EDGE ( 'NONE', *, *, #7851, .T. ) ;
#4589 = SURFACE_STYLE_FILL_AREA ( #1862 ) ;
#4590 = PLANE ( 'NONE',  #2224 ) ;
#4591 = VERTEX_POINT ( 'NONE', #5857 ) ;
#4592 = ADVANCED_FACE ( 'NONE', ( #3893 ), #1225, .T. ) ;
#4593 = ORIENTED_EDGE ( 'NONE', *, *, #7112, .T. ) ;
#4594 = FACE_OUTER_BOUND ( 'NONE', #3225, .T. ) ;
#4595 = COLOUR_RGB ( '',0.7960784313725489669, 0.8235294117647058432, 0.9372549019607843146 ) ;
#4596 = EDGE_CURVE ( 'NONE', #3248, #7983, #6029, .T. ) ;
#4597 = EDGE_CURVE ( 'NONE', #2632, #2993, #500, .T. ) ;
#4598 = CARTESIAN_POINT ( 'NONE',  ( 1.340000000000000080, 4.826793837766004458, 3.059473063321505482 ) ) ;
#4599 = DIRECTION ( 'NONE',  ( 1.000000000000000000, 0.000000000000000000, -0.000000000000000000 ) ) ;
#4600 = PRESENTATION_LAYER_ASSIGNMENT (  '', '', ( #8703 ) ) ;
#4601 = ORIENTED_EDGE ( 'NONE', *, *, #895, .T. ) ;
#4602 = EDGE_CURVE ( 'NONE', #277, #6914, #1891, .T. ) ;
#4603 = CARTESIAN_POINT ( 'NONE',  ( 11.94655025073976162, 1.000000000000000000, -2.000000000000000000 ) ) ;
#4604 = VECTOR ( 'NONE', #3625, 1000.000000000000000 ) ;
#4605 = DIRECTION ( 'NONE',  ( 0.000000000000000000, 1.000000000000000000, 0.000000000000000000 ) ) ;
#4606 = CARTESIAN_POINT ( 'NONE',  ( 5.520000000000001350, 7.641130724221518733, 3.017654449115059201 ) ) ;
#4607 = AXIS2_PLACEMENT_3D ( 'NONE', #6582, #4605, #414 ) ;
#4608 = DIRECTION ( 'NONE',  ( 1.000000000000000000, -0.000000000000000000, -0.000000000000000000 ) ) ;
#4609 = CARTESIAN_POINT ( 'NONE',  ( 2.163148036665242469, 0.8197776927927701296, 0.1499999999999999944 ) ) ;
#4610 = VERTEX_POINT ( 'NONE', #8732 ) ;
#4611 = STYLED_ITEM ( 'NONE', ( #2270 ), #4332 ) ;
#4612 =( GEOMETRIC_REPRESENTATION_CONTEXT ( 3 ) GLOBAL_UNCERTAINTY_ASSIGNED_CONTEXT ( ( #7354 ) ) GLOBAL_UNIT_ASSIGNED_CONTEXT ( ( #8102, #7361, #617 ) ) REPRESENTATION_CONTEXT ( 'NONE', 'WORKASPACE' ) );
#4613 = VERTEX_POINT ( 'NONE', #6259 ) ;
#4614 = ORIENTED_EDGE ( 'NONE', *, *, #4500, .T. ) ;
#4615 = VECTOR ( 'NONE', #3738, 1000.000000000000000 ) ;
#4616 = CARTESIAN_POINT ( 'NONE',  ( -0.8909452591481796802, -4.385197194226567952, 0.5000000000000000000 ) ) ;
#4617 = CARTESIAN_POINT ( 'NONE',  ( -1.199999999999999734, 4.899999999999998579, 3.017654449115059201 ) ) ;
#4618 = VERTEX_POINT ( 'NONE', #8160 ) ;
#4619 = SURFACE_STYLE_FILL_AREA ( #8029 ) ;
#4620 = PRESENTATION_LAYER_ASSIGNMENT (  '', '', ( #3590 ) ) ;
#4621 = CARTESIAN_POINT ( 'NONE',  ( 3.880000000000000782, 3.999999999999999112, 2.000000000000000000 ) ) ;
#4622 = EDGE_LOOP ( 'NONE', ( #2037, #6919 ) ) ;
#4623 = SURFACE_STYLE_USAGE ( .BOTH. , #1109 ) ;
#4624 = VERTEX_POINT ( 'NONE', #1444 ) ;
#4625 = AXIS2_PLACEMENT_3D ( 'NONE', #4925, #6216, #1311 ) ;
#4626 = DIRECTION ( 'NONE',  ( -1.000000000000000000, 0.000000000000000000, 0.000000000000000000 ) ) ;
#4627 = ORIENTED_EDGE ( 'NONE', *, *, #1559, .F. ) ;
#4628 = CARTESIAN_POINT ( 'NONE',  ( 0.000000000000000000, -5.356808079531231392, 0.000000000000000000 ) ) ;
#4629 = CARTESIAN_POINT ( 'NONE',  ( 3.436010026804369399, 0.1631021076784486823, 0.000000000000000000 ) ) ;
#4630 = PLANE ( 'NONE',  #1202 ) ;
#4631 = EDGE_CURVE ( 'NONE', #5185, #4564, #7462, .T. ) ;
#4632 = CARTESIAN_POINT ( 'NONE',  ( 8.000000000000000000, 6.099999999999998757, -2.000000000000000000 ) ) ;
#4633 = VERTEX_POINT ( 'NONE', #5578 ) ;
#4634 = VERTEX_POINT ( 'NONE', #1980 ) ;
#4635 =( GEOMETRIC_REPRESENTATION_CONTEXT ( 3 ) GLOBAL_UNCERTAINTY_ASSIGNED_CONTEXT ( ( #7863 ) ) GLOBAL_UNIT_ASSIGNED_CONTEXT ( ( #2462, #7276, #4466 ) ) REPRESENTATION_CONTEXT ( 'NONE', 'WORKASPACE' ) );
#4636 = DIRECTION ( 'NONE',  ( -0.000000000000000000, -1.000000000000000000, -0.000000000000000000 ) ) ;
#4637 =( GEOMETRIC_REPRESENTATION_CONTEXT ( 3 ) GLOBAL_UNCERTAINTY_ASSIGNED_CONTEXT ( ( #966 ) ) GLOBAL_UNIT_ASSIGNED_CONTEXT ( ( #6971, #882, #4913 ) ) REPRESENTATION_CONTEXT ( 'NONE', 'WORKASPACE' ) );
#4638 = LINE ( 'NONE', #7971, #774 ) ;
#4639 = CARTESIAN_POINT ( 'NONE',  ( -7.486385755306426439E-15, 1.768548375075889023, 0.1499999999999999944 ) ) ;
#4640 = LINE ( 'NONE', #2563, #6655 ) ;
#4641 = EDGE_LOOP ( 'NONE', ( #7407, #5059, #987, #688 ) ) ;
#4642 = VERTEX_POINT ( 'NONE', #6942 ) ;
#4643 = DIRECTION ( 'NONE',  ( -0.000000000000000000, 0.000000000000000000, -1.000000000000000000 ) ) ;
#4644 = CARTESIAN_POINT ( 'NONE',  ( 1.813148036665242602, 0.8197776927927701296, 0.1499999999999999944 ) ) ;
#4645 = FACE_OUTER_BOUND ( 'NONE', #4851, .T. ) ;
#4646 = CYLINDRICAL_SURFACE ( 'NONE', #3960, 0.8278507393618644850 ) ;
#4647 = SURFACE_STYLE_FILL_AREA ( #7241 ) ;
#4648 = EDGE_CURVE ( 'NONE', #968, #698, #2754, .T. ) ;
#4649 = LINE ( 'NONE', #1223, #8784 ) ;
#4650 = VERTEX_POINT ( 'NONE', #760 ) ;
#4651 = EDGE_CURVE ( 'NONE', #5080, #8699, #4745, .T. ) ;
#4652 = EDGE_CURVE ( 'NONE', #1979, #1203, #2834, .T. ) ;
#4653 = VERTEX_POINT ( 'NONE', #6073 ) ;
#4654 = EDGE_LOOP ( 'NONE', ( #4223, #7075 ) ) ;
#4655 = FILL_AREA_STYLE_COLOUR ( '', #8260 ) ;
#4656 = VECTOR ( 'NONE', #507, 1000.000000000000000 ) ;
#4657 =( NAMED_UNIT ( * ) SI_UNIT ( $, .STERADIAN. ) SOLID_ANGLE_UNIT ( ) );
#4658 = ORIENTED_EDGE ( 'NONE', *, *, #7482, .T. ) ;
#4659 = CARTESIAN_POINT ( 'NONE',  ( -7.500000000000000000, 3.728180208693597120, 0.000000000000000000 ) ) ;
#4660 = LINE ( 'NONE', #4534, #7236 ) ;
#4661 = VECTOR ( 'NONE', #6785, 1000.000000000000000 ) ;
#4662 = ORIENTED_EDGE ( 'NONE', *, *, #6004, .T. ) ;
#4663 =( NAMED_UNIT ( * ) SI_UNIT ( $, .STERADIAN. ) SOLID_ANGLE_UNIT ( ) );
#4664 = VERTEX_POINT ( 'NONE', #8284 ) ;
#4665 = VERTEX_POINT ( 'NONE', #4207 ) ;
#4666 = FACE_OUTER_BOUND ( 'NONE', #2729, .T. ) ;
#4667 = ORIENTED_EDGE ( 'NONE', *, *, #8605, .F. ) ;
#4668 =( GEOMETRIC_REPRESENTATION_CONTEXT ( 3 ) GLOBAL_UNCERTAINTY_ASSIGNED_CONTEXT ( ( #4467 ) ) GLOBAL_UNIT_ASSIGNED_CONTEXT ( ( #6263, #5024, #994 ) ) REPRESENTATION_CONTEXT ( 'NONE', 'WORKASPACE' ) );
#4669 = DIRECTION ( 'NONE',  ( -0.000000000000000000, -0.000000000000000000, -1.000000000000000000 ) ) ;
#4670 = PRESENTATION_LAYER_ASSIGNMENT (  '', '', ( #2196 ) ) ;
#4671 = VECTOR ( 'NONE', #2006, 1000.000000000000000 ) ;
#4672 = VECTOR ( 'NONE', #7795, 1000.000000000000000 ) ;
#4673 = DIRECTION ( 'NONE',  ( 1.000000000000000000, 0.000000000000000000, 0.000000000000000000 ) ) ;
#4674 = ORIENTED_EDGE ( 'NONE', *, *, #3529, .T. ) ;
#4676 = VERTEX_POINT ( 'NONE', #6165 ) ;
#4675 = CIRCLE ( 'NONE', #1076, 0.6499999999999991340 ) ;
#4677 = DIRECTION ( 'NONE',  ( 0.000000000000000000, -0.000000000000000000, -1.000000000000000000 ) ) ;
#4678 = DIRECTION ( 'NONE',  ( 0.000000000000000000, -0.000000000000000000, 1.000000000000000000 ) ) ;
#4679 = VERTEX_POINT ( 'NONE', #7555 ) ;
#4680 = AXIS2_PLACEMENT_3D ( 'NONE', #7272, #476, #521 ) ;
#4681 = UNCERTAINTY_MEASURE_WITH_UNIT (LENGTH_MEASURE( 1.000000000000000082E-05 ), #1880, 'distance_accuracy_value', 'NONE');
#4682 = VECTOR ( 'NONE', #4932, 1000.000000000000000 ) ;
#4683 = DIRECTION ( 'NONE',  ( -1.792774519996115664E-16, -1.000000000000000000, 0.000000000000000000 ) ) ;
#4684 = SURFACE_SIDE_STYLE ('',( #2466 ) ) ;
#4685 =( GEOMETRIC_REPRESENTATION_CONTEXT ( 3 ) GLOBAL_UNCERTAINTY_ASSIGNED_CONTEXT ( ( #2899 ) ) GLOBAL_UNIT_ASSIGNED_CONTEXT ( ( #4366, #167, #5778 ) ) REPRESENTATION_CONTEXT ( 'NONE', 'WORKASPACE' ) );
#4686 = DIRECTION ( 'NONE',  ( -0.000000000000000000, -0.000000000000000000, 1.000000000000000000 ) ) ;
#4687 = VERTEX_POINT ( 'NONE', #7505 ) ;
#4688 = CARTESIAN_POINT ( 'NONE',  ( -2.099999999999999645, 3.999999999999999112, 2.000000000000000000 ) ) ;
#4689 = VECTOR ( 'NONE', #6939, 1000.000000000000000 ) ;
#4690 = FACE_OUTER_BOUND ( 'NONE', #1339, .T. ) ;
#4691 =( LENGTH_UNIT ( ) NAMED_UNIT ( * ) SI_UNIT ( .MILLI., .METRE. ) );
#4692 = PRESENTATION_LAYER_ASSIGNMENT (  '', '', ( #2088 ) ) ;
#4693 = CARTESIAN_POINT ( 'NONE',  ( -2.938471846222877826, 2.803082408881607535, 0.000000000000000000 ) ) ;
#4694 =( LENGTH_UNIT ( ) NAMED_UNIT ( * ) SI_UNIT ( .MILLI., .METRE. ) );
#4695 =( GEOMETRIC_REPRESENTATION_CONTEXT ( 3 ) GLOBAL_UNCERTAINTY_ASSIGNED_CONTEXT ( ( #2771 ) ) GLOBAL_UNIT_ASSIGNED_CONTEXT ( ( #1789, #3918, #1033 ) ) REPRESENTATION_CONTEXT ( 'NONE', 'WORKASPACE' ) );
#4696 = FACE_OUTER_BOUND ( 'NONE', #6746, .T. ) ;
#4697 = ORIENTED_EDGE ( 'NONE', *, *, #3716, .F. ) ;
#4698 = CARTESIAN_POINT ( 'NONE',  ( 4.141442242859602274, 0.1631021076784486823, 0.2999999999999999889 ) ) ;
#4699 = ORIENTED_EDGE ( 'NONE', *, *, #7653, .F. ) ;
#4700 = VECTOR ( 'NONE', #7357, 1000.000000000000000 ) ;
#4701 = LINE ( 'NONE', #1358, #6282 ) ;
#4702 = PRESENTATION_LAYER_ASSIGNMENT (  '', '', ( #8819 ) ) ;
#4703 = UNCERTAINTY_MEASURE_WITH_UNIT (LENGTH_MEASURE( 1.000000000000000082E-05 ), #6537, 'distance_accuracy_value', 'NONE');
#4704 = ADVANCED_FACE ( 'NONE', ( #632 ), #2791, .T. ) ;
#4705 = PRESENTATION_STYLE_ASSIGNMENT (( #1812 ) ) ;
#4706 = ORIENTED_EDGE ( 'NONE', *, *, #6862, .T. ) ;
#4707 = CARTESIAN_POINT ( 'NONE',  ( 1.340000000000000080, 4.899999999999998579, 3.017654449115059201 ) ) ;
#4708 = ADVANCED_FACE ( 'NONE', ( #1403 ), #680, .F. ) ;
#4709 = EDGE_CURVE ( 'NONE', #4234, #4610, #8584, .T. ) ;
#4710 =( LENGTH_UNIT ( ) NAMED_UNIT ( * ) SI_UNIT ( .MILLI., .METRE. ) );
#4711 = SURFACE_SIDE_STYLE ('',( #8839 ) ) ;
#4712 = EDGE_CURVE ( 'NONE', #3993, #958, #2710, .T. ) ;
#4713 = DIRECTION ( 'NONE',  ( -0.000000000000000000, -0.000000000000000000, 1.000000000000000000 ) ) ;
#4714 = EDGE_CURVE ( 'NONE', #1615, #1820, #5443, .T. ) ;
#4715 = ORIENTED_EDGE ( 'NONE', *, *, #1556, .F. ) ;
#4716 = FILL_AREA_STYLE ('',( #1902 ) ) ;
#4717 = EDGE_LOOP ( 'NONE', ( #7899, #8001, #8265, #1239 ) ) ;
#4718 = ORIENTED_EDGE ( 'NONE', *, *, #7892, .F. ) ;
#4719 = CARTESIAN_POINT ( 'NONE',  ( 6.948636131094521495, -5.267066187369637831, 0.1000000000000002554 ) ) ;
#4720 = ORIENTED_EDGE ( 'NONE', *, *, #6791, .T. ) ;
#4721 = FILL_AREA_STYLE_COLOUR ( '', #7714 ) ;
#4722 = AXIS2_PLACEMENT_3D ( 'NONE', #4303, #3602, #4349 ) ;
#4723 = EDGE_CURVE ( 'NONE', #6885, #5937, #3426, .T. ) ;
#4724 = SURFACE_SIDE_STYLE ('',( #8804 ) ) ;
#4725 = DIRECTION ( 'NONE',  ( 0.000000000000000000, 0.000000000000000000, 1.000000000000000000 ) ) ;
#4726 = PLANE ( 'NONE',  #6551 ) ;
#4727 = EDGE_LOOP ( 'NONE', ( #8756, #5373, #4178, #2877 ) ) ;
#4728 = STYLED_ITEM ( 'NONE', ( #8103 ), #2615 ) ;
#4729 = PRESENTATION_STYLE_ASSIGNMENT (( #5304 ) ) ;
#4730 = LINE ( 'NONE', #8713, #1885 ) ;
#4731 = EDGE_LOOP ( 'NONE', ( #1555, #8753, #4068, #1867, #5927, #6554, #1465, #1049, #8830, #8338, #3304, #4797, #7966, #8327, #4697, #3914 ) ) ;
#4732 = DIRECTION ( 'NONE',  ( 0.000000000000000000, 1.000000000000000000, 0.000000000000000000 ) ) ;
#4733 = EDGE_LOOP ( 'NONE', ( #5692, #5429, #7003, #8731 ) ) ;
#4734 = FILL_AREA_STYLE_COLOUR ( '', #4755 ) ;
#4735 = EDGE_LOOP ( 'NONE', ( #2536, #6947, #3463, #7507 ) ) ;
#4736 = LINE ( 'NONE', #4070, #3715 ) ;
#4737 = SURFACE_SIDE_STYLE ('',( #576 ) ) ;
#4738 = DIRECTION ( 'NONE',  ( 0.000000000000000000, 0.000000000000000000, -1.000000000000000000 ) ) ;
#4739 = VECTOR ( 'NONE', #4217, 1000.000000000000000 ) ;
#4740 = ADVANCED_FACE ( 'NONE', ( #4386 ), #3058, .F. ) ;
#4741 = CARTESIAN_POINT ( 'NONE',  ( -1.275591300402032724, 0.000000000000000000, 0.1499999999999999944 ) ) ;
#4742 = PRESENTATION_STYLE_ASSIGNMENT (( #391 ) ) ;
#4743 = DIRECTION ( 'NONE',  ( -1.000000000000000000, 0.000000000000000000, 0.000000000000000000 ) ) ;
#4744 = ORIENTED_EDGE ( 'NONE', *, *, #8399, .T. ) ;
#4745 = LINE ( 'NONE', #3509, #8016 ) ;
#4746 = AXIS2_PLACEMENT_3D ( 'NONE', #7586, #3496, #7546 ) ;
#4747 = SURFACE_STYLE_USAGE ( .BOTH. , #806 ) ;
#4748 = ORIENTED_EDGE ( 'NONE', *, *, #7080, .F. ) ;
#4749 = LINE ( 'NONE', #4707, #1762 ) ;
#4750 = CARTESIAN_POINT ( 'NONE',  ( -2.099999999999999645, 4.899999999999998579, 3.017654449115059201 ) ) ;
#4751 = LINE ( 'NONE', #4845, #220 ) ;
#4752 = DIRECTION ( 'NONE',  ( -0.000000000000000000, -0.000000000000000000, -1.000000000000000000 ) ) ;
#4753 = EDGE_CURVE ( 'NONE', #5321, #1645, #3753, .T. ) ;
#4754 = PRESENTATION_STYLE_ASSIGNMENT (( #8078 ) ) ;
#4755 = COLOUR_RGB ( '',0.7529411764705882248, 0.000000000000000000, 0.7529411764705882248 ) ;
#4756 = ORIENTED_EDGE ( 'NONE', *, *, #1277, .T. ) ;
#4757 =( GEOMETRIC_REPRESENTATION_CONTEXT ( 3 ) GLOBAL_UNCERTAINTY_ASSIGNED_CONTEXT ( ( #8673 ) ) GLOBAL_UNIT_ASSIGNED_CONTEXT ( ( #961, #1676, #5815 ) ) REPRESENTATION_CONTEXT ( 'NONE', 'WORKASPACE' ) );
#4758 = FACE_OUTER_BOUND ( 'NONE', #8308, .T. ) ;
#4759 = VECTOR ( 'NONE', #938, 1000.000000000000000 ) ;
#4760 = SURFACE_STYLE_USAGE ( .BOTH. , #2121 ) ;
#4761 = VERTEX_POINT ( 'NONE', #8328 ) ;
#4762 = ORIENTED_EDGE ( 'NONE', *, *, #3716, .T. ) ;
#4763 = EDGE_CURVE ( 'NONE', #3853, #4624, #2916, .T. ) ;
#4764 = ORIENTED_EDGE ( 'NONE', *, *, #455, .T. ) ;
#4765 = LINE ( 'NONE', #6880, #7581 ) ;
#4766 = EDGE_CURVE ( 'NONE', #7538, #8689, #7721, .T. ) ;
#4767 = CARTESIAN_POINT ( 'NONE',  ( 0.000000000000000000, 0.000000000000000000, 0.1499999999999999944 ) ) ;
#4768 = VECTOR ( 'NONE', #3385, 1000.000000000000000 ) ;
#4769 = VERTEX_POINT ( 'NONE', #4435 ) ;
#4770 = EDGE_CURVE ( 'NONE', #7956, #1100, #7027, .T. ) ;
#4771 = CARTESIAN_POINT ( 'NONE',  ( 11.94655025073976162, -1.000000000000000000, 0.000000000000000000 ) ) ;
#4772 = DIRECTION ( 'NONE',  ( 0.000000000000000000, 1.000000000000000000, -0.000000000000000000 ) ) ;
#4773 = ORIENTED_EDGE ( 'NONE', *, *, #7543, .T. ) ;
#4774 = UNCERTAINTY_MEASURE_WITH_UNIT (LENGTH_MEASURE( 1.000000000000000082E-05 ), #5700, 'distance_accuracy_value', 'NONE');
#4775 = DIRECTION ( 'NONE',  ( 0.000000000000000000, 0.000000000000000000, -1.000000000000000000 ) ) ;
#4776 = ORIENTED_EDGE ( 'NONE', *, *, #2853, .T. ) ;
#4777 = FILL_AREA_STYLE ('',( #5602 ) ) ;
#4778 = MECHANICAL_DESIGN_GEOMETRIC_PRESENTATION_REPRESENTATION (  '', ( #2755 ), #4635 ) ;
#4779 = VERTEX_POINT ( 'NONE', #4972 ) ;
#4780 = DIRECTION ( 'NONE',  ( 1.000000000000000000, 0.000000000000000000, 0.000000000000000000 ) ) ;
#4781 = SURFACE_SIDE_STYLE ('',( #8147 ) ) ;
#4782 = FILL_AREA_STYLE ('',( #2703 ) ) ;
#4783 = CIRCLE ( 'NONE', #1602, 0.6500000000000003553 ) ;
#4784 = CARTESIAN_POINT ( 'NONE',  ( -5.390576079945590848, -0.7767525643175616779, 0.000000000000000000 ) ) ;
#4785 = CARTESIAN_POINT ( 'NONE',  ( -3.146208542697764621, -3.019825643321816754E-15, 0.1499999999999999944 ) ) ;
#4786 =( NAMED_UNIT ( * ) SI_UNIT ( $, .STERADIAN. ) SOLID_ANGLE_UNIT ( ) );
#4787 = FILL_AREA_STYLE_COLOUR ( '', #2813 ) ;
#4788 = FACE_OUTER_BOUND ( 'NONE', #3416, .T. ) ;
#4789 = VERTEX_POINT ( 'NONE', #2968 ) ;
#4790 = DIRECTION ( 'NONE',  ( -0.000000000000000000, -1.000000000000000000, -0.000000000000000000 ) ) ;
#4791 = SURFACE_STYLE_FILL_AREA ( #4170 ) ;
#4792 = LINE ( 'NONE', #5409, #1143 ) ;
#4793 = VERTEX_POINT ( 'NONE', #5146 ) ;
#4794 = PLANE ( 'NONE',  #2340 ) ;
#4795 = LINE ( 'NONE', #2759, #6391 ) ;
#4796 = CARTESIAN_POINT ( 'NONE',  ( -8.000000000000000000, 6.099999999999998757, 0.000000000000000000 ) ) ;
#4797 = ORIENTED_EDGE ( 'NONE', *, *, #7779, .T. ) ;
#4798 = CARTESIAN_POINT ( 'NONE',  ( 5.520000000000001350, 7.641130724221518733, 3.884080669685257448 ) ) ;
#4799 = ORIENTED_EDGE ( 'NONE', *, *, #4116, .F. ) ;
#4800 = EDGE_LOOP ( 'NONE', ( #2544, #5404 ) ) ;
#4801 = CIRCLE ( 'NONE', #2048, 2.800000000000000266 ) ;
#4802 = AXIS2_PLACEMENT_3D ( 'NONE', #5633, #2220, #165 ) ;
#4803 = VERTEX_POINT ( 'NONE', #945 ) ;
#4804 = LINE ( 'NONE', #5631, #7282 ) ;
#4805 = FACE_OUTER_BOUND ( 'NONE', #7504, .T. ) ;
#4806 = CARTESIAN_POINT ( 'NONE',  ( 1.252250989393667080, -0.8913831919116188551, 0.000000000000000000 ) ) ;
#4807 = UNCERTAINTY_MEASURE_WITH_UNIT (LENGTH_MEASURE( 1.000000000000000082E-05 ), #1446, 'distance_accuracy_value', 'NONE');
#4808 = VECTOR ( 'NONE', #1984, 1000.000000000000000 ) ;
#4809 =( NAMED_UNIT ( * ) PLANE_ANGLE_UNIT ( ) SI_UNIT ( $, .RADIAN. ) );
#4810 = ORIENTED_EDGE ( 'NONE', *, *, #627, .T. ) ;
#4811 = COLOUR_RGB ( '',1.000000000000000000, 1.000000000000000000, 1.000000000000000000 ) ;
#4812 = CARTESIAN_POINT ( 'NONE',  ( -7.500000000000000000, 5.728180208693597564, 2.000000000000000000 ) ) ;
#4813 = SURFACE_STYLE_USAGE ( .BOTH. , #2046 ) ;
#4814 = MECHANICAL_DESIGN_GEOMETRIC_PRESENTATION_REPRESENTATION (  '', ( #8626 ), #6822 ) ;
#4815 = ORIENTED_EDGE ( 'NONE', *, *, #7902, .T. ) ;
#4816 = EDGE_CURVE ( 'NONE', #2953, #125, #7678, .T. ) ;
#4817 = PRESENTATION_LAYER_ASSIGNMENT (  '', '', ( #5382 ) ) ;
#4818 = CIRCLE ( 'NONE', #925, 0.6499999999999995781 ) ;
#4819 = EDGE_CURVE ( 'NONE', #4148, #502, #147, .T. ) ;
#4820 = EDGE_CURVE ( 'NONE', #584, #7655, #314, .T. ) ;
#4821 = EDGE_CURVE ( 'NONE', #1820, #770, #804, .T. ) ;
#4822 = FACE_OUTER_BOUND ( 'NONE', #4004, .T. ) ;
#4823 =( GEOMETRIC_REPRESENTATION_CONTEXT ( 3 ) GLOBAL_UNCERTAINTY_ASSIGNED_CONTEXT ( ( #2966 ) ) GLOBAL_UNIT_ASSIGNED_CONTEXT ( ( #2758, #4260, #26 ) ) REPRESENTATION_CONTEXT ( 'NONE', 'WORKASPACE' ) );
#4824 = LINE ( 'NONE', #3363, #8380 ) ;
#4825 = ORIENTED_EDGE ( 'NONE', *, *, #5928, .F. ) ;
#4826 = COLOUR_RGB ( '',1.000000000000000000, 1.000000000000000000, 0.5019607843137254832 ) ;
#4827 = SURFACE_SIDE_STYLE ('',( #7411 ) ) ;
#4828 = CARTESIAN_POINT ( 'NONE',  ( -4.270710445465622840, 0.2692500179271393179, 0.4000000000000000222 ) ) ;
#4829 = VECTOR ( 'NONE', #4979, 1000.000000000000000 ) ;
#4830 = PLANE ( 'NONE',  #4746 ) ;
#4831 = SURFACE_STYLE_FILL_AREA ( #2871 ) ;
#4832 = VECTOR ( 'NONE', #8052, 1000.000000000000000 ) ;
#4833 = MECHANICAL_DESIGN_GEOMETRIC_PRESENTATION_REPRESENTATION (  '', ( #1651 ), #4685 ) ;
#4834 = DIRECTION ( 'NONE',  ( -0.000000000000000000, 1.000000000000000000, -0.000000000000000000 ) ) ;
#4835 = CARTESIAN_POINT ( 'NONE',  ( -1.480492736483535188, 2.091446606018390497, 0.1499999999999999944 ) ) ;
#4836 = CARTESIAN_POINT ( 'NONE',  ( 2.980000000000000870, 7.641130724221518733, 3.017654449115059201 ) ) ;
#4837 = VERTEX_POINT ( 'NONE', #3559 ) ;
#4838 = CARTESIAN_POINT ( 'NONE',  ( 0.4400000000000001688, 3.999999999999999112, 2.000000000000000000 ) ) ;
#4839 = CIRCLE ( 'NONE', #5833, 0.8278507393618804722 ) ;
#4840 = STYLED_ITEM ( 'NONE', ( #6016 ), #8006 ) ;
#4841 = CARTESIAN_POINT ( 'NONE',  ( -2.938471846222877826, 2.803082408881607535, 0.000000000000000000 ) ) ;
#4842 = DIRECTION ( 'NONE',  ( 1.000000000000000000, 0.000000000000000000, 0.000000000000000000 ) ) ;
#4843 = EDGE_LOOP ( 'NONE', ( #6475, #3488, #3939, #3521 ) ) ;
#4844 = CARTESIAN_POINT ( 'NONE',  ( -1.497330604592375547, -3.005484622322586841, -2.000000000000000000 ) ) ;
#4845 = CARTESIAN_POINT ( 'NONE',  ( 0.6913539421220921133, 0.8197776927927701296, 0.1499999999999999944 ) ) ;
#4846 = DIRECTION ( 'NONE',  ( -0.000000000000000000, -0.000000000000000000, -1.000000000000000000 ) ) ;
#4847 = VERTEX_POINT ( 'NONE', #6306 ) ;
#4848 = DIRECTION ( 'NONE',  ( -1.000000000000000000, 0.000000000000000000, 0.000000000000000000 ) ) ;
#4849 = DIRECTION ( 'NONE',  ( 1.000000000000000000, 0.000000000000000000, -0.000000000000000000 ) ) ;
#4850 = EDGE_LOOP ( 'NONE', ( #7693, #8745, #3402, #2399 ) ) ;
#4851 = EDGE_LOOP ( 'NONE', ( #6889, #1415, #6462, #1302 ) ) ;
#4852 = PLANE ( 'NONE',  #4325 ) ;
#4853 = ORIENTED_EDGE ( 'NONE', *, *, #7545, .T. ) ;
#4854 = SURFACE_SIDE_STYLE ('',( #2730 ) ) ;
#4855 = SURFACE_STYLE_USAGE ( .BOTH. , #2086 ) ;
#4856 = DIRECTION ( 'NONE',  ( 0.000000000000000000, -1.000000000000000000, 0.000000000000000000 ) ) ;
#4857 = UNCERTAINTY_MEASURE_WITH_UNIT (LENGTH_MEASURE( 1.000000000000000082E-05 ), #7697, 'distance_accuracy_value', 'NONE');
#4858 = VECTOR ( 'NONE', #4027, 1000.000000000000000 ) ;
#4859 = DIRECTION ( 'NONE',  ( -2.168404344971008375E-16, -1.000000000000000000, 0.000000000000000000 ) ) ;
#4860 = EDGE_CURVE ( 'NONE', #1903, #1838, #4300, .T. ) ;
#4861 = ORIENTED_EDGE ( 'NONE', *, *, #5512, .T. ) ;
#4862 = LINE ( 'NONE', #8185, #214 ) ;
#4863 = ORIENTED_EDGE ( 'NONE', *, *, #6890, .F. ) ;
#4864 = UNCERTAINTY_MEASURE_WITH_UNIT (LENGTH_MEASURE( 1.000000000000000082E-05 ), #5292, 'distance_accuracy_value', 'NONE');
#4865 = EDGE_CURVE ( 'NONE', #255, #8255, #3601, .T. ) ;
#4866 = VECTOR ( 'NONE', #4884, 1000.000000000000000 ) ;
#4867 = DIRECTION ( 'NONE',  ( 1.000000000000000000, 0.000000000000000000, -0.000000000000000000 ) ) ;
#4868 = LINE ( 'NONE', #7582, #6565 ) ;
#4869 = FACE_BOUND ( 'NONE', #2805, .T. ) ;
#4870 =( NAMED_UNIT ( * ) PLANE_ANGLE_UNIT ( ) SI_UNIT ( $, .RADIAN. ) );
#4871 = STYLED_ITEM ( 'NONE', ( #7497 ), #2637 ) ;
#4872 = LINE ( 'NONE', #2144, #6000 ) ;
#4873 = EDGE_CURVE ( 'NONE', #424, #4564, #7069, .T. ) ;
#4874 = PRESENTATION_STYLE_ASSIGNMENT (( #8104 ) ) ;
#4875 =( NAMED_UNIT ( * ) SI_UNIT ( $, .STERADIAN. ) SOLID_ANGLE_UNIT ( ) );
#4876 =( NAMED_UNIT ( * ) PLANE_ANGLE_UNIT ( ) SI_UNIT ( $, .RADIAN. ) );
#4877 = DIRECTION ( 'NONE',  ( 0.000000000000000000, -0.000000000000000000, 1.000000000000000000 ) ) ;
#4878 = CARTESIAN_POINT ( 'NONE',  ( 1.298978179107251218, -5.365916429288997591, 0.5000000000000000000 ) ) ;
#4879 = MECHANICAL_DESIGN_GEOMETRIC_PRESENTATION_REPRESENTATION (  '', ( #6153 ), #8400 ) ;
#4880 = EDGE_CURVE ( 'NONE', #958, #5185, #1746, .T. ) ;
#4881 = ORIENTED_EDGE ( 'NONE', *, *, #4222, .F. ) ;
#4882 = CARTESIAN_POINT ( 'NONE',  ( 0.7040164599795361022, -5.365916429288997591, 0.5000000000000000000 ) ) ;
#4883 = EDGE_CURVE ( 'NONE', #6274, #8405, #2425, .T. ) ;
#4884 = DIRECTION ( 'NONE',  ( 0.000000000000000000, -1.000000000000000000, 0.000000000000000000 ) ) ;
#4885 = DIRECTION ( 'NONE',  ( -0.000000000000000000, -0.000000000000000000, -1.000000000000000000 ) ) ;
#4886 = DIRECTION ( 'NONE',  ( 0.000000000000000000, -0.000000000000000000, -1.000000000000000000 ) ) ;
#4887 = VECTOR ( 'NONE', #2626, 1000.000000000000000 ) ;
#4888 = CARTESIAN_POINT ( 'NONE',  ( -7.000000000000000000, 4.827278989943721399, -2.000000000000000000 ) ) ;
#4889 = FACE_BOUND ( 'NONE', #4654, .T. ) ;
#4890 = CARTESIAN_POINT ( 'NONE',  ( 7.500000000000000000, 5.728180208693597564, 2.000000000000000000 ) ) ;
#4891 = ORIENTED_EDGE ( 'NONE', *, *, #5043, .F. ) ;
#4892 = LINE ( 'NONE', #5499, #422 ) ;
#4893 = ORIENTED_EDGE ( 'NONE', *, *, #5525, .T. ) ;
#4894 = ORIENTED_EDGE ( 'NONE', *, *, #2712, .F. ) ;
#4895 = DIRECTION ( 'NONE',  ( 0.000000000000000000, 1.000000000000000000, -0.000000000000000000 ) ) ;
#4896 = ORIENTED_EDGE ( 'NONE', *, *, #2215, .F. ) ;
#4897 =( NAMED_UNIT ( * ) PLANE_ANGLE_UNIT ( ) SI_UNIT ( $, .RADIAN. ) );
#4898 = CARTESIAN_POINT ( 'NONE',  ( 0.000000000000000000, 0.000000000000000000, 0.1499999999999999944 ) ) ;
#4899 = VECTOR ( 'NONE', #2132, 1000.000000000000000 ) ;
#4900 = CARTESIAN_POINT ( 'NONE',  ( 3.436010026804369399, -0.9211733355175579785, 0.2999999999999999889 ) ) ;
#4901 = DIRECTION ( 'NONE',  ( 1.000000000000000000, 0.000000000000000000, 0.000000000000000000 ) ) ;
#4902 = ORIENTED_EDGE ( 'NONE', *, *, #2431, .T. ) ;
#4903 = DIRECTION ( 'NONE',  ( 1.000000000000000000, -0.000000000000000000, -0.000000000000000000 ) ) ;
#4904 = STYLED_ITEM ( 'NONE', ( #7688 ), #4499 ) ;
#4905 = LINE ( 'NONE', #7579, #5375 ) ;
#4906 = AXIS2_PLACEMENT_3D ( 'NONE', #6568, #7315, #3052 ) ;
#4907 = AXIS2_PLACEMENT_3D ( 'NONE', #6228, #2939, #8178 ) ;
#4908 = CARTESIAN_POINT ( 'NONE',  ( -2.099999999999999645, 4.899999999999998579, 2.000000000000000000 ) ) ;
#4909 = ORIENTED_EDGE ( 'NONE', *, *, #1723, .F. ) ;
#4910 = EDGE_CURVE ( 'NONE', #6724, #8746, #5186, .T. ) ;
#4911 = VECTOR ( 'NONE', #8510, 1000.000000000000000 ) ;
#4912 = PLANE ( 'NONE',  #5251 ) ;
#4913 =( NAMED_UNIT ( * ) SI_UNIT ( $, .STERADIAN. ) SOLID_ANGLE_UNIT ( ) );
#4914 = DIRECTION ( 'NONE',  ( 0.000000000000000000, -1.000000000000000000, 0.000000000000000000 ) ) ;
#4915 = VECTOR ( 'NONE', #5845, 1000.000000000000000 ) ;
#4916 = LINE ( 'NONE', #6560, #2117 ) ;
#4917 = DIRECTION ( 'NONE',  ( -0.000000000000000000, 0.000000000000000000, 1.000000000000000000 ) ) ;
#4918 =( NAMED_UNIT ( * ) PLANE_ANGLE_UNIT ( ) SI_UNIT ( $, .RADIAN. ) );
#4919 = LINE ( 'NONE', #4245, #7238 ) ;
#4920 = CARTESIAN_POINT ( 'NONE',  ( 6.378339758198182885, -5.267066187369637831, 0.1000000000000002554 ) ) ;
#4921 = DIRECTION ( 'NONE',  ( 0.000000000000000000, -1.000000000000000000, 0.000000000000000000 ) ) ;
#4922 = CARTESIAN_POINT ( 'NONE',  ( 0.6913539421220921133, -0.3913831919116187996, 0.000000000000000000 ) ) ;
#4923 =( NAMED_UNIT ( * ) PLANE_ANGLE_UNIT ( ) SI_UNIT ( $, .RADIAN. ) );
#4924 = VERTEX_POINT ( 'NONE', #373 ) ;
#4925 = CARTESIAN_POINT ( 'NONE',  ( 1.340000000000000080, 4.826793837766004458, 3.059473063321505482 ) ) ;
#4926 = DIRECTION ( 'NONE',  ( -0.000000000000000000, -0.000000000000000000, 1.000000000000000000 ) ) ;
#4927 = SURFACE_STYLE_USAGE ( .BOTH. , #2158 ) ;
#4928 = CARTESIAN_POINT ( 'NONE',  ( -1.480492736483535188, 2.803082408881607535, 0.000000000000000000 ) ) ;
#4929 =( LENGTH_UNIT ( ) NAMED_UNIT ( * ) SI_UNIT ( .MILLI., .METRE. ) );
#4930 = CARTESIAN_POINT ( 'NONE',  ( -8.000000000000000000, 3.000000000000000000, 0.000000000000000000 ) ) ;
#4931 = EDGE_CURVE ( 'NONE', #6039, #3147, #3111, .T. ) ;
#4932 = DIRECTION ( 'NONE',  ( 1.000000000000000000, 0.000000000000000000, 0.000000000000000000 ) ) ;
#4933 = EDGE_CURVE ( 'NONE', #6197, #2097, #4198, .T. ) ;
#4934 = DIRECTION ( 'NONE',  ( -0.000000000000000000, 0.000000000000000000, 1.000000000000000000 ) ) ;
#4935 = VERTEX_POINT ( 'NONE', #4138 ) ;
#4936 = DIRECTION ( 'NONE',  ( -0.000000000000000000, 0.000000000000000000, 1.000000000000000000 ) ) ;
#4937 = SURFACE_SIDE_STYLE ('',( #8847 ) ) ;
#4938 = VERTEX_POINT ( 'NONE', #5418 ) ;
#4939 = VERTEX_POINT ( 'NONE', #3397 ) ;
#4940 = DIRECTION ( 'NONE',  ( 0.000000000000000000, -1.000000000000000000, 0.000000000000000000 ) ) ;
#4941 = LINE ( 'NONE', #3569, #4101 ) ;
#4942 = ORIENTED_EDGE ( 'NONE', *, *, #8822, .T. ) ;
#4943 = LINE ( 'NONE', #8346, #3451 ) ;
#4944 = CARTESIAN_POINT ( 'NONE',  ( 0.000000000000000000, 0.8197776927927701296, 0.1499999999999999944 ) ) ;
#4945 = VERTEX_POINT ( 'NONE', #730 ) ;
#4946 = SURFACE_SIDE_STYLE ('',( #213 ) ) ;
#4947 = VECTOR ( 'NONE', #7592, 1000.000000000000000 ) ;
#4948 = CARTESIAN_POINT ( 'NONE',  ( -5.949819853805799141, -0.7767525643175616779, 0.000000000000000000 ) ) ;
#4949 = EDGE_LOOP ( 'NONE', ( #4404, #8214, #2012, #2753 ) ) ;
#4950 = AXIS2_PLACEMENT_3D ( 'NONE', #8134, #4725, #122 ) ;
#4951 = CARTESIAN_POINT ( 'NONE',  ( -2.938471846222877826, 1.768548375075876589, 0.000000000000000000 ) ) ;
#4952 =( NAMED_UNIT ( * ) PLANE_ANGLE_UNIT ( ) SI_UNIT ( $, .RADIAN. ) );
#4953 = SURFACE_SIDE_STYLE ('',( #221 ) ) ;
#4954 = VERTEX_POINT ( 'NONE', #6874 ) ;
#4955 =( GEOMETRIC_REPRESENTATION_CONTEXT ( 3 ) GLOBAL_UNCERTAINTY_ASSIGNED_CONTEXT ( ( #4462 ) ) GLOBAL_UNIT_ASSIGNED_CONTEXT ( ( #3900, #8075, #3204 ) ) REPRESENTATION_CONTEXT ( 'NONE', 'WORKASPACE' ) );
#4956 =( GEOMETRIC_REPRESENTATION_CONTEXT ( 3 ) GLOBAL_UNCERTAINTY_ASSIGNED_CONTEXT ( ( #4338 ) ) GLOBAL_UNIT_ASSIGNED_CONTEXT ( ( #3610, #2300, #1625 ) ) REPRESENTATION_CONTEXT ( 'NONE', 'WORKASPACE' ) );
#4957 = SURFACE_STYLE_FILL_AREA ( #1647 ) ;
#4958 = AXIS2_PLACEMENT_3D ( 'NONE', #3431, #3516, #8293 ) ;
#4959 = CARTESIAN_POINT ( 'NONE',  ( 0.4400000000000001688, 4.899999999999998579, 3.884080669685257448 ) ) ;
#4960 = CARTESIAN_POINT ( 'NONE',  ( -8.000000000000000000, 6.099999999999998757, -2.000000000000000000 ) ) ;
#4961 = FILL_AREA_STYLE_COLOUR ( '', #8494 ) ;
#4962 = COLOUR_RGB ( '',0.7960784313725489669, 0.8235294117647058432, 0.9372549019607843146 ) ;
#4963 = VECTOR ( 'NONE', #2618, 1000.000000000000000 ) ;
#4964 = PRESENTATION_LAYER_ASSIGNMENT (  '', '', ( #359 ) ) ;
#4965 = DIRECTION ( 'NONE',  ( 0.000000000000000000, -1.000000000000000000, 0.000000000000000000 ) ) ;
#4966 = DIRECTION ( 'NONE',  ( 1.000000000000000000, -0.000000000000000000, -0.000000000000000000 ) ) ;
#4967 = AXIS2_PLACEMENT_3D ( 'NONE', #3306, #8611, #5421 ) ;
#4968 = CARTESIAN_POINT ( 'NONE',  ( 13.94655025073976162, -1.000000000000000000, 0.000000000000000000 ) ) ;
#4970 = CARTESIAN_POINT ( 'NONE',  ( -5.285226492385886488, 0.6740263370552496136, 0.1499999999999999944 ) ) ;
#4969 = PRESENTATION_LAYER_ASSIGNMENT (  '', '', ( #2655 ) ) ;
#4971 = ORIENTED_EDGE ( 'NONE', *, *, #6951, .F. ) ;
#4972 = CARTESIAN_POINT ( 'NONE',  ( 2.648125170278138096, -4.141704418566487966, -3.000000000000000000 ) ) ;
#4973 = VECTOR ( 'NONE', #5276, 1000.000000000000000 ) ;
#4974 = LINE ( 'NONE', #5759, #1118 ) ;
#4975 = DIRECTION ( 'NONE',  ( 1.000000000000000000, 0.000000000000000000, 0.000000000000000000 ) ) ;
#4976 = LINE ( 'NONE', #1579, #1910 ) ;
#4977 = FILL_AREA_STYLE ('',( #2839 ) ) ;
#4978 = DIRECTION ( 'NONE',  ( 0.000000000000000000, -0.000000000000000000, 1.000000000000000000 ) ) ;
#4979 = DIRECTION ( 'NONE',  ( -1.000000000000000000, 0.000000000000000000, 0.000000000000000000 ) ) ;
#4980 =( GEOMETRIC_REPRESENTATION_CONTEXT ( 3 ) GLOBAL_UNCERTAINTY_ASSIGNED_CONTEXT ( ( #7615 ) ) GLOBAL_UNIT_ASSIGNED_CONTEXT ( ( #8514, #7810, #7847 ) ) REPRESENTATION_CONTEXT ( 'NONE', 'WORKASPACE' ) );
#4981 = DIRECTION ( 'NONE',  ( -1.000000000000000000, 0.000000000000000000, 0.000000000000000000 ) ) ;
#4982 = PRESENTATION_STYLE_ASSIGNMENT (( #3611 ) ) ;
#4983 = ORIENTED_EDGE ( 'NONE', *, *, #836, .T. ) ;
#4984 = ORIENTED_EDGE ( 'NONE', *, *, #3103, .F. ) ;
#4985 = AXIS2_PLACEMENT_3D ( 'NONE', #7867, #8779, #5247 ) ;
#4986 = ADVANCED_FACE ( 'NONE', ( #8253 ), #2163, .T. ) ;
#4987 = EDGE_CURVE ( 'NONE', #6010, #4618, #2033, .T. ) ;
#4988 = FACE_OUTER_BOUND ( 'NONE', #4622, .T. ) ;
#4989 = AXIS2_PLACEMENT_3D ( 'NONE', #1137, #1220, #1179 ) ;
#4990 = EDGE_CURVE ( 'NONE', #293, #3476, #2120, .T. ) ;
#4991 = ORIENTED_EDGE ( 'NONE', *, *, #2715, .T. ) ;
#4992 = LINE ( 'NONE', #4454, #271 ) ;
#4993 = LINE ( 'NONE', #7822, #1335 ) ;
#4994 = UNCERTAINTY_MEASURE_WITH_UNIT (LENGTH_MEASURE( 1.000000000000000082E-05 ), #5167, 'distance_accuracy_value', 'NONE');
#4995 = ADVANCED_FACE ( 'NONE', ( #4758 ), #6779, .F. ) ;
#4996 = MECHANICAL_DESIGN_GEOMETRIC_PRESENTATION_REPRESENTATION (  '', ( #238 ), #6116 ) ;
#4997 = DIRECTION ( 'NONE',  ( -1.000000000000000000, 0.000000000000000000, 0.000000000000000000 ) ) ;
#4998 = ORIENTED_EDGE ( 'NONE', *, *, #6727, .F. ) ;
#4999 = FILL_AREA_STYLE_COLOUR ( '', #3379 ) ;
#5000 = MECHANICAL_DESIGN_GEOMETRIC_PRESENTATION_REPRESENTATION (  '', ( #97 ), #6989 ) ;
#5001 = CARTESIAN_POINT ( 'NONE',  ( 1.340000000000000080, 4.899999999999998579, 2.000000000000000000 ) ) ;
#5002 = VERTEX_POINT ( 'NONE', #590 ) ;
#5003 = DIRECTION ( 'NONE',  ( 1.000000000000000000, 0.000000000000000000, 0.000000000000000000 ) ) ;
#5004 = LINE ( 'NONE', #45, #4103 ) ;
#5005 = EDGE_CURVE ( 'NONE', #408, #5518, #4892, .T. ) ;
#5006 = EDGE_CURVE ( 'NONE', #4507, #1052, #4177, .T. ) ;
#5007 = ORIENTED_EDGE ( 'NONE', *, *, #455, .F. ) ;
#5008 = AXIS2_PLACEMENT_3D ( 'NONE', #2161, #4934, #5451 ) ;
#5009 = DIRECTION ( 'NONE',  ( 0.000000000000000000, -1.000000000000000000, 0.000000000000000000 ) ) ;
#5010 = APPLICATION_PROTOCOL_DEFINITION ( 'draft international standard', 'automotive_design', 1998, #8469 ) ;
#5011 = CARTESIAN_POINT ( 'NONE',  ( -5.772468334849516935, -1.143254048349641838, 0.1499999999999999944 ) ) ;
#5012 = SURFACE_STYLE_USAGE ( .BOTH. , #7150 ) ;
#5013 = DIRECTION ( 'NONE',  ( 0.000000000000000000, -1.000000000000000000, 0.000000000000000000 ) ) ;
#5014 = DIRECTION ( 'NONE',  ( 1.000000000000000000, 0.000000000000000000, 0.000000000000000000 ) ) ;
#5015 = CARTESIAN_POINT ( 'NONE',  ( 3.436010026804369399, 0.1631021076784486823, 0.000000000000000000 ) ) ;
#5016 = LINE ( 'NONE', #3698, #5358 ) ;
#5017 = EDGE_LOOP ( 'NONE', ( #1875, #3722, #2557, #2933 ) ) ;
#5018 = STYLED_ITEM ( 'NONE', ( #98 ), #2773 ) ;
#5019 = FACE_OUTER_BOUND ( 'NONE', #6590, .T. ) ;
#5020 =( NAMED_UNIT ( * ) SI_UNIT ( $, .STERADIAN. ) SOLID_ANGLE_UNIT ( ) );
#5021 = DIRECTION ( 'NONE',  ( 1.000000000000000000, 0.000000000000000000, 0.000000000000000000 ) ) ;
#5022 = EDGE_CURVE ( 'NONE', #7267, #4803, #3339, .T. ) ;
#5023 = SURFACE_SIDE_STYLE ('',( #1665 ) ) ;
#5024 =( NAMED_UNIT ( * ) PLANE_ANGLE_UNIT ( ) SI_UNIT ( $, .RADIAN. ) );
#5025 = STYLED_ITEM ( 'NONE', ( #6297 ), #2774 ) ;
#5026 =( NAMED_UNIT ( * ) PLANE_ANGLE_UNIT ( ) SI_UNIT ( $, .RADIAN. ) );
#5027 = LINE ( 'NONE', #858, #1917 ) ;
#5028 = LINE ( 'NONE', #4398, #203 ) ;
#5029 = FILL_AREA_STYLE ('',( #3028 ) ) ;
#5030 = EDGE_LOOP ( 'NONE', ( #803, #6608, #4176, #7419 ) ) ;
#5031 = EDGE_LOOP ( 'NONE', ( #4139, #7828, #8692, #3211 ) ) ;
#5032 = FACE_BOUND ( 'NONE', #198, .T. ) ;
#5033 = DIRECTION ( 'NONE',  ( -1.000000000000000000, -0.000000000000000000, -0.000000000000000000 ) ) ;
#5034 = ORIENTED_EDGE ( 'NONE', *, *, #5092, .T. ) ;
#5035 = CARTESIAN_POINT ( 'NONE',  ( 0.2040164599795362410, -5.356808079531231392, 0.5000000000000000000 ) ) ;
#5036 = SURFACE_STYLE_USAGE ( .BOTH. , #1757 ) ;
#5037 =( LENGTH_UNIT ( ) NAMED_UNIT ( * ) SI_UNIT ( .MILLI., .METRE. ) );
#5038 = CARTESIAN_POINT ( 'NONE',  ( -8.146550250739759136, 7.765819727554607998E-16, 0.000000000000000000 ) ) ;
#5039 = ORIENTED_EDGE ( 'NONE', *, *, #6903, .F. ) ;
#5040 = AXIS2_PLACEMENT_3D ( 'NONE', #2482, #8736, #6632 ) ;
#5041 = ORIENTED_EDGE ( 'NONE', *, *, #6464, .T. ) ;
#5042 = SURFACE_STYLE_USAGE ( .BOTH. , #2652 ) ;
#5043 = EDGE_CURVE ( 'NONE', #2261, #7090, #8795, .T. ) ;
#5044 = PRESENTATION_STYLE_ASSIGNMENT (( #745 ) ) ;
#5045 = AXIS2_PLACEMENT_3D ( 'NONE', #4115, #2782, #1303 ) ;
#5046 = ORIENTED_EDGE ( 'NONE', *, *, #4883, .F. ) ;
#5047 = ADVANCED_FACE ( 'NONE', ( #3473 ), #7422, .T. ) ;
#5048 = EDGE_CURVE ( 'NONE', #4687, #5630, #1186, .T. ) ;
#5049 = CARTESIAN_POINT ( 'NONE',  ( 0.6913539421220921133, 0.000000000000000000, 0.000000000000000000 ) ) ;
#5050 = PRESENTATION_LAYER_ASSIGNMENT (  '', '', ( #4611 ) ) ;
#5051 =( GEOMETRIC_REPRESENTATION_CONTEXT ( 3 ) GLOBAL_UNCERTAINTY_ASSIGNED_CONTEXT ( ( #8483 ) ) GLOBAL_UNIT_ASSIGNED_CONTEXT ( ( #8273, #2907, #6295 ) ) REPRESENTATION_CONTEXT ( 'NONE', 'WORKASPACE' ) );
#5052 = AXIS2_PLACEMENT_3D ( 'NONE', #3911, #1246, #2686 ) ;
#5053 = SURFACE_STYLE_FILL_AREA ( #2781 ) ;
#5054 = DIRECTION ( 'NONE',  ( -0.000000000000000000, -0.000000000000000000, -1.000000000000000000 ) ) ;
#5055 = LINE ( 'NONE', #6345, #6410 ) ;
#5056 = CARTESIAN_POINT ( 'NONE',  ( -1.280492736483534788, 0.9979665374599521188, 0.000000000000000000 ) ) ;
#5057 = DIRECTION ( 'NONE',  ( -0.000000000000000000, -0.000000000000000000, -1.000000000000000000 ) ) ;
#5058 =( LENGTH_UNIT ( ) NAMED_UNIT ( * ) SI_UNIT ( .MILLI., .METRE. ) );
#5059 = ORIENTED_EDGE ( 'NONE', *, *, #8282, .T. ) ;
#5060 = UNCERTAINTY_MEASURE_WITH_UNIT (LENGTH_MEASURE( 1.000000000000000082E-05 ), #2850, 'distance_accuracy_value', 'NONE');
#5061 = AXIS2_PLACEMENT_3D ( 'NONE', #8781, #8111, #2668 ) ;
#5062 = FILL_AREA_STYLE ('',( #5616 ) ) ;
#5063 = FILL_AREA_STYLE ('',( #8290 ) ) ;
#5064 = DIRECTION ( 'NONE',  ( 0.000000000000000000, 1.000000000000000000, 0.000000000000000000 ) ) ;
#5065 = CARTESIAN_POINT ( 'NONE',  ( -0.000000000000000000, 1.768548375075876589, 0.000000000000000000 ) ) ;
#5066 = DIRECTION ( 'NONE',  ( -0.000000000000000000, -0.000000000000000000, -1.000000000000000000 ) ) ;
#5067 = LINE ( 'NONE', #1529, #916 ) ;
#5068 = SURFACE_STYLE_FILL_AREA ( #2297 ) ;
#5069 = FACE_OUTER_BOUND ( 'NONE', #7050, .T. ) ;
#5070 = CARTESIAN_POINT ( 'NONE',  ( 1.813148036665242602, -0.3913831919116190217, 0.1499999999999999944 ) ) ;
#5071 = DIRECTION ( 'NONE',  ( -0.000000000000000000, 0.000000000000000000, -1.000000000000000000 ) ) ;
#5072 = ORIENTED_EDGE ( 'NONE', *, *, #2055, .T. ) ;
#5073 = ORIENTED_EDGE ( 'NONE', *, *, #559, .F. ) ;
#5074 = FACE_BOUND ( 'NONE', #2664, .T. ) ;
#5075 = ORIENTED_EDGE ( 'NONE', *, *, #728, .F. ) ;
#5076 = LINE ( 'NONE', #7694, #5299 ) ;
#5077 = DIRECTION ( 'NONE',  ( 1.000000000000000000, 0.000000000000000000, 0.000000000000000000 ) ) ;
#5078 = UNCERTAINTY_MEASURE_WITH_UNIT (LENGTH_MEASURE( 1.000000000000000082E-05 ), #93, 'distance_accuracy_value', 'NONE');
#5079 = CARTESIAN_POINT ( 'NONE',  ( -6.280000000000000249, 4.899999999999998579, 3.017654449115059201 ) ) ;
#5080 = VERTEX_POINT ( 'NONE', #4576 ) ;
#5081 = DIRECTION ( 'NONE',  ( 1.000000000000000000, 0.000000000000000000, 0.000000000000000000 ) ) ;
#5082 = VERTEX_POINT ( 'NONE', #3938 ) ;
#5083 = UNCERTAINTY_MEASURE_WITH_UNIT (LENGTH_MEASURE( 1.000000000000000082E-05 ), #239, 'distance_accuracy_value', 'NONE');
#5084 = DIRECTION ( 'NONE',  ( -0.000000000000000000, -0.000000000000000000, -1.000000000000000000 ) ) ;
#5085 = LINE ( 'NONE', #4370, #8072 ) ;
#5086 =( NAMED_UNIT ( * ) PLANE_ANGLE_UNIT ( ) SI_UNIT ( $, .RADIAN. ) );
#5087 = ORIENTED_EDGE ( 'NONE', *, *, #65, .T. ) ;
#5088 = CARTESIAN_POINT ( 'NONE',  ( 0.4400000000000001688, 7.641130724221518733, 3.017654449115059201 ) ) ;
#5089 = VERTEX_POINT ( 'NONE', #4617 ) ;
#5090 = CARTESIAN_POINT ( 'NONE',  ( 6.948636131094521495, -5.267066187369637831, 0.1000000000000002554 ) ) ;
#5091 = EDGE_CURVE ( 'NONE', #584, #5280, #6670, .T. ) ;
#5092 = EDGE_CURVE ( 'NONE', #4564, #6885, #541, .T. ) ;
#5093 = EDGE_CURVE ( 'NONE', #5196, #5788, #7253, .T. ) ;
#5094 = EDGE_CURVE ( 'NONE', #7297, #8032, #7376, .T. ) ;
#5095 = DIRECTION ( 'NONE',  ( -1.000000000000000000, 0.000000000000000000, 0.000000000000000000 ) ) ;
#5096 = VECTOR ( 'NONE', #6604, 1000.000000000000000 ) ;
#5097 = DIRECTION ( 'NONE',  ( -0.000000000000000000, -0.000000000000000000, -1.000000000000000000 ) ) ;
#5098 = DIRECTION ( 'NONE',  ( 1.000000000000000000, 0.000000000000000000, 0.000000000000000000 ) ) ;
#5099 = STYLED_ITEM ( 'NONE', ( #6445 ), #3587 ) ;
#5100 = CARTESIAN_POINT ( 'NONE',  ( -3.146208542697764621, -3.019825643321816754E-15, 0.1499999999999999944 ) ) ;
#5101 = DIRECTION ( 'NONE',  ( -0.000000000000000000, -0.000000000000000000, -1.000000000000000000 ) ) ;
#5102 = EDGE_LOOP ( 'NONE', ( #4667, #649 ) ) ;
#5103 = DIRECTION ( 'NONE',  ( -1.000000000000000000, 1.792774519996115664E-16, 0.000000000000000000 ) ) ;
#5104 = MECHANICAL_DESIGN_GEOMETRIC_PRESENTATION_REPRESENTATION (  '', ( #2643 ), #7094 ) ;
#5105 = SURFACE_STYLE_USAGE ( .BOTH. , #8468 ) ;
#5106 = PRESENTATION_LAYER_ASSIGNMENT (  '', '', ( #2501 ) ) ;
#5107 = PRESENTATION_STYLE_ASSIGNMENT (( #897 ) ) ;
#5108 =( LENGTH_UNIT ( ) NAMED_UNIT ( * ) SI_UNIT ( .MILLI., .METRE. ) );
#5109 = DIRECTION ( 'NONE',  ( 0.000000000000000000, -1.000000000000000000, 0.000000000000000000 ) ) ;
#5110 = STYLED_ITEM ( 'NONE', ( #2109 ), #7699 ) ;
#5111 = CARTESIAN_POINT ( 'NONE',  ( -4.639999999999998792, 7.641130724221518733, 3.017654449115059201 ) ) ;
#5112 = CARTESIAN_POINT ( 'NONE',  ( -5.285226492385886488, 0.2692500179271393179, 0.1499999999999999944 ) ) ;
#5113 = VECTOR ( 'NONE', #3377, 1000.000000000000000 ) ;
#5114 = FACE_OUTER_BOUND ( 'NONE', #691, .T. ) ;
#5115 = EDGE_LOOP ( 'NONE', ( #2859, #346, #8509, #1751 ) ) ;
#5116 = VERTEX_POINT ( 'NONE', #2535 ) ;
#5117 = COLOUR_RGB ( '',1.000000000000000000, 1.000000000000000000, 1.000000000000000000 ) ;
#5118 = CARTESIAN_POINT ( 'NONE',  ( -3.810000000000000053, 4.827278989943721399, -1.999999999999999556 ) ) ;
#5119 = ORIENTED_EDGE ( 'NONE', *, *, #5043, .T. ) ;
#5120 = PLANE ( 'NONE',  #5990 ) ;
#5121 = FILL_AREA_STYLE_COLOUR ( '', #3356 ) ;
#5122 = VECTOR ( 'NONE', #3432, 1000.000000000000000 ) ;
#5123 = UNCERTAINTY_MEASURE_WITH_UNIT (LENGTH_MEASURE( 1.000000000000000082E-05 ), #8490, 'distance_accuracy_value', 'NONE');
#5124 = DIRECTION ( 'NONE',  ( -0.000000000000000000, -0.000000000000000000, -1.000000000000000000 ) ) ;
#5125 = ORIENTED_EDGE ( 'NONE', *, *, #5154, .F. ) ;
#5126 = VECTOR ( 'NONE', #3350, 1000.000000000000000 ) ;
#5127 = SURFACE_STYLE_FILL_AREA ( #6553 ) ;
#5128 = EDGE_LOOP ( 'NONE', ( #7788, #7878, #4984, #1242 ) ) ;
#5129 = DIRECTION ( 'NONE',  ( 1.000000000000000000, 0.000000000000000000, 0.000000000000000000 ) ) ;
#5130 = STYLED_ITEM ( 'NONE', ( #2561 ), #7012 ) ;
#5131 = PLANE ( 'NONE',  #5952 ) ;
#5132 = ORIENTED_EDGE ( 'NONE', *, *, #2316, .T. ) ;
#5133 = AXIS2_PLACEMENT_3D ( 'NONE', #8828, #4204, #3505 ) ;
#5134 = ADVANCED_FACE ( 'NONE', ( #6033 ), #3898, .T. ) ;
#5135 = LINE ( 'NONE', #3048, #6396 ) ;
#5136 = APPLICATION_PROTOCOL_DEFINITION ( 'draft international standard', 'automotive_design', 1998, #1554 ) ;
#5137 = ORIENTED_EDGE ( 'NONE', *, *, #3833, .F. ) ;
#5138 = CARTESIAN_POINT ( 'NONE',  ( 0.000000000000000000, 0.9979665374599521188, 0.1499999999999999944 ) ) ;
#5139 =( GEOMETRIC_REPRESENTATION_CONTEXT ( 3 ) GLOBAL_UNCERTAINTY_ASSIGNED_CONTEXT ( ( #3719 ) ) GLOBAL_UNIT_ASSIGNED_CONTEXT ( ( #6913, #7513, #2887 ) ) REPRESENTATION_CONTEXT ( 'NONE', 'WORKASPACE' ) );
#5140 = ADVANCED_FACE ( 'NONE', ( #7944 ), #5943, .F. ) ;
#5141 = CARTESIAN_POINT ( 'NONE',  ( -4.890165539036997799, 0.2692500179271393179, 0.1499999999999999944 ) ) ;
#5142 = LINE ( 'NONE', #5705, #5541 ) ;
#5143 =( NAMED_UNIT ( * ) SI_UNIT ( $, .STERADIAN. ) SOLID_ANGLE_UNIT ( ) );
#5144 = CARTESIAN_POINT ( 'NONE',  ( 1.269999999999999352, 4.827278989943721399, -2.000000000000000000 ) ) ;
#5145 = VERTEX_POINT ( 'NONE', #6908 ) ;
#5146 = CARTESIAN_POINT ( 'NONE',  ( 1.602250989393667391, 1.319777692792770019, 0.1499999999999999944 ) ) ;
#5147 = EDGE_CURVE ( 'NONE', #4140, #733, #1359, .T. ) ;
#5148 = VECTOR ( 'NONE', #3165, 1000.000000000000000 ) ;
#5149 = LINE ( 'NONE', #3114, #8542 ) ;
#5150 =( LENGTH_UNIT ( ) NAMED_UNIT ( * ) SI_UNIT ( .MILLI., .METRE. ) );
#5151 = LINE ( 'NONE', #2523, #6527 ) ;
#5152 = SURFACE_STYLE_USAGE ( .BOTH. , #5023 ) ;
#5153 = SURFACE_STYLE_USAGE ( .BOTH. , #3066 ) ;
#5154 = EDGE_CURVE ( 'NONE', #5196, #7302, #7635, .T. ) ;
#5155 = LINE ( 'NONE', #7768, #1811 ) ;
#5156 = CARTESIAN_POINT ( 'NONE',  ( 13.94655025073976162, 0.000000000000000000, 0.000000000000000000 ) ) ;
#5157 = VECTOR ( 'NONE', #4478, 1000.000000000000000 ) ;
#5158 = PLANE ( 'NONE',  #3795 ) ;
#5159 = EDGE_CURVE ( 'NONE', #5911, #7570, #5306, .T. ) ;
#5160 = CARTESIAN_POINT ( 'NONE',  ( 0.6913539421220920023, -0.8913831919116188551, 0.1499999999999999944 ) ) ;
#5161 = ORIENTED_EDGE ( 'NONE', *, *, #4444, .F. ) ;
#5162 = ORIENTED_EDGE ( 'NONE', *, *, #1334, .F. ) ;
#5163 = PRESENTATION_STYLE_ASSIGNMENT (( #6543 ) ) ;
#5164 = ORIENTED_EDGE ( 'NONE', *, *, #3479, .T. ) ;
#5165 =( NAMED_UNIT ( * ) SI_UNIT ( $, .STERADIAN. ) SOLID_ANGLE_UNIT ( ) );
#5166 = ORIENTED_EDGE ( 'NONE', *, *, #3143, .F. ) ;
#5167 =( LENGTH_UNIT ( ) NAMED_UNIT ( * ) SI_UNIT ( .MILLI., .METRE. ) );
#5168 = ORIENTED_EDGE ( 'NONE', *, *, #754, .F. ) ;
#5169 = FACE_OUTER_BOUND ( 'NONE', #4219, .T. ) ;
#5170 = DIRECTION ( 'NONE',  ( -0.000000000000000000, -0.000000000000000000, -1.000000000000000000 ) ) ;
#5171 = FILL_AREA_STYLE_COLOUR ( '', #1177 ) ;
#5172 = EDGE_LOOP ( 'NONE', ( #6092, #3523 ) ) ;
#5173 =( NAMED_UNIT ( * ) SI_UNIT ( $, .STERADIAN. ) SOLID_ANGLE_UNIT ( ) );
#5174 = SURFACE_STYLE_USAGE ( .BOTH. , #2416 ) ;
#5175 = ORIENTED_EDGE ( 'NONE', *, *, #4648, .F. ) ;
#5176 = FACE_OUTER_BOUND ( 'NONE', #3973, .T. ) ;
#5177 = COLOUR_RGB ( '',0.7529411764705882248, 0.000000000000000000, 0.7529411764705882248 ) ;
#5178 = EDGE_CURVE ( 'NONE', #1718, #68, #8204, .T. ) ;
#5179 = UNCERTAINTY_MEASURE_WITH_UNIT (LENGTH_MEASURE( 1.000000000000000082E-05 ), #5749, 'distance_accuracy_value', 'NONE');
#5180 = VECTOR ( 'NONE', #3970, 1000.000000000000000 ) ;
#5181 = MECHANICAL_DESIGN_GEOMETRIC_PRESENTATION_REPRESENTATION (  '', ( #7730 ), #4757 ) ;
#5182 = STYLED_ITEM ( 'NONE', ( #121 ), #5737 ) ;
#5183 = DIRECTION ( 'NONE',  ( 0.000000000000000000, -0.000000000000000000, -1.000000000000000000 ) ) ;
#5184 = DIRECTION ( 'NONE',  ( 0.000000000000000000, -0.000000000000000000, -1.000000000000000000 ) ) ;
#5185 = VERTEX_POINT ( 'NONE', #4076 ) ;
#5186 = LINE ( 'NONE', #1038, #8021 ) ;
#5187 = AXIS2_PLACEMENT_3D ( 'NONE', #2035, #4849, #6315 ) ;
#5188 = DIRECTION ( 'NONE',  ( 0.000000000000000000, -0.000000000000000000, 1.000000000000000000 ) ) ;
#5189 = FACE_OUTER_BOUND ( 'NONE', #3041, .T. ) ;
#5190 = DIRECTION ( 'NONE',  ( 0.000000000000000000, -0.000000000000000000, 1.000000000000000000 ) ) ;
#5191 = CARTESIAN_POINT ( 'NONE',  ( 1.282828802210860042, -3.005484622322586841, -3.000000000000000000 ) ) ;
#5192 = CARTESIAN_POINT ( 'NONE',  ( 6.948636131094521495, -5.267066187369637831, -2.100000000000000089 ) ) ;
#5193 =( GEOMETRIC_REPRESENTATION_CONTEXT ( 3 ) GLOBAL_UNCERTAINTY_ASSIGNED_CONTEXT ( ( #42 ) ) GLOBAL_UNIT_ASSIGNED_CONTEXT ( ( #279, #7760, #894 ) ) REPRESENTATION_CONTEXT ( 'NONE', 'WORKASPACE' ) );
#5194 = DIRECTION ( 'NONE',  ( -2.208339422028212922E-16, 1.000000000000000000, 0.000000000000000000 ) ) ;
#5195 = CARTESIAN_POINT ( 'NONE',  ( -4.402923696573366463, -1.143254048349641838, 0.1499999999999999944 ) ) ;
#5196 = VERTEX_POINT ( 'NONE', #7463 ) ;
#5197 = VERTEX_POINT ( 'NONE', #8162 ) ;
#5198 = EDGE_CURVE ( 'NONE', #2694, #8032, #4171, .T. ) ;
#5199 = EDGE_CURVE ( 'NONE', #5368, #7895, #63, .T. ) ;
#5200 = VERTEX_POINT ( 'NONE', #4131 ) ;
#5201 = SURFACE_STYLE_USAGE ( .BOTH. , #1898 ) ;
#5202 = EDGE_CURVE ( 'NONE', #3725, #1119, #5542, .T. ) ;
#5203 = SURFACE_STYLE_FILL_AREA ( #4406 ) ;
#5204 = ADVANCED_FACE ( 'NONE', ( #107 ), #6260, .F. ) ;
#5205 = DIRECTION ( 'NONE',  ( -1.000000000000000000, 1.304779308234270448E-16, 0.000000000000000000 ) ) ;
#5206 = ORIENTED_EDGE ( 'NONE', *, *, #4652, .T. ) ;
#5207 = CARTESIAN_POINT ( 'NONE',  ( 0.4913539421220920467, 0.8197776927927701296, 0.4000000000000000222 ) ) ;
#5208 =( LENGTH_UNIT ( ) NAMED_UNIT ( * ) SI_UNIT ( .MILLI., .METRE. ) );
#5209 = ORIENTED_EDGE ( 'NONE', *, *, #6516, .T. ) ;
#5210 = CARTESIAN_POINT ( 'NONE',  ( 1.919999999999999041, 4.827278989943721399, -2.000000000000000000 ) ) ;
#5211 = LINE ( 'NONE', #348, #4540 ) ;
#5212 = DIRECTION ( 'NONE',  ( -1.000000000000000000, 0.000000000000000000, 0.000000000000000000 ) ) ;
#5213 = ORIENTED_EDGE ( 'NONE', *, *, #8154, .T. ) ;
#5214 = PRESENTATION_STYLE_ASSIGNMENT (( #6690 ) ) ;
#5215 = VECTOR ( 'NONE', #5784, 1000.000000000000000 ) ;
#5216 = CARTESIAN_POINT ( 'NONE',  ( -6.280000000000000249, 4.899999999999998579, 3.017654449115059201 ) ) ;
#5217 = ORIENTED_EDGE ( 'NONE', *, *, #3774, .T. ) ;
#5218 = ORIENTED_EDGE ( 'NONE', *, *, #7596, .T. ) ;
#5219 = FACE_OUTER_BOUND ( 'NONE', #4271, .T. ) ;
#5220 = FILL_AREA_STYLE ('',( #3142 ) ) ;
#5221 = EDGE_CURVE ( 'NONE', #817, #277, #763, .T. ) ;
#5222 = SURFACE_SIDE_STYLE ('',( #7283 ) ) ;
#5223 = CARTESIAN_POINT ( 'NONE',  ( 0.000000000000000000, 0.9979665374599521188, 0.1499999999999999944 ) ) ;
#5224 = LINE ( 'NONE', #3784, #474 ) ;
#5225 = VERTEX_POINT ( 'NONE', #6986 ) ;
#5226 = AXIS2_PLACEMENT_3D ( 'NONE', #6625, #6027, #3890 ) ;
#5227 = LINE ( 'NONE', #6532, #267 ) ;
#5228 = PRESENTATION_STYLE_ASSIGNMENT (( #1747 ) ) ;
#5229 = FILL_AREA_STYLE ('',( #6713 ) ) ;
#5230 = LINE ( 'NONE', #1888, #7968 ) ;
#5231 = AXIS2_PLACEMENT_3D ( 'NONE', #8475, #1584, #5194 ) ;
#5232 = ORIENTED_EDGE ( 'NONE', *, *, #7959, .F. ) ;
#5233 = ORIENTED_EDGE ( 'NONE', *, *, #8394, .F. ) ;
#5234 = ORIENTED_EDGE ( 'NONE', *, *, #5624, .F. ) ;
#5235 = PRESENTATION_LAYER_ASSIGNMENT (  '', '', ( #5939 ) ) ;
#5236 =( GEOMETRIC_REPRESENTATION_CONTEXT ( 3 ) GLOBAL_UNCERTAINTY_ASSIGNED_CONTEXT ( ( #540 ) ) GLOBAL_UNIT_ASSIGNED_CONTEXT ( ( #2428, #6659, #415 ) ) REPRESENTATION_CONTEXT ( 'NONE', 'WORKASPACE' ) );
#5237 = LINE ( 'NONE', #8113, #6145 ) ;
#5238 = VECTOR ( 'NONE', #1467, 1000.000000000000000 ) ;
#5239 = EDGE_LOOP ( 'NONE', ( #2612, #2995, #5814, #8848 ) ) ;
#5240 = VECTOR ( 'NONE', #1350, 1000.000000000000000 ) ;
#5241 = CARTESIAN_POINT ( 'NONE',  ( 4.650921065566159918, 0.1761656672350274677, 0.2999999999999999889 ) ) ;
#5242 = DIRECTION ( 'NONE',  ( 0.000000000000000000, 0.000000000000000000, 1.000000000000000000 ) ) ;
#5243 = PRESENTATION_LAYER_ASSIGNMENT (  '', '', ( #5377 ) ) ;
#5244 = DIRECTION ( 'NONE',  ( -0.000000000000000000, -0.000000000000000000, -1.000000000000000000 ) ) ;
#5245 =( GEOMETRIC_REPRESENTATION_CONTEXT ( 3 ) GLOBAL_UNCERTAINTY_ASSIGNED_CONTEXT ( ( #3700 ) ) GLOBAL_UNIT_ASSIGNED_CONTEXT ( ( #5669, #3116, #8552 ) ) REPRESENTATION_CONTEXT ( 'NONE', 'WORKASPACE' ) );
#5246 = ORIENTED_EDGE ( 'NONE', *, *, #5005, .T. ) ;
#5247 = DIRECTION ( 'NONE',  ( 0.000000000000000000, -0.000000000000000000, 1.000000000000000000 ) ) ;
#5248 = DIRECTION ( 'NONE',  ( 1.000000000000000000, -0.000000000000000000, -0.000000000000000000 ) ) ;
#5249 = ORIENTED_EDGE ( 'NONE', *, *, #5221, .T. ) ;
#5250 = FACE_OUTER_BOUND ( 'NONE', #440, .T. ) ;
#5251 = AXIS2_PLACEMENT_3D ( 'NONE', #7446, #6796, #611 ) ;
#5252 = EDGE_CURVE ( 'NONE', #3358, #2084, #4792, .T. ) ;
#5253 = ADVANCED_FACE ( 'NONE', ( #2837 ), #5580, .T. ) ;
#5254 = CARTESIAN_POINT ( 'NONE',  ( -1.480492736483534744, -0.6194252216434082969, 0.000000000000000000 ) ) ;
#5255 = EDGE_CURVE ( 'NONE', #5372, #5859, #2338, .T. ) ;
#5256 = ORIENTED_EDGE ( 'NONE', *, *, #4227, .F. ) ;
#5257 = DIRECTION ( 'NONE',  ( -0.000000000000000000, 0.000000000000000000, 1.000000000000000000 ) ) ;
#5258 = VECTOR ( 'NONE', #4903, 1000.000000000000000 ) ;
#5259 = STYLED_ITEM ( 'NONE', ( #3486 ), #8268 ) ;
#5260 = CARTESIAN_POINT ( 'NONE',  ( 8.000000000000000000, -3.000000000000000000, -2.000000000000000000 ) ) ;
#5261 = VECTOR ( 'NONE', #4247, 1000.000000000000000 ) ;
#5262 = ORIENTED_EDGE ( 'NONE', *, *, #988, .T. ) ;
#5263 = EDGE_CURVE ( 'NONE', #5898, #5089, #240, .T. ) ;
#5264 = EDGE_LOOP ( 'NONE', ( #3390, #2028, #6753, #1817 ) ) ;
#5265 = ADVANCED_FACE ( 'NONE', ( #6486 ), #3061, .T. ) ;
#5266 =( NAMED_UNIT ( * ) PLANE_ANGLE_UNIT ( ) SI_UNIT ( $, .RADIAN. ) );
#5267 = PRESENTATION_LAYER_ASSIGNMENT (  '', '', ( #7260 ) ) ;
#5268 = CIRCLE ( 'NONE', #3242, 0.2145018023815153663 ) ;
#5269 = DIRECTION ( 'NONE',  ( -0.000000000000000000, -0.000000000000000000, 1.000000000000000000 ) ) ;
#5270 = PRODUCT_DEFINITION_FORMATION_WITH_SPECIFIED_SOURCE ( 'ANY', '', #4292, .NOT_KNOWN. ) ;
#5271 = PLANE ( 'NONE',  #5955 ) ;
#5272 = DIRECTION ( 'NONE',  ( 1.000000000000000000, 4.233068125708002185E-15, 0.000000000000000000 ) ) ;
#5273 = CARTESIAN_POINT ( 'NONE',  ( -2.938471846222877826, 2.803082408881607535, 0.000000000000000000 ) ) ;
#5274 = ORIENTED_EDGE ( 'NONE', *, *, #7369, .F. ) ;
#5275 = LINE ( 'NONE', #1090, #8492 ) ;
#5276 = DIRECTION ( 'NONE',  ( 1.000000000000000000, 0.000000000000000000, 0.000000000000000000 ) ) ;
#5277 = CARTESIAN_POINT ( 'NONE',  ( 0.000000000000000000, 2.544545736534499891, 0.1499999999999999944 ) ) ;
#5278 = SURFACE_SIDE_STYLE ('',( #4521 ) ) ;
#5279 = ORIENTED_EDGE ( 'NONE', *, *, #1387, .T. ) ;
#5280 = VERTEX_POINT ( 'NONE', #5804 ) ;
#5281 = PRESENTATION_LAYER_ASSIGNMENT (  '', '', ( #3702 ) ) ;
#5282 = ORIENTED_EDGE ( 'NONE', *, *, #5525, .F. ) ;
#5283 = EDGE_CURVE ( 'NONE', #1203, #4458, #853, .T. ) ;
#5284 = LINE ( 'NONE', #7897, #3413 ) ;
#5285 = FILL_AREA_STYLE ('',( #8644 ) ) ;
#5286 = ORIENTED_EDGE ( 'NONE', *, *, #2607, .F. ) ;
#5287 = FACE_OUTER_BOUND ( 'NONE', #6860, .T. ) ;
#5288 = LINE ( 'NONE', #1318, #3082 ) ;
#5289 =( GEOMETRIC_REPRESENTATION_CONTEXT ( 3 ) GLOBAL_UNCERTAINTY_ASSIGNED_CONTEXT ( ( #6458 ) ) GLOBAL_UNIT_ASSIGNED_CONTEXT ( ( #385, #3123, #5942 ) ) REPRESENTATION_CONTEXT ( 'NONE', 'WORKASPACE' ) );
#5290 = SURFACE_STYLE_FILL_AREA ( #6038 ) ;
#5291 = ORIENTED_EDGE ( 'NONE', *, *, #1833, .F. ) ;
#5292 =( LENGTH_UNIT ( ) NAMED_UNIT ( * ) SI_UNIT ( .MILLI., .METRE. ) );
#5293 = EDGE_LOOP ( 'NONE', ( #7999, #6564, #1590, #7460 ) ) ;
#5294 = LINE ( 'NONE', #7306, #5916 ) ;
#5295 = ORIENTED_EDGE ( 'NONE', *, *, #7594, .F. ) ;
#5296 = DIRECTION ( 'NONE',  ( -0.000000000000000000, 1.000000000000000000, -0.000000000000000000 ) ) ;
#5297 = FILL_AREA_STYLE ('',( #1959 ) ) ;
#5298 =( NAMED_UNIT ( * ) SI_UNIT ( $, .STERADIAN. ) SOLID_ANGLE_UNIT ( ) );
#5299 = VECTOR ( 'NONE', #2986, 1000.000000000000000 ) ;
#5300 = LINE ( 'NONE', #7310, #6686 ) ;
#5301 = EDGE_CURVE ( 'NONE', #2278, #6696, #3790, .T. ) ;
#5302 = VERTEX_POINT ( 'NONE', #6533 ) ;
#5303 = ORIENTED_EDGE ( 'NONE', *, *, #7750, .T. ) ;
#5304 = SURFACE_STYLE_USAGE ( .BOTH. , #3313 ) ;
#5305 =( LENGTH_UNIT ( ) NAMED_UNIT ( * ) SI_UNIT ( .MILLI., .METRE. ) );
#5306 = CIRCLE ( 'NONE', #2571, 0.8278507393618804722 ) ;
#5307 = UNCERTAINTY_MEASURE_WITH_UNIT (LENGTH_MEASURE( 1.000000000000000082E-05 ), #2692, 'distance_accuracy_value', 'NONE');
#5308 = EDGE_CURVE ( 'NONE', #5630, #5518, #6356, .T. ) ;
#5309 = EDGE_CURVE ( 'NONE', #4320, #5302, #7724, .T. ) ;
#5310 = CARTESIAN_POINT ( 'NONE',  ( -1.077123545173041166E-14, 2.544545736534512326, 0.1499999999999999944 ) ) ;
#5311 = SURFACE_STYLE_USAGE ( .BOTH. , #3280 ) ;
#5312 = DIRECTION ( 'NONE',  ( 0.000000000000000000, 0.000000000000000000, 1.000000000000000000 ) ) ;
#5313 = DIRECTION ( 'NONE',  ( -0.000000000000000000, -0.000000000000000000, 1.000000000000000000 ) ) ;
#5314 = DIRECTION ( 'NONE',  ( -1.000000000000000000, 0.000000000000000000, 0.000000000000000000 ) ) ;
#5315 = ORIENTED_EDGE ( 'NONE', *, *, #8272, .F. ) ;
#5316 = DIRECTION ( 'NONE',  ( -0.000000000000000000, 0.000000000000000000, 1.000000000000000000 ) ) ;
#5317 = DIRECTION ( 'NONE',  ( 1.000000000000000000, 0.000000000000000000, 0.000000000000000000 ) ) ;
#5318 = MECHANICAL_DESIGN_GEOMETRIC_PRESENTATION_REPRESENTATION (  '', ( #8148 ), #3582 ) ;
#5319 = CARTESIAN_POINT ( 'NONE',  ( -1.199999999999999734, 4.826793837766005346, 3.059473063321504593 ) ) ;
#5320 = CARTESIAN_POINT ( 'NONE',  ( -1.199999999999999734, 4.899999999999998579, 3.884080669685257448 ) ) ;
#5321 = VERTEX_POINT ( 'NONE', #8428 ) ;
#5322 = SURFACE_STYLE_USAGE ( .BOTH. , #3985 ) ;
#5323 = ORIENTED_EDGE ( 'NONE', *, *, #7705, .F. ) ;
#5324 = ORIENTED_EDGE ( 'NONE', *, *, #7215, .F. ) ;
#5325 =( NAMED_UNIT ( * ) SI_UNIT ( $, .STERADIAN. ) SOLID_ANGLE_UNIT ( ) );
#5326 = UNCERTAINTY_MEASURE_WITH_UNIT (LENGTH_MEASURE( 1.000000000000000082E-05 ), #7503, 'distance_accuracy_value', 'NONE');
#5327 = ORIENTED_EDGE ( 'NONE', *, *, #4087, .F. ) ;
#5328 = LINE ( 'NONE', #1756, #7646 ) ;
#5329 = CARTESIAN_POINT ( 'NONE',  ( 0.7040164599795359912, -4.385197194226567952, 0.5000000000000000000 ) ) ;
#5330 = MECHANICAL_DESIGN_GEOMETRIC_PRESENTATION_REPRESENTATION (  '', ( #6776 ), #2878 ) ;
#5331 = DIRECTION ( 'NONE',  ( 2.208339422028213169E-16, -1.000000000000000000, 0.000000000000000000 ) ) ;
#5332 = ORIENTED_EDGE ( 'NONE', *, *, #488, .F. ) ;
#5333 = FACE_OUTER_BOUND ( 'NONE', #6772, .T. ) ;
#5334 = ORIENTED_EDGE ( 'NONE', *, *, #4873, .T. ) ;
#5335 = ORIENTED_EDGE ( 'NONE', *, *, #1994, .F. ) ;
#5336 = VECTOR ( 'NONE', #8379, 1000.000000000000000 ) ;
#5337 = FILL_AREA_STYLE ('',( #2634 ) ) ;
#5338 = ORIENTED_EDGE ( 'NONE', *, *, #8124, .T. ) ;
#5339 =( NAMED_UNIT ( * ) PLANE_ANGLE_UNIT ( ) SI_UNIT ( $, .RADIAN. ) );
#5340 = LINE ( 'NONE', #8577, #761 ) ;
#5341 =( NAMED_UNIT ( * ) PLANE_ANGLE_UNIT ( ) SI_UNIT ( $, .RADIAN. ) );
#5342 = ORIENTED_EDGE ( 'NONE', *, *, #1608, .T. ) ;
#5343 = EDGE_LOOP ( 'NONE', ( #1006, #7869, #251, #6223 ) ) ;
#5344 = EDGE_LOOP ( 'NONE', ( #7006, #3642, #5291, #1296, #5935, #6507, #2904 ) ) ;
#5345 = PRESENTATION_STYLE_ASSIGNMENT (( #481 ) ) ;
#5346 =( LENGTH_UNIT ( ) NAMED_UNIT ( * ) SI_UNIT ( .MILLI., .METRE. ) );
#5347 =( NAMED_UNIT ( * ) SI_UNIT ( $, .STERADIAN. ) SOLID_ANGLE_UNIT ( ) );
#5348 = SURFACE_SIDE_STYLE ('',( #3487 ) ) ;
#5349 = CARTESIAN_POINT ( 'NONE',  ( -4.270710445465622840, -0.7767525643175616779, 0.4000000000000000222 ) ) ;
#5350 = EDGE_LOOP ( 'NONE', ( #4662, #7417, #2603, #3333 ) ) ;
#5351 = EDGE_CURVE ( 'NONE', #7464, #5876, #2921, .T. ) ;
#5352 = ADVANCED_FACE ( 'NONE', ( #948 ), #2293, .F. ) ;
#5353 = EDGE_CURVE ( 'NONE', #4954, #4789, #3926, .T. ) ;
#5354 = EDGE_CURVE ( 'NONE', #6578, #7774, #1175, .T. ) ;
#5355 = DIRECTION ( 'NONE',  ( 1.000000000000000000, 0.000000000000000000, -6.672013369141575275E-15 ) ) ;
#5356 = DIRECTION ( 'NONE',  ( 0.000000000000000000, 0.000000000000000000, 1.000000000000000000 ) ) ;
#5357 = SURFACE_STYLE_FILL_AREA ( #6716 ) ;
#5358 = VECTOR ( 'NONE', #5101, 1000.000000000000000 ) ;
#5359 = ORIENTED_EDGE ( 'NONE', *, *, #411, .T. ) ;
#5360 = ORIENTED_EDGE ( 'NONE', *, *, #8336, .T. ) ;
#5361 = SURFACE_STYLE_FILL_AREA ( #7506 ) ;
#5362 = CARTESIAN_POINT ( 'NONE',  ( 6.378339758198182885, -5.267066187369637831, 0.1000000000000002554 ) ) ;
#5363 = ORIENTED_EDGE ( 'NONE', *, *, #1125, .T. ) ;
#5364 =( NAMED_UNIT ( * ) SI_UNIT ( $, .STERADIAN. ) SOLID_ANGLE_UNIT ( ) );
#5365 =( NAMED_UNIT ( * ) SI_UNIT ( $, .STERADIAN. ) SOLID_ANGLE_UNIT ( ) );
#5366 = STYLED_ITEM ( 'NONE', ( #1826 ), #452 ) ;
#5367 = DIRECTION ( 'NONE',  ( 2.231762095060381305E-16, -1.000000000000000000, 0.000000000000000000 ) ) ;
#5368 = VERTEX_POINT ( 'NONE', #1797 ) ;
#5369 = AXIS2_PLACEMENT_3D ( 'NONE', #2201, #7073, #4978 ) ;
#5370 = VECTOR ( 'NONE', #4446, 1000.000000000000000 ) ;
#5371 = LINE ( 'NONE', #8700, #568 ) ;
#5372 = VERTEX_POINT ( 'NONE', #2471 ) ;
#5373 = ORIENTED_EDGE ( 'NONE', *, *, #7479, .F. ) ;
#5374 = PRESENTATION_STYLE_ASSIGNMENT (( #7345 ) ) ;
#5375 = VECTOR ( 'NONE', #699, 1000.000000000000000 ) ;
#5376 = VERTEX_POINT ( 'NONE', #1088 ) ;
#5377 = STYLED_ITEM ( 'NONE', ( #7988 ), #834 ) ;
#5378 = DIRECTION ( 'NONE',  ( 0.000000000000000000, -1.000000000000000000, 0.000000000000000000 ) ) ;
#5379 = CARTESIAN_POINT ( 'NONE',  ( -1.480492736483534744, 0.5500754429267872281, 0.1499999999999999944 ) ) ;
#5380 = VECTOR ( 'NONE', #4174, 1000.000000000000000 ) ;
#5381 = VECTOR ( 'NONE', #1268, 1000.000000000000000 ) ;
#5382 = STYLED_ITEM ( 'NONE', ( #4729 ), #1123 ) ;
#5383 = MECHANICAL_DESIGN_GEOMETRIC_PRESENTATION_REPRESENTATION (  '', ( #1506 ), #6535 ) ;
#5384 = FILL_AREA_STYLE_COLOUR ( '', #7250 ) ;
#5385 = ORIENTED_EDGE ( 'NONE', *, *, #90, .F. ) ;
#5386 = EDGE_LOOP ( 'NONE', ( #4825, #5427, #289, #7856 ) ) ;
#5387 = AXIS2_PLACEMENT_3D ( 'NONE', #976, #3732, #1558 ) ;
#5388 = EDGE_CURVE ( 'NONE', #6949, #4613, #8058, .T. ) ;
#5389 = LINE ( 'NONE', #4060, #6264 ) ;
#5390 = DIRECTION ( 'NONE',  ( 1.000000000000000000, 0.000000000000000000, 0.000000000000000000 ) ) ;
#5391 = FILL_AREA_STYLE_COLOUR ( '', #5971 ) ;
#5393 = CARTESIAN_POINT ( 'NONE',  ( -0.000000000000000000, 1.215912586094422654, 0.000000000000000000 ) ) ;
#5392 = PRESENTATION_LAYER_ASSIGNMENT (  '', '', ( #8799 ) ) ;
#5394 = LINE ( 'NONE', #7449, #5258 ) ;
#5395 = ORIENTED_EDGE ( 'NONE', *, *, #4367, .F. ) ;
#5396 = ADVANCED_FACE ( 'NONE', ( #5189 ), #2567, .T. ) ;
#5397 = CARTESIAN_POINT ( 'NONE',  ( -0.000000000000000000, 2.091446606018390497, 0.000000000000000000 ) ) ;
#5398 = AXIS2_PLACEMENT_3D ( 'NONE', #275, #1743, #8465 ) ;
#5399 = PRESENTATION_STYLE_ASSIGNMENT (( #3325 ) ) ;
#5400 = PRESENTATION_STYLE_ASSIGNMENT (( #7499 ) ) ;
#5401 = PLANE ( 'NONE',  #960 ) ;
#5402 = PRESENTATION_LAYER_ASSIGNMENT (  '', '', ( #8657 ) ) ;
#5403 =( NAMED_UNIT ( * ) PLANE_ANGLE_UNIT ( ) SI_UNIT ( $, .RADIAN. ) );
#5404 = ORIENTED_EDGE ( 'NONE', *, *, #8366, .F. ) ;
#5405 = ADVANCED_FACE ( 'NONE', ( #7327 ), #3286, .F. ) ;
#5406 = CARTESIAN_POINT ( 'NONE',  ( -6.280000000000000249, 4.826793837766002682, 3.059473063321507258 ) ) ;
#5407 = AXIS2_PLACEMENT_3D ( 'NONE', #6797, #2014, #666 ) ;
#5408 = SURFACE_STYLE_USAGE ( .BOTH. , #7421 ) ;
#5409 = CARTESIAN_POINT ( 'NONE',  ( -2.938471846222877382, -0.6194252216434082969, 0.000000000000000000 ) ) ;
#5410 = ORIENTED_EDGE ( 'NONE', *, *, #5792, .F. ) ;
#5411 = FACE_OUTER_BOUND ( 'NONE', #7689, .T. ) ;
#5412 = ADVANCED_FACE ( 'NONE', ( #376 ), #3115, .T. ) ;
#5413 = CARTESIAN_POINT ( 'NONE',  ( -2.648125170278134988, -1.722655820111723246, -3.000000000000000000 ) ) ;
#5414 = LINE ( 'NONE', #8122, #932 ) ;
#5415 = EDGE_CURVE ( 'NONE', #1119, #1442, #6854, .T. ) ;
#5416 = FILL_AREA_STYLE_COLOUR ( '', #1961 ) ;
#5417 = ORIENTED_EDGE ( 'NONE', *, *, #1292, .T. ) ;
#5418 = CARTESIAN_POINT ( 'NONE',  ( -4.459999999999999964, 4.827278989943721399, -2.000000000000000000 ) ) ;
#5419 = ORIENTED_EDGE ( 'NONE', *, *, #3316, .F. ) ;
#5420 = ORIENTED_EDGE ( 'NONE', *, *, #3158, .F. ) ;
#5421 = DIRECTION ( 'NONE',  ( 0.000000000000000000, 0.000000000000000000, -1.000000000000000000 ) ) ;
#5422 = ORIENTED_EDGE ( 'NONE', *, *, #3515, .F. ) ;
#5423 = CARTESIAN_POINT ( 'NONE',  ( 1.298978179107250996, -4.385197194226567952, 0.5000000000000000000 ) ) ;
#5424 = MECHANICAL_DESIGN_GEOMETRIC_PRESENTATION_REPRESENTATION (  '', ( #7572 ), #4580 ) ;
#5425 = SURFACE_STYLE_FILL_AREA ( #40 ) ;
#5426 =( NAMED_UNIT ( * ) SI_UNIT ( $, .STERADIAN. ) SOLID_ANGLE_UNIT ( ) );
#5427 = ORIENTED_EDGE ( 'NONE', *, *, #2967, .F. ) ;
#5428 = DIRECTION ( 'NONE',  ( 1.000000000000000000, 1.304779308234270448E-16, 0.000000000000000000 ) ) ;
#5429 = ORIENTED_EDGE ( 'NONE', *, *, #1387, .F. ) ;
#5430 = VECTOR ( 'NONE', #1327, 1000.000000000000000 ) ;
#5431 = DIRECTION ( 'NONE',  ( 1.000000000000000000, 0.000000000000000000, 0.000000000000000000 ) ) ;
#5432 = ORIENTED_EDGE ( 'NONE', *, *, #2044, .T. ) ;
#5433 = CARTESIAN_POINT ( 'NONE',  ( 0.4400000000000001688, 4.826793837766004458, 3.059473063321505482 ) ) ;
#5434 = FACE_OUTER_BOUND ( 'NONE', #313, .T. ) ;
#5435 = ORIENTED_EDGE ( 'NONE', *, *, #5309, .T. ) ;
#5436 = PRESENTATION_STYLE_ASSIGNMENT (( #6019 ) ) ;
#5437 = CARTESIAN_POINT ( 'NONE',  ( 0.4913539421220920467, 0.8197776927927701296, 0.4000000000000000222 ) ) ;
#5438 = CARTESIAN_POINT ( 'NONE',  ( 8.000000000000000000, -3.000000000000000000, 0.000000000000000000 ) ) ;
#5439 = STYLED_ITEM ( 'NONE', ( #7039 ), #5047 ) ;
#5440 =( NAMED_UNIT ( * ) PLANE_ANGLE_UNIT ( ) SI_UNIT ( $, .RADIAN. ) );
#5441 = DIRECTION ( 'NONE',  ( 0.000000000000000000, -1.000000000000000000, -0.000000000000000000 ) ) ;
#5442 = VERTEX_POINT ( 'NONE', #751 ) ;
#5443 = LINE ( 'NONE', #4127, #1166 ) ;
#5444 =( GEOMETRIC_REPRESENTATION_CONTEXT ( 3 ) GLOBAL_UNCERTAINTY_ASSIGNED_CONTEXT ( ( #8050 ) ) GLOBAL_UNIT_ASSIGNED_CONTEXT ( ( #8174, #6826, #8301 ) ) REPRESENTATION_CONTEXT ( 'NONE', 'WORKASPACE' ) );
#5445 =( LENGTH_UNIT ( ) NAMED_UNIT ( * ) SI_UNIT ( .MILLI., .METRE. ) );
#5446 = ORIENTED_EDGE ( 'NONE', *, *, #4816, .F. ) ;
#5447 = DIRECTION ( 'NONE',  ( -1.000000000000000000, 0.000000000000000000, 0.000000000000000000 ) ) ;
#5448 = PLANE ( 'NONE',  #4958 ) ;
#5449 = CARTESIAN_POINT ( 'NONE',  ( 13.94655025073976162, 1.000000000000000000, 0.000000000000000000 ) ) ;
#5450 = DIRECTION ( 'NONE',  ( -0.000000000000000000, -0.000000000000000000, -1.000000000000000000 ) ) ;
#5451 = DIRECTION ( 'NONE',  ( 1.000000000000000000, 0.000000000000000000, 0.000000000000000000 ) ) ;
#5452 = EDGE_LOOP ( 'NONE', ( #8173, #7166, #1458, #8797, #6737, #5627, #1926 ) ) ;
#5453 = COLOUR_RGB ( '',0.7529411764705882248, 0.000000000000000000, 0.7529411764705882248 ) ;
#5454 = SURFACE_SIDE_STYLE ('',( #2723 ) ) ;
#5455 = AXIS2_PLACEMENT_3D ( 'NONE', #4243, #3007, #6976 ) ;
#5456 =( NAMED_UNIT ( * ) PLANE_ANGLE_UNIT ( ) SI_UNIT ( $, .RADIAN. ) );
#5457 = VERTEX_POINT ( 'NONE', #1345 ) ;
#5458 = ORIENTED_EDGE ( 'NONE', *, *, #2556, .T. ) ;
#5459 = ADVANCED_FACE ( 'NONE', ( #2145 ), #4830, .F. ) ;
#5460 = SURFACE_SIDE_STYLE ('',( #8257 ) ) ;
#5461 = EDGE_CURVE ( 'NONE', #1684, #6157, #4200, .T. ) ;
#5462 = EDGE_CURVE ( 'NONE', #8734, #1735, #1426, .T. ) ;
#5463 = VERTEX_POINT ( 'NONE', #6935 ) ;
#5464 = DIRECTION ( 'NONE',  ( 1.267143614600721018E-16, -1.000000000000000000, 0.000000000000000000 ) ) ;
#5465 = DIRECTION ( 'NONE',  ( -0.000000000000000000, 1.000000000000000000, -0.000000000000000000 ) ) ;
#5466 = SURFACE_STYLE_FILL_AREA ( #599 ) ;
#5467 = PRESENTATION_LAYER_ASSIGNMENT (  '', '', ( #2017 ) ) ;
#5468 = EDGE_LOOP ( 'NONE', ( #892, #7939, #6629, #5363, #1998, #2122, #5039, #2902, #6795, #5458, #6790, #3292, #5303, #1587, #7859, #2743 ) ) ;
#5469 = PLANE ( 'NONE',  #8500 ) ;
#5470 = VERTEX_POINT ( 'NONE', #6250 ) ;
#5471 = UNCERTAINTY_MEASURE_WITH_UNIT (LENGTH_MEASURE( 1.000000000000000082E-05 ), #2181, 'distance_accuracy_value', 'NONE');
#5472 = ADVANCED_FACE ( 'NONE', ( #8772 ), #621, .T. ) ;
#5473 = ORIENTED_EDGE ( 'NONE', *, *, #5178, .F. ) ;
#5474 = SURFACE_SIDE_STYLE ('',( #4063 ) ) ;
#5475 = LINE ( 'NONE', #1300, #661 ) ;
#5476 =( GEOMETRIC_REPRESENTATION_CONTEXT ( 3 ) GLOBAL_UNCERTAINTY_ASSIGNED_CONTEXT ( ( #5123 ) ) GLOBAL_UNIT_ASSIGNED_CONTEXT ( ( #8490, #5086, #7831 ) ) REPRESENTATION_CONTEXT ( 'NONE', 'WORKASPACE' ) );
#5477 = ORIENTED_EDGE ( 'NONE', *, *, #8714, .T. ) ;
#5478 = CARTESIAN_POINT ( 'NONE',  ( 2.163148036665242469, 0.000000000000000000, 0.1499999999999999944 ) ) ;
#5479 = EDGE_CURVE ( 'NONE', #7951, #1674, #3417, .T. ) ;
#5480 = FACE_OUTER_BOUND ( 'NONE', #4287, .T. ) ;
#5481 = FILL_AREA_STYLE_COLOUR ( '', #5879 ) ;
#5482 = COLOUR_RGB ( '',0.7529411764705882248, 0.000000000000000000, 0.7529411764705882248 ) ;
#5483 = CARTESIAN_POINT ( 'NONE',  ( 11.94655025073976162, -3.000000000000000000, 0.000000000000000000 ) ) ;
#5484 = SURFACE_SIDE_STYLE ('',( #3419 ) ) ;
#5485 = CARTESIAN_POINT ( 'NONE',  ( -4.639999999999998792, 4.826793837766020445, 3.059473063321488606 ) ) ;
#5486 = SURFACE_SIDE_STYLE ('',( #2110 ) ) ;
#5487 = EDGE_LOOP ( 'NONE', ( #6844, #3448, #3298, #6101, #3767, #514, #8641 ) ) ;
#5488 = CARTESIAN_POINT ( 'NONE',  ( -7.500000000000000000, 3.728180208693597120, 2.000000000000000000 ) ) ;
#5489 = CARTESIAN_POINT ( 'NONE',  ( -4.797984649922256928, 0.000000000000000000, 0.1499999999999999944 ) ) ;
#5490 = CARTESIAN_POINT ( 'NONE',  ( -3.739999999999999325, 4.899999999999998579, 2.000000000000000000 ) ) ;
#5491 = VERTEX_POINT ( 'NONE', #7671 ) ;
#5492 = LINE ( 'NONE', #3467, #2490 ) ;
#5493 = EDGE_CURVE ( 'NONE', #5225, #1989, #2909, .T. ) ;
#5494 = PLANE ( 'NONE',  #4246 ) ;
#5495 = CARTESIAN_POINT ( 'NONE',  ( -0.8909452591481796802, -4.385197194226567952, 0.000000000000000000 ) ) ;
#5496 = PRESENTATION_STYLE_ASSIGNMENT (( #2719 ) ) ;
#5497 = PRESENTATION_STYLE_ASSIGNMENT (( #2799 ) ) ;
#5498 = EDGE_LOOP ( 'NONE', ( #7096, #6327, #969, #3850 ) ) ;
#5499 = CARTESIAN_POINT ( 'NONE',  ( -0.000000000000000000, 1.315449244559767639, 0.000000000000000000 ) ) ;
#5500 = ORIENTED_EDGE ( 'NONE', *, *, #1337, .T. ) ;
#5501 = ORIENTED_EDGE ( 'NONE', *, *, #2153, .T. ) ;
#5502 = VECTOR ( 'NONE', #1128, 1000.000000000000000 ) ;
#5503 = ORIENTED_EDGE ( 'NONE', *, *, #3024, .F. ) ;
#5504 = CARTESIAN_POINT ( 'NONE',  ( -2.099999999999999645, 4.826793837766005346, 3.059473063321504593 ) ) ;
#5505 = EDGE_CURVE ( 'NONE', #3283, #2683, #272, .T. ) ;
#5506 = LINE ( 'NONE', #8261, #7186 ) ;
#5507 =( LENGTH_UNIT ( ) NAMED_UNIT ( * ) SI_UNIT ( .MILLI., .METRE. ) );
#5508 = UNCERTAINTY_MEASURE_WITH_UNIT (LENGTH_MEASURE( 1.000000000000000082E-05 ), #2578, 'distance_accuracy_value', 'NONE');
#5509 = VECTOR ( 'NONE', #8292, 1000.000000000000000 ) ;
#5510 = EDGE_CURVE ( 'NONE', #3999, #5470, #5650, .T. ) ;
#5511 = EDGE_LOOP ( 'NONE', ( #1804, #6113, #7514, #3030 ) ) ;
#5512 = EDGE_CURVE ( 'NONE', #6807, #4954, #1654, .T. ) ;
#5513 = CARTESIAN_POINT ( 'NONE',  ( -3.739999999999999325, 7.641130724221518733, 3.884080669685257448 ) ) ;
#5514 = PRESENTATION_LAYER_ASSIGNMENT (  '', '', ( #7372 ) ) ;
#5515 = FACE_OUTER_BOUND ( 'NONE', #7676, .T. ) ;
#5516 = MECHANICAL_DESIGN_GEOMETRIC_PRESENTATION_REPRESENTATION (  '', ( #2501 ), #1067 ) ;
#5517 = COLOUR_RGB ( '',1.000000000000000000, 0.000000000000000000, 0.000000000000000000 ) ;
#5518 = VERTEX_POINT ( 'NONE', #2381 ) ;
#5519 = AXIS2_PLACEMENT_3D ( 'NONE', #2, #1382, #8223 ) ;
#5520 = VECTOR ( 'NONE', #1569, 1000.000000000000000 ) ;
#5521 = FILL_AREA_STYLE_COLOUR ( '', #1801 ) ;
#5522 = EDGE_CURVE ( 'NONE', #3453, #1191, #795, .T. ) ;
#5523 = FILL_AREA_STYLE ('',( #1299 ) ) ;
#5524 = STYLED_ITEM ( 'NONE', ( #4480 ), #6043 ) ;
#5525 = EDGE_CURVE ( 'NONE', #604, #1728, #2960, .T. ) ;
#5526 = CARTESIAN_POINT ( 'NONE',  ( 2.980000000000000870, 4.826793837766003570, 3.059473063321505926 ) ) ;
#5527 = FACE_BOUND ( 'NONE', #7982, .T. ) ;
#5528 =( GEOMETRIC_REPRESENTATION_CONTEXT ( 3 ) GLOBAL_UNCERTAINTY_ASSIGNED_CONTEXT ( ( #207 ) ) GLOBAL_UNIT_ASSIGNED_CONTEXT ( ( #6606, #5341, #1865 ) ) REPRESENTATION_CONTEXT ( 'NONE', 'WORKASPACE' ) );
#5529 = PLANE ( 'NONE',  #8010 ) ;
#5530 = LINE ( 'NONE', #8823, #7979 ) ;
#5531 = VECTOR ( 'NONE', #8434, 1000.000000000000000 ) ;
#5532 = CARTESIAN_POINT ( 'NONE',  ( -11.94655025073976162, 1.000000000000000000, 0.000000000000000000 ) ) ;
#5533 = SURFACE_STYLE_USAGE ( .BOTH. , #6855 ) ;
#5534 = DIRECTION ( 'NONE',  ( -1.000000000000000000, -0.000000000000000000, -0.000000000000000000 ) ) ;
#5535 = PRESENTATION_LAYER_ASSIGNMENT (  '', '', ( #7115 ) ) ;
#5536 = LINE ( 'NONE', #2663, #7501 ) ;
#5537 = ORIENTED_EDGE ( 'NONE', *, *, #5353, .F. ) ;
#5538 = VECTOR ( 'NONE', #3144, 1000.000000000000000 ) ;
#5539 = CARTESIAN_POINT ( 'NONE',  ( 7.500000000000000000, 5.728180208693597564, 0.000000000000000000 ) ) ;
#5540 = PRESENTATION_LAYER_ASSIGNMENT (  '', '', ( #6417 ) ) ;
#5541 = VECTOR ( 'NONE', #8420, 1000.000000000000000 ) ;
#5542 = LINE ( 'NONE', #2113, #986 ) ;
#5543 = CARTESIAN_POINT ( 'NONE',  ( 2.648125170278138096, -4.141704418566487966, -2.000000000000000000 ) ) ;
#5544 = DIRECTION ( 'NONE',  ( 0.000000000000000000, 1.000000000000000000, 0.000000000000000000 ) ) ;
#5545 = DIRECTION ( 'NONE',  ( 0.000000000000000000, -0.000000000000000000, 1.000000000000000000 ) ) ;
#5546 = CARTESIAN_POINT ( 'NONE',  ( 1.041353942122092313, -0.3913831919116187996, 0.000000000000000000 ) ) ;
#5547 = FILL_AREA_STYLE ('',( #8843 ) ) ;
#5548 = ORIENTED_EDGE ( 'NONE', *, *, #7174, .T. ) ;
#5549 = AXIS2_PLACEMENT_3D ( 'NONE', #3145, #4599, #485 ) ;
#5550 =( LENGTH_UNIT ( ) NAMED_UNIT ( * ) SI_UNIT ( .MILLI., .METRE. ) );
#5551 = FACE_OUTER_BOUND ( 'NONE', #3200, .T. ) ;
#5552 = EDGE_LOOP ( 'NONE', ( #545, #8440, #5871, #6436 ) ) ;
#5553 = ORIENTED_EDGE ( 'NONE', *, *, #4597, .T. ) ;
#5554 = EDGE_CURVE ( 'NONE', #7127, #1074, #886, .T. ) ;
#5555 = ORIENTED_EDGE ( 'NONE', *, *, #7124, .T. ) ;
#5556 = DIRECTION ( 'NONE',  ( -0.000000000000000000, -0.000000000000000000, -1.000000000000000000 ) ) ;
#5557 = DIRECTION ( 'NONE',  ( -0.000000000000000000, 0.000000000000000000, 1.000000000000000000 ) ) ;
#5558 = UNCERTAINTY_MEASURE_WITH_UNIT (LENGTH_MEASURE( 1.000000000000000082E-05 ), #7630, 'distance_accuracy_value', 'NONE');
#5559 = DIRECTION ( 'NONE',  ( 1.000000000000000000, 0.000000000000000000, 0.000000000000000000 ) ) ;
#5560 = ORIENTED_EDGE ( 'NONE', *, *, #728, .T. ) ;
#5561 = LINE ( 'NONE', #876, #2926 ) ;
#5562 = DIRECTION ( 'NONE',  ( 0.000000000000000000, -0.000000000000000000, -1.000000000000000000 ) ) ;
#5563 = ORIENTED_EDGE ( 'NONE', *, *, #3410, .F. ) ;
#5564 = UNCERTAINTY_MEASURE_WITH_UNIT (LENGTH_MEASURE( 1.000000000000000082E-05 ), #4486, 'distance_accuracy_value', 'NONE');
#5565 =( NAMED_UNIT ( * ) SI_UNIT ( $, .STERADIAN. ) SOLID_ANGLE_UNIT ( ) );
#5566 = DIRECTION ( 'NONE',  ( -1.000000000000000000, 0.000000000000000000, 0.000000000000000000 ) ) ;
#5567 = DIRECTION ( 'NONE',  ( 0.000000000000000000, -0.000000000000000000, -1.000000000000000000 ) ) ;
#5568 = ADVANCED_FACE ( 'NONE', ( #8418 ), #2186, .T. ) ;
#5569 = EDGE_CURVE ( 'NONE', #8255, #5372, #3550, .T. ) ;
#5570 = LINE ( 'NONE', #8319, #2702 ) ;
#5571 =( NAMED_UNIT ( * ) PLANE_ANGLE_UNIT ( ) SI_UNIT ( $, .RADIAN. ) );
#5572 = SURFACE_SIDE_STYLE ('',( #3551 ) ) ;
#5573 = CARTESIAN_POINT ( 'NONE',  ( -7.500000000000000000, 5.728180208693597564, 2.000000000000000000 ) ) ;
#5574 = SURFACE_SIDE_STYLE ('',( #8777 ) ) ;
#5575 = CARTESIAN_POINT ( 'NONE',  ( 2.980000000000000870, 4.899999999999998579, 3.017654449115059201 ) ) ;
#5576 = DIRECTION ( 'NONE',  ( 1.000000000000000000, 0.000000000000000000, -0.000000000000000000 ) ) ;
#5577 = ORIENTED_EDGE ( 'NONE', *, *, #885, .T. ) ;
#5578 = CARTESIAN_POINT ( 'NONE',  ( -3.739999999999999325, 3.999999999999999112, 2.000000000000000000 ) ) ;
#5579 = CARTESIAN_POINT ( 'NONE',  ( -13.74655025073976056, 4.336808689942017736E-16, 0.000000000000000000 ) ) ;
#5580 = PLANE ( 'NONE',  #3886 ) ;
#5581 = DIRECTION ( 'NONE',  ( -0.000000000000000000, -0.000000000000000000, 1.000000000000000000 ) ) ;
#5582 = MECHANICAL_DESIGN_GEOMETRIC_PRESENTATION_REPRESENTATION (  '', ( #3001 ), #7584 ) ;
#5583 = SURFACE_SIDE_STYLE ('',( #2884 ) ) ;
#5584 = CARTESIAN_POINT ( 'NONE',  ( 0.7040164599795361022, -5.365916429288997591, 0.5000000000000000000 ) ) ;
#5585 = ORIENTED_EDGE ( 'NONE', *, *, #4880, .F. ) ;
#5586 = ORIENTED_EDGE ( 'NONE', *, *, #955, .F. ) ;
#5587 = ORIENTED_EDGE ( 'NONE', *, *, #7735, .F. ) ;
#5588 = MECHANICAL_DESIGN_GEOMETRIC_PRESENTATION_REPRESENTATION (  '', ( #7037 ), #3005 ) ;
#5589 = FACE_OUTER_BOUND ( 'NONE', #6124, .T. ) ;
#5590 = ORIENTED_EDGE ( 'NONE', *, *, #5554, .T. ) ;
#5591 = FILL_AREA_STYLE_COLOUR ( '', #6873 ) ;
#5592 = CARTESIAN_POINT ( 'NONE',  ( 1.041353942122092313, 1.319777692792770019, 0.1499999999999999944 ) ) ;
#5593 = CIRCLE ( 'NONE', #2290, 0.5702963728963384993 ) ;
#5594 = CIRCLE ( 'NONE', #2864, 2.000000000000000000 ) ;
#5595 =( NAMED_UNIT ( * ) SI_UNIT ( $, .STERADIAN. ) SOLID_ANGLE_UNIT ( ) );
#5596 = ORIENTED_EDGE ( 'NONE', *, *, #5522, .F. ) ;
#5597 = CARTESIAN_POINT ( 'NONE',  ( -1.280492736483534344, -6.199332934692037739E-16, 0.1499999999999999944 ) ) ;
#5598 = MECHANICAL_DESIGN_GEOMETRIC_PRESENTATION_REPRESENTATION (  '', ( #3590 ), #8008 ) ;
#5599 = CARTESIAN_POINT ( 'NONE',  ( -5.390576079945590848, -1.143254048349641838, 0.1499999999999999944 ) ) ;
#5600 = ORIENTED_EDGE ( 'NONE', *, *, #3544, .F. ) ;
#5601 = DIRECTION ( 'NONE',  ( 0.000000000000000000, 0.000000000000000000, 1.000000000000000000 ) ) ;
#5602 = FILL_AREA_STYLE_COLOUR ( '', #6425 ) ;
#5603 =( NAMED_UNIT ( * ) SI_UNIT ( $, .STERADIAN. ) SOLID_ANGLE_UNIT ( ) );
#5604 =( LENGTH_UNIT ( ) NAMED_UNIT ( * ) SI_UNIT ( .MILLI., .METRE. ) );
#5605 = LINE ( 'NONE', #5752, #5748 ) ;
#5606 = PRESENTATION_STYLE_ASSIGNMENT (( #7062 ) ) ;
#5607 = MECHANICAL_DESIGN_GEOMETRIC_PRESENTATION_REPRESENTATION (  '', ( #3037 ), #1312 ) ;
#5608 = PRESENTATION_STYLE_ASSIGNMENT (( #5533 ) ) ;
#5609 = CARTESIAN_POINT ( 'NONE',  ( 2.980000000000000870, 3.999999999999999112, 3.017654449115059201 ) ) ;
#5610 = EDGE_CURVE ( 'NONE', #4803, #8137, #5605, .T. ) ;
#5611 = CARTESIAN_POINT ( 'NONE',  ( -3.143373282304380290, 1.768548375075875700, 0.1499999999999999944 ) ) ;
#5612 = VERTEX_POINT ( 'NONE', #7019 ) ;
#5613 = ADVANCED_FACE ( 'NONE', ( #841 ), #2282, .T. ) ;
#5614 = EDGE_CURVE ( 'NONE', #68, #6028, #178, .T. ) ;
#5615 = ADVANCED_FACE ( 'NONE', ( #4380 ), #6439, .T. ) ;
#5616 = FILL_AREA_STYLE_COLOUR ( '', #864 ) ;
#5617 = ADVANCED_FACE ( 'NONE', ( #8664 ), #7394, .T. ) ;
#5618 =( NAMED_UNIT ( * ) PLANE_ANGLE_UNIT ( ) SI_UNIT ( $, .RADIAN. ) );
#5619 = CARTESIAN_POINT ( 'NONE',  ( -1.275591300402032724, 1.315449244559767639, 0.1499999999999999944 ) ) ;
#5620 = SURFACE_STYLE_USAGE ( .BOTH. , #5583 ) ;
#5621 = LINE ( 'NONE', #856, #4264 ) ;
#5622 = CARTESIAN_POINT ( 'NONE',  ( -2.938471846222877826, 1.768548375075876589, 0.1499999999999999944 ) ) ;
#5623 = CARTESIAN_POINT ( 'NONE',  ( -2.938471846222877382, 0.2332654097976019636, 0.000000000000000000 ) ) ;
#5624 = EDGE_CURVE ( 'NONE', #7799, #3294, #8750, .T. ) ;
#5625 = CARTESIAN_POINT ( 'NONE',  ( -11.94655025073976162, -1.000000000000000000, 0.000000000000000000 ) ) ;
#5626 = EDGE_LOOP ( 'NONE', ( #3490, #6544, #3162, #8596 ) ) ;
#5627 = ORIENTED_EDGE ( 'NONE', *, *, #6727, .T. ) ;
#5628 = DIRECTION ( 'NONE',  ( -1.267143614600721018E-16, 1.000000000000000000, -0.000000000000000000 ) ) ;
#5629 = PRESENTATION_STYLE_ASSIGNMENT (( #816 ) ) ;
#5630 = VERTEX_POINT ( 'NONE', #6644 ) ;
#5631 = CARTESIAN_POINT ( 'NONE',  ( -2.648125170278134988, -1.722655820111723246, -3.000000000000000000 ) ) ;
#5632 = DIRECTION ( 'NONE',  ( -0.000000000000000000, 0.000000000000000000, 1.000000000000000000 ) ) ;
#5633 = CARTESIAN_POINT ( 'NONE',  ( 3.436010026804369399, 0.1631021076784486823, 0.2999999999999999889 ) ) ;
#5634 = ORIENTED_EDGE ( 'NONE', *, *, #8411, .T. ) ;
#5635 = PLANE ( 'NONE',  #2945 ) ;
#5636 = CARTESIAN_POINT ( 'NONE',  ( 0.6913539421220921133, 0.000000000000000000, 0.1499999999999999944 ) ) ;
#5637 = ORIENTED_EDGE ( 'NONE', *, *, #1364, .T. ) ;
#5638 =( GEOMETRIC_REPRESENTATION_CONTEXT ( 3 ) GLOBAL_UNCERTAINTY_ASSIGNED_CONTEXT ( ( #7226 ) ) GLOBAL_UNIT_ASSIGNED_CONTEXT ( ( #5037, #7081, #2265 ) ) REPRESENTATION_CONTEXT ( 'NONE', 'WORKASPACE' ) );
#5639 = LINE ( 'NONE', #6112, #5965 ) ;
#5640 = LINE ( 'NONE', #4285, #3957 ) ;
#5641 = DIRECTION ( 'NONE',  ( 1.000000000000000000, 0.000000000000000000, 0.000000000000000000 ) ) ;
#5642 = ORIENTED_EDGE ( 'NONE', *, *, #363, .F. ) ;
#5643 = VECTOR ( 'NONE', #3287, 1000.000000000000000 ) ;
#5644 = STYLED_ITEM ( 'NONE', ( #2345 ), #356 ) ;
#5645 = DIRECTION ( 'NONE',  ( 0.000000000000000000, 1.000000000000000000, -0.000000000000000000 ) ) ;
#5646 =( NAMED_UNIT ( * ) PLANE_ANGLE_UNIT ( ) SI_UNIT ( $, .RADIAN. ) );
#5647 = MECHANICAL_DESIGN_GEOMETRIC_PRESENTATION_REPRESENTATION (  '', ( #2196 ), #3500 ) ;
#5648 = UNCERTAINTY_MEASURE_WITH_UNIT (LENGTH_MEASURE( 1.000000000000000082E-05 ), #5736, 'distance_accuracy_value', 'NONE');
#5649 = ADVANCED_FACE ( 'NONE', ( #8088 ), #6095, .F. ) ;
#5650 = LINE ( 'NONE', #7793, #8003 ) ;
#5651 = DIRECTION ( 'NONE',  ( -0.000000000000000000, 0.000000000000000000, 1.000000000000000000 ) ) ;
#5652 = VECTOR ( 'NONE', #426, 1000.000000000000000 ) ;
#5653 = AXIS2_PLACEMENT_3D ( 'NONE', #4202, #714, #8151 ) ;
#5654 = AXIS2_PLACEMENT_3D ( 'NONE', #1977, #7459, #1309 ) ;
#5655 = PLANE ( 'NONE',  #3681 ) ;
#5656 = STYLED_ITEM ( 'NONE', ( #6883 ), #673 ) ;
#5657 = LINE ( 'NONE', #181, #7378 ) ;
#5658 = MECHANICAL_DESIGN_GEOMETRIC_PRESENTATION_REPRESENTATION (  '', ( #2654 ), #7242 ) ;
#5659 =( NAMED_UNIT ( * ) PLANE_ANGLE_UNIT ( ) SI_UNIT ( $, .RADIAN. ) );
#5660 = FILL_AREA_STYLE_COLOUR ( '', #6833 ) ;
#5661 = EDGE_LOOP ( 'NONE', ( #5993, #6481 ) ) ;
#5662 = CARTESIAN_POINT ( 'NONE',  ( 8.000000000000000000, 6.099999999999998757, 0.000000000000000000 ) ) ;
#5663 = EDGE_CURVE ( 'NONE', #4591, #7297, #5506, .T. ) ;
#5664 = VECTOR ( 'NONE', #7516, 1000.000000000000000 ) ;
#5665 =( NAMED_UNIT ( * ) SI_UNIT ( $, .STERADIAN. ) SOLID_ANGLE_UNIT ( ) );
#5666 = CARTESIAN_POINT ( 'NONE',  ( -1.272756040008647282, 0.000000000000000000, 0.1499999999999999944 ) ) ;
#5667 = PRESENTATION_LAYER_ASSIGNMENT (  '', '', ( #1651 ) ) ;
#5668 = CARTESIAN_POINT ( 'NONE',  ( 2.648125170278138540, -1.722655820111723246, -2.000000000000000000 ) ) ;
#5669 =( LENGTH_UNIT ( ) NAMED_UNIT ( * ) SI_UNIT ( .MILLI., .METRE. ) );
#5670 = FILL_AREA_STYLE ('',( #8472 ) ) ;
#5671 = CARTESIAN_POINT ( 'NONE',  ( -1.275591300402032724, 0.000000000000000000, 0.000000000000000000 ) ) ;
#5672 = SURFACE_STYLE_USAGE ( .BOTH. , #1581 ) ;
#5673 = EDGE_CURVE ( 'NONE', #3699, #770, #4318, .T. ) ;
#5674 = SURFACE_STYLE_USAGE ( .BOTH. , #6363 ) ;
#5675 = ORIENTED_EDGE ( 'NONE', *, *, #4343, .F. ) ;
#5676 = ORIENTED_EDGE ( 'NONE', *, *, #7750, .F. ) ;
#5677 = COLOUR_RGB ( '',1.000000000000000000, 1.000000000000000000, 1.000000000000000000 ) ;
#5678 =( NAMED_UNIT ( * ) PLANE_ANGLE_UNIT ( ) SI_UNIT ( $, .RADIAN. ) );
#5679 = EDGE_CURVE ( 'NONE', #7644, #6638, #4943, .T. ) ;
#5680 =( NAMED_UNIT ( * ) SI_UNIT ( $, .STERADIAN. ) SOLID_ANGLE_UNIT ( ) );
#5681 =( GEOMETRIC_REPRESENTATION_CONTEXT ( 3 ) GLOBAL_UNCERTAINTY_ASSIGNED_CONTEXT ( ( #6193 ) ) GLOBAL_UNIT_ASSIGNED_CONTEXT ( ( #3229, #527, #3279 ) ) REPRESENTATION_CONTEXT ( 'NONE', 'WORKASPACE' ) );
#5682 = ORIENTED_EDGE ( 'NONE', *, *, #6411, .T. ) ;
#5683 = SURFACE_STYLE_FILL_AREA ( #2938 ) ;
#5684 = STYLED_ITEM ( 'NONE', ( #970 ), #201 ) ;
#5685 = EDGE_CURVE ( 'NONE', #5895, #4769, #164, .T. ) ;
#5686 = LINE ( 'NONE', #7206, #918 ) ;
#5687 = FILL_AREA_STYLE ('',( #8482 ) ) ;
#5688 = UNCERTAINTY_MEASURE_WITH_UNIT (LENGTH_MEASURE( 1.000000000000000082E-05 ), #3766, 'distance_accuracy_value', 'NONE');
#5689 = CARTESIAN_POINT ( 'NONE',  ( 2.980000000000000870, 7.641130724221518733, 3.884080669685257448 ) ) ;
#5690 = ORIENTED_EDGE ( 'NONE', *, *, #679, .T. ) ;
#5691 = PRESENTATION_LAYER_ASSIGNMENT (  '', '', ( #4426 ) ) ;
#5692 = ORIENTED_EDGE ( 'NONE', *, *, #726, .F. ) ;
#5693 = CARTESIAN_POINT ( 'NONE',  ( 0.000000000000000000, -1.143254048349641838, 0.000000000000000000 ) ) ;
#5694 = FILL_AREA_STYLE ('',( #2276 ) ) ;
#5695 =( LENGTH_UNIT ( ) NAMED_UNIT ( * ) SI_UNIT ( .MILLI., .METRE. ) );
#5696 = ORIENTED_EDGE ( 'NONE', *, *, #5896, .T. ) ;
#5697 = MECHANICAL_DESIGN_GEOMETRIC_PRESENTATION_REPRESENTATION (  '', ( #3990 ), #5978 ) ;
#5698 = PLANE ( 'NONE',  #8635 ) ;
#5699 = VECTOR ( 'NONE', #5556, 1000.000000000000000 ) ;
#5700 =( LENGTH_UNIT ( ) NAMED_UNIT ( * ) SI_UNIT ( .MILLI., .METRE. ) );
#5701 = LINE ( 'NONE', #2234, #7761 ) ;
#5702 = SURFACE_STYLE_FILL_AREA ( #2236 ) ;
#5703 = CARTESIAN_POINT ( 'NONE',  ( 6.420000000000000817, 7.641130724221518733, 3.017654449115059201 ) ) ;
#5704 = DIRECTION ( 'NONE',  ( 1.000000000000000000, 0.000000000000000000, 0.000000000000000000 ) ) ;
#5705 = CARTESIAN_POINT ( 'NONE',  ( -1.272756040008647282, 0.000000000000000000, 0.000000000000000000 ) ) ;
#5706 = FACE_OUTER_BOUND ( 'NONE', #8187, .T. ) ;
#5707 = PRESENTATION_STYLE_ASSIGNMENT (( #2964 ) ) ;
#5708 = VERTEX_POINT ( 'NONE', #2170 ) ;
#5709 = SURFACE_STYLE_USAGE ( .BOTH. , #5799 ) ;
#5710 = CIRCLE ( 'NONE', #2987, 2.000000000000000000 ) ;
#5711 = DIRECTION ( 'NONE',  ( 1.000000000000000000, 0.000000000000000000, 0.000000000000000000 ) ) ;
#5712 = CARTESIAN_POINT ( 'NONE',  ( -8.000000000000000000, 6.099999999999998757, -2.000000000000000000 ) ) ;
#5713 = FILL_AREA_STYLE_COLOUR ( '', #7785 ) ;
#5714 = CARTESIAN_POINT ( 'NONE',  ( -7.179999999999999716, 7.641130724221518733, 3.884080669685257448 ) ) ;
#5715 = FACE_OUTER_BOUND ( 'NONE', #5264, .T. ) ;
#5716 = PRESENTATION_LAYER_ASSIGNMENT (  '', '', ( #670 ) ) ;
#5717 = LINE ( 'NONE', #1624, #3074 ) ;
#5718 = DIRECTION ( 'NONE',  ( 1.000000000000000000, 0.000000000000000000, 0.000000000000000000 ) ) ;
#5719 = DIRECTION ( 'NONE',  ( 1.000000000000000000, 0.000000000000000000, -0.000000000000000000 ) ) ;
#5720 = ORIENTED_EDGE ( 'NONE', *, *, #4816, .T. ) ;
#5721 = ORIENTED_EDGE ( 'NONE', *, *, #6791, .F. ) ;
#5722 = LINE ( 'NONE', #1630, #6757 ) ;
#5723 = PRESENTATION_LAYER_ASSIGNMENT (  '', '', ( #696 ) ) ;
#5724 = DIRECTION ( 'NONE',  ( 0.000000000000000000, -0.000000000000000000, -1.000000000000000000 ) ) ;
#5725 = VERTEX_POINT ( 'NONE', #6190 ) ;
#5726 = SURFACE_STYLE_USAGE ( .BOTH. , #3078 ) ;
#5727 = CARTESIAN_POINT ( 'NONE',  ( -5.949819853805799141, 0.2692500179271393179, 0.000000000000000000 ) ) ;
#5728 = CARTESIAN_POINT ( 'NONE',  ( -2.938471846222877826, 2.803082408881607535, 0.000000000000000000 ) ) ;
#5729 = SURFACE_STYLE_USAGE ( .BOTH. , #3859 ) ;
#5730 = ORIENTED_EDGE ( 'NONE', *, *, #4475, .T. ) ;
#5731 = MECHANICAL_DESIGN_GEOMETRIC_PRESENTATION_REPRESENTATION (  '', ( #6167 ), #992 ) ;
#5732 = DIRECTION ( 'NONE',  ( -0.000000000000000000, 0.000000000000000000, 1.000000000000000000 ) ) ;
#5733 = EDGE_CURVE ( 'NONE', #6042, #2261, #5594, .T. ) ;
#5734 =( NAMED_UNIT ( * ) PLANE_ANGLE_UNIT ( ) SI_UNIT ( $, .RADIAN. ) );
#5735 = EDGE_LOOP ( 'NONE', ( #648, #4773, #4744, #1342, #5884, #8845, #690 ) ) ;
#5736 =( LENGTH_UNIT ( ) NAMED_UNIT ( * ) SI_UNIT ( .MILLI., .METRE. ) );
#5737 = ADVANCED_FACE ( 'NONE', ( #3530 ), #4273, .T. ) ;
#5738 = EDGE_CURVE ( 'NONE', #4165, #4779, #6322, .T. ) ;
#5739 = SURFACE_STYLE_FILL_AREA ( #5694 ) ;
#5740 = PRESENTATION_STYLE_ASSIGNMENT (( #4545 ) ) ;
#5741 = AXIS2_PLACEMENT_3D ( 'NONE', #6963, #6058, #4901 ) ;
#5742 = VECTOR ( 'NONE', #1371, 1000.000000000000000 ) ;
#5743 = ORIENTED_EDGE ( 'NONE', *, *, #3277, .T. ) ;
#5744 = AXIS2_PLACEMENT_3D ( 'NONE', #448, #7976, #4024 ) ;
#5745 = PRESENTATION_STYLE_ASSIGNMENT (( #7665 ) ) ;
#5746 = STYLED_ITEM ( 'NONE', ( #7954 ), #4445 ) ;
#5747 = STYLED_ITEM ( 'NONE', ( #2614 ), #1668 ) ;
#5748 = VECTOR ( 'NONE', #4293, 1000.000000000000000 ) ;
#5749 =( LENGTH_UNIT ( ) NAMED_UNIT ( * ) SI_UNIT ( .MILLI., .METRE. ) );
#5750 = DIRECTION ( 'NONE',  ( 1.000000000000000000, 0.000000000000000000, 0.000000000000000000 ) ) ;
#5751 = COLOUR_RGB ( '',0.2509803921568627416, 0.2509803921568627416, 0.2509803921568627416 ) ;
#5752 = CARTESIAN_POINT ( 'NONE',  ( 2.163148036665242469, 1.319777692792770019, 0.1499999999999999944 ) ) ;
#5753 = CARTESIAN_POINT ( 'NONE',  ( 5.520000000000001350, 4.899999999999998579, 2.000000000000000000 ) ) ;
#5754 = LINE ( 'NONE', #2384, #4672 ) ;
#5755 = ORIENTED_EDGE ( 'NONE', *, *, #8599, .T. ) ;
#5756 = UNCERTAINTY_MEASURE_WITH_UNIT (LENGTH_MEASURE( 1.000000000000000082E-05 ), #317, 'distance_accuracy_value', 'NONE');
#5757 = STYLED_ITEM ( 'NONE', ( #237 ), #4740 ) ;
#5758 = DIRECTION ( 'NONE',  ( -1.792774519996115664E-16, -1.000000000000000000, 0.000000000000000000 ) ) ;
#5759 = CARTESIAN_POINT ( 'NONE',  ( -5.139799166388884899, 1.215912586094422654, 0.5000000000000000000 ) ) ;
#5760 = LINE ( 'NONE', #898, #8054 ) ;
#5761 = LINE ( 'NONE', #5714, #8349 ) ;
#5762 = DIRECTION ( 'NONE',  ( 0.000000000000000000, -1.000000000000000000, 0.000000000000000000 ) ) ;
#5763 = FILL_AREA_STYLE ('',( #7120 ) ) ;
#5764 = DIRECTION ( 'NONE',  ( 1.000000000000000000, 0.000000000000000000, -0.000000000000000000 ) ) ;
#5765 =( NAMED_UNIT ( * ) PLANE_ANGLE_UNIT ( ) SI_UNIT ( $, .RADIAN. ) );
#5766 = ORIENTED_EDGE ( 'NONE', *, *, #6065, .F. ) ;
#5767 = ORIENTED_EDGE ( 'NONE', *, *, #4227, .T. ) ;
#5768 =( GEOMETRIC_REPRESENTATION_CONTEXT ( 3 ) GLOBAL_UNCERTAINTY_ASSIGNED_CONTEXT ( ( #4409 ) ) GLOBAL_UNIT_ASSIGNED_CONTEXT ( ( #5305, #7659, #3629 ) ) REPRESENTATION_CONTEXT ( 'NONE', 'WORKASPACE' ) );
#5769 = EDGE_CURVE ( 'NONE', #4179, #3776, #8011, .T. ) ;
#5770 = ORIENTED_EDGE ( 'NONE', *, *, #1230, .F. ) ;
#5771 = DIRECTION ( 'NONE',  ( 1.000000000000000000, -0.000000000000000000, -0.000000000000000000 ) ) ;
#5772 = DIRECTION ( 'NONE',  ( 0.000000000000000000, 0.000000000000000000, -1.000000000000000000 ) ) ;
#5773 = PRESENTATION_STYLE_ASSIGNMENT (( #3036 ) ) ;
#5774 = UNCERTAINTY_MEASURE_WITH_UNIT (LENGTH_MEASURE( 1.000000000000000082E-05 ), #3196, 'distance_accuracy_value', 'NONE');
#5775 = MECHANICAL_DESIGN_GEOMETRIC_PRESENTATION_REPRESENTATION (  '', ( #744 ), #4447 ) ;
#5776 = DIRECTION ( 'NONE',  ( 1.000000000000000000, 0.000000000000000000, -0.000000000000000000 ) ) ;
#5777 = ORIENTED_EDGE ( 'NONE', *, *, #7210, .F. ) ;
#5778 =( NAMED_UNIT ( * ) SI_UNIT ( $, .STERADIAN. ) SOLID_ANGLE_UNIT ( ) );
#5779 =( NAMED_UNIT ( * ) SI_UNIT ( $, .STERADIAN. ) SOLID_ANGLE_UNIT ( ) );
#5780 = ORIENTED_EDGE ( 'NONE', *, *, #601, .F. ) ;
#5781 = UNCERTAINTY_MEASURE_WITH_UNIT (LENGTH_MEASURE( 1.000000000000000082E-05 ), #6852, 'distance_accuracy_value', 'NONE');
#5782 =( LENGTH_UNIT ( ) NAMED_UNIT ( * ) SI_UNIT ( .MILLI., .METRE. ) );
#5783 = ADVANCED_FACE ( 'NONE', ( #4805 ), #1375, .T. ) ;
#5784 = DIRECTION ( 'NONE',  ( -1.000000000000000000, 0.000000000000000000, 0.000000000000000000 ) ) ;
#5785 = ORIENTED_EDGE ( 'NONE', *, *, #8782, .F. ) ;
#5786 = CARTESIAN_POINT ( 'NONE',  ( -6.280000000000000249, 4.826793837766002682, 3.059473063321507258 ) ) ;
#5787 = EDGE_CURVE ( 'NONE', #382, #968, #1104, .T. ) ;
#5788 = VERTEX_POINT ( 'NONE', #3079 ) ;
#5789 = CIRCLE ( 'NONE', #199, 2.800000000000000266 ) ;
#5790 = UNCERTAINTY_MEASURE_WITH_UNIT (LENGTH_MEASURE( 1.000000000000000082E-05 ), #5108, 'distance_accuracy_value', 'NONE');
#5791 = EDGE_CURVE ( 'NONE', #7774, #6949, #3125, .T. ) ;
#5792 = EDGE_CURVE ( 'NONE', #5788, #4575, #5686, .T. ) ;
#5793 = LINE ( 'NONE', #5753, #2675 ) ;
#5794 = CARTESIAN_POINT ( 'NONE',  ( -1.282828802210860042, -3.005484622322586841, -2.000000000000000000 ) ) ;
#5795 = MECHANICAL_DESIGN_GEOMETRIC_PRESENTATION_REPRESENTATION (  '', ( #6961 ), #1209 ) ;
#5796 = DIRECTION ( 'NONE',  ( 0.000000000000000000, 0.000000000000000000, -1.000000000000000000 ) ) ;
#5797 = CARTESIAN_POINT ( 'NONE',  ( -1.199999999999999734, 7.641130724221518733, 3.017654449115059201 ) ) ;
#5798 = EDGE_LOOP ( 'NONE', ( #4815, #7332, #2307, #2460 ) ) ;
#5799 = SURFACE_SIDE_STYLE ('',( #2194 ) ) ;
#5800 = COLOUR_RGB ( '',0.000000000000000000, 0.000000000000000000, 0.000000000000000000 ) ;
#5801 = DIRECTION ( 'NONE',  ( -0.000000000000000000, 0.000000000000000000, -1.000000000000000000 ) ) ;
#5802 =( GEOMETRIC_REPRESENTATION_CONTEXT ( 3 ) GLOBAL_UNCERTAINTY_ASSIGNED_CONTEXT ( ( #1616 ) ) GLOBAL_UNIT_ASSIGNED_CONTEXT ( ( #3483, #2988, #295 ) ) REPRESENTATION_CONTEXT ( 'NONE', 'WORKASPACE' ) );
#5803 =( GEOMETRIC_REPRESENTATION_CONTEXT ( 3 ) GLOBAL_UNCERTAINTY_ASSIGNED_CONTEXT ( ( #3331 ) ) GLOBAL_UNIT_ASSIGNED_CONTEXT ( ( #7331, #5855, #8555 ) ) REPRESENTATION_CONTEXT ( 'NONE', 'WORKASPACE' ) );
#5804 = CARTESIAN_POINT ( 'NONE',  ( 6.378339758198182885, -5.267066187369637831, -2.100000000000000089 ) ) ;
#5805 = SURFACE_STYLE_USAGE ( .BOTH. , #3062 ) ;
#5806 = DIRECTION ( 'NONE',  ( 1.000000000000000000, 0.000000000000000000, 0.000000000000000000 ) ) ;
#5807 = PLANE ( 'NONE',  #1086 ) ;
#5808 = MECHANICAL_DESIGN_GEOMETRIC_PRESENTATION_REPRESENTATION (  '', ( #773 ), #7235 ) ;
#5809 = VECTOR ( 'NONE', #2189, 1000.000000000000000 ) ;
#5810 = DIRECTION ( 'NONE',  ( -1.000000000000000000, 0.000000000000000000, -0.000000000000000000 ) ) ;
#5811 = LINE ( 'NONE', #6413, #3068 ) ;
#5812 = AXIS2_PLACEMENT_3D ( 'NONE', #1091, #3979, #3288 ) ;
#5813 = ORIENTED_EDGE ( 'NONE', *, *, #78, .F. ) ;
#5814 = ORIENTED_EDGE ( 'NONE', *, *, #1503, .F. ) ;
#5815 =( NAMED_UNIT ( * ) SI_UNIT ( $, .STERADIAN. ) SOLID_ANGLE_UNIT ( ) );
#5816 = CIRCLE ( 'NONE', #8788, 0.8278507393618649290 ) ;
#5817 = EDGE_LOOP ( 'NONE', ( #2443, #4706, #7311, #7224 ) ) ;
#5818 =( LENGTH_UNIT ( ) NAMED_UNIT ( * ) SI_UNIT ( .MILLI., .METRE. ) );
#5819 = LINE ( 'NONE', #4491, #8625 ) ;
#5820 = FACE_OUTER_BOUND ( 'NONE', #3785, .T. ) ;
#5821 = COLOUR_RGB ( '',0.7960784313725489669, 0.8235294117647058432, 0.9372549019607843146 ) ;
#5822 = UNCERTAINTY_MEASURE_WITH_UNIT (LENGTH_MEASURE( 1.000000000000000082E-05 ), #8270, 'distance_accuracy_value', 'NONE');
#5823 =( NAMED_UNIT ( * ) SI_UNIT ( $, .STERADIAN. ) SOLID_ANGLE_UNIT ( ) );
#5824 = ORIENTED_EDGE ( 'NONE', *, *, #1096, .F. ) ;
#5825 = CIRCLE ( 'NONE', #7942, 0.6499999999999995781 ) ;
#5826 = EDGE_CURVE ( 'NONE', #5491, #7980, #1348, .T. ) ;
#5827 = ORIENTED_EDGE ( 'NONE', *, *, #1230, .T. ) ;
#5828 = DIRECTION ( 'NONE',  ( 0.000000000000000000, 0.000000000000000000, 1.000000000000000000 ) ) ;
#5829 = VECTOR ( 'NONE', #6979, 1000.000000000000000 ) ;
#5830 = SURFACE_STYLE_FILL_AREA ( #1768 ) ;
#5831 = DIRECTION ( 'NONE',  ( 9.571434588722602042E-16, -1.000000000000000000, 0.000000000000000000 ) ) ;
#5832 = ORIENTED_EDGE ( 'NONE', *, *, #7846, .F. ) ;
#5833 = AXIS2_PLACEMENT_3D ( 'NONE', #4383, #3597, #7719 ) ;
#5834 =( NAMED_UNIT ( * ) PLANE_ANGLE_UNIT ( ) SI_UNIT ( $, .RADIAN. ) );
#5835 =( LENGTH_UNIT ( ) NAMED_UNIT ( * ) SI_UNIT ( .MILLI., .METRE. ) );
#5836 = VECTOR ( 'NONE', #5269, 1000.000000000000000 ) ;
#5837 = CARTESIAN_POINT ( 'NONE',  ( 4.650921065566159918, -0.9081097759609791931, 0.000000000000000000 ) ) ;
#5838 =( NAMED_UNIT ( * ) PLANE_ANGLE_UNIT ( ) SI_UNIT ( $, .RADIAN. ) );
#5839 = COLOUR_RGB ( '',1.000000000000000000, 1.000000000000000000, 1.000000000000000000 ) ;
#5840 = CARTESIAN_POINT ( 'NONE',  ( 2.363148036665242646, 0.8197776927927701296, 0.4000000000000000222 ) ) ;
#5841 =( LENGTH_UNIT ( ) NAMED_UNIT ( * ) SI_UNIT ( .MILLI., .METRE. ) );
#5842 = LINE ( 'NONE', #1211, #5502 ) ;
#5843 = ORIENTED_EDGE ( 'NONE', *, *, #5673, .T. ) ;
#5844 = EDGE_CURVE ( 'NONE', #2993, #5442, #3035, .T. ) ;
#5845 = DIRECTION ( 'NONE',  ( -1.000000000000000000, -0.000000000000000000, -0.000000000000000000 ) ) ;
#5846 = ADVANCED_FACE ( 'NONE', ( #2264 ), #2353, .T. ) ;
#5847 = EDGE_CURVE ( 'NONE', #7090, #567, #5819, .T. ) ;
#5848 = PRESENTATION_LAYER_ASSIGNMENT (  '', '', ( #811 ) ) ;
#5849 = CARTESIAN_POINT ( 'NONE',  ( -1.280492736483534566, 0.5500754429267872281, 0.1499999999999999944 ) ) ;
#5850 = CARTESIAN_POINT ( 'NONE',  ( -6.280000000000000249, 4.826793837766002682, 3.059473063321507258 ) ) ;
#5851 = CARTESIAN_POINT ( 'NONE',  ( 0.000000000000000000, -1.143254048349641838, 0.1499999999999999944 ) ) ;
#5852 = PRESENTATION_STYLE_ASSIGNMENT (( #3063 ) ) ;
#5853 = LINE ( 'NONE', #8591, #2380 ) ;
#5854 = DIRECTION ( 'NONE',  ( 0.000000000000000000, 0.000000000000000000, -1.000000000000000000 ) ) ;
#5855 =( NAMED_UNIT ( * ) PLANE_ANGLE_UNIT ( ) SI_UNIT ( $, .RADIAN. ) );
#5856 = AXIS2_PLACEMENT_3D ( 'NONE', #3789, #5188, #4436 ) ;
#5857 = CARTESIAN_POINT ( 'NONE',  ( -4.639999999999998792, 4.899999999999998579, 3.017654449115059201 ) ) ;
#5858 = ORIENTED_EDGE ( 'NONE', *, *, #5006, .F. ) ;
#5859 = VERTEX_POINT ( 'NONE', #258 ) ;
#5860 = ORIENTED_EDGE ( 'NONE', *, *, #8822, .F. ) ;
#5861 = SURFACE_STYLE_FILL_AREA ( #1814 ) ;
#5862 = AXIS2_PLACEMENT_3D ( 'NONE', #5504, #2126, #7476 ) ;
#5863 = CARTESIAN_POINT ( 'NONE',  ( 0.000000000000000000, 0.000000000000000000, -2.000000000000000000 ) ) ;
#5864 =( LENGTH_UNIT ( ) NAMED_UNIT ( * ) SI_UNIT ( .MILLI., .METRE. ) );
#5865 = CARTESIAN_POINT ( 'NONE',  ( 2.163148036665242469, 0.000000000000000000, 0.1499999999999999944 ) ) ;
#5866 = ORIENTED_EDGE ( 'NONE', *, *, #5957, .F. ) ;
#5867 = FILL_AREA_STYLE_COLOUR ( '', #6466 ) ;
#5868 = ORIENTED_EDGE ( 'NONE', *, *, #4880, .T. ) ;
#5869 = ADVANCED_FACE ( 'NONE', ( #8526 ), #8564, .F. ) ;
#5870 = SPHERICAL_SURFACE ( 'NONE', #2892, 0.6499999999999995781 ) ;
#5871 = ORIENTED_EDGE ( 'NONE', *, *, #7213, .T. ) ;
#5872 = LINE ( 'NONE', #7393, #1130 ) ;
#5873 = CARTESIAN_POINT ( 'NONE',  ( -3.739999999999999325, 4.826793837766020445, 3.059473063321488606 ) ) ;
#5874 = STYLED_ITEM ( 'NONE', ( #4705 ), #5134 ) ;
#5875 = CARTESIAN_POINT ( 'NONE',  ( 2.163148036665242469, 1.319777692792770019, 0.000000000000000000 ) ) ;
#5876 = VERTEX_POINT ( 'NONE', #5947 ) ;
#5877 = ORIENTED_EDGE ( 'NONE', *, *, #6289, .T. ) ;
#5878 = SURFACE_STYLE_USAGE ( .BOTH. , #3827 ) ;
#5879 = COLOUR_RGB ( '',0.7529411764705882248, 0.000000000000000000, 0.7529411764705882248 ) ;
#5880 = STYLED_ITEM ( 'NONE', ( #5436 ), #1661 ) ;
#5881 = VECTOR ( 'NONE', #2327, 1000.000000000000000 ) ;
#5882 = DIRECTION ( 'NONE',  ( 1.000000000000000000, 0.000000000000000000, 0.000000000000000000 ) ) ;
#5883 =( NAMED_UNIT ( * ) SI_UNIT ( $, .STERADIAN. ) SOLID_ANGLE_UNIT ( ) );
#5884 = ORIENTED_EDGE ( 'NONE', *, *, #1929, .T. ) ;
#5885 = MECHANICAL_DESIGN_GEOMETRIC_PRESENTATION_REPRESENTATION (  '', ( #3008 ), #6765 ) ;
#5886 = DIRECTION ( 'NONE',  ( 1.000000000000000000, 0.000000000000000000, -0.000000000000000000 ) ) ;
#5887 = DIRECTION ( 'NONE',  ( 1.000000000000000000, 0.000000000000000000, 0.000000000000000000 ) ) ;
#5888 = DIRECTION ( 'NONE',  ( 9.598300946485960342E-16, -1.000000000000000000, 0.000000000000000000 ) ) ;
#5889 = ADVANCED_FACE ( 'NONE', ( #1852 ), #2673, .F. ) ;
#5890 = CARTESIAN_POINT ( 'NONE',  ( -4.639999999999998792, 4.899999999999998579, 3.017654449115059201 ) ) ;
#5891 = EDGE_CURVE ( 'NONE', #382, #2080, #7425, .T. ) ;
#5892 = COLOUR_RGB ( '',0.000000000000000000, 0.000000000000000000, 0.000000000000000000 ) ;
#5893 = EDGE_CURVE ( 'NONE', #4945, #7474, #8739, .T. ) ;
#5894 = DIRECTION ( 'NONE',  ( 1.000000000000000000, 0.000000000000000000, 0.000000000000000000 ) ) ;
#5895 = VERTEX_POINT ( 'NONE', #5413 ) ;
#5896 = EDGE_CURVE ( 'NONE', #4924, #3274, #2060, .T. ) ;
#5897 = ORIENTED_EDGE ( 'NONE', *, *, #7543, .F. ) ;
#5898 = VERTEX_POINT ( 'NONE', #4750 ) ;
#5899 = CARTESIAN_POINT ( 'NONE',  ( -3.739999999999999325, 7.641130724221518733, 3.884080669685257448 ) ) ;
#5900 =( NAMED_UNIT ( * ) SI_UNIT ( $, .STERADIAN. ) SOLID_ANGLE_UNIT ( ) );
#5901 = ORIENTED_EDGE ( 'NONE', *, *, #709, .T. ) ;
#5902 = DIRECTION ( 'NONE',  ( 0.000000000000000000, 0.000000000000000000, -1.000000000000000000 ) ) ;
#5903 = FACE_OUTER_BOUND ( 'NONE', #7816, .T. ) ;
#5904 = EDGE_CURVE ( 'NONE', #663, #8571, #2538, .T. ) ;
#5905 = LINE ( 'NONE', #6081, #6129 ) ;
#5906 = EDGE_CURVE ( 'NONE', #33, #567, #5288, .T. ) ;
#5907 = EDGE_LOOP ( 'NONE', ( #2709, #2424, #1355, #6450 ) ) ;
#5908 = AXIS2_PLACEMENT_3D ( 'NONE', #6967, #6239, #5641 ) ;
#5909 = PRESENTATION_STYLE_ASSIGNMENT (( #8108 ) ) ;
#5910 = CARTESIAN_POINT ( 'NONE',  ( 2.648125170278138096, -4.141704418566487966, -3.000000000000000000 ) ) ;
#5911 = VERTEX_POINT ( 'NONE', #7987 ) ;
#5912 = FILL_AREA_STYLE ('',( #3175 ) ) ;
#5913 =( NAMED_UNIT ( * ) SI_UNIT ( $, .STERADIAN. ) SOLID_ANGLE_UNIT ( ) );
#5914 = ORIENTED_EDGE ( 'NONE', *, *, #1655, .T. ) ;
#5915 = LINE ( 'NONE', #3910, #8129 ) ;
#5916 = VECTOR ( 'NONE', #1155, 1000.000000000000000 ) ;
#5917 = CARTESIAN_POINT ( 'NONE',  ( 7.500000000000000000, 5.728180208693597564, 2.000000000000000000 ) ) ;
#5918 = CARTESIAN_POINT ( 'NONE',  ( 1.252250989393667080, -0.8913831919116188551, 0.1499999999999999944 ) ) ;
#5919 = VERTEX_POINT ( 'NONE', #6677 ) ;
#5920 = ORIENTED_EDGE ( 'NONE', *, *, #1827, .F. ) ;
#5921 = PLANE ( 'NONE',  #1488 ) ;
#5922 = SURFACE_STYLE_USAGE ( .BOTH. , #1737 ) ;
#5923 = DIRECTION ( 'NONE',  ( 0.000000000000000000, 0.000000000000000000, 1.000000000000000000 ) ) ;
#5924 = LINE ( 'NONE', #5840, #362 ) ;
#5925 = CARTESIAN_POINT ( 'NONE',  ( -2.938471846222877826, 2.803082408881607535, 0.4000000000000000222 ) ) ;
#5926 =( NAMED_UNIT ( * ) PLANE_ANGLE_UNIT ( ) SI_UNIT ( $, .RADIAN. ) );
#5927 = ORIENTED_EDGE ( 'NONE', *, *, #354, .T. ) ;
#5928 = EDGE_CURVE ( 'NONE', #7736, #5470, #3256, .T. ) ;
#5929 = CARTESIAN_POINT ( 'NONE',  ( -5.949819853805799141, -0.7767525643175616779, 0.000000000000000000 ) ) ;
#5930 = DIRECTION ( 'NONE',  ( -0.000000000000000000, 0.000000000000000000, 1.000000000000000000 ) ) ;
#5931 = MECHANICAL_DESIGN_GEOMETRIC_PRESENTATION_REPRESENTATION (  '', ( #907 ), #2054 ) ;
#5932 = PRESENTATION_STYLE_ASSIGNMENT (( #1267 ) ) ;
#5933 = VECTOR ( 'NONE', #6645, 1000.000000000000000 ) ;
#5934 =( NAMED_UNIT ( * ) PLANE_ANGLE_UNIT ( ) SI_UNIT ( $, .RADIAN. ) );
#5935 = ORIENTED_EDGE ( 'NONE', *, *, #2304, .F. ) ;
#5936 = CARTESIAN_POINT ( 'NONE',  ( 0.000000000000000000, 1.319777692792770019, 0.1499999999999999944 ) ) ;
#5937 = VERTEX_POINT ( 'NONE', #4659 ) ;
#5938 = ORIENTED_EDGE ( 'NONE', *, *, #5353, .T. ) ;
#5939 = STYLED_ITEM ( 'NONE', ( #7118 ), #1004 ) ;
#5940 = STYLED_ITEM ( 'NONE', ( #2486 ), #5889 ) ;
#5941 = VECTOR ( 'NONE', #5033, 1000.000000000000000 ) ;
#5942 =( NAMED_UNIT ( * ) SI_UNIT ( $, .STERADIAN. ) SOLID_ANGLE_UNIT ( ) );
#5943 = PLANE ( 'NONE',  #8140 ) ;
#5944 = AXIS2_PLACEMENT_3D ( 'NONE', #979, #2376, #2509 ) ;
#5945 = ORIENTED_EDGE ( 'NONE', *, *, #5255, .F. ) ;
#5946 = MECHANICAL_DESIGN_GEOMETRIC_PRESENTATION_REPRESENTATION (  '', ( #2524 ), #1353 ) ;
#5947 = CARTESIAN_POINT ( 'NONE',  ( -1.272756040008647282, -0.2185654625746343560, 0.1499999999999999944 ) ) ;
#5948 = DIRECTION ( 'NONE',  ( 0.000000000000000000, -0.000000000000000000, 1.000000000000000000 ) ) ;
#5949 = EDGE_CURVE ( 'NONE', #6578, #7525, #7380, .T. ) ;
#5950 = FILL_AREA_STYLE_COLOUR ( '', #392 ) ;
#5951 = EDGE_LOOP ( 'NONE', ( #7263, #5446, #7040, #3913 ) ) ;
#5952 = AXIS2_PLACEMENT_3D ( 'NONE', #7830, #6510, #6556 ) ;
#5953 = CARTESIAN_POINT ( 'NONE',  ( -4.797984649922256928, 0.000000000000000000, 0.000000000000000000 ) ) ;
#5954 = ORIENTED_EDGE ( 'NONE', *, *, #6792, .F. ) ;
#5955 = AXIS2_PLACEMENT_3D ( 'NONE', #6892, #4867, #2648 ) ;
#5956 = ADVANCED_FACE ( 'NONE', ( #5903 ), #5494, .F. ) ;
#5957 = EDGE_CURVE ( 'NONE', #7248, #4847, #4133, .T. ) ;
#5958 = LINE ( 'NONE', #4587, #881 ) ;
#5959 = AXIS2_PLACEMENT_3D ( 'NONE', #179, #3594, #4295 ) ;
#5960 = EDGE_CURVE ( 'NONE', #7525, #4803, #7681, .T. ) ;
#5961 = ORIENTED_EDGE ( 'NONE', *, *, #1678, .F. ) ;
#5962 = DIRECTION ( 'NONE',  ( -6.672013369141570542E-15, -0.000000000000000000, -1.000000000000000000 ) ) ;
#5963 = FILL_AREA_STYLE ('',( #3347 ) ) ;
#5964 = DIRECTION ( 'NONE',  ( -1.000000000000000000, 0.000000000000000000, 0.000000000000000000 ) ) ;
#5965 = VECTOR ( 'NONE', #8309, 1000.000000000000000 ) ;
#5966 = VECTOR ( 'NONE', #8448, 1000.000000000000000 ) ;
#5967 =( GEOMETRIC_REPRESENTATION_CONTEXT ( 3 ) GLOBAL_UNCERTAINTY_ASSIGNED_CONTEXT ( ( #81 ) ) GLOBAL_UNIT_ASSIGNED_CONTEXT ( ( #6661, #7415, #6714 ) ) REPRESENTATION_CONTEXT ( 'NONE', 'WORKASPACE' ) );
#5968 = ORIENTED_EDGE ( 'NONE', *, *, #310, .T. ) ;
#5969 = EDGE_LOOP ( 'NONE', ( #4216, #3527, #3084, #48 ) ) ;
#5970 = SURFACE_STYLE_FILL_AREA ( #6697 ) ;
#5971 = COLOUR_RGB ( '',1.000000000000000000, 1.000000000000000000, 1.000000000000000000 ) ;
#5972 = VECTOR ( 'NONE', #8827, 1000.000000000000000 ) ;
#5973 = VECTOR ( 'NONE', #7136, 1000.000000000000000 ) ;
#5974 = FILL_AREA_STYLE ('',( #6703 ) ) ;
#5975 = LINE ( 'NONE', #8677, #4137 ) ;
#5976 = FILL_AREA_STYLE ('',( #8628 ) ) ;
#5977 = ORIENTED_EDGE ( 'NONE', *, *, #1511, .F. ) ;
#5978 =( GEOMETRIC_REPRESENTATION_CONTEXT ( 3 ) GLOBAL_UNCERTAINTY_ASSIGNED_CONTEXT ( ( #1010 ) ) GLOBAL_UNIT_ASSIGNED_CONTEXT ( ( #4482, #5026, #1045 ) ) REPRESENTATION_CONTEXT ( 'NONE', 'WORKASPACE' ) );
#5979 = VERTEX_POINT ( 'NONE', #2717 ) ;
#5980 = FACE_BOUND ( 'NONE', #7307, .T. ) ;
#5981 = CARTESIAN_POINT ( 'NONE',  ( -4.797984649922256928, 0.000000000000000000, 0.1499999999999999944 ) ) ;
#5982 = LINE ( 'NONE', #3152, #8340 ) ;
#5983 = DIRECTION ( 'NONE',  ( 1.000000000000000000, 0.000000000000000000, -0.000000000000000000 ) ) ;
#5984 = AXIS2_PLACEMENT_3D ( 'NONE', #5277, #496, #1844 ) ;
#5985 = PRESENTATION_STYLE_ASSIGNMENT (( #2526 ) ) ;
#5986 = SURFACE_SIDE_STYLE ('',( #5357 ) ) ;
#5987 = ORIENTED_EDGE ( 'NONE', *, *, #354, .F. ) ;
#5988 = DIRECTION ( 'NONE',  ( -0.000000000000000000, -0.000000000000000000, -1.000000000000000000 ) ) ;
#5989 = ORIENTED_EDGE ( 'NONE', *, *, #7642, .F. ) ;
#5990 = AXIS2_PLACEMENT_3D ( 'NONE', #7820, #1680, #7173 ) ;
#5991 = EDGE_LOOP ( 'NONE', ( #4322, #6591, #5858, #7733 ) ) ;
#5992 = PRESENTATION_STYLE_ASSIGNMENT (( #8643 ) ) ;
#5993 = ORIENTED_EDGE ( 'NONE', *, *, #4820, .T. ) ;
#5994 = CARTESIAN_POINT ( 'NONE',  ( 1.298978179107250108, 2.872085941517590628E-16, 0.000000000000000000 ) ) ;
#5995 =( NAMED_UNIT ( * ) PLANE_ANGLE_UNIT ( ) SI_UNIT ( $, .RADIAN. ) );
#5996 = VERTEX_POINT ( 'NONE', #4888 ) ;
#5997 = CARTESIAN_POINT ( 'NONE',  ( -8.000000000000000000, 6.099999999999998757, -2.000000000000000000 ) ) ;
#5998 = ORIENTED_EDGE ( 'NONE', *, *, #4631, .F. ) ;
#5999 = VERTEX_POINT ( 'NONE', #2797 ) ;
#6000 = VECTOR ( 'NONE', #1516, 1000.000000000000000 ) ;
#6001 = EDGE_LOOP ( 'NONE', ( #116, #7245, #3477, #3862 ) ) ;
#6002 = DIRECTION ( 'NONE',  ( -0.000000000000000000, 0.000000000000000000, 1.000000000000000000 ) ) ;
#6003 = DIRECTION ( 'NONE',  ( -1.000000000000000000, 0.000000000000000000, 0.000000000000000000 ) ) ;
#6004 = EDGE_CURVE ( 'NONE', #4945, #2162, #2115, .T. ) ;
#6005 = ADVANCED_FACE ( 'NONE', ( #109 ), #5448, .T. ) ;
#6006 = CARTESIAN_POINT ( 'NONE',  ( 1.041353942122092091, -0.8913831919116188551, 0.1499999999999999944 ) ) ;
#6007 = ADVANCED_FACE ( 'NONE', ( #8249 ), #2072, .T. ) ;
#6008 = ADVANCED_FACE ( 'NONE', ( #6133 ), #8838, .F. ) ;
#6009 = ORIENTED_EDGE ( 'NONE', *, *, #90, .T. ) ;
#6010 = VERTEX_POINT ( 'NONE', #2395 ) ;
#6011 = DIRECTION ( 'NONE',  ( 0.000000000000000000, 0.000000000000000000, -1.000000000000000000 ) ) ;
#6012 = SURFACE_STYLE_FILL_AREA ( #603 ) ;
#6013 = COLOUR_RGB ( '',1.000000000000000000, 1.000000000000000000, 1.000000000000000000 ) ;
#6014 = UNCERTAINTY_MEASURE_WITH_UNIT (LENGTH_MEASURE( 1.000000000000000082E-05 ), #2124, 'distance_accuracy_value', 'NONE');
#6015 = FACE_OUTER_BOUND ( 'NONE', #420, .T. ) ;
#6016 = PRESENTATION_STYLE_ASSIGNMENT (( #5311 ) ) ;
#6017 = ORIENTED_EDGE ( 'NONE', *, *, #3156, .F. ) ;
#6018 = ORIENTED_EDGE ( 'NONE', *, *, #6627, .T. ) ;
#6019 = SURFACE_STYLE_USAGE ( .BOTH. , #8055 ) ;
#6020 = MECHANICAL_DESIGN_GEOMETRIC_PRESENTATION_REPRESENTATION (  '', ( #4611 ), #6177 ) ;
#6021 = FILL_AREA_STYLE_COLOUR ( '', #4327 ) ;
#6022 = VECTOR ( 'NONE', #3667, 1000.000000000000000 ) ;
#6023 =( NAMED_UNIT ( * ) PLANE_ANGLE_UNIT ( ) SI_UNIT ( $, .RADIAN. ) );
#6024 = VECTOR ( 'NONE', #4427, 1000.000000000000000 ) ;
#6025 = CARTESIAN_POINT ( 'NONE',  ( 2.980000000000000870, 4.826793837766003570, 3.059473063321505926 ) ) ;
#6026 = PLANE ( 'NONE',  #4270 ) ;
#6027 = DIRECTION ( 'NONE',  ( 0.000000000000000000, -1.000000000000000000, -0.000000000000000000 ) ) ;
#6028 = VERTEX_POINT ( 'NONE', #2923 ) ;
#6029 = LINE ( 'NONE', #1805, #7055 ) ;
#6030 = ORIENTED_EDGE ( 'NONE', *, *, #8715, .T. ) ;
#6031 = SURFACE_STYLE_USAGE ( .BOTH. , #2624 ) ;
#6032 = UNCERTAINTY_MEASURE_WITH_UNIT (LENGTH_MEASURE( 1.000000000000000082E-05 ), #577, 'distance_accuracy_value', 'NONE');
#6033 = FACE_OUTER_BOUND ( 'NONE', #8580, .T. ) ;
#6034 = EDGE_LOOP ( 'NONE', ( #4414, #1367, #7662, #8410 ) ) ;
#6035 = DIRECTION ( 'NONE',  ( 0.000000000000000000, -1.000000000000000000, 0.000000000000000000 ) ) ;
#6036 = DIRECTION ( 'NONE',  ( -0.000000000000000000, -0.000000000000000000, -1.000000000000000000 ) ) ;
#6037 = VECTOR ( 'NONE', #1183, 1000.000000000000000 ) ;
#6038 = FILL_AREA_STYLE ('',( #5416 ) ) ;
#6039 = VERTEX_POINT ( 'NONE', #326 ) ;
#6040 =( NAMED_UNIT ( * ) SI_UNIT ( $, .STERADIAN. ) SOLID_ANGLE_UNIT ( ) );
#6041 = ORIENTED_EDGE ( 'NONE', *, *, #6049, .F. ) ;
#6042 = VERTEX_POINT ( 'NONE', #7845 ) ;
#6043 = ADVANCED_FACE ( 'NONE', ( #7808 ), #3653, .T. ) ;
#6044 = PLANE ( 'NONE',  #6326 ) ;
#6045 = ORIENTED_EDGE ( 'NONE', *, *, #2328, .T. ) ;
#6046 = DIRECTION ( 'NONE',  ( 0.000000000000000000, 1.000000000000000000, 0.000000000000000000 ) ) ;
#6047 = DIRECTION ( 'NONE',  ( 0.000000000000000000, 0.000000000000000000, -1.000000000000000000 ) ) ;
#6048 = ORIENTED_EDGE ( 'NONE', *, *, #6292, .T. ) ;
#6049 = EDGE_CURVE ( 'NONE', #1103, #3250, #4439, .T. ) ;
#6050 = SURFACE_STYLE_USAGE ( .BOTH. , #1204 ) ;
#6051 =( GEOMETRIC_REPRESENTATION_CONTEXT ( 3 ) GLOBAL_UNCERTAINTY_ASSIGNED_CONTEXT ( ( #3038 ) ) GLOBAL_UNIT_ASSIGNED_CONTEXT ( ( #5695, #7748, #6928 ) ) REPRESENTATION_CONTEXT ( 'NONE', 'WORKASPACE' ) );
#6052 = LINE ( 'NONE', #4151, #6788 ) ;
#6053 = ORIENTED_EDGE ( 'NONE', *, *, #5960, .F. ) ;
#6054 = ADVANCED_FACE ( 'NONE', ( #4351 ), #7072, .F. ) ;
#6055 = EDGE_CURVE ( 'NONE', #6672, #6633, #8432, .T. ) ;
#6056 = DIRECTION ( 'NONE',  ( -0.000000000000000000, 0.000000000000000000, 1.000000000000000000 ) ) ;
#6057 = FACE_OUTER_BOUND ( 'NONE', #6566, .T. ) ;
#6058 = DIRECTION ( 'NONE',  ( -0.000000000000000000, 0.000000000000000000, 1.000000000000000000 ) ) ;
#6059 = LINE ( 'NONE', #8100, #1505 ) ;
#6060 = ORIENTED_EDGE ( 'NONE', *, *, #4388, .F. ) ;
#6061 = EDGE_CURVE ( 'NONE', #3853, #4789, #282, .T. ) ;
#6062 = PLANE ( 'NONE',  #5045 ) ;
#6063 = ADVANCED_FACE ( 'NONE', ( #7117 ), #7162, .T. ) ;
#6064 =( LENGTH_UNIT ( ) NAMED_UNIT ( * ) SI_UNIT ( .MILLI., .METRE. ) );
#6065 = EDGE_CURVE ( 'NONE', #1059, #8300, #2525, .T. ) ;
#6066 = DIRECTION ( 'NONE',  ( -0.000000000000000000, 0.000000000000000000, -1.000000000000000000 ) ) ;
#6067 = FILL_AREA_STYLE ('',( #3290 ) ) ;
#6068 = AXIS2_PLACEMENT_3D ( 'NONE', #1095, #5894, #1709 ) ;
#6069 =( GEOMETRIC_REPRESENTATION_CONTEXT ( 3 ) GLOBAL_UNCERTAINTY_ASSIGNED_CONTEXT ( ( #1738 ) ) GLOBAL_UNIT_ASSIGNED_CONTEXT ( ( #5507, #2812, #4093 ) ) REPRESENTATION_CONTEXT ( 'NONE', 'WORKASPACE' ) );
#6070 =( LENGTH_UNIT ( ) NAMED_UNIT ( * ) SI_UNIT ( .MILLI., .METRE. ) );
#6071 = CARTESIAN_POINT ( 'NONE',  ( -4.639999999999998792, 7.641130724221518733, 3.884080669685257448 ) ) ;
#6072 = ORIENTED_EDGE ( 'NONE', *, *, #2449, .T. ) ;
#6073 = CARTESIAN_POINT ( 'NONE',  ( 5.520000000000001350, 7.641130724221518733, 3.017654449115059201 ) ) ;
#6074 = FILL_AREA_STYLE_COLOUR ( '', #2405 ) ;
#6075 = VECTOR ( 'NONE', #764, 1000.000000000000000 ) ;
#6076 = CARTESIAN_POINT ( 'NONE',  ( -5.949819853805799141, 0.2692500179271393179, 0.4000000000000000222 ) ) ;
#6077 = EDGE_LOOP ( 'NONE', ( #4038, #1890, #2696, #1110 ) ) ;
#6078 = DIRECTION ( 'NONE',  ( 0.000000000000000000, -1.000000000000000000, 0.000000000000000000 ) ) ;
#6079 = CARTESIAN_POINT ( 'NONE',  ( 6.420000000000000817, 3.999999999999999112, 2.000000000000000000 ) ) ;
#6080 =( GEOMETRIC_REPRESENTATION_CONTEXT ( 3 ) GLOBAL_UNCERTAINTY_ASSIGNED_CONTEXT ( ( #883 ) ) GLOBAL_UNIT_ASSIGNED_CONTEXT ( ( #8665, #1066, #5298 ) ) REPRESENTATION_CONTEXT ( 'NONE', 'WORKASPACE' ) );
#6081 = CARTESIAN_POINT ( 'NONE',  ( -5.139799166388884899, 2.197828827475229563, 0.5000000000000000000 ) ) ;
#6082 = EDGE_LOOP ( 'NONE', ( #1603, #5634 ) ) ;
#6083 = AXIS2_PLACEMENT_3D ( 'NONE', #2910, #4342, #6977 ) ;
#6084 = DIRECTION ( 'NONE',  ( 1.000000000000000000, 0.000000000000000000, 0.000000000000000000 ) ) ;
#6085 = COLOUR_RGB ( '',1.000000000000000000, 1.000000000000000000, 1.000000000000000000 ) ;
#6086 = CIRCLE ( 'NONE', #1484, 0.5702963728963384993 ) ;
#6087 = CARTESIAN_POINT ( 'NONE',  ( 1.340000000000000080, 4.899999999999998579, 3.017654449115059201 ) ) ;
#6088 = ORIENTED_EDGE ( 'NONE', *, *, #2768, .T. ) ;
#6089 = ORIENTED_EDGE ( 'NONE', *, *, #5512, .F. ) ;
#6090 = DIRECTION ( 'NONE',  ( -1.000000000000000000, 0.000000000000000000, 0.000000000000000000 ) ) ;
#6091 = AXIS2_PLACEMENT_3D ( 'NONE', #1330, #1914, #4677 ) ;
#6092 = ORIENTED_EDGE ( 'NONE', *, *, #6176, .F. ) ;
#6093 = AXIS2_PLACEMENT_3D ( 'NONE', #6775, #27, #5545 ) ;
#6094 = PRESENTATION_STYLE_ASSIGNMENT (( #2810 ) ) ;
#6095 = PLANE ( 'NONE',  #2142 ) ;
#6096 = LINE ( 'NONE', #737, #3344 ) ;
#6097 = VECTOR ( 'NONE', #1438, 1000.000000000000000 ) ;
#6098 = AXIS2_PLACEMENT_3D ( 'NONE', #6071, #1441, #4743 ) ;
#6099 = COLOUR_RGB ( '',1.000000000000000000, 1.000000000000000000, 1.000000000000000000 ) ;
#6100 = MECHANICAL_DESIGN_GEOMETRIC_PRESENTATION_REPRESENTATION (  '', ( #2655 ), #5528 ) ;
#6101 = ORIENTED_EDGE ( 'NONE', *, *, #7755, .T. ) ;
#6102 = STYLED_ITEM ( 'NONE', ( #5496 ), #6353 ) ;
#6103 = DIRECTION ( 'NONE',  ( -1.000000000000000000, 0.000000000000000000, 0.000000000000000000 ) ) ;
#6104 = CARTESIAN_POINT ( 'NONE',  ( 8.000000000000000000, 3.000000000000000000, -2.000000000000000000 ) ) ;
#6105 = ORIENTED_EDGE ( 'NONE', *, *, #1540, .F. ) ;
#6106 = COLOUR_RGB ( '',0.000000000000000000, 0.000000000000000000, 0.000000000000000000 ) ;
#6107 = VECTOR ( 'NONE', #4752, 1000.000000000000000 ) ;
#6108 = DIRECTION ( 'NONE',  ( 0.000000000000000000, -0.000000000000000000, 1.000000000000000000 ) ) ;
#6109 = ORIENTED_EDGE ( 'NONE', *, *, #3480, .F. ) ;
#6110 = DIRECTION ( 'NONE',  ( -0.000000000000000000, -0.000000000000000000, 1.000000000000000000 ) ) ;
#6111 = AXIS2_PLACEMENT_3D ( 'NONE', #6122, #3462, #6213 ) ;
#6112 = CARTESIAN_POINT ( 'NONE',  ( -4.797984649922256928, -1.143254048349641838, 0.1499999999999999944 ) ) ;
#6113 = ORIENTED_EDGE ( 'NONE', *, *, #4585, .F. ) ;
#6114 = PRESENTATION_LAYER_ASSIGNMENT (  '', '', ( #6694 ) ) ;
#6115 = CARTESIAN_POINT ( 'NONE',  ( -6.280000000000000249, 4.826793837766002682, 3.059473063321507258 ) ) ;
#6116 =( GEOMETRIC_REPRESENTATION_CONTEXT ( 3 ) GLOBAL_UNCERTAINTY_ASSIGNED_CONTEXT ( ( #1967 ) ) GLOBAL_UNIT_ASSIGNED_CONTEXT ( ( #3733, #6473, #1560 ) ) REPRESENTATION_CONTEXT ( 'NONE', 'WORKASPACE' ) );
#6117 = CARTESIAN_POINT ( 'NONE',  ( -0.3909452591481796802, 0.000000000000000000, 0.5000000000000000000 ) ) ;
#6118 = DIRECTION ( 'NONE',  ( 1.000000000000000000, 0.000000000000000000, -0.000000000000000000 ) ) ;
#6119 = CARTESIAN_POINT ( 'NONE',  ( -2.938471846222877826, 2.544545736534499891, 0.000000000000000000 ) ) ;
#6120 = EDGE_CURVE ( 'NONE', #1270, #2680, #4675, .T. ) ;
#6121 = EDGE_CURVE ( 'NONE', #7209, #2745, #3154, .T. ) ;
#6122 = CARTESIAN_POINT ( 'NONE',  ( -1.282828802210860042, -3.005484622322586841, -2.000000000000000000 ) ) ;
#6123 = DIRECTION ( 'NONE',  ( 0.000000000000000000, 0.000000000000000000, -1.000000000000000000 ) ) ;
#6124 = EDGE_LOOP ( 'NONE', ( #8849, #332, #387, #8802 ) ) ;
#6125 = EDGE_CURVE ( 'NONE', #847, #8191, #8774, .T. ) ;
#6126 = ADVANCED_FACE ( 'NONE', ( #3194 ), #2473, .F. ) ;
#6127 = DIRECTION ( 'NONE',  ( -0.000000000000000000, -0.000000000000000000, -1.000000000000000000 ) ) ;
#6128 = DIRECTION ( 'NONE',  ( 1.000000000000000000, 0.000000000000000000, -0.000000000000000000 ) ) ;
#6129 = VECTOR ( 'NONE', #8792, 1000.000000000000000 ) ;
#6130 = DIRECTION ( 'NONE',  ( -0.000000000000000000, -0.000000000000000000, -1.000000000000000000 ) ) ;
#6131 = ORIENTED_EDGE ( 'NONE', *, *, #6171, .T. ) ;
#6132 = CARTESIAN_POINT ( 'NONE',  ( 0.000000000000000000, -4.385197194226567952, 0.000000000000000000 ) ) ;
#6133 = FACE_OUTER_BOUND ( 'NONE', #166, .T. ) ;
#6134 = DIRECTION ( 'NONE',  ( 1.000000000000000000, 0.000000000000000000, 0.000000000000000000 ) ) ;
#6135 = LINE ( 'NONE', #8840, #7670 ) ;
#6136 = LINE ( 'NONE', #5622, #6857 ) ;
#6137 = ORIENTED_EDGE ( 'NONE', *, *, #7962, .T. ) ;
#6138 = VECTOR ( 'NONE', #6275, 1000.000000000000000 ) ;
#6139 =( NAMED_UNIT ( * ) SI_UNIT ( $, .STERADIAN. ) SOLID_ANGLE_UNIT ( ) );
#6140 = VERTEX_POINT ( 'NONE', #7289 ) ;
#6141 = ORIENTED_EDGE ( 'NONE', *, *, #85, .F. ) ;
#6142 = DIRECTION ( 'NONE',  ( 0.000000000000000000, 0.000000000000000000, 1.000000000000000000 ) ) ;
#6143 = VERTEX_POINT ( 'NONE', #7365 ) ;
#6144 = DIRECTION ( 'NONE',  ( 0.000000000000000000, 1.000000000000000000, 0.000000000000000000 ) ) ;
#6145 = VECTOR ( 'NONE', #8833, 1000.000000000000000 ) ;
#6146 = CARTESIAN_POINT ( 'NONE',  ( -1.272756040008647282, -0.2185654625746343560, 0.000000000000000000 ) ) ;
#6147 =( LENGTH_UNIT ( ) NAMED_UNIT ( * ) SI_UNIT ( .MILLI., .METRE. ) );
#6148 = ORIENTED_EDGE ( 'NONE', *, *, #2716, .F. ) ;
#6149 = MECHANICAL_DESIGN_GEOMETRIC_PRESENTATION_REPRESENTATION (  '', ( #4728 ), #1973 ) ;
#6150 = EDGE_CURVE ( 'NONE', #5225, #7840, #8020, .T. ) ;
#6151 = FILL_AREA_STYLE_COLOUR ( '', #6639 ) ;
#6152 = ORIENTED_EDGE ( 'NONE', *, *, #1878, .T. ) ;
#6153 = STYLED_ITEM ( 'NONE', ( #5214 ), #2861 ) ;
#6154 =( LENGTH_UNIT ( ) NAMED_UNIT ( * ) SI_UNIT ( .MILLI., .METRE. ) );
#6155 = ORIENTED_EDGE ( 'NONE', *, *, #8541, .T. ) ;
#6156 = PLANE ( 'NONE',  #5407 ) ;
#6157 = VERTEX_POINT ( 'NONE', #1886 ) ;
#6158 = EDGE_CURVE ( 'NONE', #6416, #8015, #533, .T. ) ;
#6159 = FILL_AREA_STYLE ('',( #5481 ) ) ;
#6160 = COLOUR_RGB ( '',0.7960784313725489669, 0.8235294117647058432, 0.9372549019607843146 ) ;
#6161 = LINE ( 'NONE', #7590, #5240 ) ;
#6162 = SURFACE_STYLE_USAGE ( .BOTH. , #757 ) ;
#6163 = CARTESIAN_POINT ( 'NONE',  ( -7.179999999999999716, 7.641130724221518733, 3.884080669685257448 ) ) ;
#6164 = ORIENTED_EDGE ( 'NONE', *, *, #2322, .T. ) ;
#6165 = CARTESIAN_POINT ( 'NONE',  ( -1.068326999829344315, -3.005484622322586841, -3.000000000000000000 ) ) ;
#6166 = VECTOR ( 'NONE', #5628, 1000.000000000000000 ) ;
#6167 = STYLED_ITEM ( 'NONE', ( #5107 ), #5265 ) ;
#6168 = LINE ( 'NONE', #8246, #7151 ) ;
#6169 = PRESENTATION_STYLE_ASSIGNMENT (( #4747 ) ) ;
#6170 = ORIENTED_EDGE ( 'NONE', *, *, #7779, .F. ) ;
#6171 = EDGE_CURVE ( 'NONE', #1052, #7580, #7978, .T. ) ;
#6172 = CARTESIAN_POINT ( 'NONE',  ( 2.163148036665242469, 0.000000000000000000, 0.1499999999999999944 ) ) ;
#6173 = ADVANCED_FACE ( 'NONE', ( #1136 ), #4646, .T. ) ;
#6174 =( NAMED_UNIT ( * ) SI_UNIT ( $, .STERADIAN. ) SOLID_ANGLE_UNIT ( ) );
#6175 = CARTESIAN_POINT ( 'NONE',  ( 5.356353281621393236, 0.1761656672350274677, 0.2999999999999999889 ) ) ;
#6176 = EDGE_CURVE ( 'NONE', #2680, #1270, #1080, .T. ) ;
#6177 =( GEOMETRIC_REPRESENTATION_CONTEXT ( 3 ) GLOBAL_UNCERTAINTY_ASSIGNED_CONTEXT ( ( #789 ) ) GLOBAL_UNIT_ASSIGNED_CONTEXT ( ( #7049, #5734, #5779 ) ) REPRESENTATION_CONTEXT ( 'NONE', 'WORKASPACE' ) );
#6178 = ORIENTED_EDGE ( 'NONE', *, *, #307, .F. ) ;
#6179 = VECTOR ( 'NONE', #3586, 1000.000000000000000 ) ;
#6180 = FILL_AREA_STYLE_COLOUR ( '', #4595 ) ;
#6181 =( GEOMETRIC_REPRESENTATION_CONTEXT ( 3 ) GLOBAL_UNCERTAINTY_ASSIGNED_CONTEXT ( ( #7107 ) ) GLOBAL_UNIT_ASSIGNED_CONTEXT ( ( #3953, #655, #7438 ) ) REPRESENTATION_CONTEXT ( 'NONE', 'WORKASPACE' ) );
#6182 =( NAMED_UNIT ( * ) SI_UNIT ( $, .STERADIAN. ) SOLID_ANGLE_UNIT ( ) );
#6183 = ORIENTED_EDGE ( 'NONE', *, *, #518, .T. ) ;
#6184 = VERTEX_POINT ( 'NONE', #8060 ) ;
#6185 = DIRECTION ( 'NONE',  ( -0.000000000000000000, -0.000000000000000000, -1.000000000000000000 ) ) ;
#6186 = VECTOR ( 'NONE', #6365, 1000.000000000000000 ) ;
#6187 = ORIENTED_EDGE ( 'NONE', *, *, #5147, .T. ) ;
#6188 =( NAMED_UNIT ( * ) SI_UNIT ( $, .STERADIAN. ) SOLID_ANGLE_UNIT ( ) );
#6189 = EDGE_CURVE ( 'NONE', #4769, #3508, #578, .T. ) ;
#6190 = CARTESIAN_POINT ( 'NONE',  ( -8.146550250739759136, 7.765819727554607998E-16, -2.000000000000000000 ) ) ;
#6191 = FACE_OUTER_BOUND ( 'NONE', #8297, .T. ) ;
#6192 = EDGE_CURVE ( 'NONE', #4633, #5911, #6622, .T. ) ;
#6193 = UNCERTAINTY_MEASURE_WITH_UNIT (LENGTH_MEASURE( 1.000000000000000082E-05 ), #3229, 'distance_accuracy_value', 'NONE');
#6194 = SURFACE_STYLE_FILL_AREA ( #6231 ) ;
#6195 = ADVANCED_FACE ( 'NONE', ( #8195 ), #1398, .F. ) ;
#6196 = VECTOR ( 'NONE', #8426, 1000.000000000000000 ) ;
#6197 = VERTEX_POINT ( 'NONE', #5483 ) ;
#6198 = CARTESIAN_POINT ( 'NONE',  ( 1.340000000000000080, 3.999999999999999112, 3.017654449115059201 ) ) ;
#6199 = VECTOR ( 'NONE', #875, 1000.000000000000000 ) ;
#6200 = DIRECTION ( 'NONE',  ( 1.000000000000000000, 0.000000000000000000, 0.000000000000000000 ) ) ;
#6201 = VERTEX_POINT ( 'NONE', #1975 ) ;
#6202 = CARTESIAN_POINT ( 'NONE',  ( 1.602250989393667391, 0.000000000000000000, 0.1499999999999999944 ) ) ;
#6203 = SURFACE_SIDE_STYLE ('',( #665 ) ) ;
#6204 = DIRECTION ( 'NONE',  ( 1.000000000000000000, 5.219117232937081793E-16, 0.000000000000000000 ) ) ;
#6205 = STYLED_ITEM ( 'NONE', ( #5740 ), #1997 ) ;
#6206 = FILL_AREA_STYLE_COLOUR ( '', #5482 ) ;
#6207 = CARTESIAN_POINT ( 'NONE',  ( -7.179999999999999716, 4.899999999999998579, 2.000000000000000000 ) ) ;
#6208 = DIRECTION ( 'NONE',  ( -0.000000000000000000, -0.000000000000000000, -1.000000000000000000 ) ) ;
#6209 = PRESENTATION_STYLE_ASSIGNMENT (( #231 ) ) ;
#6210 = CARTESIAN_POINT ( 'NONE',  ( -3.043598800306995096E-17, 0.2332654097976025742, 0.1499999999999999944 ) ) ;
#6211 = EDGE_CURVE ( 'NONE', #7770, #4532, #4118, .T. ) ;
#6212 = FILL_AREA_STYLE_COLOUR ( '', #4251 ) ;
#6213 = DIRECTION ( 'NONE',  ( -1.000000000000000000, 0.000000000000000000, 0.000000000000000000 ) ) ;
#6214 = CARTESIAN_POINT ( 'NONE',  ( -7.500000000000000000, 3.728180208693597120, 2.000000000000000000 ) ) ;
#6215 = ORIENTED_EDGE ( 'NONE', *, *, #1503, .T. ) ;
#6216 = DIRECTION ( 'NONE',  ( -1.000000000000000000, 0.000000000000000000, 0.000000000000000000 ) ) ;
#6217 = FILL_AREA_STYLE_COLOUR ( '', #1829 ) ;
#6218 = PRESENTATION_STYLE_ASSIGNMENT (( #152 ) ) ;
#6219 = DIRECTION ( 'NONE',  ( 0.000000000000000000, 1.000000000000000000, 0.000000000000000000 ) ) ;
#6220 = CARTESIAN_POINT ( 'NONE',  ( -1.485906978275891133, -4.385197194226567952, 0.5000000000000000000 ) ) ;
#6221 = EDGE_LOOP ( 'NONE', ( #458, #6550, #4902, #5555 ) ) ;
#6222 = VERTEX_POINT ( 'NONE', #8825 ) ;
#6223 = ORIENTED_EDGE ( 'NONE', *, *, #4197, .T. ) ;
#6224 = PRESENTATION_LAYER_ASSIGNMENT (  '', '', ( #8621 ) ) ;
#6225 = ORIENTED_EDGE ( 'NONE', *, *, #4571, .T. ) ;
#6226 = VECTOR ( 'NONE', #4669, 1000.000000000000000 ) ;
#6227 = CARTESIAN_POINT ( 'NONE',  ( -8.000000000000000000, -6.100000000000000533, -2.000000000000000000 ) ) ;
#6228 = CARTESIAN_POINT ( 'NONE',  ( -1.270000000000000684, 4.827278989943721399, -2.000000000000000000 ) ) ;
#6229 = CARTESIAN_POINT ( 'NONE',  ( 1.497330604592375547, -3.005484622322586841, -3.000000000000000000 ) ) ;
#6230 = UNCERTAINTY_MEASURE_WITH_UNIT (LENGTH_MEASURE( 1.000000000000000082E-05 ), #1396, 'distance_accuracy_value', 'NONE');
#6231 = FILL_AREA_STYLE ('',( #4094 ) ) ;
#6232 = EDGE_CURVE ( 'NONE', #8405, #1279, #7629, .T. ) ;
#6233 = PRESENTATION_STYLE_ASSIGNMENT (( #7656 ) ) ;
#6234 = ORIENTED_EDGE ( 'NONE', *, *, #3881, .T. ) ;
#6235 = EDGE_CURVE ( 'NONE', #8477, #4461, #54, .T. ) ;
#6236 = EDGE_CURVE ( 'NONE', #1097, #6840, #8079, .T. ) ;
#6237 = FILL_AREA_STYLE ('',( #4324 ) ) ;
#6238 = MECHANICAL_DESIGN_GEOMETRIC_PRESENTATION_REPRESENTATION (  '', ( #7372 ), #1483 ) ;
#6239 = DIRECTION ( 'NONE',  ( -0.000000000000000000, 0.000000000000000000, 1.000000000000000000 ) ) ;
#6240 = STYLED_ITEM ( 'NONE', ( #1677 ), #3773 ) ;
#6241 = ORIENTED_EDGE ( 'NONE', *, *, #5610, .F. ) ;
#6242 =( GEOMETRIC_REPRESENTATION_CONTEXT ( 3 ) GLOBAL_UNCERTAINTY_ASSIGNED_CONTEXT ( ( #5179 ) ) GLOBAL_UNIT_ASSIGNED_CONTEXT ( ( #5749, #3185, #1736 ) ) REPRESENTATION_CONTEXT ( 'NONE', 'WORKASPACE' ) );
#6243 = VECTOR ( 'NONE', #367, 1000.000000000000000 ) ;
#6244 =( NAMED_UNIT ( * ) SI_UNIT ( $, .STERADIAN. ) SOLID_ANGLE_UNIT ( ) );
#6245 = CARTESIAN_POINT ( 'NONE',  ( -11.94655025073976162, 3.000000000000000000, 0.000000000000000000 ) ) ;
#6246 = CARTESIAN_POINT ( 'NONE',  ( -3.138471846222877559, 0.000000000000000000, 0.000000000000000000 ) ) ;
#6247 = COLOUR_RGB ( '',0.2509803921568627416, 0.2509803921568627416, 0.2509803921568627416 ) ;
#6248 = PLANE ( 'NONE',  #1417 ) ;
#6249 = VECTOR ( 'NONE', #8473, 1000.000000000000000 ) ;
#6250 = CARTESIAN_POINT ( 'NONE',  ( 1.298978179107251218, -5.365916429288997591, 0.000000000000000000 ) ) ;
#6251 = FACE_OUTER_BOUND ( 'NONE', #1414, .T. ) ;
#6252 = LINE ( 'NONE', #5573, #7929 ) ;
#6253 = FACE_OUTER_BOUND ( 'NONE', #1691, .T. ) ;
#6254 = AXIS2_PLACEMENT_3D ( 'NONE', #1925, #4686, #6331 ) ;
#6255 = SURFACE_SIDE_STYLE ('',( #56 ) ) ;
#6256 = CARTESIAN_POINT ( 'NONE',  ( -4.797984649922256928, -1.143254048349641838, 0.000000000000000000 ) ) ;
#6257 = VERTEX_POINT ( 'NONE', #2829 ) ;
#6258 = STYLED_ITEM ( 'NONE', ( #8240 ), #6851 ) ;
#6259 = CARTESIAN_POINT ( 'NONE',  ( 1.602250989393667391, 1.319777692792770019, 0.000000000000000000 ) ) ;
#6260 = PLANE ( 'NONE',  #7726 ) ;
#6261 = DIRECTION ( 'NONE',  ( -4.336808689942016750E-16, -1.000000000000000000, 0.000000000000000000 ) ) ;
#6262 = DIRECTION ( 'NONE',  ( 0.000000000000000000, 1.000000000000000000, 0.000000000000000000 ) ) ;
#6263 =( LENGTH_UNIT ( ) NAMED_UNIT ( * ) SI_UNIT ( .MILLI., .METRE. ) );
#6264 = VECTOR ( 'NONE', #609, 1000.000000000000000 ) ;
#6265 = CARTESIAN_POINT ( 'NONE',  ( 8.000000000000001776, -6.100000000000000533, -2.000000000000000000 ) ) ;
#6266 = PLANE ( 'NONE',  #5008 ) ;
#6267 = EDGE_LOOP ( 'NONE', ( #1943, #4583, #8709, #3825, #7336, #5162, #7437, #8101 ) ) ;
#6268 = DIRECTION ( 'NONE',  ( 0.000000000000000000, -0.000000000000000000, 1.000000000000000000 ) ) ;
#6269 = ORIENTED_EDGE ( 'NONE', *, *, #8119, .F. ) ;
#6270 = VERTEX_POINT ( 'NONE', #6801 ) ;
#6271 = VECTOR ( 'NONE', #3337, 1000.000000000000000 ) ;
#6272 = LINE ( 'NONE', #7569, #5742 ) ;
#6273 =( GEOMETRIC_REPRESENTATION_CONTEXT ( 3 ) GLOBAL_UNCERTAINTY_ASSIGNED_CONTEXT ( ( #2235 ) ) GLOBAL_UNIT_ASSIGNED_CONTEXT ( ( #3814, #3727, #306 ) ) REPRESENTATION_CONTEXT ( 'NONE', 'WORKASPACE' ) );
#6274 = VERTEX_POINT ( 'NONE', #6897 ) ;
#6275 = DIRECTION ( 'NONE',  ( 0.000000000000000000, -1.000000000000000000, 0.000000000000000000 ) ) ;
#6276 = DIRECTION ( 'NONE',  ( 1.000000000000000000, 0.000000000000000000, 0.000000000000000000 ) ) ;
#6277 = CARTESIAN_POINT ( 'NONE',  ( 0.000000000000000000, -0.8913831919116188551, 0.1499999999999999944 ) ) ;
#6278 = LINE ( 'NONE', #5636, #4899 ) ;
#6279 = ORIENTED_EDGE ( 'NONE', *, *, #4056, .F. ) ;
#6280 = CARTESIAN_POINT ( 'NONE',  ( 0.4913539421220920467, -0.3913831919116189106, 0.000000000000000000 ) ) ;
#6281 = LINE ( 'NONE', #6965, #2063 ) ;
#6282 = VECTOR ( 'NONE', #1445, 1000.000000000000000 ) ;
#6283 = DIRECTION ( 'NONE',  ( -1.105517393483657870E-16, 1.000000000000000000, 0.000000000000000000 ) ) ;
#6284 = ORIENTED_EDGE ( 'NONE', *, *, #3046, .T. ) ;
#6285 = UNCERTAINTY_MEASURE_WITH_UNIT (LENGTH_MEASURE( 1.000000000000000082E-05 ), #1819, 'distance_accuracy_value', 'NONE');
#6286 = EDGE_CURVE ( 'NONE', #8032, #4633, #3460, .T. ) ;
#6287 = EDGE_CURVE ( 'NONE', #4000, #7464, #4072, .T. ) ;
#6288 = EDGE_CURVE ( 'NONE', #7137, #8252, #2704, .T. ) ;
#6289 = EDGE_CURVE ( 'NONE', #2585, #6922, #4919, .T. ) ;
#6290 = VECTOR ( 'NONE', #7326, 1000.000000000000000 ) ;
#6291 = FACE_OUTER_BOUND ( 'NONE', #7076, .T. ) ;
#6292 = EDGE_CURVE ( 'NONE', #4687, #408, #6938, .T. ) ;
#6293 = CARTESIAN_POINT ( 'NONE',  ( -2.099999999999999645, 4.899999999999998579, 2.000000000000000000 ) ) ;
#6294 = SURFACE_SIDE_STYLE ('',( #227 ) ) ;
#6295 =( NAMED_UNIT ( * ) SI_UNIT ( $, .STERADIAN. ) SOLID_ANGLE_UNIT ( ) );
#6296 = COLOUR_RGB ( '',1.000000000000000000, 1.000000000000000000, 1.000000000000000000 ) ;
#6297 = PRESENTATION_STYLE_ASSIGNMENT (( #3820 ) ) ;
#6298 = CARTESIAN_POINT ( 'NONE',  ( 2.648125170278138096, -4.141704418566487966, -2.000000000000000000 ) ) ;
#6299 =( LENGTH_UNIT ( ) NAMED_UNIT ( * ) SI_UNIT ( .MILLI., .METRE. ) );
#6300 = EDGE_CURVE ( 'NONE', #424, #2635, #6252, .T. ) ;
#6301 = DIRECTION ( 'NONE',  ( -1.000000000000000000, -0.000000000000000000, -0.000000000000000000 ) ) ;
#6302 = CARTESIAN_POINT ( 'NONE',  ( 0.000000000000000000, -5.356808079531231392, 0.5000000000000000000 ) ) ;
#6303 = DIRECTION ( 'NONE',  ( 0.000000000000000000, 0.000000000000000000, -1.000000000000000000 ) ) ;
#6304 = SURFACE_SIDE_STYLE ('',( #2246 ) ) ;
#6305 = ORIENTED_EDGE ( 'NONE', *, *, #7594, .T. ) ;
#6306 = CARTESIAN_POINT ( 'NONE',  ( 0.2040164599795360190, -4.385197194226567952, 0.000000000000000000 ) ) ;
#6307 = CARTESIAN_POINT ( 'NONE',  ( -3.143373282304380734, 2.544545736534499003, 0.1499999999999999944 ) ) ;
#6308 = DIRECTION ( 'NONE',  ( -1.000000000000000000, 0.000000000000000000, 0.000000000000000000 ) ) ;
#6309 = CARTESIAN_POINT ( 'NONE',  ( -1.272756040008647282, 0.2332654097976024354, 0.000000000000000000 ) ) ;
#6310 = VECTOR ( 'NONE', #6943, 1000.000000000000000 ) ;
#6311 = DIRECTION ( 'NONE',  ( 1.000000000000000000, 0.000000000000000000, 0.000000000000000000 ) ) ;
#6312 = LINE ( 'NONE', #900, #208 ) ;
#6313 = LINE ( 'NONE', #766, #644 ) ;
#6314 = CARTESIAN_POINT ( 'NONE',  ( -4.639999999999998792, 7.641130724221518733, 3.884080669685257448 ) ) ;
#6315 = DIRECTION ( 'NONE',  ( -0.000000000000000000, 0.000000000000000000, -1.000000000000000000 ) ) ;
#6316 = VERTEX_POINT ( 'NONE', #4784 ) ;
#6317 = VERTEX_POINT ( 'NONE', #8277 ) ;
#6318 = CARTESIAN_POINT ( 'NONE',  ( 2.163148036665242469, -0.3913831919116190217, 0.1499999999999999944 ) ) ;
#6319 = DIRECTION ( 'NONE',  ( 1.000000000000000000, -0.000000000000000000, -0.000000000000000000 ) ) ;
#6320 = ORIENTED_EDGE ( 'NONE', *, *, #7408, .T. ) ;
#6321 = DIRECTION ( 'NONE',  ( -0.000000000000000000, 1.000000000000000000, -0.000000000000000000 ) ) ;
#6322 = LINE ( 'NONE', #7002, #7608 ) ;
#6323 = SURFACE_SIDE_STYLE ('',( #2898 ) ) ;
#6324 = UNCERTAINTY_MEASURE_WITH_UNIT (LENGTH_MEASURE( 1.000000000000000082E-05 ), #5346, 'distance_accuracy_value', 'NONE');
#6325 = AXIS2_PLACEMENT_3D ( 'NONE', #5144, #5184, #3055 ) ;
#6326 = AXIS2_PLACEMENT_3D ( 'NONE', #3401, #4940, #2728 ) ;
#6327 = ORIENTED_EDGE ( 'NONE', *, *, #5094, .F. ) ;
#6328 = SURFACE_STYLE_FILL_AREA ( #6461 ) ;
#6329 = EDGE_CURVE ( 'NONE', #4650, #8521, #2059, .T. ) ;
#6330 = ORIENTED_EDGE ( 'NONE', *, *, #6189, .F. ) ;
#6331 = DIRECTION ( 'NONE',  ( -1.000000000000000000, 0.000000000000000000, 0.000000000000000000 ) ) ;
#6332 =( GEOMETRIC_REPRESENTATION_CONTEXT ( 3 ) GLOBAL_UNCERTAINTY_ASSIGNED_CONTEXT ( ( #89 ) ) GLOBAL_UNIT_ASSIGNED_CONTEXT ( ( #689, #1368, #6182 ) ) REPRESENTATION_CONTEXT ( 'NONE', 'WORKASPACE' ) );
#6333 = SURFACE_SIDE_STYLE ('',( #86 ) ) ;
#6334 = FACE_OUTER_BOUND ( 'NONE', #1298, .T. ) ;
#6335 = VERTEX_POINT ( 'NONE', #798 ) ;
#6336 = COLOUR_RGB ( '',1.000000000000000000, 1.000000000000000000, 1.000000000000000000 ) ;
#6337 = ADVANCED_FACE ( 'NONE', ( #2748 ), #140, .T. ) ;
#6338 = SURFACE_SIDE_STYLE ('',( #130 ) ) ;
#6339 = PRESENTATION_STYLE_ASSIGNMENT (( #1515 ) ) ;
#6340 = CARTESIAN_POINT ( 'NONE',  ( -13.94655025073976162, 1.000000000000000000, 0.000000000000000000 ) ) ;
#6341 = DIRECTION ( 'NONE',  ( 1.000000000000000000, 0.000000000000000000, 0.000000000000000000 ) ) ;
#6342 = EDGE_CURVE ( 'NONE', #34, #5376, #8322, .T. ) ;
#6343 = DIRECTION ( 'NONE',  ( 0.000000000000000000, 0.000000000000000000, -1.000000000000000000 ) ) ;
#6344 = DIRECTION ( 'NONE',  ( 0.000000000000000000, 0.000000000000000000, 1.000000000000000000 ) ) ;
#6345 = CARTESIAN_POINT ( 'NONE',  ( -3.143373282304378513, -3.008659175951458956E-15, 0.1499999999999999944 ) ) ;
#6346 = PRESENTATION_LAYER_ASSIGNMENT (  '', '', ( #2755 ) ) ;
#6347 = DIRECTION ( 'NONE',  ( 1.000000000000000000, 0.000000000000000000, 0.000000000000000000 ) ) ;
#6348 = PRESENTATION_STYLE_ASSIGNMENT (( #234 ) ) ;
#6349 = EDGE_CURVE ( 'NONE', #4090, #1599, #7021, .T. ) ;
#6350 = ORIENTED_EDGE ( 'NONE', *, *, #2274, .F. ) ;
#6351 = CARTESIAN_POINT ( 'NONE',  ( 1.282828802210860042, -3.005484622322586841, -2.000000000000000000 ) ) ;
#6352 = EDGE_CURVE ( 'NONE', #7137, #7538, #7603, .T. ) ;
#6353 = ADVANCED_FACE ( 'NONE', ( #111 ), #4262, .F. ) ;
#6354 = AXIS2_PLACEMENT_3D ( 'NONE', #1822, #2546, #6642 ) ;
#6355 = FACE_OUTER_BOUND ( 'NONE', #7896, .T. ) ;
#6356 = LINE ( 'NONE', #5619, #2285 ) ;
#6357 = LINE ( 'NONE', #4391, #2190 ) ;
#6358 =( NAMED_UNIT ( * ) SI_UNIT ( $, .STERADIAN. ) SOLID_ANGLE_UNIT ( ) );
#6359 = CARTESIAN_POINT ( 'NONE',  ( -6.280000000000000249, 4.899999999999998579, 2.000000000000000000 ) ) ;
#6360 = EDGE_CURVE ( 'NONE', #6201, #454, #8208, .T. ) ;
#6361 = LINE ( 'NONE', #5671, #1788 ) ;
#6362 = SURFACE_STYLE_FILL_AREA ( #7891 ) ;
#6363 = SURFACE_SIDE_STYLE ('',( #7032 ) ) ;
#6364 = CARTESIAN_POINT ( 'NONE',  ( 0.000000000000000000, 0.000000000000000000, 0.4000000000000000222 ) ) ;
#6365 = DIRECTION ( 'NONE',  ( -0.000000000000000000, -0.000000000000000000, -1.000000000000000000 ) ) ;
#6366 = ORIENTED_EDGE ( 'NONE', *, *, #5893, .T. ) ;
#6367 = ORIENTED_EDGE ( 'NONE', *, *, #4766, .F. ) ;
#6368 = FACE_BOUND ( 'NONE', #4800, .T. ) ;
#6369 =( NAMED_UNIT ( * ) SI_UNIT ( $, .STERADIAN. ) SOLID_ANGLE_UNIT ( ) );
#6370 = ORIENTED_EDGE ( 'NONE', *, *, #5006, .T. ) ;
#6371 = DIRECTION ( 'NONE',  ( 0.000000000000000000, -1.000000000000000000, 0.000000000000000000 ) ) ;
#6372 = DIRECTION ( 'NONE',  ( -0.000000000000000000, -0.000000000000000000, -1.000000000000000000 ) ) ;
#6373 =( NAMED_UNIT ( * ) PLANE_ANGLE_UNIT ( ) SI_UNIT ( $, .RADIAN. ) );
#6374 = EDGE_LOOP ( 'NONE', ( #6131, #3406, #8807, #7334 ) ) ;
#6375 = SURFACE_STYLE_USAGE ( .BOTH. , #3624 ) ;
#6376 = DIRECTION ( 'NONE',  ( -0.000000000000000000, -0.000000000000000000, -1.000000000000000000 ) ) ;
#6377 = ORIENTED_EDGE ( 'NONE', *, *, #7100, .T. ) ;
#6378 = VECTOR ( 'NONE', #2171, 1000.000000000000000 ) ;
#6379 = FILL_AREA_STYLE_COLOUR ( '', #2609 ) ;
#6380 = FILL_AREA_STYLE ('',( #8224 ) ) ;
#6381 = ORIENTED_EDGE ( 'NONE', *, *, #885, .F. ) ;
#6382 =( GEOMETRIC_REPRESENTATION_CONTEXT ( 3 ) GLOBAL_UNCERTAINTY_ASSIGNED_CONTEXT ( ( #7829 ) ) GLOBAL_UNIT_ASSIGNED_CONTEXT ( ( #3994, #4578, #2537 ) ) REPRESENTATION_CONTEXT ( 'NONE', 'WORKASPACE' ) );
#6383 = AXIS2_PLACEMENT_3D ( 'NONE', #3268, #6046, #7348 ) ;
#6384 = VECTOR ( 'NONE', #7465, 1000.000000000000000 ) ;
#6385 = PRESENTATION_LAYER_ASSIGNMENT (  '', '', ( #6961 ) ) ;
#6386 = FACE_BOUND ( 'NONE', #6588, .T. ) ;
#6387 =( GEOMETRIC_REPRESENTATION_CONTEXT ( 3 ) GLOBAL_UNCERTAINTY_ASSIGNED_CONTEXT ( ( #1167 ) ) GLOBAL_UNIT_ASSIGNED_CONTEXT ( ( #8582, #5838, #935 ) ) REPRESENTATION_CONTEXT ( 'NONE', 'WORKASPACE' ) );
#6388 = AXIS2_PLACEMENT_3D ( 'NONE', #3189, #3230, #4017 ) ;
#6389 = DIRECTION ( 'NONE',  ( 0.000000000000000000, -1.000000000000000000, 0.000000000000000000 ) ) ;
#6390 =( NAMED_UNIT ( * ) SI_UNIT ( $, .STERADIAN. ) SOLID_ANGLE_UNIT ( ) );
#6391 = VECTOR ( 'NONE', #6134, 1000.000000000000000 ) ;
#6392 = AXIS2_PLACEMENT_3D ( 'NONE', #2658, #5983, #6066 ) ;
#6393 = CARTESIAN_POINT ( 'NONE',  ( -13.94655025073976162, 0.000000000000000000, 0.000000000000000000 ) ) ;
#6394 = LINE ( 'NONE', #6440, #2367 ) ;
#6395 = STYLED_ITEM ( 'NONE', ( #5374 ), #1404 ) ;
#6397 =( NAMED_UNIT ( * ) SI_UNIT ( $, .STERADIAN. ) SOLID_ANGLE_UNIT ( ) );
#6396 = VECTOR ( 'NONE', #5009, 1000.000000000000000 ) ;
#6398 = ORIENTED_EDGE ( 'NONE', *, *, #8812, .T. ) ;
#6399 = UNCERTAINTY_MEASURE_WITH_UNIT (LENGTH_MEASURE( 1.000000000000000082E-05 ), #2581, 'distance_accuracy_value', 'NONE');
#6400 = CARTESIAN_POINT ( 'NONE',  ( 5.520000000000001350, 7.641130724221518733, 3.884080669685257448 ) ) ;
#6401 = STYLED_ITEM ( 'NONE', ( #7119 ), #6669 ) ;
#6402 = SURFACE_STYLE_FILL_AREA ( #5063 ) ;
#6403 = CIRCLE ( 'NONE', #3678, 0.6499999999999995781 ) ;
#6404 = DIRECTION ( 'NONE',  ( -0.000000000000000000, 1.000000000000000000, -0.000000000000000000 ) ) ;
#6405 = CARTESIAN_POINT ( 'NONE',  ( 4.141442242859602274, 0.1631021076784486823, 0.2999999999999999889 ) ) ;
#6406 = EDGE_CURVE ( 'NONE', #4624, #1422, #6911, .T. ) ;
#6407 = CARTESIAN_POINT ( 'NONE',  ( 4.141442242859602274, 0.1631021076784486823, 0.000000000000000000 ) ) ;
#6408 = EDGE_CURVE ( 'NONE', #112, #1979, #6816, .T. ) ;
#6409 = FACE_OUTER_BOUND ( 'NONE', #3950, .T. ) ;
#6410 = VECTOR ( 'NONE', #180, 1000.000000000000000 ) ;
#6411 = EDGE_CURVE ( 'NONE', #3050, #1369, #727, .T. ) ;
#6412 =( LENGTH_UNIT ( ) NAMED_UNIT ( * ) SI_UNIT ( .MILLI., .METRE. ) );
#6413 = CARTESIAN_POINT ( 'NONE',  ( 0.000000000000000000, -4.385197194226567952, 0.000000000000000000 ) ) ;
#6414 = LINE ( 'NONE', #4399, #6186 ) ;
#6415 = ORIENTED_EDGE ( 'NONE', *, *, #895, .F. ) ;
#6416 = VERTEX_POINT ( 'NONE', #5546 ) ;
#6417 = STYLED_ITEM ( 'NONE', ( #6348 ), #8636 ) ;
#6418 = VECTOR ( 'NONE', #2286, 1000.000000000000000 ) ;
#6419 = PLANE ( 'NONE',  #4240 ) ;
#6420 =( GEOMETRIC_REPRESENTATION_CONTEXT ( 3 ) GLOBAL_UNCERTAINTY_ASSIGNED_CONTEXT ( ( #5688 ) ) GLOBAL_UNIT_ASSIGNED_CONTEXT ( ( #3766, #3081, #5823 ) ) REPRESENTATION_CONTEXT ( 'NONE', 'WORKASPACE' ) );
#6421 = ORIENTED_EDGE ( 'NONE', *, *, #92, .T. ) ;
#6422 = CARTESIAN_POINT ( 'NONE',  ( 7.518932503990860106, -5.267066187369637831, 0.1000000000000002554 ) ) ;
#6423 = CARTESIAN_POINT ( 'NONE',  ( -0.000000000000000000, 2.197828827475229563, 0.000000000000000000 ) ) ;
#6424 = UNCERTAINTY_MEASURE_WITH_UNIT (LENGTH_MEASURE( 1.000000000000000082E-05 ), #8155, 'distance_accuracy_value', 'NONE');
#6425 = COLOUR_RGB ( '',1.000000000000000000, 1.000000000000000000, 1.000000000000000000 ) ;
#6426 = ORIENTED_EDGE ( 'NONE', *, *, #4444, .T. ) ;
#6427 = CARTESIAN_POINT ( 'NONE',  ( -1.280492736483534344, -6.199332934692037739E-16, 0.000000000000000000 ) ) ;
#6428 = EDGE_LOOP ( 'NONE', ( #3744, #7359, #7351, #6152 ) ) ;
#6429 = SURFACE_STYLE_FILL_AREA ( #7781 ) ;
#6430 = PLANE ( 'NONE',  #3668 ) ;
#6431 = PRESENTATION_STYLE_ASSIGNMENT (( #2277 ) ) ;
#6432 = ORIENTED_EDGE ( 'NONE', *, *, #1131, .F. ) ;
#6433 = DIRECTION ( 'NONE',  ( 0.000000000000000000, 0.000000000000000000, -1.000000000000000000 ) ) ;
#6434 = AXIS2_PLACEMENT_3D ( 'NONE', #7860, #4405, #1719 ) ;
#6435 = SURFACE_STYLE_FILL_AREA ( #8495 ) ;
#6436 = ORIENTED_EDGE ( 'NONE', *, *, #7362, .T. ) ;
#6437 = CARTESIAN_POINT ( 'NONE',  ( 7.500000000000000000, 5.728180208693597564, 2.000000000000000000 ) ) ;
#6438 = CARTESIAN_POINT ( 'NONE',  ( -6.280000000000000249, 3.999999999999999112, 3.017654449115059201 ) ) ;
#6439 = PLANE ( 'NONE',  #4186 ) ;
#6440 = CARTESIAN_POINT ( 'NONE',  ( 3.436010026804369399, 0.1631021076784486823, 0.2999999999999999889 ) ) ;
#6441 = ORIENTED_EDGE ( 'NONE', *, *, #8768, .F. ) ;
#6442 = EDGE_CURVE ( 'NONE', #8450, #7799, #3470, .T. ) ;
#6443 = CARTESIAN_POINT ( 'NONE',  ( -2.099999999999999645, 3.999999999999999112, 3.017654449115059201 ) ) ;
#6444 = VECTOR ( 'NONE', #6755, 1000.000000000000000 ) ;
#6445 = PRESENTATION_STYLE_ASSIGNMENT (( #5805 ) ) ;
#6446 = VECTOR ( 'NONE', #7133, 1000.000000000000000 ) ;
#6447 = PLANE ( 'NONE',  #5984 ) ;
#6448 = EDGE_CURVE ( 'NONE', #4220, #6335, #808, .T. ) ;
#6449 = DIRECTION ( 'NONE',  ( 1.105517393483657747E-16, -1.000000000000000000, 0.000000000000000000 ) ) ;
#6450 = ORIENTED_EDGE ( 'NONE', *, *, #1235, .T. ) ;
#6451 = ORIENTED_EDGE ( 'NONE', *, *, #5769, .F. ) ;
#6452 = FACE_BOUND ( 'NONE', #4524, .T. ) ;
#6453 =( NAMED_UNIT ( * ) PLANE_ANGLE_UNIT ( ) SI_UNIT ( $, .RADIAN. ) );
#6454 = ORIENTED_EDGE ( 'NONE', *, *, #7625, .F. ) ;
#6455 = LINE ( 'NONE', #294, #965 ) ;
#6456 = CARTESIAN_POINT ( 'NONE',  ( 0.7040164599795361022, -5.365916429288997591, 0.000000000000000000 ) ) ;
#6457 = EDGE_CURVE ( 'NONE', #4433, #4313, #4214, .T. ) ;
#6458 = UNCERTAINTY_MEASURE_WITH_UNIT (LENGTH_MEASURE( 1.000000000000000082E-05 ), #385, 'distance_accuracy_value', 'NONE');
#6459 = CARTESIAN_POINT ( 'NONE',  ( 2.980000000000000870, 4.899999999999998579, 2.000000000000000000 ) ) ;
#6460 = ORIENTED_EDGE ( 'NONE', *, *, #7539, .T. ) ;
#6461 = FILL_AREA_STYLE ('',( #3723 ) ) ;
#6462 = ORIENTED_EDGE ( 'NONE', *, *, #2154, .T. ) ;
#6463 = EDGE_CURVE ( 'NONE', #1191, #3684, #6313, .T. ) ;
#6464 = EDGE_CURVE ( 'NONE', #3437, #1203, #5414, .T. ) ;
#6465 = LINE ( 'NONE', #3044, #5215 ) ;
#6466 = COLOUR_RGB ( '',1.000000000000000000, 1.000000000000000000, 1.000000000000000000 ) ;
#6467 = EDGE_CURVE ( 'NONE', #1074, #1370, #7467, .T. ) ;
#6468 = EDGE_LOOP ( 'NONE', ( #4374, #88, #8339, #4281 ) ) ;
#6469 = STYLED_ITEM ( 'NONE', ( #1999 ), #5649 ) ;
#6470 = PRODUCT_DEFINITION ( 'UNKNOWN', '', #5270, #606 ) ;
#6471 = CYLINDRICAL_SURFACE ( 'NONE', #4680, 0.5702963728963384993 ) ;
#6472 = AXIS2_PLACEMENT_3D ( 'NONE', #8476, #7074, #4311 ) ;
#6473 =( NAMED_UNIT ( * ) PLANE_ANGLE_UNIT ( ) SI_UNIT ( $, .RADIAN. ) );
#6474 = MECHANICAL_DESIGN_GEOMETRIC_PRESENTATION_REPRESENTATION (  '', ( #4192 ), #5802 ) ;
#6475 = ORIENTED_EDGE ( 'NONE', *, *, #3103, .T. ) ;
#6476 = FILL_AREA_STYLE ('',( #1030 ) ) ;
#6477 = CARTESIAN_POINT ( 'NONE',  ( -6.280000000000000249, 3.999999999999999112, 2.000000000000000000 ) ) ;
#6478 = FILL_AREA_STYLE ('',( #2911 ) ) ;
#6479 = CARTESIAN_POINT ( 'NONE',  ( 1.298978179107250996, -4.385197194226567952, 0.000000000000000000 ) ) ;
#6480 = CARTESIAN_POINT ( 'NONE',  ( 10.94655025073975985, 4.336808689942017736E-16, 0.000000000000000000 ) ) ;
#6481 = ORIENTED_EDGE ( 'NONE', *, *, #247, .T. ) ;
#6482 = VECTOR ( 'NONE', #6529, 1000.000000000000000 ) ;
#6483 = CARTESIAN_POINT ( 'NONE',  ( 0.000000000000000000, -0.8913831919116188551, 0.000000000000000000 ) ) ;
#6484 = VECTOR ( 'NONE', #1549, 1000.000000000000000 ) ;
#6485 = PLANE ( 'NONE',  #5856 ) ;
#6486 = FACE_OUTER_BOUND ( 'NONE', #7254, .T. ) ;
#6487 = DIRECTION ( 'NONE',  ( -0.000000000000000000, 0.000000000000000000, 1.000000000000000000 ) ) ;
#6488 = EDGE_CURVE ( 'NONE', #5463, #7387, #1319, .T. ) ;
#6489 =( LENGTH_UNIT ( ) NAMED_UNIT ( * ) SI_UNIT ( .MILLI., .METRE. ) );
#6490 = CARTESIAN_POINT ( 'NONE',  ( -2.938471846222877382, -0.6194252216434082969, 0.4000000000000000222 ) ) ;
#6491 = DIRECTION ( 'NONE',  ( 1.000000000000000000, 0.000000000000000000, 0.000000000000000000 ) ) ;
#6492 = DIRECTION ( 'NONE',  ( 0.000000000000000000, 0.000000000000000000, -1.000000000000000000 ) ) ;
#6493 = CARTESIAN_POINT ( 'NONE',  ( -5.734760885516596574, 1.215912586094422654, 0.5000000000000000000 ) ) ;
#6494 = CARTESIAN_POINT ( 'NONE',  ( 0.4913539421220920467, 0.8197776927927701296, 0.4000000000000000222 ) ) ;
#6495 = ORIENTED_EDGE ( 'NONE', *, *, #4283, .F. ) ;
#6496 = EDGE_LOOP ( 'NONE', ( #6284, #7450, #5770, #4085 ) ) ;
#6497 = VECTOR ( 'NONE', #700, 1000.000000000000000 ) ;
#6498 = SURFACE_SIDE_STYLE ('',( #1588 ) ) ;
#6499 = ORIENTED_EDGE ( 'NONE', *, *, #8313, .T. ) ;
#6500 = CARTESIAN_POINT ( 'NONE',  ( 1.041353942122092313, 0.000000000000000000, 0.000000000000000000 ) ) ;
#6501 = CARTESIAN_POINT ( 'NONE',  ( 0.7040164599795355471, 7.783024418061680153E-17, 0.5000000000000000000 ) ) ;
#6502 = CARTESIAN_POINT ( 'NONE',  ( 4.141442242859602274, -0.9211733355175579785, 0.2999999999999999889 ) ) ;
#6503 = UNCERTAINTY_MEASURE_WITH_UNIT (LENGTH_MEASURE( 1.000000000000000082E-05 ), #4422, 'distance_accuracy_value', 'NONE');
#6504 = FACE_OUTER_BOUND ( 'NONE', #1750, .T. ) ;
#6505 = ORIENTED_EDGE ( 'NONE', *, *, #4931, .F. ) ;
#6506 = CARTESIAN_POINT ( 'NONE',  ( 6.948636131094521495, -5.267066187369637831, 0.000000000000000000 ) ) ;
#6507 = ORIENTED_EDGE ( 'NONE', *, *, #5159, .F. ) ;
#6508 = UNCERTAINTY_MEASURE_WITH_UNIT (LENGTH_MEASURE( 1.000000000000000082E-05 ), #5445, 'distance_accuracy_value', 'NONE');
#6509 = LINE ( 'NONE', #3130, #6917 ) ;
#6510 = DIRECTION ( 'NONE',  ( 0.000000000000000000, 1.000000000000000000, 0.000000000000000000 ) ) ;
#6511 = CARTESIAN_POINT ( 'NONE',  ( 5.520000000000001350, 7.641130724221518733, 3.017654449115059201 ) ) ;
#6512 = ORIENTED_EDGE ( 'NONE', *, *, #35, .T. ) ;
#6513 = PRESENTATION_LAYER_ASSIGNMENT (  '', '', ( #1333 ) ) ;
#6514 = EDGE_CURVE ( 'NONE', #1184, #1686, #6135, .T. ) ;
#6515 = STYLED_ITEM ( 'NONE', ( #7652 ), #677 ) ;
#6516 = EDGE_CURVE ( 'NONE', #1893, #4837, #8167, .T. ) ;
#6517 = DIRECTION ( 'NONE',  ( -0.000000000000000000, -0.000000000000000000, -1.000000000000000000 ) ) ;
#6518 = DIRECTION ( 'NONE',  ( 1.000000000000000000, 0.000000000000000000, 0.000000000000000000 ) ) ;
#6519 = ORIENTED_EDGE ( 'NONE', *, *, #4651, .F. ) ;
#6520 = FACE_OUTER_BOUND ( 'NONE', #3271, .T. ) ;
#6521 = VECTOR ( 'NONE', #2199, 1000.000000000000000 ) ;
#6522 = UNCERTAINTY_MEASURE_WITH_UNIT (LENGTH_MEASURE( 1.000000000000000082E-05 ), #5835, 'distance_accuracy_value', 'NONE');
#6523 = MECHANICAL_DESIGN_GEOMETRIC_PRESENTATION_REPRESENTATION (  '', ( #4096 ), #7920 ) ;
#6524 = DIRECTION ( 'NONE',  ( 1.000000000000000000, 0.000000000000000000, 0.000000000000000000 ) ) ;
#6525 = STYLED_ITEM ( 'NONE', ( #7876 ), #1042 ) ;
#6526 = CARTESIAN_POINT ( 'NONE',  ( 5.699999999999999289, 4.829999999999998295, -2.000000000000000000 ) ) ;
#6527 = VECTOR ( 'NONE', #3241, 1000.000000000000000 ) ;
#6528 = EDGE_LOOP ( 'NONE', ( #7925, #4326, #8083, #8047 ) ) ;
#6529 = DIRECTION ( 'NONE',  ( -0.000000000000000000, -0.000000000000000000, -1.000000000000000000 ) ) ;
#6530 = MECHANICAL_DESIGN_GEOMETRIC_PRESENTATION_REPRESENTATION (  '', ( #5382 ), #2786 ) ;
#6531 =( GEOMETRIC_REPRESENTATION_CONTEXT ( 3 ) GLOBAL_UNCERTAINTY_ASSIGNED_CONTEXT ( ( #3101 ) ) GLOBAL_UNIT_ASSIGNED_CONTEXT ( ( #1815, #8565, #2539 ) ) REPRESENTATION_CONTEXT ( 'NONE', 'WORKASPACE' ) );
#6532 = CARTESIAN_POINT ( 'NONE',  ( -1.480492736483535188, 2.803082408881607535, 0.000000000000000000 ) ) ;
#6533 = CARTESIAN_POINT ( 'NONE',  ( -4.402923696573366463, -1.143254048349641838, 0.1499999999999999944 ) ) ;
#6534 = SURFACE_SIDE_STYLE ('',( #2568 ) ) ;
#6535 =( GEOMETRIC_REPRESENTATION_CONTEXT ( 3 ) GLOBAL_UNCERTAINTY_ASSIGNED_CONTEXT ( ( #7135 ) ) GLOBAL_UNIT_ASSIGNED_CONTEXT ( ( #174, #835, #8578 ) ) REPRESENTATION_CONTEXT ( 'NONE', 'WORKASPACE' ) );
#6536 = PLANE ( 'NONE',  #3693 ) ;
#6537 =( LENGTH_UNIT ( ) NAMED_UNIT ( * ) SI_UNIT ( .MILLI., .METRE. ) );
#6538 = DIRECTION ( 'NONE',  ( -1.000000000000000000, -1.304779308234270448E-16, 0.000000000000000000 ) ) ;
#6539 = VECTOR ( 'NONE', #3418, 1000.000000000000000 ) ;
#6540 = ORIENTED_EDGE ( 'NONE', *, *, #2591, .F. ) ;
#6541 = ORIENTED_EDGE ( 'NONE', *, *, #3663, .T. ) ;
#6542 = MECHANICAL_DESIGN_GEOMETRIC_PRESENTATION_REPRESENTATION (  '', ( #3231 ), #7335 ) ;
#6543 = SURFACE_STYLE_USAGE ( .BOTH. , #3897 ) ;
#6544 = ORIENTED_EDGE ( 'NONE', *, *, #4302, .T. ) ;
#6545 = CARTESIAN_POINT ( 'NONE',  ( 10.94655025073975985, 4.336808689942017736E-16, 0.000000000000000000 ) ) ;
#6546 = CARTESIAN_POINT ( 'NONE',  ( 0.4913539421220920467, 0.8197776927927701296, 0.000000000000000000 ) ) ;
#6547 = CARTESIAN_POINT ( 'NONE',  ( 0.000000000000000000, 2.091446606018390497, 0.1499999999999999944 ) ) ;
#6548 = PRESENTATION_LAYER_ASSIGNMENT (  '', '', ( #2221 ) ) ;
#6549 = FILL_AREA_STYLE ('',( #7824 ) ) ;
#6550 = ORIENTED_EDGE ( 'NONE', *, *, #5221, .F. ) ;
#6551 = AXIS2_PLACEMENT_3D ( 'NONE', #4413, #4276, #7084 ) ;
#6552 =( NAMED_UNIT ( * ) PLANE_ANGLE_UNIT ( ) SI_UNIT ( $, .RADIAN. ) );
#6553 = FILL_AREA_STYLE ('',( #873 ) ) ;
#6554 = ORIENTED_EDGE ( 'NONE', *, *, #6467, .T. ) ;
#6555 = AXIS2_PLACEMENT_3D ( 'NONE', #3695, #141, #4428 ) ;
#6556 = DIRECTION ( 'NONE',  ( 0.000000000000000000, -0.000000000000000000, 1.000000000000000000 ) ) ;
#6557 = SURFACE_SIDE_STYLE ('',( #7871 ) ) ;
#6558 = ORIENTED_EDGE ( 'NONE', *, *, #6572, .T. ) ;
#6559 = VECTOR ( 'NONE', #8325, 1000.000000000000000 ) ;
#6560 = CARTESIAN_POINT ( 'NONE',  ( -5.949819853805799141, -0.7767525643175616779, 0.4000000000000000222 ) ) ;
#6561 = DIRECTION ( 'NONE',  ( -0.000000000000000000, -0.000000000000000000, -1.000000000000000000 ) ) ;
#6562 = VECTOR ( 'NONE', #4457, 1000.000000000000000 ) ;
#6563 = DIRECTION ( 'NONE',  ( 0.000000000000000000, 0.000000000000000000, -1.000000000000000000 ) ) ;
#6564 = ORIENTED_EDGE ( 'NONE', *, *, #2447, .T. ) ;
#6565 = VECTOR ( 'NONE', #6931, 1000.000000000000000 ) ;
#6566 = EDGE_LOOP ( 'NONE', ( #4506, #5137, #2833, #7484 ) ) ;
#6567 = PRESENTATION_STYLE_ASSIGNMENT (( #5878 ) ) ;
#6568 = CARTESIAN_POINT ( 'NONE',  ( 2.980000000000000870, 7.641130724221518733, 3.884080669685257448 ) ) ;
#6569 = PRESENTATION_LAYER_ASSIGNMENT (  '', '', ( #244 ) ) ;
#6570 = EDGE_CURVE ( 'NONE', #6783, #6818, #3096, .T. ) ;
#6571 = EDGE_CURVE ( 'NONE', #7770, #7248, #1667, .T. ) ;
#6572 = EDGE_CURVE ( 'NONE', #6914, #5442, #3607, .T. ) ;
#6573 = EDGE_CURVE ( 'NONE', #7297, #468, #5621, .T. ) ;
#6574 = EDGE_CURVE ( 'NONE', #454, #6157, #6361, .T. ) ;
#6575 = FILL_AREA_STYLE_COLOUR ( '', #3975 ) ;
#6576 =( NAMED_UNIT ( * ) PLANE_ANGLE_UNIT ( ) SI_UNIT ( $, .RADIAN. ) );
#6577 = DIRECTION ( 'NONE',  ( 0.000000000000000000, 0.000000000000000000, -1.000000000000000000 ) ) ;
#6578 = VERTEX_POINT ( 'NONE', #1530 ) ;
#6579 = PRESENTATION_LAYER_ASSIGNMENT (  '', '', ( #4153 ) ) ;
#6580 = EDGE_CURVE ( 'NONE', #5082, #7622, #4352, .T. ) ;
#6581 = DIRECTION ( 'NONE',  ( 1.000000000000000000, -0.000000000000000000, -0.000000000000000000 ) ) ;
#6582 = CARTESIAN_POINT ( 'NONE',  ( 0.000000000000000000, 1.315449244559767639, 0.1499999999999999944 ) ) ;
#6583 = LINE ( 'NONE', #1884, #1349 ) ;
#6584 = CARTESIAN_POINT ( 'NONE',  ( -7.500000000000000000, 5.728180208693597564, 2.000000000000000000 ) ) ;
#6585 = CARTESIAN_POINT ( 'NONE',  ( -3.739999999999999325, 4.899999999999998579, 3.884080669685257448 ) ) ;
#6586 =( LENGTH_UNIT ( ) NAMED_UNIT ( * ) SI_UNIT ( .MILLI., .METRE. ) );
#6587 = VECTOR ( 'NONE', #1564, 1000.000000000000000 ) ;
#6588 = EDGE_LOOP ( 'NONE', ( #1374, #1411, #539, #5998 ) ) ;
#6589 = VERTEX_POINT ( 'NONE', #4394 ) ;
#6590 = EDGE_LOOP ( 'NONE', ( #8691, #7249, #460, #5164 ) ) ;
#6591 = ORIENTED_EDGE ( 'NONE', *, *, #6171, .F. ) ;
#6592 = PLANE ( 'NONE',  #6810 ) ;
#6593 = AXIS2_PLACEMENT_3D ( 'NONE', #3034, #6371, #1591 ) ;
#6594 = PRESENTATION_STYLE_ASSIGNMENT (( #3806 ) ) ;
#6595 = DIRECTION ( 'NONE',  ( 1.000000000000000000, 0.000000000000000000, 0.000000000000000000 ) ) ;
#6596 = CARTESIAN_POINT ( 'NONE',  ( -1.480492736483535188, 2.803082408881607535, 0.000000000000000000 ) ) ;
#6597 = ORIENTED_EDGE ( 'NONE', *, *, #5957, .T. ) ;
#6598 = FILL_AREA_STYLE_COLOUR ( '', #2806 ) ;
#6599 = ORIENTED_EDGE ( 'NONE', *, *, #6676, .F. ) ;
#6600 = DIRECTION ( 'NONE',  ( 1.000000000000000000, 0.000000000000000000, -0.000000000000000000 ) ) ;
#6601 = DIRECTION ( 'NONE',  ( -6.672013369141570542E-15, -0.000000000000000000, -1.000000000000000000 ) ) ;
#6602 = ORIENTED_EDGE ( 'NONE', *, *, #1452, .T. ) ;
#6603 = CARTESIAN_POINT ( 'NONE',  ( -1.275591300402032724, 2.544545736534499891, 0.1499999999999999944 ) ) ;
#6604 = DIRECTION ( 'NONE',  ( 9.571434588722592181E-16, -1.000000000000000000, 0.000000000000000000 ) ) ;
#6605 = EDGE_CURVE ( 'NONE', #6807, #5145, #4307, .T. ) ;
#6606 =( LENGTH_UNIT ( ) NAMED_UNIT ( * ) SI_UNIT ( .MILLI., .METRE. ) );
#6607 = ORIENTED_EDGE ( 'NONE', *, *, #5893, .F. ) ;
#6608 = ORIENTED_EDGE ( 'NONE', *, *, #2880, .F. ) ;
#6609 = FILL_AREA_STYLE ('',( #3141 ) ) ;
#6610 = VECTOR ( 'NONE', #3568, 1000.000000000000000 ) ;
#6611 = AXIS2_PLACEMENT_3D ( 'NONE', #5712, #1526, #1040 ) ;
#6612 = CIRCLE ( 'NONE', #6325, 0.6499999999999995781 ) ;
#6613 = DIRECTION ( 'NONE',  ( 0.000000000000000000, -1.000000000000000000, 0.000000000000000000 ) ) ;
#6614 = MECHANICAL_DESIGN_GEOMETRIC_PRESENTATION_REPRESENTATION (  '', ( #3019 ), #5051 ) ;
#6615 = LINE ( 'NONE', #4561, #3685 ) ;
#6616 = FILL_AREA_STYLE ('',( #3837 ) ) ;
#6617 = ORIENTED_EDGE ( 'NONE', *, *, #5960, .T. ) ;
#6618 = EDGE_CURVE ( 'NONE', #7832, #5145, #1622, .T. ) ;
#6619 = VECTOR ( 'NONE', #5248, 1000.000000000000000 ) ;
#6620 = CARTESIAN_POINT ( 'NONE',  ( -11.94655025073976162, -1.000000000000000000, -2.000000000000000000 ) ) ;
#6621 =( NAMED_UNIT ( * ) SI_UNIT ( $, .STERADIAN. ) SOLID_ANGLE_UNIT ( ) );
#6622 = LINE ( 'NONE', #1933, #7101 ) ;
#6623 = DIRECTION ( 'NONE',  ( 0.000000000000000000, 0.000000000000000000, -1.000000000000000000 ) ) ;
#6624 = EDGE_CURVE ( 'NONE', #3294, #6877, #7163, .T. ) ;
#6625 = CARTESIAN_POINT ( 'NONE',  ( 0.000000000000000000, -3.000000000000000000, 0.000000000000000000 ) ) ;
#6626 = ORIENTED_EDGE ( 'NONE', *, *, #3244, .T. ) ;
#6627 = EDGE_CURVE ( 'NONE', #2635, #3993, #8385, .T. ) ;
#6628 = EDGE_CURVE ( 'NONE', #8363, #6807, #7198, .T. ) ;
#6629 = ORIENTED_EDGE ( 'NONE', *, *, #5679, .T. ) ;
#6630 = ORIENTED_EDGE ( 'NONE', *, *, #1767, .F. ) ;
#6631 = FILL_AREA_STYLE ('',( #4655 ) ) ;
#6632 = DIRECTION ( 'NONE',  ( 1.000000000000000000, 0.000000000000000000, 0.000000000000000000 ) ) ;
#6633 = VERTEX_POINT ( 'NONE', #6407 ) ;
#6634 = DIRECTION ( 'NONE',  ( 0.000000000000000000, -0.000000000000000000, 1.000000000000000000 ) ) ;
#6635 = DIRECTION ( 'NONE',  ( 1.000000000000000000, 0.000000000000000000, -0.000000000000000000 ) ) ;
#6636 = FILL_AREA_STYLE ('',( #6678 ) ) ;
#6637 = PLANE ( 'NONE',  #2959 ) ;
#6638 = VERTEX_POINT ( 'NONE', #3706 ) ;
#6639 = COLOUR_RGB ( '',0.2509803921568627416, 0.2509803921568627416, 0.2509803921568627416 ) ;
#6640 = ORIENTED_EDGE ( 'NONE', *, *, #433, .F. ) ;
#6641 =( LENGTH_UNIT ( ) NAMED_UNIT ( * ) SI_UNIT ( .MILLI., .METRE. ) );
#6642 = DIRECTION ( 'NONE',  ( 0.000000000000000000, 0.000000000000000000, 1.000000000000000000 ) ) ;
#6643 = ORIENTED_EDGE ( 'NONE', *, *, #6235, .F. ) ;
#6644 = CARTESIAN_POINT ( 'NONE',  ( -1.275591300402032724, 1.315449244559767639, 0.1499999999999999944 ) ) ;
#6645 = DIRECTION ( 'NONE',  ( -0.000000000000000000, -0.000000000000000000, -1.000000000000000000 ) ) ;
#6646 = DIRECTION ( 'NONE',  ( 0.000000000000000000, -1.000000000000000000, 0.000000000000000000 ) ) ;
#6647 = VERTEX_POINT ( 'NONE', #6490 ) ;
#6648 = ORIENTED_EDGE ( 'NONE', *, *, #8182, .F. ) ;
#6649 = FILL_AREA_STYLE_COLOUR ( '', #7523 ) ;
#6650 = PRESENTATION_STYLE_ASSIGNMENT (( #4425 ) ) ;
#6651 = UNCERTAINTY_MEASURE_WITH_UNIT (LENGTH_MEASURE( 1.000000000000000082E-05 ), #7734, 'distance_accuracy_value', 'NONE');
#6652 = FACE_OUTER_BOUND ( 'NONE', #3891, .T. ) ;
#6653 = CARTESIAN_POINT ( 'NONE',  ( -10.94655025073975985, 4.336808689942017736E-16, -2.000000000000000000 ) ) ;
#6654 = DIRECTION ( 'NONE',  ( 0.000000000000000000, -1.000000000000000000, 0.000000000000000000 ) ) ;
#6655 = VECTOR ( 'NONE', #1700, 1000.000000000000000 ) ;
#6656 = ORIENTED_EDGE ( 'NONE', *, *, #117, .F. ) ;
#6657 = FACE_BOUND ( 'NONE', #537, .T. ) ;
#6658 = DIRECTION ( 'NONE',  ( 1.000000000000000000, 0.000000000000000000, 0.000000000000000000 ) ) ;
#6659 =( NAMED_UNIT ( * ) PLANE_ANGLE_UNIT ( ) SI_UNIT ( $, .RADIAN. ) );
#6660 = DIRECTION ( 'NONE',  ( 0.000000000000000000, -0.000000000000000000, -1.000000000000000000 ) ) ;
#6661 =( LENGTH_UNIT ( ) NAMED_UNIT ( * ) SI_UNIT ( .MILLI., .METRE. ) );
#6662 =( NAMED_UNIT ( * ) SI_UNIT ( $, .STERADIAN. ) SOLID_ANGLE_UNIT ( ) );
#6663 = ORIENTED_EDGE ( 'NONE', *, *, #7848, .T. ) ;
#6664 = DIRECTION ( 'NONE',  ( 1.000000000000000000, -4.336808689942016257E-16, 0.000000000000000000 ) ) ;
#6665 = ORIENTED_EDGE ( 'NONE', *, *, #372, .T. ) ;
#6666 = ORIENTED_EDGE ( 'NONE', *, *, #3772, .T. ) ;
#6667 = VECTOR ( 'NONE', #7861, 1000.000000000000000 ) ;
#6668 = DIRECTION ( 'NONE',  ( -0.000000000000000000, 1.000000000000000000, -0.000000000000000000 ) ) ;
#6669 = ADVANCED_FACE ( 'NONE', ( #5715 ), #5807, .F. ) ;
#6670 = LINE ( 'NONE', #5362, #1701 ) ;
#6671 = PRESENTATION_LAYER_ASSIGNMENT (  '', '', ( #773 ) ) ;
#6672 = VERTEX_POINT ( 'NONE', #2202 ) ;
#6673 = VECTOR ( 'NONE', #4683, 1000.000000000000000 ) ;
#6674 = CARTESIAN_POINT ( 'NONE',  ( -5.949819853805799141, -0.7767525643175616779, 0.4000000000000000222 ) ) ;
#6675 = ADVANCED_FACE ( 'NONE', ( #7366 ), #2432, .T. ) ;
#6676 = EDGE_CURVE ( 'NONE', #1714, #2400, #3195, .T. ) ;
#6677 = CARTESIAN_POINT ( 'NONE',  ( -3.138471846222877559, 0.9979665374599516747, 0.000000000000000000 ) ) ;
#6678 = FILL_AREA_STYLE_COLOUR ( '', #4962 ) ;
#6679 = EDGE_CURVE ( 'NONE', #4837, #7140, #7329, .T. ) ;
#6680 = DIRECTION ( 'NONE',  ( -1.000000000000000000, 0.000000000000000000, 0.000000000000000000 ) ) ;
#6681 = VECTOR ( 'NONE', #5888, 1000.000000000000000 ) ;
#6682 = ORIENTED_EDGE ( 'NONE', *, *, #1181, .F. ) ;
#6683 = LINE ( 'NONE', #1152, #6619 ) ;
#6684 = ORIENTED_EDGE ( 'NONE', *, *, #833, .F. ) ;
#6685 = ORIENTED_EDGE ( 'NONE', *, *, #3100, .T. ) ;
#6686 = VECTOR ( 'NONE', #6693, 1000.000000000000000 ) ;
#6687 = CARTESIAN_POINT ( 'NONE',  ( 0.2040164599795350475, 4.553162021507295559E-17, 0.5000000000000000000 ) ) ;
#6688 = MECHANICAL_DESIGN_GEOMETRIC_PRESENTATION_REPRESENTATION (  '', ( #6401 ), #4980 ) ;
#6689 = EDGE_LOOP ( 'NONE', ( #1752, #6017, #6825, #7398 ) ) ;
#6690 = SURFACE_STYLE_USAGE ( .BOTH. , #3309 ) ;
#6691 = SURFACE_SIDE_STYLE ('',( #3219 ) ) ;
#6692 = VECTOR ( 'NONE', #4073, 1000.000000000000000 ) ;
#6693 = DIRECTION ( 'NONE',  ( 1.000000000000000000, -0.000000000000000000, -0.000000000000000000 ) ) ;
#6694 = STYLED_ITEM ( 'NONE', ( #3980 ), #6715 ) ;
#6695 = ORIENTED_EDGE ( 'NONE', *, *, #195, .T. ) ;
#6696 = VERTEX_POINT ( 'NONE', #5320 ) ;
#6697 = FILL_AREA_STYLE ('',( #6649 ) ) ;
#6698 = COLOUR_RGB ( '',1.000000000000000000, 1.000000000000000000, 1.000000000000000000 ) ;
#6699 = FACE_BOUND ( 'NONE', #3134, .T. ) ;
#6700 = AXIS2_PLACEMENT_3D ( 'NONE', #4560, #6524, #3834 ) ;
#6701 = SURFACE_STYLE_FILL_AREA ( #1740 ) ;
#6702 = COLOUR_RGB ( '',0.7921568627450980005, 0.8196078431372548767, 0.9333333333333333481 ) ;
#6703 = FILL_AREA_STYLE_COLOUR ( '', #2064 ) ;
#6704 = CARTESIAN_POINT ( 'NONE',  ( -2.938471846222877826, 2.091446606018390497, 0.000000000000000000 ) ) ;
#6705 = CARTESIAN_POINT ( 'NONE',  ( -6.280000000000000249, 4.899999999999998579, 3.017654449115059201 ) ) ;
#6706 = ORIENTED_EDGE ( 'NONE', *, *, #7911, .T. ) ;
#6707 = VECTOR ( 'NONE', #4308, 1000.000000000000000 ) ;
#6708 = ORIENTED_EDGE ( 'NONE', *, *, #517, .T. ) ;
#6709 = FACE_OUTER_BOUND ( 'NONE', #1457, .T. ) ;
#6710 = DIRECTION ( 'NONE',  ( -1.000000000000000000, 0.000000000000000000, 0.000000000000000000 ) ) ;
#6711 = DIRECTION ( 'NONE',  ( -0.000000000000000000, -0.000000000000000000, -1.000000000000000000 ) ) ;
#6712 = PLANE ( 'NONE',  #7231 ) ;
#6713 = FILL_AREA_STYLE_COLOUR ( '', #634 ) ;
#6714 =( NAMED_UNIT ( * ) SI_UNIT ( $, .STERADIAN. ) SOLID_ANGLE_UNIT ( ) );
#6715 = ADVANCED_FACE ( 'NONE', ( #3847 ), #6026, .F. ) ;
#6716 = FILL_AREA_STYLE ('',( #2975 ) ) ;
#6717 = DIRECTION ( 'NONE',  ( -0.000000000000000000, -1.000000000000000000, -0.000000000000000000 ) ) ;
#6718 = ORIENTED_EDGE ( 'NONE', *, *, #2304, .T. ) ;
#6719 = SURFACE_STYLE_USAGE ( .BOTH. , #8594 ) ;
#6720 = EDGE_LOOP ( 'NONE', ( #5920, #1481, #2125, #7990 ) ) ;
#6721 = ORIENTED_EDGE ( 'NONE', *, *, #3945, .F. ) ;
#6722 =( LENGTH_UNIT ( ) NAMED_UNIT ( * ) SI_UNIT ( .MILLI., .METRE. ) );
#6723 = CARTESIAN_POINT ( 'NONE',  ( -4.639999999999998792, 4.899999999999998579, 2.000000000000000000 ) ) ;
#6724 = VERTEX_POINT ( 'NONE', #2619 ) ;
#6725 = DIRECTION ( 'NONE',  ( 0.000000000000000000, 1.000000000000000000, 0.000000000000000000 ) ) ;
#6726 = CARTESIAN_POINT ( 'NONE',  ( 0.4913539421220920467, -0.3913831919116189106, 0.4000000000000000222 ) ) ;
#6727 = EDGE_CURVE ( 'NONE', #7519, #4591, #1934, .T. ) ;
#6728 = VECTOR ( 'NONE', #6907, 1000.000000000000000 ) ;
#6729 = DIRECTION ( 'NONE',  ( -0.000000000000000000, -1.000000000000000000, -0.000000000000000000 ) ) ;
#6730 = ORIENTED_EDGE ( 'NONE', *, *, #6618, .F. ) ;
#6731 = CARTESIAN_POINT ( 'NONE',  ( 1.282828802210860042, -3.005484622322586841, -2.000000000000000000 ) ) ;
#6732 = ORIENTED_EDGE ( 'NONE', *, *, #1767, .T. ) ;
#6733 = ORIENTED_EDGE ( 'NONE', *, *, #6463, .T. ) ;
#6734 = SURFACE_STYLE_USAGE ( .BOTH. , #1905 ) ;
#6735 = AXIS2_PLACEMENT_3D ( 'NONE', #6115, #8193, #7412 ) ;
#6736 = EDGE_CURVE ( 'NONE', #5876, #560, #7290, .T. ) ;
#6737 = ORIENTED_EDGE ( 'NONE', *, *, #185, .T. ) ;
#6738 = DIRECTION ( 'NONE',  ( -0.000000000000000000, 0.000000000000000000, 1.000000000000000000 ) ) ;
#6739 = SURFACE_STYLE_USAGE ( .BOTH. , #6691 ) ;
#6740 = EDGE_CURVE ( 'NONE', #6783, #4939, #5853, .T. ) ;
#6741 =( LENGTH_UNIT ( ) NAMED_UNIT ( * ) SI_UNIT ( .MILLI., .METRE. ) );
#6742 = ORIENTED_EDGE ( 'NONE', *, *, #8411, .F. ) ;
#6743 = ADVANCED_FACE ( 'NONE', ( #3502 ), #2021, .T. ) ;
#6744 = ORIENTED_EDGE ( 'NONE', *, *, #7353, .T. ) ;
#6745 = CARTESIAN_POINT ( 'NONE',  ( -3.143373282304380290, 2.091446606018389609, 0.1499999999999999944 ) ) ;
#6746 = EDGE_LOOP ( 'NONE', ( #8209, #2599, #506, #2210 ) ) ;
#6747 = PRESENTATION_LAYER_ASSIGNMENT (  '', '', ( #5874 ) ) ;
#6748 = CARTESIAN_POINT ( 'NONE',  ( 3.880000000000000782, 4.826793837766003570, 3.059473063321505926 ) ) ;
#6749 = DIRECTION ( 'NONE',  ( 1.000000000000000000, 0.000000000000000000, 0.000000000000000000 ) ) ;
#6750 = LINE ( 'NONE', #5393, #3301 ) ;
#6751 = PRESENTATION_LAYER_ASSIGNMENT (  '', '', ( #6167 ) ) ;
#6752 = SURFACE_STYLE_FILL_AREA ( #217 ) ;
#6753 = ORIENTED_EDGE ( 'NONE', *, *, #4105, .F. ) ;
#6754 = FILL_AREA_STYLE_COLOUR ( '', #4185 ) ;
#6755 = DIRECTION ( 'NONE',  ( -0.000000000000000000, -0.000000000000000000, -1.000000000000000000 ) ) ;
#6756 = AXIS2_PLACEMENT_3D ( 'NONE', #3812, #3128, #7906 ) ;
#6757 = VECTOR ( 'NONE', #8441, 1000.000000000000000 ) ;
#6758 = SURFACE_STYLE_USAGE ( .BOTH. , #1264 ) ;
#6759 = COLOUR_RGB ( '',1.000000000000000000, 1.000000000000000000, 0.5019607843137254832 ) ;
#6760 = FILL_AREA_STYLE ('',( #8278 ) ) ;
#6761 = SURFACE_STYLE_FILL_AREA ( #6067 ) ;
#6762 = DIRECTION ( 'NONE',  ( 1.000000000000000000, 0.000000000000000000, 0.000000000000000000 ) ) ;
#6763 = LINE ( 'NONE', #8199, #1077 ) ;
#6764 = VERTEX_POINT ( 'NONE', #8826 ) ;
#6765 =( GEOMETRIC_REPRESENTATION_CONTEXT ( 3 ) GLOBAL_UNCERTAINTY_ASSIGNED_CONTEXT ( ( #4864 ) ) GLOBAL_UNIT_ASSIGNED_CONTEXT ( ( #5292, #1952, #4663 ) ) REPRESENTATION_CONTEXT ( 'NONE', 'WORKASPACE' ) );
#6766 = CARTESIAN_POINT ( 'NONE',  ( -5.949819853805799141, -0.7767525643175616779, 0.000000000000000000 ) ) ;
#6767 = ORIENTED_EDGE ( 'NONE', *, *, #2320, .T. ) ;
#6768 = EDGE_CURVE ( 'NONE', #3961, #3541, #2705, .T. ) ;
#6769 = CARTESIAN_POINT ( 'NONE',  ( -5.285226492385886488, 0.000000000000000000, 0.1499999999999999944 ) ) ;
#6770 = UNCERTAINTY_MEASURE_WITH_UNIT (LENGTH_MEASURE( 1.000000000000000082E-05 ), #8342, 'distance_accuracy_value', 'NONE');
#6771 =( LENGTH_UNIT ( ) NAMED_UNIT ( * ) SI_UNIT ( .MILLI., .METRE. ) );
#6772 = EDGE_LOOP ( 'NONE', ( #8043, #2819, #3322, #3852 ) ) ;
#6773 = PLANE ( 'NONE',  #7091 ) ;
#6774 =( NAMED_UNIT ( * ) SI_UNIT ( $, .STERADIAN. ) SOLID_ANGLE_UNIT ( ) );
#6775 = CARTESIAN_POINT ( 'NONE',  ( 0.000000000000000000, -4.385197194226567952, 0.5000000000000000000 ) ) ;
#6776 = STYLED_ITEM ( 'NONE', ( #8690 ), #4551 ) ;
#6777 = CARTESIAN_POINT ( 'NONE',  ( 5.520000000000001350, 4.826793837766001793, 3.059473063321508146 ) ) ;
#6778 = ORIENTED_EDGE ( 'NONE', *, *, #4860, .T. ) ;
#6779 = PLANE ( 'NONE',  #5 ) ;
#6780 = LINE ( 'NONE', #5997, #2446 ) ;
#6781 = EDGE_LOOP ( 'NONE', ( #1901, #5007, #4011, #6377 ) ) ;
#6782 = ORIENTED_EDGE ( 'NONE', *, *, #2275, .T. ) ;
#6783 = VERTEX_POINT ( 'NONE', #4119 ) ;
#6784 =( LENGTH_UNIT ( ) NAMED_UNIT ( * ) SI_UNIT ( .MILLI., .METRE. ) );
#6785 = DIRECTION ( 'NONE',  ( 2.208339422028213169E-16, -1.000000000000000000, 0.000000000000000000 ) ) ;
#6786 = ORIENTED_EDGE ( 'NONE', *, *, #5005, .F. ) ;
#6787 = CARTESIAN_POINT ( 'NONE',  ( -5.734760885516596574, 2.197828827475229563, 0.000000000000000000 ) ) ;
#6788 = VECTOR ( 'NONE', #4772, 1000.000000000000000 ) ;
#6789 = FILL_AREA_STYLE_COLOUR ( '', #7478 ) ;
#6790 = ORIENTED_EDGE ( 'NONE', *, *, #2153, .F. ) ;
#6791 = EDGE_CURVE ( 'NONE', #8689, #8252, #17, .T. ) ;
#6792 = EDGE_CURVE ( 'NONE', #551, #6589, #2749, .T. ) ;
#6793 = EDGE_CURVE ( 'NONE', #1286, #7605, #7549, .T. ) ;
#6794 = DIRECTION ( 'NONE',  ( -0.000000000000000000, -0.000000000000000000, -1.000000000000000000 ) ) ;
#6795 = ORIENTED_EDGE ( 'NONE', *, *, #5847, .F. ) ;
#6796 = DIRECTION ( 'NONE',  ( -0.000000000000000000, 0.000000000000000000, 1.000000000000000000 ) ) ;
#6797 = CARTESIAN_POINT ( 'NONE',  ( 3.880000000000000782, 4.826793837766003570, 3.059473063321505926 ) ) ;
#6798 = SURFACE_SIDE_STYLE ('',( #8051 ) ) ;
#6799 = ORIENTED_EDGE ( 'NONE', *, *, #2503, .F. ) ;
#6800 = DIRECTION ( 'NONE',  ( 1.000000000000000000, 0.000000000000000000, 0.000000000000000000 ) ) ;
#6801 = CARTESIAN_POINT ( 'NONE',  ( 2.163148036665242469, -0.3913831919116190217, 0.000000000000000000 ) ) ;
#6802 = LINE ( 'NONE', #2830, #76 ) ;
#6803 = MECHANICAL_DESIGN_GEOMETRIC_PRESENTATION_REPRESENTATION (  '', ( #1333 ), #2480 ) ;
#6804 = MECHANICAL_DESIGN_GEOMETRIC_PRESENTATION_REPRESENTATION (  '', ( #4513 ), #4089 ) ;
#6805 = LINE ( 'NONE', #8529, #2659 ) ;
#6806 = CARTESIAN_POINT ( 'NONE',  ( -1.282828802210860042, -3.005484622322586841, -3.000000000000000000 ) ) ;
#6807 = VERTEX_POINT ( 'NONE', #4159 ) ;
#6808 = DIRECTION ( 'NONE',  ( 0.000000000000000000, 0.000000000000000000, 1.000000000000000000 ) ) ;
#6809 = CARTESIAN_POINT ( 'NONE',  ( -1.272756040008647282, 0.000000000000000000, 0.1499999999999999944 ) ) ;
#6810 = AXIS2_PLACEMENT_3D ( 'NONE', #6674, #6725, #6634 ) ;
#6811 = CARTESIAN_POINT ( 'NONE',  ( -0.000000000000000000, 0.9979665374599521188, 0.000000000000000000 ) ) ;
#6812 = VERTEX_POINT ( 'NONE', #4203 ) ;
#6813 = CARTESIAN_POINT ( 'NONE',  ( -1.275591300402032724, 2.091446606018390497, 0.1499999999999999944 ) ) ;
#6814 = CARTESIAN_POINT ( 'NONE',  ( 0.000000000000000000, 0.8197776927927701296, 0.1499999999999999944 ) ) ;
#6815 = DIRECTION ( 'NONE',  ( -0.000000000000000000, 0.000000000000000000, -1.000000000000000000 ) ) ;
#6816 = LINE ( 'NONE', #1487, #499 ) ;
#6817 = CARTESIAN_POINT ( 'NONE',  ( -2.099999999999999645, 7.641130724221518733, 3.884080669685257448 ) ) ;
#6818 = VERTEX_POINT ( 'NONE', #4920 ) ;
#6819 = STYLED_ITEM ( 'NONE', ( #110 ), #952 ) ;
#6820 = FILL_AREA_STYLE_COLOUR ( '', #6160 ) ;
#6821 = STYLED_ITEM ( 'NONE', ( #6218 ), #6005 ) ;
#6822 =( GEOMETRIC_REPRESENTATION_CONTEXT ( 3 ) GLOBAL_UNCERTAINTY_ASSIGNED_CONTEXT ( ( #6032 ) ) GLOBAL_UNIT_ASSIGNED_CONTEXT ( ( #577, #6023, #6369 ) ) REPRESENTATION_CONTEXT ( 'NONE', 'WORKASPACE' ) );
#6823 = SURFACE_SIDE_STYLE ('',( #7566 ) ) ;
#6824 = ORIENTED_EDGE ( 'NONE', *, *, #4723, .T. ) ;
#6825 = ORIENTED_EDGE ( 'NONE', *, *, #5022, .T. ) ;
#6826 =( NAMED_UNIT ( * ) PLANE_ANGLE_UNIT ( ) SI_UNIT ( $, .RADIAN. ) );
#6827 = VECTOR ( 'NONE', #8359, 1000.000000000000000 ) ;
#6828 = CIRCLE ( 'NONE', #8631, 0.8278507393618649290 ) ;
#6829 = EDGE_LOOP ( 'NONE', ( #5395, #1391, #718, #5877 ) ) ;
#6830 = VECTOR ( 'NONE', #1448, 1000.000000000000000 ) ;
#6831 = CARTESIAN_POINT ( 'NONE',  ( -7.179999999999999716, 3.999999999999999112, 2.000000000000000000 ) ) ;
#6832 = MECHANICAL_DESIGN_GEOMETRIC_PRESENTATION_REPRESENTATION (  '', ( #7384 ), #5245 ) ;
#6833 = COLOUR_RGB ( '',1.000000000000000000, 1.000000000000000000, 1.000000000000000000 ) ;
#6834 = COLOUR_RGB ( '',0.000000000000000000, 0.000000000000000000, 0.000000000000000000 ) ;
#6835 = PRESENTATION_LAYER_ASSIGNMENT (  '', '', ( #361 ) ) ;
#6836 = SURFACE_SIDE_STYLE ('',( #6194 ) ) ;
#6837 = ORIENTED_EDGE ( 'NONE', *, *, #3136, .F. ) ;
#6838 = DIRECTION ( 'NONE',  ( 1.000000000000000000, 0.000000000000000000, 0.000000000000000000 ) ) ;
#6839 = AXIS2_PLACEMENT_3D ( 'NONE', #7320, #1172, #4020 ) ;
#6840 = VERTEX_POINT ( 'NONE', #753 ) ;
#6841 = STYLED_ITEM ( 'NONE', ( #2946 ), #8393 ) ;
#6842 = VECTOR ( 'NONE', #4965, 1000.000000000000000 ) ;
#6843 = DIRECTION ( 'NONE',  ( -0.000000000000000000, -0.000000000000000000, -1.000000000000000000 ) ) ;
#6844 = ORIENTED_EDGE ( 'NONE', *, *, #7273, .T. ) ;
#6845 = CARTESIAN_POINT ( 'NONE',  ( 3.880000000000000782, 4.899999999999998579, 3.017654449115059201 ) ) ;
#6846 =( GEOMETRIC_REPRESENTATION_CONTEXT ( 3 ) GLOBAL_UNCERTAINTY_ASSIGNED_CONTEXT ( ( #3080 ) ) GLOBAL_UNIT_ASSIGNED_CONTEXT ( ( #5841, #5659, #1570 ) ) REPRESENTATION_CONTEXT ( 'NONE', 'WORKASPACE' ) );
#6847 = ORIENTED_EDGE ( 'NONE', *, *, #5388, .T. ) ;
#6848 = EDGE_CURVE ( 'NONE', #7645, #1892, #671, .T. ) ;
#6849 = FILL_AREA_STYLE_COLOUR ( '', #5453 ) ;
#6850 = VECTOR ( 'NONE', #5205, 1000.000000000000000 ) ;
#6851 = ADVANCED_FACE ( 'NONE', ( #6253 ), #8153, .T. ) ;
#6852 =( LENGTH_UNIT ( ) NAMED_UNIT ( * ) SI_UNIT ( .MILLI., .METRE. ) );
#6853 = EDGE_CURVE ( 'NONE', #3855, #2953, #5793, .T. ) ;
#6854 = LINE ( 'NONE', #7453, #702 ) ;
#6855 = SURFACE_SIDE_STYLE ('',( #4831 ) ) ;
#6856 = DIRECTION ( 'NONE',  ( 0.000000000000000000, 1.000000000000000000, -0.000000000000000000 ) ) ;
#6857 = VECTOR ( 'NONE', #4846, 1000.000000000000000 ) ;
#6858 = DIRECTION ( 'NONE',  ( 0.000000000000000000, 0.000000000000000000, -1.000000000000000000 ) ) ;
#6859 = CARTESIAN_POINT ( 'NONE',  ( 0.6199999999999998845, 4.827278989943721399, -2.000000000000000000 ) ) ;
#6860 = EDGE_LOOP ( 'NONE', ( #7346, #6733, #21, #5813, #3949, #3003, #4542, #5473, #5560, #6030, #3172, #3183 ) ) ;
#6861 = DIRECTION ( 'NONE',  ( -0.000000000000000000, -0.000000000000000000, 1.000000000000000000 ) ) ;
#6862 = EDGE_CURVE ( 'NONE', #4532, #3179, #273, .T. ) ;
#6863 = EDGE_CURVE ( 'NONE', #5859, #125, #7102, .T. ) ;
#6864 = DIRECTION ( 'NONE',  ( -0.000000000000000000, 0.000000000000000000, -1.000000000000000000 ) ) ;
#6865 = CIRCLE ( 'NONE', #2542, 0.8278507393618627086 ) ;
#6866 = CARTESIAN_POINT ( 'NONE',  ( 1.041353942122092313, 0.8197776927927701296, 0.1499999999999999944 ) ) ;
#6867 = EDGE_LOOP ( 'NONE', ( #1830, #4572, #3933, #7181 ) ) ;
#6868 = DIRECTION ( 'NONE',  ( -1.000000000000000000, 0.000000000000000000, 0.000000000000000000 ) ) ;
#6869 = EDGE_CURVE ( 'NONE', #8600, #2229, #1567, .T. ) ;
#6870 = DIRECTION ( 'NONE',  ( 0.000000000000000000, 0.000000000000000000, 1.000000000000000000 ) ) ;
#6871 = FACE_OUTER_BOUND ( 'NONE', #6221, .T. ) ;
#6872 = ORIENTED_EDGE ( 'NONE', *, *, #1277, .F. ) ;
#6873 = COLOUR_RGB ( '',1.000000000000000000, 1.000000000000000000, 1.000000000000000000 ) ;
#6874 = CARTESIAN_POINT ( 'NONE',  ( 1.602250989393667391, -0.3913831919116190217, 0.000000000000000000 ) ) ;
#6875 = SURFACE_STYLE_FILL_AREA ( #8254 ) ;
#6876 = VERTEX_POINT ( 'NONE', #939 ) ;
#6877 = VERTEX_POINT ( 'NONE', #3009 ) ;
#6878 = LINE ( 'NONE', #815, #6610 ) ;
#6879 = ORIENTED_EDGE ( 'NONE', *, *, #4596, .T. ) ;
#6880 = CARTESIAN_POINT ( 'NONE',  ( 0.4913539421220920467, 0.8197776927927701296, 0.000000000000000000 ) ) ;
#6881 = PRESENTATION_LAYER_ASSIGNMENT (  '', '', ( #7572 ) ) ;
#6882 = DIRECTION ( 'NONE',  ( 1.000000000000000000, 9.571434588722592181E-16, -0.000000000000000000 ) ) ;
#6883 = PRESENTATION_STYLE_ASSIGNMENT (( #2000 ) ) ;
#6884 = UNCERTAINTY_MEASURE_WITH_UNIT (LENGTH_MEASURE( 1.000000000000000082E-05 ), #4691, 'distance_accuracy_value', 'NONE');
#6885 = VERTEX_POINT ( 'NONE', #799 ) ;
#6886 = AXIS2_PLACEMENT_3D ( 'NONE', #7544, #4023, #5355 ) ;
#6887 = CARTESIAN_POINT ( 'NONE',  ( -4.270710445465622840, -0.7767525643175616779, 0.4000000000000000222 ) ) ;
#6888 = LINE ( 'NONE', #829, #8180 ) ;
#6889 = ORIENTED_EDGE ( 'NONE', *, *, #1452, .F. ) ;
#6890 = EDGE_CURVE ( 'NONE', #1636, #1422, #4381, .T. ) ;
#6891 = LINE ( 'NONE', #209, #4278 ) ;
#6892 = CARTESIAN_POINT ( 'NONE',  ( -1.275591300402032724, 0.000000000000000000, 0.1499999999999999944 ) ) ;
#6893 =( NAMED_UNIT ( * ) PLANE_ANGLE_UNIT ( ) SI_UNIT ( $, .RADIAN. ) );
#6894 = SURFACE_SIDE_STYLE ('',( #5053 ) ) ;
#6895 = DIRECTION ( 'NONE',  ( 1.000000000000000000, -0.000000000000000000, -0.000000000000000000 ) ) ;
#6896 = DIRECTION ( 'NONE',  ( -1.421904488505579654E-16, 1.000000000000000000, 0.000000000000000000 ) ) ;
#6897 = CARTESIAN_POINT ( 'NONE',  ( 2.363148036665242646, 0.8197776927927701296, 0.4000000000000000222 ) ) ;
#6898 = PRESENTATION_LAYER_ASSIGNMENT (  '', '', ( #7037 ) ) ;
#6899 = FACE_OUTER_BOUND ( 'NONE', #2529, .T. ) ;
#6900 = CARTESIAN_POINT ( 'NONE',  ( 3.880000000000000782, 7.641130724221518733, 3.884080669685257448 ) ) ;
#6901 = DIRECTION ( 'NONE',  ( -0.000000000000000000, -0.000000000000000000, -1.000000000000000000 ) ) ;
#6902 = ORIENTED_EDGE ( 'NONE', *, *, #92, .F. ) ;
#6903 = EDGE_CURVE ( 'NONE', #3050, #7137, #4345, .T. ) ;
#6904 =( LENGTH_UNIT ( ) NAMED_UNIT ( * ) SI_UNIT ( .MILLI., .METRE. ) );
#6905 = AXIS2_PLACEMENT_3D ( 'NONE', #6705, #1744, #1036 ) ;
#6906 = STYLED_ITEM ( 'NONE', ( #1287 ), #5615 ) ;
#6907 = DIRECTION ( 'NONE',  ( 0.000000000000000000, -1.000000000000000000, 0.000000000000000000 ) ) ;
#6908 = CARTESIAN_POINT ( 'NONE',  ( 1.602250989393667391, -0.8913831919116188551, 0.1499999999999999944 ) ) ;
#6909 = SURFACE_STYLE_FILL_AREA ( #1317 ) ;
#6910 = SURFACE_SIDE_STYLE ('',( #2030 ) ) ;
#6911 = LINE ( 'NONE', #2760, #3228 ) ;
#6912 = ADVANCED_FACE ( 'NONE', ( #983 ), #5655, .F. ) ;
#6913 =( LENGTH_UNIT ( ) NAMED_UNIT ( * ) SI_UNIT ( .MILLI., .METRE. ) );
#6914 = VERTEX_POINT ( 'NONE', #5141 ) ;
#6915 = CARTESIAN_POINT ( 'NONE',  ( 4.650921065566159918, 0.1761656672350274677, 0.000000000000000000 ) ) ;
#6916 =( GEOMETRIC_REPRESENTATION_CONTEXT ( 3 ) GLOBAL_UNCERTAINTY_ASSIGNED_CONTEXT ( ( #6230 ) ) GLOBAL_UNIT_ASSIGNED_CONTEXT ( ( #1396, #8824, #2019 ) ) REPRESENTATION_CONTEXT ( 'NONE', 'WORKASPACE' ) );
#6917 = VECTOR ( 'NONE', #5084, 1000.000000000000000 ) ;
#6918 = DIRECTION ( 'NONE',  ( 0.000000000000000000, 0.000000000000000000, -1.000000000000000000 ) ) ;
#6919 = ORIENTED_EDGE ( 'NONE', *, *, #7803, .F. ) ;
#6920 = ORIENTED_EDGE ( 'NONE', *, *, #5263, .F. ) ;
#6921 = AXIS2_PLACEMENT_3D ( 'NONE', #3745, #5103, #5758 ) ;
#6922 = VERTEX_POINT ( 'NONE', #2188 ) ;
#6923 = DIRECTION ( 'NONE',  ( -1.000000000000000000, 0.000000000000000000, 0.000000000000000000 ) ) ;
#6924 = LINE ( 'NONE', #8216, #1912 ) ;
#6925 = UNCERTAINTY_MEASURE_WITH_UNIT (LENGTH_MEASURE( 1.000000000000000082E-05 ), #2074, 'distance_accuracy_value', 'NONE');
#6926 = ORIENTED_EDGE ( 'NONE', *, *, #3102, .T. ) ;
#6927 = CARTESIAN_POINT ( 'NONE',  ( 0.000000000000000000, 0.9979665374599516747, 0.1499999999999999944 ) ) ;
#6928 =( NAMED_UNIT ( * ) SI_UNIT ( $, .STERADIAN. ) SOLID_ANGLE_UNIT ( ) );
#6929 = EDGE_LOOP ( 'NONE', ( #1244, #2271, #4042, #1251 ) ) ;
#6930 = UNCERTAINTY_MEASURE_WITH_UNIT (LENGTH_MEASURE( 1.000000000000000082E-05 ), #5208, 'distance_accuracy_value', 'NONE');
#6931 = DIRECTION ( 'NONE',  ( 1.000000000000000000, 0.000000000000000000, 0.000000000000000000 ) ) ;
#6932 = MECHANICAL_DESIGN_GEOMETRIC_PRESENTATION_REPRESENTATION (  '', ( #8033 ), #6051 ) ;
#6933 = PRESENTATION_STYLE_ASSIGNMENT (( #96 ) ) ;
#6934 = SURFACE_SIDE_STYLE ('',( #5702 ) ) ;
#6935 = CARTESIAN_POINT ( 'NONE',  ( -6.280000000000000249, 4.899999999999998579, 2.000000000000000000 ) ) ;
#6936 = SURFACE_SIDE_STYLE ('',( #1436 ) ) ;
#6937 = AXIS2_PLACEMENT_3D ( 'NONE', #837, #2957, #4289 ) ;
#6938 = LINE ( 'NONE', #752, #1781 ) ;
#6939 = DIRECTION ( 'NONE',  ( 9.598300946485960342E-16, -1.000000000000000000, 0.000000000000000000 ) ) ;
#6940 = DIRECTION ( 'NONE',  ( 0.000000000000000000, 1.000000000000000000, 0.000000000000000000 ) ) ;
#6941 = ORIENTED_EDGE ( 'NONE', *, *, #3148, .T. ) ;
#6942 = CARTESIAN_POINT ( 'NONE',  ( 1.813148036665242602, 1.319777692792770019, 0.000000000000000000 ) ) ;
#6943 = DIRECTION ( 'NONE',  ( -0.000000000000000000, -0.000000000000000000, -1.000000000000000000 ) ) ;
#6944 = CARTESIAN_POINT ( 'NONE',  ( -4.402923696573366463, 0.000000000000000000, 0.000000000000000000 ) ) ;
#6945 = FILL_AREA_STYLE ('',( #4213 ) ) ;
#6946 = CARTESIAN_POINT ( 'NONE',  ( 1.340000000000000080, 4.899999999999998579, 2.000000000000000000 ) ) ;
#6947 = ORIENTED_EDGE ( 'NONE', *, *, #1290, .F. ) ;
#6948 =( NAMED_UNIT ( * ) PLANE_ANGLE_UNIT ( ) SI_UNIT ( $, .RADIAN. ) );
#6949 = VERTEX_POINT ( 'NONE', #1611 ) ;
#6950 = EDGE_LOOP ( 'NONE', ( #1725, #6009, #8447, #8073, #2371, #1107, #2259, #1402, #212, #6320, #2901, #44, #3612, #7690, #2410, #3689, #8815, #1, #8485, #6767 ) ) ;
#6951 = EDGE_CURVE ( 'NONE', #1735, #6042, #7837, .T. ) ;
#6952 = LINE ( 'NONE', #772, #6022 ) ;
#6953 = EDGE_CURVE ( 'NONE', #631, #2359, #7949, .T. ) ;
#6954 = EDGE_CURVE ( 'NONE', #2476, #1103, #5055, .T. ) ;
#6955 = EDGE_LOOP ( 'NONE', ( #6847, #5503, #3110, #2700 ) ) ;
#6956 = AXIS2_PLACEMENT_3D ( 'NONE', #6364, #286, #5718 ) ;
#6957 = LINE ( 'NONE', #2085, #1978 ) ;
#6958 = CARTESIAN_POINT ( 'NONE',  ( -1.199999999999999734, 3.999999999999999112, 3.017654449115059201 ) ) ;
#6959 = CARTESIAN_POINT ( 'NONE',  ( 1.041353942122092313, 0.000000000000000000, 0.1499999999999999944 ) ) ;
#6960 = PRESENTATION_LAYER_ASSIGNMENT (  '', '', ( #6819 ) ) ;
#6961 = STYLED_ITEM ( 'NONE', ( #5629 ), #3768 ) ;
#6962 = DIRECTION ( 'NONE',  ( 0.000000000000000000, -0.000000000000000000, -1.000000000000000000 ) ) ;
#6963 = CARTESIAN_POINT ( 'NONE',  ( 0.000000000000000000, 0.000000000000000000, 0.4000000000000000222 ) ) ;
#6964 = ORIENTED_EDGE ( 'NONE', *, *, #6158, .F. ) ;
#6965 = CARTESIAN_POINT ( 'NONE',  ( 2.163148036665242469, 0.000000000000000000, 0.000000000000000000 ) ) ;
#6966 = AXIS2_PLACEMENT_3D ( 'NONE', #7948, #5242, #7207 ) ;
#6967 = CARTESIAN_POINT ( 'NONE',  ( 0.000000000000000000, 0.000000000000000000, 2.000000000000000000 ) ) ;
#6968 = EDGE_LOOP ( 'NONE', ( #7026, #8668, #8299, #1538 ) ) ;
#6969 = VECTOR ( 'NONE', #3816, 1000.000000000000000 ) ;
#6970 = LINE ( 'NONE', #2052, #3841 ) ;
#6971 =( LENGTH_UNIT ( ) NAMED_UNIT ( * ) SI_UNIT ( .MILLI., .METRE. ) );
#6972 = MECHANICAL_DESIGN_GEOMETRIC_PRESENTATION_REPRESENTATION (  '', ( #2214 ), #7389 ) ;
#6973 = CARTESIAN_POINT ( 'NONE',  ( -5.772468334849516935, -0.7767525643175616779, 0.1499999999999999944 ) ) ;
#6974 = DIRECTION ( 'NONE',  ( 1.000000000000000000, 0.000000000000000000, 0.000000000000000000 ) ) ;
#6975 = VECTOR ( 'NONE', #6344, 1000.000000000000000 ) ;
#6976 = DIRECTION ( 'NONE',  ( 1.000000000000000000, 0.000000000000000000, 0.000000000000000000 ) ) ;
#6977 = DIRECTION ( 'NONE',  ( 0.000000000000000000, 0.000000000000000000, 1.000000000000000000 ) ) ;
#6978 = DIRECTION ( 'NONE',  ( -0.000000000000000000, -0.000000000000000000, -1.000000000000000000 ) ) ;
#6979 = DIRECTION ( 'NONE',  ( -0.000000000000000000, -0.000000000000000000, -1.000000000000000000 ) ) ;
#6980 = LINE ( 'NONE', #4741, #8074 ) ;
#6981 = FILL_AREA_STYLE ('',( #4787 ) ) ;
#6982 = CARTESIAN_POINT ( 'NONE',  ( 1.340000000000000080, 4.826793837766004458, 3.887323802683371188 ) ) ;
#6983 = ORIENTED_EDGE ( 'NONE', *, *, #6736, .T. ) ;
#6984 = VECTOR ( 'NONE', #3929, 1000.000000000000000 ) ;
#6985 = FILL_AREA_STYLE_COLOUR ( '', #7427 ) ;
#6986 = CARTESIAN_POINT ( 'NONE',  ( -6.280000000000000249, 3.999999999999999112, 2.000000000000000000 ) ) ;
#6987 =( LENGTH_UNIT ( ) NAMED_UNIT ( * ) SI_UNIT ( .MILLI., .METRE. ) );
#6988 = EDGE_CURVE ( 'NONE', #4575, #68, #232, .T. ) ;
#6989 =( GEOMETRIC_REPRESENTATION_CONTEXT ( 3 ) GLOBAL_UNCERTAINTY_ASSIGNED_CONTEXT ( ( #4857 ) ) GLOBAL_UNIT_ASSIGNED_CONTEXT ( ( #7697, #3318, #1386 ) ) REPRESENTATION_CONTEXT ( 'NONE', 'WORKASPACE' ) );
#6990 = DIRECTION ( 'NONE',  ( -0.000000000000000000, -0.000000000000000000, -1.000000000000000000 ) ) ;
#6991 = LINE ( 'NONE', #687, #7691 ) ;
#6992 = VECTOR ( 'NONE', #1210, 1000.000000000000000 ) ;
#6993 = FACE_OUTER_BOUND ( 'NONE', #2915, .T. ) ;
#6994 =( NAMED_UNIT ( * ) PLANE_ANGLE_UNIT ( ) SI_UNIT ( $, .RADIAN. ) );
#6995 = ORIENTED_EDGE ( 'NONE', *, *, #2665, .F. ) ;
#6996 = ORIENTED_EDGE ( 'NONE', *, *, #3387, .T. ) ;
#6997 = STYLED_ITEM ( 'NONE', ( #4754 ), #7280 ) ;
#6998 = LINE ( 'NONE', #2167, #4470 ) ;
#6999 = ORIENTED_EDGE ( 'NONE', *, *, #4343, .T. ) ;
#7000 = CARTESIAN_POINT ( 'NONE',  ( 11.94655025073976162, -3.000000000000000000, -2.000000000000000000 ) ) ;
#7001 = ADVANCED_FACE ( 'NONE', ( #2283 ), #7757, .F. ) ;
#7002 = CARTESIAN_POINT ( 'NONE',  ( 2.648125170278138540, -1.722655820111723246, -3.000000000000000000 ) ) ;
#7003 = ORIENTED_EDGE ( 'NONE', *, *, #8503, .T. ) ;
#7004 = FILL_AREA_STYLE ('',( #4999 ) ) ;
#7005 = EDGE_CURVE ( 'NONE', #8567, #112, #1207, .T. ) ;
#7006 = ORIENTED_EDGE ( 'NONE', *, *, #6286, .F. ) ;
#7007 = FILL_AREA_STYLE ('',( #4067 ) ) ;
#7008 = EDGE_CURVE ( 'NONE', #6335, #6922, #8674, .T. ) ;
#7009 = MECHANICAL_DESIGN_GEOMETRIC_PRESENTATION_REPRESENTATION (  '', ( #1255 ), #114 ) ;
#7010 = DIRECTION ( 'NONE',  ( 0.000000000000000000, 0.000000000000000000, -1.000000000000000000 ) ) ;
#7011 = EDGE_LOOP ( 'NONE', ( #5359, #2077, #1001, #8645 ) ) ;
#7012 = ADVANCED_FACE ( 'NONE', ( #6015 ), #1168, .F. ) ;
#7013 = AXIS2_PLACEMENT_3D ( 'NONE', #4603, #989, #3149 ) ;
#7014 = ADVANCED_FACE ( 'NONE', ( #7228 ), #442, .F. ) ;
#7015 = FILL_AREA_STYLE_COLOUR ( '', #3513 ) ;
#7016 = DIRECTION ( 'NONE',  ( 0.000000000000000000, -1.000000000000000000, 0.000000000000000000 ) ) ;
#7017 = VECTOR ( 'NONE', #5464, 1000.000000000000000 ) ;
#7018 = CARTESIAN_POINT ( 'NONE',  ( -1.077123545173041166E-14, 2.544545736534512326, 0.1499999999999999944 ) ) ;
#7019 = CARTESIAN_POINT ( 'NONE',  ( -2.648125170278134988, -4.141704418566487966, -3.000000000000000000 ) ) ;
#7020 = CARTESIAN_POINT ( 'NONE',  ( 6.948636131094521495, -5.267066187369637831, 0.1000000000000002554 ) ) ;
#7021 = LINE ( 'NONE', #2187, #5664 ) ;
#7022 = DIRECTION ( 'NONE',  ( -1.000000000000000000, 0.000000000000000000, 0.000000000000000000 ) ) ;
#7023 = LINE ( 'NONE', #3054, #7099 ) ;
#7024 = LINE ( 'NONE', #8243, #1240 ) ;
#7025 =( NAMED_UNIT ( * ) PLANE_ANGLE_UNIT ( ) SI_UNIT ( $, .RADIAN. ) );
#7026 = ORIENTED_EDGE ( 'NONE', *, *, #2991, .T. ) ;
#7027 = LINE ( 'NONE', #6483, #8303 ) ;
#7028 = CARTESIAN_POINT ( 'NONE',  ( 0.000000000000000000, 1.319777692792770019, 0.1499999999999999944 ) ) ;
#7029 =( GEOMETRIC_REPRESENTATION_CONTEXT ( 3 ) GLOBAL_UNCERTAINTY_ASSIGNED_CONTEXT ( ( #2814 ) ) GLOBAL_UNIT_ASSIGNED_CONTEXT ( ( #6771, #7898, #5900 ) ) REPRESENTATION_CONTEXT ( 'NONE', 'WORKASPACE' ) );
#7030 = CARTESIAN_POINT ( 'NONE',  ( -4.639999999999998792, 4.899999999999998579, 3.017654449115059201 ) ) ;
#7031 = CARTESIAN_POINT ( 'NONE',  ( -5.772468334849516935, 0.000000000000000000, 0.1499999999999999944 ) ) ;
#7032 = SURFACE_STYLE_FILL_AREA ( #4309 ) ;
#7033 = LINE ( 'NONE', #3660, #1062 ) ;
#7034 = AXIS2_PLACEMENT_3D ( 'NONE', #4088, #74, #4221 ) ;
#7035 = ORIENTED_EDGE ( 'NONE', *, *, #5787, .T. ) ;
#7036 = ORIENTED_EDGE ( 'NONE', *, *, #7751, .F. ) ;
#7037 = STYLED_ITEM ( 'NONE', ( #4874 ), #5459 ) ;
#7038 = SURFACE_SIDE_STYLE ('',( #3615 ) ) ;
#7039 = PRESENTATION_STYLE_ASSIGNMENT (( #8170 ) ) ;
#7040 = ORIENTED_EDGE ( 'NONE', *, *, #6853, .F. ) ;
#7041 = CARTESIAN_POINT ( 'NONE',  ( -2.938471846222877826, 0.5500754429267868950, 0.000000000000000000 ) ) ;
#7042 = CARTESIAN_POINT ( 'NONE',  ( -3.143373282304378513, -3.008659175951458956E-15, 0.1499999999999999944 ) ) ;
#7043 = LINE ( 'NONE', #1632, #4378 ) ;
#7044 = UNCERTAINTY_MEASURE_WITH_UNIT (LENGTH_MEASURE( 1.000000000000000082E-05 ), #8098, 'distance_accuracy_value', 'NONE');
#7045 = MECHANICAL_DESIGN_GEOMETRIC_PRESENTATION_REPRESENTATION (  '', ( #7741 ), #1462 ) ;
#7046 = VECTOR ( 'NONE', #8629, 1000.000000000000000 ) ;
#7047 = VERTEX_POINT ( 'NONE', #3967 ) ;
#7048 = SURFACE_SIDE_STYLE ('',( #6328 ) ) ;
#7049 =( LENGTH_UNIT ( ) NAMED_UNIT ( * ) SI_UNIT ( .MILLI., .METRE. ) );
#7050 = EDGE_LOOP ( 'NONE', ( #5961, #6519, #822, #7759 ) ) ;
#7051 = CARTESIAN_POINT ( 'NONE',  ( 3.880000000000000782, 4.899999999999998579, 2.000000000000000000 ) ) ;
#7052 = CARTESIAN_POINT ( 'NONE',  ( -5.949819853805799141, 0.2692500179271393179, 0.000000000000000000 ) ) ;
#7053 = SURFACE_STYLE_FILL_AREA ( #7708 ) ;
#7054 = ORIENTED_EDGE ( 'NONE', *, *, #6292, .F. ) ;
#7055 = VECTOR ( 'NONE', #456, 1000.000000000000000 ) ;
#7056 =( NAMED_UNIT ( * ) SI_UNIT ( $, .STERADIAN. ) SOLID_ANGLE_UNIT ( ) );
#7057 = EDGE_CURVE ( 'NONE', #4676, #2313, #8009, .T. ) ;
#7058 = EDGE_CURVE ( 'NONE', #4165, #3508, #8623, .T. ) ;
#7059 = CARTESIAN_POINT ( 'NONE',  ( -3.739999999999999325, 4.899999999999998579, 3.017654449115059201 ) ) ;
#7060 = EDGE_CURVE ( 'NONE', #7296, #5463, #7969, .T. ) ;
#7061 = DIRECTION ( 'NONE',  ( -0.000000000000000000, -0.000000000000000000, -1.000000000000000000 ) ) ;
#7062 = SURFACE_STYLE_USAGE ( .BOTH. , #6936 ) ;
#7063 =( LENGTH_UNIT ( ) NAMED_UNIT ( * ) SI_UNIT ( .MILLI., .METRE. ) );
#7064 = VECTOR ( 'NONE', #5428, 1000.000000000000000 ) ;
#7065 = LINE ( 'NONE', #1612, #1642 ) ;
#7066 = DIRECTION ( 'NONE',  ( -1.000000000000000000, 0.000000000000000000, 0.000000000000000000 ) ) ;
#7067 = CARTESIAN_POINT ( 'NONE',  ( -5.772468334849516935, 0.000000000000000000, 0.1499999999999999944 ) ) ;
#7068 = ORIENTED_EDGE ( 'NONE', *, *, #488, .T. ) ;
#7069 = LINE ( 'NONE', #3645, #1027 ) ;
#7070 = STYLED_ITEM ( 'NONE', ( #6933 ), #2183 ) ;
#7071 = DIRECTION ( 'NONE',  ( -0.000000000000000000, -0.000000000000000000, -1.000000000000000000 ) ) ;
#7072 = PLANE ( 'NONE',  #493 ) ;
#7073 = DIRECTION ( 'NONE',  ( 0.000000000000000000, 1.000000000000000000, 0.000000000000000000 ) ) ;
#7074 = DIRECTION ( 'NONE',  ( 0.000000000000000000, 1.000000000000000000, 0.000000000000000000 ) ) ;
#7075 = ORIENTED_EDGE ( 'NONE', *, *, #8124, .F. ) ;
#7076 = EDGE_LOOP ( 'NONE', ( #439, #1861, #301, #3086 ) ) ;
#7077 = DIRECTION ( 'NONE',  ( 0.000000000000000000, -1.000000000000000000, 0.000000000000000000 ) ) ;
#7078 = ORIENTED_EDGE ( 'NONE', *, *, #2320, .F. ) ;
#7079 = CARTESIAN_POINT ( 'NONE',  ( -1.497330604592375325, -3.005484622322586841, -3.000000000000000000 ) ) ;
#7080 = EDGE_CURVE ( 'NONE', #1500, #172, #3982, .T. ) ;
#7081 =( NAMED_UNIT ( * ) PLANE_ANGLE_UNIT ( ) SI_UNIT ( $, .RADIAN. ) );
#7082 = DIRECTION ( 'NONE',  ( 1.000000000000000000, 0.000000000000000000, -0.000000000000000000 ) ) ;
#7083 = ORIENTED_EDGE ( 'NONE', *, *, #6679, .T. ) ;
#7084 = DIRECTION ( 'NONE',  ( 0.000000000000000000, -0.000000000000000000, -1.000000000000000000 ) ) ;
#7085 = AXIS2_PLACEMENT_3D ( 'NONE', #6480, #6577, #7194 ) ;
#7086 =( NAMED_UNIT ( * ) SI_UNIT ( $, .STERADIAN. ) SOLID_ANGLE_UNIT ( ) );
#7087 = EDGE_LOOP ( 'NONE', ( #3566, #5232, #1157, #1992 ) ) ;
#7088 = VECTOR ( 'NONE', #2040, 1000.000000000000000 ) ;
#7089 = DIRECTION ( 'NONE',  ( 1.000000000000000000, -0.000000000000000000, -0.000000000000000000 ) ) ;
#7090 = VERTEX_POINT ( 'NONE', #703 ) ;
#7091 = AXIS2_PLACEMENT_3D ( 'NONE', #64, #8248, #2114 ) ;
#7092 = ADVANCED_FACE ( 'NONE', ( #7404 ), #2222, .F. ) ;
#7093 = CARTESIAN_POINT ( 'NONE',  ( 1.282828802210860042, -3.005484622322586841, -3.000000000000000000 ) ) ;
#7094 =( GEOMETRIC_REPRESENTATION_CONTEXT ( 3 ) GLOBAL_UNCERTAINTY_ASSIGNED_CONTEXT ( ( #6522 ) ) GLOBAL_UNIT_ASSIGNED_CONTEXT ( ( #5835, #4918, #3459 ) ) REPRESENTATION_CONTEXT ( 'NONE', 'WORKASPACE' ) );
#7096 = ORIENTED_EDGE ( 'NONE', *, *, #5198, .T. ) ;
#7095 = VECTOR ( 'NONE', #3169, 1000.000000000000000 ) ;
#7097 = DIRECTION ( 'NONE',  ( -1.000000000000000000, 0.000000000000000000, 0.000000000000000000 ) ) ;
#7098 = LINE ( 'NONE', #2281, #4334 ) ;
#7099 = VECTOR ( 'NONE', #2912, 1000.000000000000000 ) ;
#7100 = EDGE_CURVE ( 'NONE', #4512, #7956, #6891, .T. ) ;
#7101 = VECTOR ( 'NONE', #2784, 1000.000000000000000 ) ;
#7102 = LINE ( 'NONE', #8505, #8230 ) ;
#7103 = LINE ( 'NONE', #320, #6418 ) ;
#7104 = SURFACE_STYLE_FILL_AREA ( #2332 ) ;
#7105 = PLANE ( 'NONE',  #3057 ) ;
#7106 = VERTEX_POINT ( 'NONE', #2778 ) ;
#7107 = UNCERTAINTY_MEASURE_WITH_UNIT (LENGTH_MEASURE( 1.000000000000000082E-05 ), #3953, 'distance_accuracy_value', 'NONE');
#7108 = EDGE_CURVE ( 'NONE', #3248, #4687, #5389, .T. ) ;
#7109 = ADVANCED_FACE ( 'NONE', ( #2011 ), #4016, .F. ) ;
#7110 = CARTESIAN_POINT ( 'NONE',  ( 0.000000000000000000, -0.3913831919116190217, 0.1499999999999999944 ) ) ;
#7112 = EDGE_CURVE ( 'NONE', #1735, #1097, #7444, .T. ) ;
#7111 = AXIS2_PLACEMENT_3D ( 'NONE', #7511, #6219, #67 ) ;
#7113 = PLANE ( 'NONE',  #8412 ) ;
#7114 = COLOUR_RGB ( '',0.2509803921568627416, 0.2509803921568627416, 0.2509803921568627416 ) ;
#7115 = STYLED_ITEM ( 'NONE', ( #7138 ), #8332 ) ;
#7116 = LINE ( 'NONE', #7636, #7360 ) ;
#7117 = FACE_OUTER_BOUND ( 'NONE', #6267, .T. ) ;
#7118 = PRESENTATION_STYLE_ASSIGNMENT (( #2924 ) ) ;
#7119 = PRESENTATION_STYLE_ASSIGNMENT (( #5153 ) ) ;
#7120 = FILL_AREA_STYLE_COLOUR ( '', #5839 ) ;
#7121 = VECTOR ( 'NONE', #2872, 1000.000000000000000 ) ;
#7122 = CARTESIAN_POINT ( 'NONE',  ( 1.041353942122092313, 1.319777692792770019, 0.000000000000000000 ) ) ;
#7123 = FILL_AREA_STYLE ('',( #1710 ) ) ;
#7124 = EDGE_CURVE ( 'NONE', #4664, #6914, #8814, .T. ) ;
#7125 = FILL_AREA_STYLE ('',( #1672 ) ) ;
#7126 = ORIENTED_EDGE ( 'NONE', *, *, #7005, .F. ) ;
#7127 = VERTEX_POINT ( 'NONE', #2310 ) ;
#7128 = COLOUR_RGB ( '',0.7529411764705882248, 0.000000000000000000, 0.7529411764705882248 ) ;
#7129 = PLANE ( 'NONE',  #3010 ) ;
#7130 = SURFACE_STYLE_USAGE ( .BOTH. , #254 ) ;
#7131 = AXIS2_PLACEMENT_3D ( 'NONE', #6777, #6680, #3259 ) ;
#7132 = VERTEX_POINT ( 'NONE', #7208 ) ;
#7133 = DIRECTION ( 'NONE',  ( 0.000000000000000000, 0.000000000000000000, -1.000000000000000000 ) ) ;
#7134 = FILL_AREA_STYLE_COLOUR ( '', #6834 ) ;
#7135 = UNCERTAINTY_MEASURE_WITH_UNIT (LENGTH_MEASURE( 1.000000000000000082E-05 ), #174, 'distance_accuracy_value', 'NONE');
#7136 = DIRECTION ( 'NONE',  ( -1.000000000000000000, 0.000000000000000000, 0.000000000000000000 ) ) ;
#7137 = VERTEX_POINT ( 'NONE', #7864 ) ;
#7138 = PRESENTATION_STYLE_ASSIGNMENT (( #7616 ) ) ;
#7139 = PLANE ( 'NONE',  #2868 ) ;
#7140 = VERTEX_POINT ( 'NONE', #6459 ) ;
#7141 = UNCERTAINTY_MEASURE_WITH_UNIT (LENGTH_MEASURE( 1.000000000000000082E-05 ), #7219, 'distance_accuracy_value', 'NONE');
#7142 = CARTESIAN_POINT ( 'NONE',  ( 13.94655025073976162, -1.000000000000000000, 0.000000000000000000 ) ) ;
#7143 = VERTEX_POINT ( 'NONE', #261 ) ;
#7144 =( GEOMETRIC_REPRESENTATION_CONTEXT ( 3 ) GLOBAL_UNCERTAINTY_ASSIGNED_CONTEXT ( ( #297 ) ) GLOBAL_UNIT_ASSIGNED_CONTEXT ( ( #534, #8592, #2660 ) ) REPRESENTATION_CONTEXT ( 'NONE', 'WORKASPACE' ) );
#7145 = PLANE ( 'NONE',  #5387 ) ;
#7146 = ORIENTED_EDGE ( 'NONE', *, *, #5569, .T. ) ;
#7147 = DIRECTION ( 'NONE',  ( 0.000000000000000000, 0.000000000000000000, 1.000000000000000000 ) ) ;
#7148 = EDGE_CURVE ( 'NONE', #3853, #1636, #342, .T. ) ;
#7149 = DIRECTION ( 'NONE',  ( 0.000000000000000000, 0.000000000000000000, -1.000000000000000000 ) ) ;
#7150 = SURFACE_SIDE_STYLE ('',( #1565 ) ) ;
#7151 = VECTOR ( 'NONE', #3427, 1000.000000000000000 ) ;
#7152 =( NAMED_UNIT ( * ) PLANE_ANGLE_UNIT ( ) SI_UNIT ( $, .RADIAN. ) );
#7153 = CARTESIAN_POINT ( 'NONE',  ( 6.420000000000000817, 7.641130724221518733, 3.884080669685257448 ) ) ;
#7154 = CARTESIAN_POINT ( 'NONE',  ( -5.139799166388884899, 0.000000000000000000, 0.5000000000000000000 ) ) ;
#7155 = DIRECTION ( 'NONE',  ( 0.000000000000000000, 1.000000000000000000, -0.000000000000000000 ) ) ;
#7156 = VERTEX_POINT ( 'NONE', #7743 ) ;
#7157 = DIRECTION ( 'NONE',  ( 1.000000000000000000, -0.000000000000000000, -0.000000000000000000 ) ) ;
#7158 = VECTOR ( 'NONE', #3636, 1000.000000000000000 ) ;
#7159 = CARTESIAN_POINT ( 'NONE',  ( -2.099999999999999645, 3.999999999999999112, 2.000000000000000000 ) ) ;
#7160 = SURFACE_STYLE_FILL_AREA ( #7763 ) ;
#7161 = LINE ( 'NONE', #5065, #6521 ) ;
#7162 = PLANE ( 'NONE',  #6392 ) ;
#7163 = LINE ( 'NONE', #3794, #6249 ) ;
#7164 = DIRECTION ( 'NONE',  ( -0.000000000000000000, -0.000000000000000000, -1.000000000000000000 ) ) ;
#7165 = FACE_OUTER_BOUND ( 'NONE', #8395, .T. ) ;
#7166 = ORIENTED_EDGE ( 'NONE', *, *, #8768, .T. ) ;
#7167 = ORIENTED_EDGE ( 'NONE', *, *, #7217, .T. ) ;
#7168 = CARTESIAN_POINT ( 'NONE',  ( 0.000000000000000000, 0.9979665374599516747, 0.1499999999999999944 ) ) ;
#7169 = MECHANICAL_DESIGN_GEOMETRIC_PRESENTATION_REPRESENTATION (  '', ( #696 ), #3445 ) ;
#7170 = FILL_AREA_STYLE_COLOUR ( '', #2920 ) ;
#7171 = ADVANCED_FACE ( 'NONE', ( #4493 ), #7258, .T. ) ;
#7172 = ORIENTED_EDGE ( 'NONE', *, *, #4709, .F. ) ;
#7173 = DIRECTION ( 'NONE',  ( 1.000000000000000000, 0.000000000000000000, -0.000000000000000000 ) ) ;
#7174 = EDGE_CURVE ( 'NONE', #3072, #2084, #8566, .T. ) ;
#7175 = DIRECTION ( 'NONE',  ( -0.000000000000000000, -0.000000000000000000, 1.000000000000000000 ) ) ;
#7176 = UNCERTAINTY_MEASURE_WITH_UNIT (LENGTH_MEASURE( 1.000000000000000082E-05 ), #3683, 'distance_accuracy_value', 'NONE');
#7177 = CARTESIAN_POINT ( 'NONE',  ( -5.139799166388884899, 0.000000000000000000, 0.5000000000000000000 ) ) ;
#7178 = EDGE_LOOP ( 'NONE', ( #6599, #5777, #2165, #4601 ) ) ;
#7179 = MECHANICAL_DESIGN_GEOMETRIC_PRESENTATION_REPRESENTATION (  '', ( #1151 ), #844 ) ;
#7180 = CARTESIAN_POINT ( 'NONE',  ( 0.000000000000000000, -0.2185654625746343560, 0.1499999999999999944 ) ) ;
#7181 = ORIENTED_EDGE ( 'NONE', *, *, #4883, .T. ) ;
#7182 = CARTESIAN_POINT ( 'NONE',  ( 0.000000000000000000, 1.319777692792770019, 0.1499999999999999944 ) ) ;
#7183 = PLANE ( 'NONE',  #7486 ) ;
#7184 = AXIS2_PLACEMENT_3D ( 'NONE', #8704, #1194, #7473 ) ;
#7185 = ORIENTED_EDGE ( 'NONE', *, *, #7625, .T. ) ;
#7186 = VECTOR ( 'NONE', #6372, 1000.000000000000000 ) ;
#7187 = MECHANICAL_DESIGN_GEOMETRIC_PRESENTATION_REPRESENTATION (  '', ( #5746 ), #2010 ) ;
#7188 = VERTEX_POINT ( 'NONE', #5038 ) ;
#7189 = PRESENTATION_STYLE_ASSIGNMENT (( #3004 ) ) ;
#7190 = CARTESIAN_POINT ( 'NONE',  ( 2.980000000000000870, 3.999999999999999112, 2.000000000000000000 ) ) ;
#7191 = VECTOR ( 'NONE', #3293, 1000.000000000000000 ) ;
#7192 = CARTESIAN_POINT ( 'NONE',  ( -13.94655025073976162, -1.000000000000000000, 0.000000000000000000 ) ) ;
#7193 = FILL_AREA_STYLE_COLOUR ( '', #6698 ) ;
#7194 = DIRECTION ( 'NONE',  ( -1.000000000000000000, 0.000000000000000000, 0.000000000000000000 ) ) ;
#7195 = ORIENTED_EDGE ( 'NONE', *, *, #2328, .F. ) ;
#7196 = DIRECTION ( 'NONE',  ( -0.000000000000000000, -1.000000000000000000, -0.000000000000000000 ) ) ;
#7197 = DIRECTION ( 'NONE',  ( 0.000000000000000000, -0.000000000000000000, -1.000000000000000000 ) ) ;
#7198 = LINE ( 'NONE', #3751, #374 ) ;
#7199 = PRESENTATION_STYLE_ASSIGNMENT (( #5672 ) ) ;
#7200 = PLANE ( 'NONE',  #2641 ) ;
#7201 = ORIENTED_EDGE ( 'NONE', *, *, #7735, .T. ) ;
#7202 = ORIENTED_EDGE ( 'NONE', *, *, #1266, .F. ) ;
#7203 = DIRECTION ( 'NONE',  ( -0.000000000000000000, -0.000000000000000000, -1.000000000000000000 ) ) ;
#7204 = ORIENTED_EDGE ( 'NONE', *, *, #4001, .F. ) ;
#7205 = CYLINDRICAL_SURFACE ( 'NONE', #3947, 2.800000000000000266 ) ;
#7206 = CARTESIAN_POINT ( 'NONE',  ( -5.949819853805799141, -0.7767525643175616779, 0.4000000000000000222 ) ) ;
#7207 = DIRECTION ( 'NONE',  ( 1.000000000000000000, 0.000000000000000000, 0.000000000000000000 ) ) ;
#7208 = CARTESIAN_POINT ( 'NONE',  ( 1.340000000000000080, 7.641130724221518733, 3.884080669685257448 ) ) ;
#7209 = VERTEX_POINT ( 'NONE', #6596 ) ;
#7210 = EDGE_CURVE ( 'NONE', #4059, #1714, #917, .T. ) ;
#7211 = DIRECTION ( 'NONE',  ( -1.000000000000000000, 0.000000000000000000, 0.000000000000000000 ) ) ;
#7212 = EDGE_LOOP ( 'NONE', ( #7529, #3481, #6441, #1846 ) ) ;
#7213 = EDGE_CURVE ( 'NONE', #3725, #6140, #1683, .T. ) ;
#7214 = ADVANCED_FACE ( 'NONE', ( #6504 ), #1106, .F. ) ;
#7215 = EDGE_CURVE ( 'NONE', #7488, #3338, #2448, .T. ) ;
#7216 = CARTESIAN_POINT ( 'NONE',  ( -7.179999999999999716, 3.999999999999999112, 3.017654449115059201 ) ) ;
#7217 = EDGE_CURVE ( 'NONE', #1545, #1286, #8446, .T. ) ;
#7218 = ORIENTED_EDGE ( 'NONE', *, *, #7912, .T. ) ;
#7219 =( LENGTH_UNIT ( ) NAMED_UNIT ( * ) SI_UNIT ( .MILLI., .METRE. ) );
#7220 = DIRECTION ( 'NONE',  ( -0.000000000000000000, -0.000000000000000000, -1.000000000000000000 ) ) ;
#7221 = PRESENTATION_LAYER_ASSIGNMENT (  '', '', ( #4513 ) ) ;
#7222 = ORIENTED_EDGE ( 'NONE', *, *, #4631, .T. ) ;
#7223 = EDGE_CURVE ( 'NONE', #7296, #7431, #8401, .T. ) ;
#7224 = ORIENTED_EDGE ( 'NONE', *, *, #6571, .F. ) ;
#7225 = DIRECTION ( 'NONE',  ( -0.000000000000000000, 0.000000000000000000, 1.000000000000000000 ) ) ;
#7226 = UNCERTAINTY_MEASURE_WITH_UNIT (LENGTH_MEASURE( 1.000000000000000082E-05 ), #5037, 'distance_accuracy_value', 'NONE');
#7227 = VECTOR ( 'NONE', #7270, 1000.000000000000000 ) ;
#7228 = FACE_OUTER_BOUND ( 'NONE', #5128, .T. ) ;
#7229 = PRESENTATION_LAYER_ASSIGNMENT (  '', '', ( #6525 ) ) ;
#7230 = CARTESIAN_POINT ( 'NONE',  ( 0.000000000000000000, -4.385197194226567952, 0.5000000000000000000 ) ) ;
#7231 = AXIS2_PLACEMENT_3D ( 'NONE', #2894, #7077, #5724 ) ;
#7232 = PRESENTATION_STYLE_ASSIGNMENT (( #3697 ) ) ;
#7233 = CARTESIAN_POINT ( 'NONE',  ( 2.648125170278138540, -1.722655820111723246, -3.000000000000000000 ) ) ;
#7234 = EDGE_LOOP ( 'NONE', ( #427, #7520, #2558, #1782 ) ) ;
#7235 =( GEOMETRIC_REPRESENTATION_CONTEXT ( 3 ) GLOBAL_UNCERTAINTY_ASSIGNED_CONTEXT ( ( #5307 ) ) GLOBAL_UNIT_ASSIGNED_CONTEXT ( ( #2692, #3915, #8754 ) ) REPRESENTATION_CONTEXT ( 'NONE', 'WORKASPACE' ) );
#7236 = VECTOR ( 'NONE', #6595, 1000.000000000000000 ) ;
#7237 = PLANE ( 'NONE',  #8688 ) ;
#7238 = VECTOR ( 'NONE', #16, 1000.000000000000000 ) ;
#7239 = STYLED_ITEM ( 'NONE', ( #3598 ), #4161 ) ;
#7240 = CARTESIAN_POINT ( 'NONE',  ( 0.4913539421220920467, -0.3913831919116189106, 0.000000000000000000 ) ) ;
#7241 = FILL_AREA_STYLE ('',( #2474 ) ) ;
#7242 =( GEOMETRIC_REPRESENTATION_CONTEXT ( 3 ) GLOBAL_UNCERTAINTY_ASSIGNED_CONTEXT ( ( #1872 ) ) GLOBAL_UNIT_ASSIGNED_CONTEXT ( ( #2951, #2412, #3864 ) ) REPRESENTATION_CONTEXT ( 'NONE', 'WORKASPACE' ) );
#7243 = CARTESIAN_POINT ( 'NONE',  ( 4.650921065566159918, -0.9081097759609791931, 0.000000000000000000 ) ) ;
#7244 = SURFACE_STYLE_FILL_AREA ( #8730 ) ;
#7245 = ORIENTED_EDGE ( 'NONE', *, *, #4500, .F. ) ;
#7246 = VECTOR ( 'NONE', #5762, 1000.000000000000000 ) ;
#7247 = SURFACE_STYLE_FILL_AREA ( #3851 ) ;
#7248 = VERTEX_POINT ( 'NONE', #7903 ) ;
#7249 = ORIENTED_EDGE ( 'NONE', *, *, #137, .F. ) ;
#7250 = COLOUR_RGB ( '',1.000000000000000000, 1.000000000000000000, 1.000000000000000000 ) ;
#7251 = ADVANCED_FACE ( 'NONE', ( #3039 ), #967, .T. ) ;
#7252 = SURFACE_STYLE_FILL_AREA ( #6631 ) ;
#7253 = LINE ( 'NONE', #6076, #8271 ) ;
#7254 = EDGE_LOOP ( 'NONE', ( #6170, #8680, #8528, #5682 ) ) ;
#7255 = DIRECTION ( 'NONE',  ( -1.000000000000000000, 0.000000000000000000, 0.000000000000000000 ) ) ;
#7256 = FILL_AREA_STYLE_COLOUR ( '', #8198 ) ;
#7257 = STYLED_ITEM ( 'NONE', ( #8419 ), #6912 ) ;
#7258 = PLANE ( 'NONE',  #2237 ) ;
#7259 = ORIENTED_EDGE ( 'NONE', *, *, #5904, .F. ) ;
#7260 = STYLED_ITEM ( 'NONE', ( #4742 ), #8452 ) ;
#7261 = LINE ( 'NONE', #3173, #7668 ) ;
#7262 = DIRECTION ( 'NONE',  ( -0.000000000000000000, -0.000000000000000000, -1.000000000000000000 ) ) ;
#7263 = ORIENTED_EDGE ( 'NONE', *, *, #6863, .T. ) ;
#7264 = COLOUR_RGB ( '',0.7529411764705882248, 0.000000000000000000, 0.7529411764705882248 ) ;
#7265 = CARTESIAN_POINT ( 'NONE',  ( -8.000000000000000000, 3.000000000000000000, 0.000000000000000000 ) ) ;
#7266 = EDGE_CURVE ( 'NONE', #3216, #3202, #2357, .T. ) ;
#7267 = VERTEX_POINT ( 'NONE', #3996 ) ;
#7268 = VECTOR ( 'NONE', #6110, 1000.000000000000000 ) ;
#7269 = CARTESIAN_POINT ( 'NONE',  ( 0.000000000000000000, 0.000000000000000000, 0.5000000000000000000 ) ) ;
#7270 = DIRECTION ( 'NONE',  ( -0.000000000000000000, -1.000000000000000000, -0.000000000000000000 ) ) ;
#7271 = AXIS2_PLACEMENT_3D ( 'NONE', #3359, #4732, #6108 ) ;
#7272 = CARTESIAN_POINT ( 'NONE',  ( 6.948636131094521495, -5.267066187369637831, 0.1000000000000002554 ) ) ;
#7273 = EDGE_CURVE ( 'NONE', #8679, #2247, #2092, .T. ) ;
#7274 = ORIENTED_EDGE ( 'NONE', *, *, #8842, .T. ) ;
#7275 = ORIENTED_EDGE ( 'NONE', *, *, #679, .F. ) ;
#7276 =( NAMED_UNIT ( * ) PLANE_ANGLE_UNIT ( ) SI_UNIT ( $, .RADIAN. ) );
#7277 = AXIS2_PLACEMENT_3D ( 'NONE', #3519, #1365, #7685 ) ;
#7278 = EDGE_CURVE ( 'NONE', #7428, #663, #8031, .T. ) ;
#7279 = EDGE_CURVE ( 'NONE', #5612, #2683, #7341, .T. ) ;
#7280 = ADVANCED_FACE ( 'NONE', ( #1278 ), #6637, .T. ) ;
#7281 = DIRECTION ( 'NONE',  ( 1.000000000000000000, 0.000000000000000000, 0.000000000000000000 ) ) ;
#7282 = VECTOR ( 'NONE', #6321, 1000.000000000000000 ) ;
#7283 = SURFACE_STYLE_FILL_AREA ( #2610 ) ;
#7284 = SURFACE_STYLE_USAGE ( .BOTH. , #444 ) ;
#7285 = CARTESIAN_POINT ( 'NONE',  ( -8.000000000000000000, -3.000000000000000000, 0.000000000000000000 ) ) ;
#7286 = DIRECTION ( 'NONE',  ( -0.000000000000000000, 1.000000000000000000, -0.000000000000000000 ) ) ;
#7287 = FILL_AREA_STYLE_COLOUR ( '', #7589 ) ;
#7288 = LINE ( 'NONE', #8589, #5643 ) ;
#7289 = CARTESIAN_POINT ( 'NONE',  ( -5.139799166388884899, 2.197828827475229563, 0.5000000000000000000 ) ) ;
#7290 = LINE ( 'NONE', #3888, #1947 ) ;
#7291 = SURFACE_SIDE_STYLE ('',( #6761 ) ) ;
#7292 =( NAMED_UNIT ( * ) SI_UNIT ( $, .STERADIAN. ) SOLID_ANGLE_UNIT ( ) );
#7293 = PRESENTATION_LAYER_ASSIGNMENT (  '', '', ( #5018 ) ) ;
#7294 = ORIENTED_EDGE ( 'NONE', *, *, #6618, .T. ) ;
#7295 = ORIENTED_EDGE ( 'NONE', *, *, #4208, .T. ) ;
#7296 = VERTEX_POINT ( 'NONE', #4082 ) ;
#7297 = VERTEX_POINT ( 'NONE', #8741 ) ;
#7298 = VECTOR ( 'NONE', #1539, 1000.000000000000000 ) ;
#7299 = CARTESIAN_POINT ( 'NONE',  ( -1.282828802210860042, -3.005484622322586841, -3.000000000000000000 ) ) ;
#7300 =( NAMED_UNIT ( * ) PLANE_ANGLE_UNIT ( ) SI_UNIT ( $, .RADIAN. ) );
#7301 = SURFACE_SIDE_STYLE ('',( #5290 ) ) ;
#7302 = VERTEX_POINT ( 'NONE', #510 ) ;
#7303 = SURFACE_SIDE_STYLE ('',( #2588 ) ) ;
#7304 = ORIENTED_EDGE ( 'NONE', *, *, #6570, .F. ) ;
#7305 = DIRECTION ( 'NONE',  ( -2.231762095060381305E-16, 1.000000000000000000, 0.000000000000000000 ) ) ;
#7306 = CARTESIAN_POINT ( 'NONE',  ( 0.000000000000000000, 1.315449244559767195, 0.1499999999999999944 ) ) ;
#7307 = EDGE_LOOP ( 'NONE', ( #6451, #3987 ) ) ;
#7308 = SPHERICAL_SURFACE ( 'NONE', #410, 0.6499999999999995781 ) ;
#7309 = PLANE ( 'NONE',  #6383 ) ;
#7310 = CARTESIAN_POINT ( 'NONE',  ( -4.639999999999998792, 7.641130724221518733, 3.017654449115059201 ) ) ;
#7311 = ORIENTED_EDGE ( 'NONE', *, *, #7325, .F. ) ;
#7312 = ORIENTED_EDGE ( 'NONE', *, *, #2103, .F. ) ;
#7313 = CARTESIAN_POINT ( 'NONE',  ( 1.340000000000000080, 4.899999999999998579, 2.000000000000000000 ) ) ;
#7314 = VECTOR ( 'NONE', #1578, 1000.000000000000000 ) ;
#7315 = DIRECTION ( 'NONE',  ( -0.000000000000000000, 0.000000000000000000, -1.000000000000000000 ) ) ;
#7316 = AXIS2_PLACEMENT_3D ( 'NONE', #7882, #2651, #1547 ) ;
#7317 = CARTESIAN_POINT ( 'NONE',  ( -7.486385755306426439E-15, 1.768548375075889023, 0.000000000000000000 ) ) ;
#7318 = AXIS2_PLACEMENT_3D ( 'NONE', #2366, #5828, #395 ) ;
#7319 = PLANE ( 'NONE',  #287 ) ;
#7320 = CARTESIAN_POINT ( 'NONE',  ( 10.94655025073975985, 4.336808689942017736E-16, -2.000000000000000000 ) ) ;
#7321 = EDGE_CURVE ( 'NONE', #4313, #3437, #7950, .T. ) ;
#7322 = ADVANCED_FACE ( 'NONE', ( #544 ), #2630, .F. ) ;
#7323 = FACE_OUTER_BOUND ( 'NONE', #6496, .T. ) ;
#7324 = VECTOR ( 'NONE', #1626, 1000.000000000000000 ) ;
#7325 = EDGE_CURVE ( 'NONE', #7248, #3179, #3300, .T. ) ;
#7326 = DIRECTION ( 'NONE',  ( -1.421904488505579654E-16, 1.000000000000000000, -0.000000000000000000 ) ) ;
#7327 = FACE_OUTER_BOUND ( 'NONE', #394, .T. ) ;
#7328 = FILL_AREA_STYLE ('',( #7977 ) ) ;
#7329 = LINE ( 'NONE', #8634, #6984 ) ;
#7330 = DIRECTION ( 'NONE',  ( 1.000000000000000000, 1.267143614600721018E-16, -0.000000000000000000 ) ) ;
#7331 =( LENGTH_UNIT ( ) NAMED_UNIT ( * ) SI_UNIT ( .MILLI., .METRE. ) );
#7332 = ORIENTED_EDGE ( 'NONE', *, *, #6442, .F. ) ;
#7333 = CARTESIAN_POINT ( 'NONE',  ( 7.500000000000000000, 5.728180208693597564, 0.000000000000000000 ) ) ;
#7334 = ORIENTED_EDGE ( 'NONE', *, *, #8782, .T. ) ;
#7335 =( GEOMETRIC_REPRESENTATION_CONTEXT ( 3 ) GLOBAL_UNCERTAINTY_ASSIGNED_CONTEXT ( ( #7712 ) ) GLOBAL_UNIT_ASSIGNED_CONTEXT ( ( #8358, #4282, #3365 ) ) REPRESENTATION_CONTEXT ( 'NONE', 'WORKASPACE' ) );
#7336 = ORIENTED_EDGE ( 'NONE', *, *, #2925, .F. ) ;
#7337 = CARTESIAN_POINT ( 'NONE',  ( -5.139799166388884899, 1.215912586094422654, 0.000000000000000000 ) ) ;
#7338 = CARTESIAN_POINT ( 'NONE',  ( 6.349999999999999645, 4.829999999999998295, -2.000000000000000000 ) ) ;
#7339 = ORIENTED_EDGE ( 'NONE', *, *, #3924, .F. ) ;
#7340 = LINE ( 'NONE', #3942, #3203 ) ;
#7341 = LINE ( 'NONE', #1900, #8242 ) ;
#7342 = ORIENTED_EDGE ( 'NONE', *, *, #2853, .F. ) ;
#7343 = PRESENTATION_LAYER_ASSIGNMENT (  '', '', ( #6205 ) ) ;
#7344 = ORIENTED_EDGE ( 'NONE', *, *, #7213, .F. ) ;
#7345 = SURFACE_STYLE_USAGE ( .BOTH. , #550 ) ;
#7346 = ORIENTED_EDGE ( 'NONE', *, *, #5522, .T. ) ;
#7347 =( NAMED_UNIT ( * ) SI_UNIT ( $, .STERADIAN. ) SOLID_ANGLE_UNIT ( ) );
#7348 = DIRECTION ( 'NONE',  ( 0.000000000000000000, -0.000000000000000000, 1.000000000000000000 ) ) ;
#7349 = DIRECTION ( 'NONE',  ( 1.000000000000000000, 1.421904488505579654E-16, -0.000000000000000000 ) ) ;
#7350 = VERTEX_POINT ( 'NONE', #1949 ) ;
#7351 = ORIENTED_EDGE ( 'NONE', *, *, #8399, .F. ) ;
#7352 = LINE ( 'NONE', #1870, #319 ) ;
#7353 = EDGE_CURVE ( 'NONE', #8363, #7832, #8651, .T. ) ;
#7354 = UNCERTAINTY_MEASURE_WITH_UNIT (LENGTH_MEASURE( 1.000000000000000082E-05 ), #8102, 'distance_accuracy_value', 'NONE');
#7355 = DIRECTION ( 'NONE',  ( 4.233068125707992719E-15, -1.000000000000000000, 0.000000000000000000 ) ) ;
#7356 = DIRECTION ( 'NONE',  ( -1.000000000000000000, 0.000000000000000000, 0.000000000000000000 ) ) ;
#7357 = DIRECTION ( 'NONE',  ( 0.000000000000000000, -1.000000000000000000, 0.000000000000000000 ) ) ;
#7358 = ORIENTED_EDGE ( 'NONE', *, *, #7591, .T. ) ;
#7359 = ORIENTED_EDGE ( 'NONE', *, *, #2662, .F. ) ;
#7360 = VECTOR ( 'NONE', #7071, 1000.000000000000000 ) ;
#7361 =( NAMED_UNIT ( * ) PLANE_ANGLE_UNIT ( ) SI_UNIT ( $, .RADIAN. ) );
#7362 = EDGE_CURVE ( 'NONE', #6140, #3567, #5905, .T. ) ;
#7363 = CARTESIAN_POINT ( 'NONE',  ( 1.602250989393667391, 0.8197776927927701296, 0.1499999999999999944 ) ) ;
#7364 = DIRECTION ( 'NONE',  ( 0.000000000000000000, -1.000000000000000000, 0.000000000000000000 ) ) ;
#7365 = CARTESIAN_POINT ( 'NONE',  ( -5.700000000000001066, 4.827278989943721399, -2.000000000000000000 ) ) ;
#7366 = FACE_OUTER_BOUND ( 'NONE', #1906, .T. ) ;
#7367 = CARTESIAN_POINT ( 'NONE',  ( 8.000000000000001776, -6.100000000000000533, 0.000000000000000000 ) ) ;
#7368 = ORIENTED_EDGE ( 'NONE', *, *, #3047, .F. ) ;
#7369 = EDGE_CURVE ( 'NONE', #7525, #3541, #8606, .T. ) ;
#7370 = VERTEX_POINT ( 'NONE', #1148 ) ;
#7371 = ORIENTED_EDGE ( 'NONE', *, *, #6352, .F. ) ;
#7372 = STYLED_ITEM ( 'NONE', ( #6209 ), #1023 ) ;
#7373 = VECTOR ( 'NONE', #1899, 1000.000000000000000 ) ;
#7374 = CARTESIAN_POINT ( 'NONE',  ( 0.000000000000000000, -4.385197194226567952, 0.5000000000000000000 ) ) ;
#7375 = UNCERTAINTY_MEASURE_WITH_UNIT (LENGTH_MEASURE( 1.000000000000000082E-05 ), #5058, 'distance_accuracy_value', 'NONE');
#7376 = LINE ( 'NONE', #6723, #3731 ) ;
#7377 = ORIENTED_EDGE ( 'NONE', *, *, #6360, .T. ) ;
#7378 = VECTOR ( 'NONE', #8375, 1000.000000000000000 ) ;
#7379 = ADVANCED_FACE ( 'NONE', ( #3902 ), #464, .T. ) ;
#7380 = LINE ( 'NONE', #6814, #7095 ) ;
#7381 = LINE ( 'NONE', #6726, #5652 ) ;
#7382 = ADVANCED_FACE ( 'NONE', ( #8168 ), #1531, .F. ) ;
#7383 = CARTESIAN_POINT ( 'NONE',  ( 0.000000000000000000, 0.000000000000000000, 0.1499999999999999944 ) ) ;
#7384 = STYLED_ITEM ( 'NONE', ( #5852 ), #6008 ) ;
#7385 = VERTEX_POINT ( 'NONE', #6175 ) ;
#7386 = PRESENTATION_STYLE_ASSIGNMENT (( #2678 ) ) ;
#7387 = VERTEX_POINT ( 'NONE', #4135 ) ;
#7388 = ORIENTED_EDGE ( 'NONE', *, *, #4279, .T. ) ;
#7389 =( GEOMETRIC_REPRESENTATION_CONTEXT ( 3 ) GLOBAL_UNCERTAINTY_ASSIGNED_CONTEXT ( ( #6503 ) ) GLOBAL_UNIT_ASSIGNED_CONTEXT ( ( #4422, #2180, #4331 ) ) REPRESENTATION_CONTEXT ( 'NONE', 'WORKASPACE' ) );
#7390 =( NAMED_UNIT ( * ) PLANE_ANGLE_UNIT ( ) SI_UNIT ( $, .RADIAN. ) );
#7391 = AXIS2_PLACEMENT_3D ( 'NONE', #3655, #7767, #245 ) ;
#7392 = ORIENTED_EDGE ( 'NONE', *, *, #6349, .T. ) ;
#7393 = CARTESIAN_POINT ( 'NONE',  ( 0.4913539421220920467, -0.3913831919116189106, 0.4000000000000000222 ) ) ;
#7394 = PLANE ( 'NONE',  #5052 ) ;
#7395 = CARTESIAN_POINT ( 'NONE',  ( 0.7040164599795359912, -4.385197194226567952, 0.5000000000000000000 ) ) ;
#7396 = DIRECTION ( 'NONE',  ( 1.000000000000000000, 0.000000000000000000, 0.000000000000000000 ) ) ;
#7397 = PRESENTATION_LAYER_ASSIGNMENT (  '', '', ( #5130 ) ) ;
#7398 = ORIENTED_EDGE ( 'NONE', *, *, #5610, .T. ) ;
#7399 = EDGE_LOOP ( 'NONE', ( #6837, #2565, #7035, #3351 ) ) ;
#7400 = CARTESIAN_POINT ( 'NONE',  ( 11.94655025073976162, -1.000000000000000000, -2.000000000000000000 ) ) ;
#7401 =( NAMED_UNIT ( * ) PLANE_ANGLE_UNIT ( ) SI_UNIT ( $, .RADIAN. ) );
#7402 = ORIENTED_EDGE ( 'NONE', *, *, #6232, .T. ) ;
#7403 = VECTOR ( 'NONE', #2407, 1000.000000000000000 ) ;
#7404 = FACE_OUTER_BOUND ( 'NONE', #6955, .T. ) ;
#7405 = PRESENTATION_LAYER_ASSIGNMENT (  '', '', ( #3988 ) ) ;
#7406 = DIRECTION ( 'NONE',  ( -0.000000000000000000, 1.000000000000000000, -0.000000000000000000 ) ) ;
#7407 = ORIENTED_EDGE ( 'NONE', *, *, #988, .F. ) ;
#7408 = EDGE_CURVE ( 'NONE', #813, #5080, #8251, .T. ) ;
#7409 = VECTOR ( 'NONE', #3395, 1000.000000000000000 ) ;
#7410 = ORIENTED_EDGE ( 'NONE', *, *, #1427, .F. ) ;
#7411 = SURFACE_STYLE_FILL_AREA ( #8821 ) ;
#7412 = DIRECTION ( 'NONE',  ( 0.000000000000000000, 0.000000000000000000, 1.000000000000000000 ) ) ;
#7413 = FILL_AREA_STYLE ('',( #7287 ) ) ;
#7414 = CARTESIAN_POINT ( 'NONE',  ( 4.650921065566159918, 0.1761656672350274677, 0.000000000000000000 ) ) ;
#7415 =( NAMED_UNIT ( * ) PLANE_ANGLE_UNIT ( ) SI_UNIT ( $, .RADIAN. ) );
#7416 = PRESENTATION_STYLE_ASSIGNMENT (( #4205 ) ) ;
#7417 = ORIENTED_EDGE ( 'NONE', *, *, #616, .T. ) ;
#7418 =( LENGTH_UNIT ( ) NAMED_UNIT ( * ) SI_UNIT ( .MILLI., .METRE. ) );
#7419 = ORIENTED_EDGE ( 'NONE', *, *, #953, .T. ) ;
#7420 = AXIS2_PLACEMENT_3D ( 'NONE', #6809, #6128, #6864 ) ;
#7421 = SURFACE_SIDE_STYLE ('',( #5361 ) ) ;
#7422 = SPHERICAL_SURFACE ( 'NONE', #133, 0.6500000000000003553 ) ;
#7423 = EDGE_LOOP ( 'NONE', ( #2937, #2135, #6178, #3429 ) ) ;
#7424 = DIRECTION ( 'NONE',  ( -1.000000000000000000, 0.000000000000000000, 0.000000000000000000 ) ) ;
#7425 = LINE ( 'NONE', #5329, #2649 ) ;
#7426 = FACE_BOUND ( 'NONE', #501, .T. ) ;
#7427 = COLOUR_RGB ( '',1.000000000000000000, 1.000000000000000000, 1.000000000000000000 ) ;
#7428 = VERTEX_POINT ( 'NONE', #6220 ) ;
#7429 = FACE_OUTER_BOUND ( 'NONE', #4043, .T. ) ;
#7430 = ORIENTED_EDGE ( 'NONE', *, *, #5826, .F. ) ;
#7431 = VERTEX_POINT ( 'NONE', #643 ) ;
#7432 = EDGE_CURVE ( 'NONE', #958, #424, #155, .T. ) ;
#7433 = SURFACE_STYLE_FILL_AREA ( #3214 ) ;
#7434 = PRESENTATION_LAYER_ASSIGNMENT (  '', '', ( #6153 ) ) ;
#7435 = EDGE_CURVE ( 'NONE', #2123, #163, #6136, .T. ) ;
#7436 = ADVANCED_FACE ( 'NONE', ( #6871 ), #6266, .T. ) ;
#7437 = ORIENTED_EDGE ( 'NONE', *, *, #620, .F. ) ;
#7438 =( NAMED_UNIT ( * ) SI_UNIT ( $, .STERADIAN. ) SOLID_ANGLE_UNIT ( ) );
#7439 = LINE ( 'NONE', #7477, #8334 ) ;
#7440 =( NAMED_UNIT ( * ) SI_UNIT ( $, .STERADIAN. ) SOLID_ANGLE_UNIT ( ) );
#7441 = ORIENTED_EDGE ( 'NONE', *, *, #557, .T. ) ;
#7442 = ORIENTED_EDGE ( 'NONE', *, *, #559, .T. ) ;
#7443 = VECTOR ( 'NONE', #4842, 1000.000000000000000 ) ;
#7444 = LINE ( 'NONE', #1297, #1380 ) ;
#7445 = ORIENTED_EDGE ( 'NONE', *, *, #3425, .T. ) ;
#7446 = CARTESIAN_POINT ( 'NONE',  ( 0.000000000000000000, 0.000000000000000000, 0.1499999999999999944 ) ) ;
#7447 = CARTESIAN_POINT ( 'NONE',  ( 0.000000000000000000, 0.5500754429267868950, 0.000000000000000000 ) ) ;
#7448 = VECTOR ( 'NONE', #4515, 1000.000000000000000 ) ;
#7449 = CARTESIAN_POINT ( 'NONE',  ( 2.980000000000000870, 3.999999999999999112, 3.017654449115059201 ) ) ;
#7450 = ORIENTED_EDGE ( 'NONE', *, *, #7545, .F. ) ;
#7451 = FILL_AREA_STYLE_COLOUR ( '', #819 ) ;
#7452 = COLOUR_RGB ( '',0.7960784313725489669, 0.8235294117647058432, 0.9372549019607843146 ) ;
#7453 = CARTESIAN_POINT ( 'NONE',  ( -5.734760885516596574, 0.000000000000000000, 0.000000000000000000 ) ) ;
#7454 = PRESENTATION_LAYER_ASSIGNMENT (  '', '', ( #8574 ) ) ;
#7455 = PRESENTATION_LAYER_ASSIGNMENT (  '', '', ( #5182 ) ) ;
#7456 =( NAMED_UNIT ( * ) PLANE_ANGLE_UNIT ( ) SI_UNIT ( $, .RADIAN. ) );
#7457 = CARTESIAN_POINT ( 'NONE',  ( 2.163148036665242469, 0.000000000000000000, 0.000000000000000000 ) ) ;
#7458 = LINE ( 'NONE', #7953, #6692 ) ;
#7459 = DIRECTION ( 'NONE',  ( 1.000000000000000000, 0.000000000000000000, -0.000000000000000000 ) ) ;
#7460 = ORIENTED_EDGE ( 'NONE', *, *, #6342, .T. ) ;
#7461 = MECHANICAL_DESIGN_GEOMETRIC_PRESENTATION_REPRESENTATION (  '', ( #3018 ), #1582 ) ;
#7462 = LINE ( 'NONE', #5539, #7466 ) ;
#7463 = CARTESIAN_POINT ( 'NONE',  ( -5.949819853805799141, 0.2692500179271393179, 0.4000000000000000222 ) ) ;
#7464 = VERTEX_POINT ( 'NONE', #1489 ) ;
#7465 = DIRECTION ( 'NONE',  ( 1.000000000000000000, 0.000000000000000000, 0.000000000000000000 ) ) ;
#7466 = VECTOR ( 'NONE', #60, 1000.000000000000000 ) ;
#7467 = LINE ( 'NONE', #4796, #8222 ) ;
#7468 = ORIENTED_EDGE ( 'NONE', *, *, #6286, .T. ) ;
#7469 = CARTESIAN_POINT ( 'NONE',  ( -11.94655025073976162, -3.000000000000000000, 0.000000000000000000 ) ) ;
#7470 = PRESENTATION_STYLE_ASSIGNMENT (( #4760 ) ) ;
#7471 = ORIENTED_EDGE ( 'NONE', *, *, #8154, .F. ) ;
#7472 = EDGE_LOOP ( 'NONE', ( #1227, #2152, #2849, #639 ) ) ;
#7473 = DIRECTION ( 'NONE',  ( 0.000000000000000000, -0.000000000000000000, -1.000000000000000000 ) ) ;
#7474 = VERTEX_POINT ( 'NONE', #4263 ) ;
#7475 = AXIS2_PLACEMENT_3D ( 'NONE', #7182, #2453, #3863 ) ;
#7476 = DIRECTION ( 'NONE',  ( -0.000000000000000000, 0.000000000000000000, -1.000000000000000000 ) ) ;
#7477 = CARTESIAN_POINT ( 'NONE',  ( 1.340000000000000080, 7.641130724221518733, 3.884080669685257448 ) ) ;
#7478 = COLOUR_RGB ( '',1.000000000000000000, 1.000000000000000000, 1.000000000000000000 ) ;
#7479 = EDGE_CURVE ( 'NONE', #4634, #6257, #6991, .T. ) ;
#7480 = EDGE_CURVE ( 'NONE', #2229, #4613, #379, .T. ) ;
#7481 = DIRECTION ( 'NONE',  ( -0.000000000000000000, 0.000000000000000000, 1.000000000000000000 ) ) ;
#7482 = EDGE_CURVE ( 'NONE', #5280, #8189, #3846, .T. ) ;
#7483 = ADVANCED_FACE ( 'NONE', ( #8435 ), #3608, .F. ) ;
#7484 = ORIENTED_EDGE ( 'NONE', *, *, #4087, .T. ) ;
#7485 = EDGE_CURVE ( 'NONE', #7106, #1953, #5155, .T. ) ;
#7486 = AXIS2_PLACEMENT_3D ( 'NONE', #4371, #2317, #7783 ) ;
#7487 = FACE_OUTER_BOUND ( 'NONE', #8304, .T. ) ;
#7488 = VERTEX_POINT ( 'NONE', #2254 ) ;
#7489 = SURFACE_SIDE_STYLE ('',( #4106 ) ) ;
#7490 = ORIENTED_EDGE ( 'NONE', *, *, #891, .F. ) ;
#7491 = ADVANCED_FACE ( 'NONE', ( #5069 ), #6536, .T. ) ;
#7492 =( NAMED_UNIT ( * ) PLANE_ANGLE_UNIT ( ) SI_UNIT ( $, .RADIAN. ) );
#7493 = EDGE_CURVE ( 'NONE', #5197, #4679, #3658, .T. ) ;
#7494 = SURFACE_STYLE_USAGE ( .BOTH. , #4154 ) ;
#7495 = ORIENTED_EDGE ( 'NONE', *, *, #6360, .F. ) ;
#7496 = SURFACE_STYLE_USAGE ( .BOTH. , #4827 ) ;
#7497 = PRESENTATION_STYLE_ASSIGNMENT (( #12 ) ) ;
#7498 = CARTESIAN_POINT ( 'NONE',  ( 0.6913539421220921133, -0.3913831919116187996, 0.1499999999999999944 ) ) ;
#7499 = SURFACE_STYLE_USAGE ( .BOTH. , #5574 ) ;
#7500 = DIRECTION ( 'NONE',  ( 0.000000000000000000, 0.000000000000000000, -1.000000000000000000 ) ) ;
#7501 = VECTOR ( 'NONE', #7553, 1000.000000000000000 ) ;
#7502 = PRESENTATION_STYLE_ASSIGNMENT (( #6162 ) ) ;
#7503 =( LENGTH_UNIT ( ) NAMED_UNIT ( * ) SI_UNIT ( .MILLI., .METRE. ) );
#7504 = EDGE_LOOP ( 'NONE', ( #3139, #6630, #4418, #2772 ) ) ;
#7505 = CARTESIAN_POINT ( 'NONE',  ( -1.480492736483534966, 1.315449244559767639, 0.1499999999999999944 ) ) ;
#7506 = FILL_AREA_STYLE ('',( #6217 ) ) ;
#7507 = ORIENTED_EDGE ( 'NONE', *, *, #117, .T. ) ;
#7508 = CARTESIAN_POINT ( 'NONE',  ( -2.938471846222877382, -0.6194252216434082969, 0.000000000000000000 ) ) ;
#7509 = PRESENTATION_STYLE_ASSIGNMENT (( #5620 ) ) ;
#7510 = FILL_AREA_STYLE_COLOUR ( '', #2647 ) ;
#7511 = CARTESIAN_POINT ( 'NONE',  ( 0.000000000000000000, -5.356808079531231392, 0.5000000000000000000 ) ) ;
#7512 = VECTOR ( 'NONE', #3755, 1000.000000000000000 ) ;
#7513 =( NAMED_UNIT ( * ) PLANE_ANGLE_UNIT ( ) SI_UNIT ( $, .RADIAN. ) );
#7514 = ORIENTED_EDGE ( 'NONE', *, *, #5309, .F. ) ;
#7515 = VECTOR ( 'NONE', #5013, 1000.000000000000000 ) ;
#7516 = DIRECTION ( 'NONE',  ( -1.000000000000000000, 0.000000000000000000, 0.000000000000000000 ) ) ;
#7517 = MECHANICAL_DESIGN_GEOMETRIC_PRESENTATION_REPRESENTATION (  '', ( #6240 ), #2349 ) ;
#7518 = FILL_AREA_STYLE_COLOUR ( '', #5751 ) ;
#7519 = VERTEX_POINT ( 'NONE', #5111 ) ;
#7520 = ORIENTED_EDGE ( 'NONE', *, *, #6580, .F. ) ;
#7521 = ADVANCED_FACE ( 'NONE', ( #6409 ), #6447, .T. ) ;
#7522 = DIRECTION ( 'NONE',  ( -0.000000000000000000, -0.000000000000000000, -1.000000000000000000 ) ) ;
#7523 = COLOUR_RGB ( '',0.2509803921568627416, 0.2509803921568627416, 0.2509803921568627416 ) ;
#7524 = VECTOR ( 'NONE', #18, 1000.000000000000000 ) ;
#7525 = VERTEX_POINT ( 'NONE', #4609 ) ;
#7526 = CARTESIAN_POINT ( 'NONE',  ( -0.8909452591481796802, -4.385197194226567952, 0.5000000000000000000 ) ) ;
#7527 = CARTESIAN_POINT ( 'NONE',  ( 1.602250989393667391, 0.000000000000000000, 0.1499999999999999944 ) ) ;
#7528 = VECTOR ( 'NONE', #5645, 1000.000000000000000 ) ;
#7529 = ORIENTED_EDGE ( 'NONE', *, *, #6192, .T. ) ;
#7530 = CARTESIAN_POINT ( 'NONE',  ( -4.402923696573366463, -0.7767525643175616779, 0.1500000000000000222 ) ) ;
#7531 = LINE ( 'NONE', #2693, #738 ) ;
#7532 = ORIENTED_EDGE ( 'NONE', *, *, #1427, .T. ) ;
#7533 = ADVANCED_FACE ( 'NONE', ( #3245 ), #5401, .F. ) ;
#7534 = SURFACE_STYLE_USAGE ( .BOTH. , #6203 ) ;
#7535 = DIRECTION ( 'NONE',  ( -0.000000000000000000, 1.000000000000000000, -0.000000000000000000 ) ) ;
#7536 =( GEOMETRIC_REPRESENTATION_CONTEXT ( 3 ) GLOBAL_UNCERTAINTY_ASSIGNED_CONTEXT ( ( #1544 ) ) GLOBAL_UNIT_ASSIGNED_CONTEXT ( ( #802, #19, #57 ) ) REPRESENTATION_CONTEXT ( 'NONE', 'WORKASPACE' ) );
#7537 = PRESENTATION_LAYER_ASSIGNMENT (  '', '', ( #2524 ) ) ;
#7538 = VERTEX_POINT ( 'NONE', #7367 ) ;
#7539 = EDGE_CURVE ( 'NONE', #6416, #1100, #5230, .T. ) ;
#7540 = CARTESIAN_POINT ( 'NONE',  ( -1.199999999999999734, 4.899999999999998579, 2.000000000000000000 ) ) ;
#7541 = VECTOR ( 'NONE', #5124, 1000.000000000000000 ) ;
#7542 = COLOUR_RGB ( '',1.000000000000000000, 0.000000000000000000, 0.000000000000000000 ) ;
#7543 = EDGE_CURVE ( 'NONE', #2278, #6317, #3981, .T. ) ;
#7544 = CARTESIAN_POINT ( 'NONE',  ( 3.809999999999997833, 4.827278989943721399, -2.000000000000000444 ) ) ;
#7545 = EDGE_CURVE ( 'NONE', #8130, #5919, #579, .T. ) ;
#7546 = DIRECTION ( 'NONE',  ( 0.000000000000000000, -0.000000000000000000, 1.000000000000000000 ) ) ;
#7547 = PRESENTATION_LAYER_ASSIGNMENT (  '', '', ( #238 ) ) ;
#7548 =( LENGTH_UNIT ( ) NAMED_UNIT ( * ) SI_UNIT ( .MILLI., .METRE. ) );
#7549 = LINE ( 'NONE', #4785, #4689 ) ;
#7550 = CARTESIAN_POINT ( 'NONE',  ( 7.518932503990860106, -5.267066187369637831, -2.000000000000000000 ) ) ;
#7551 = COLOUR_RGB ( '',1.000000000000000000, 1.000000000000000000, 1.000000000000000000 ) ;
#7552 = CARTESIAN_POINT ( 'NONE',  ( 8.146550250739759136, 4.336808689942017736E-16, 0.000000000000000000 ) ) ;
#7553 = DIRECTION ( 'NONE',  ( -0.000000000000000000, -0.000000000000000000, 1.000000000000000000 ) ) ;
#7554 = ORIENTED_EDGE ( 'NONE', *, *, #1334, .T. ) ;
#7555 = CARTESIAN_POINT ( 'NONE',  ( -2.938471846222877826, 2.803082408881607535, 0.4000000000000000222 ) ) ;
#7556 = PLANE ( 'NONE',  #7420 ) ;
#7557 = VECTOR ( 'NONE', #626, 1000.000000000000000 ) ;
#7558 = DIRECTION ( 'NONE',  ( 1.000000000000000000, 0.000000000000000000, 0.000000000000000000 ) ) ;
#7559 = ORIENTED_EDGE ( 'NONE', *, *, #7279, .F. ) ;
#7560 = CARTESIAN_POINT ( 'NONE',  ( 2.980000000000000870, 7.641130724221518733, 3.884080669685257448 ) ) ;
#7561 = CARTESIAN_POINT ( 'NONE',  ( -7.500000000000000000, 3.728180208693597120, 2.000000000000000000 ) ) ;
#7562 = SURFACE_STYLE_FILL_AREA ( #5547 ) ;
#7563 = VERTEX_POINT ( 'NONE', #4519 ) ;
#7564 = VECTOR ( 'NONE', #1054, 1000.000000000000000 ) ;
#7565 = CARTESIAN_POINT ( 'NONE',  ( -3.138471846222877559, 0.5500754429267868950, 0.1499999999999999944 ) ) ;
#7566 = SURFACE_STYLE_FILL_AREA ( #1456 ) ;
#7567 = ORIENTED_EDGE ( 'NONE', *, *, #4052, .T. ) ;
#7568 = ORIENTED_EDGE ( 'NONE', *, *, #6448, .T. ) ;
#7569 = CARTESIAN_POINT ( 'NONE',  ( -4.890165539036997799, 0.6740263370552496136, 0.1499999999999999944 ) ) ;
#7570 = VERTEX_POINT ( 'NONE', #6585 ) ;
#7571 = CARTESIAN_POINT ( 'NONE',  ( 0.000000000000000000, 0.9979665374599516747, 0.000000000000000000 ) ) ;
#7572 = STYLED_ITEM ( 'NONE', ( #3330 ), #2329 ) ;
#7573 = PRESENTATION_STYLE_ASSIGNMENT (( #4855 ) ) ;
#7574 = LINE ( 'NONE', #6277, #636 ) ;
#7575 = UNCERTAINTY_MEASURE_WITH_UNIT (LENGTH_MEASURE( 1.000000000000000082E-05 ), #1435, 'distance_accuracy_value', 'NONE');
#7576 = LINE ( 'NONE', #3311, #650 ) ;
#7577 = EDGE_LOOP ( 'NONE', ( #3040, #3535, #250, #3809 ) ) ;
#7578 = CIRCLE ( 'NONE', #536, 0.8278507393618635968 ) ;
#7579 = CARTESIAN_POINT ( 'NONE',  ( -3.143373282304380290, 1.768548375075875700, 0.1499999999999999944 ) ) ;
#7580 = VERTEX_POINT ( 'NONE', #7243 ) ;
#7581 = VECTOR ( 'NONE', #3346, 1000.000000000000000 ) ;
#7582 = CARTESIAN_POINT ( 'NONE',  ( -0.000000000000000000, 1.319777692792770019, 0.000000000000000000 ) ) ;
#7583 = FACE_BOUND ( 'NONE', #7989, .T. ) ;
#7584 =( GEOMETRIC_REPRESENTATION_CONTEXT ( 3 ) GLOBAL_UNCERTAINTY_ASSIGNED_CONTEXT ( ( #4187 ) ) GLOBAL_UNIT_ASSIGNED_CONTEXT ( ( #5550, #6948, #6139 ) ) REPRESENTATION_CONTEXT ( 'NONE', 'WORKASPACE' ) );
#7585 = LINE ( 'NONE', #4291, #2263 ) ;
#7586 = CARTESIAN_POINT ( 'NONE',  ( -7.500000000000000000, 3.728180208693597120, 2.000000000000000000 ) ) ;
#7587 = FILL_AREA_STYLE_COLOUR ( '', #7922 ) ;
#7588 = FILL_AREA_STYLE_COLOUR ( '', #5821 ) ;
#7589 = COLOUR_RGB ( '',0.2509803921568627416, 0.2509803921568627416, 0.2509803921568627416 ) ;
#7590 = CARTESIAN_POINT ( 'NONE',  ( 0.000000000000000000, 1.319777692792770019, 0.1499999999999999944 ) ) ;
#7591 = EDGE_CURVE ( 'NONE', #8455, #1684, #1093, .T. ) ;
#7592 = DIRECTION ( 'NONE',  ( -0.000000000000000000, -0.000000000000000000, -1.000000000000000000 ) ) ;
#7593 = EDGE_LOOP ( 'NONE', ( #7913, #4365, #6279, #2499 ) ) ;
#7594 = EDGE_CURVE ( 'NONE', #3202, #1500, #1800, .T. ) ;
#7595 = EDGE_CURVE ( 'NONE', #8191, #3909, #6865, .T. ) ;
#7596 = EDGE_CURVE ( 'NONE', #4837, #8746, #1399, .T. ) ;
#7597 =( NAMED_UNIT ( * ) SI_UNIT ( $, .STERADIAN. ) SOLID_ANGLE_UNIT ( ) );
#7598 = AXIS2_PLACEMENT_3D ( 'NONE', #2947, #7211, #2312 ) ;
#7599 = VECTOR ( 'NONE', #1260, 1000.000000000000000 ) ;
#7600 = DIRECTION ( 'NONE',  ( 1.000000000000000000, 0.000000000000000000, 0.000000000000000000 ) ) ;
#7601 = DIRECTION ( 'NONE',  ( -0.000000000000000000, -0.000000000000000000, -1.000000000000000000 ) ) ;
#7602 = LINE ( 'NONE', #7561, #357 ) ;
#7603 = LINE ( 'NONE', #6265, #2666 ) ;
#7604 =( NAMED_UNIT ( * ) PLANE_ANGLE_UNIT ( ) SI_UNIT ( $, .RADIAN. ) );
#7605 = VERTEX_POINT ( 'NONE', #4122 ) ;
#7606 = COLOUR_RGB ( '',0.2509803921568627416, 0.2509803921568627416, 0.2509803921568627416 ) ;
#7607 = CARTESIAN_POINT ( 'NONE',  ( 11.94655025073976162, -1.000000000000000000, 0.000000000000000000 ) ) ;
#7608 = VECTOR ( 'NONE', #1542, 1000.000000000000000 ) ;
#7609 = VERTEX_POINT ( 'NONE', #3380 ) ;
#7610 = ORIENTED_EDGE ( 'NONE', *, *, #7060, .F. ) ;
#7611 = ORIENTED_EDGE ( 'NONE', *, *, #7862, .F. ) ;
#7612 = LINE ( 'NONE', #1419, #4150 ) ;
#7613 = SURFACE_STYLE_FILL_AREA ( #777 ) ;
#7614 = DIRECTION ( 'NONE',  ( 1.000000000000000000, 0.000000000000000000, 0.000000000000000000 ) ) ;
#7615 = UNCERTAINTY_MEASURE_WITH_UNIT (LENGTH_MEASURE( 1.000000000000000082E-05 ), #8514, 'distance_accuracy_value', 'NONE');
#7616 = SURFACE_STYLE_USAGE ( .BOTH. , #4946 ) ;
#7617 = VECTOR ( 'NONE', #4348, 1000.000000000000000 ) ;
#7618 = EDGE_LOOP ( 'NONE', ( #6109, #5327, #5249, #4095 ) ) ;
#7619 = DIRECTION ( 'NONE',  ( 0.000000000000000000, -1.000000000000000000, 0.000000000000000000 ) ) ;
#7620 = DIRECTION ( 'NONE',  ( -0.000000000000000000, -0.000000000000000000, -1.000000000000000000 ) ) ;
#7621 = CARTESIAN_POINT ( 'NONE',  ( -10.94655025073975985, 4.336808689942017736E-16, 0.000000000000000000 ) ) ;
#7622 = VERTEX_POINT ( 'NONE', #8279 ) ;
#7623 = UNCERTAINTY_MEASURE_WITH_UNIT (LENGTH_MEASURE( 1.000000000000000082E-05 ), #7418, 'distance_accuracy_value', 'NONE');
#7624 = AXIS2_PLACEMENT_3D ( 'NONE', #5090, #7149, #4508 ) ;
#7625 = EDGE_CURVE ( 'NONE', #7774, #4642, #755, .T. ) ;
#7626 = CARTESIAN_POINT ( 'NONE',  ( -8.853235964556685616E-15, 2.091446606018403376, 0.000000000000000000 ) ) ;
#7627 = DIRECTION ( 'NONE',  ( -0.000000000000000000, -0.000000000000000000, -1.000000000000000000 ) ) ;
#7628 = SURFACE_STYLE_FILL_AREA ( #6159 ) ;
#7629 = LINE ( 'NONE', #5437, #5113 ) ;
#7630 =( LENGTH_UNIT ( ) NAMED_UNIT ( * ) SI_UNIT ( .MILLI., .METRE. ) );
#7631 = LINE ( 'NONE', #8197, #8234 ) ;
#7632 = ORIENTED_EDGE ( 'NONE', *, *, #8263, .T. ) ;
#7633 = SURFACE_STYLE_USAGE ( .BOTH. , #2025 ) ;
#7634 = EDGE_CURVE ( 'NONE', #8600, #4793, #6161, .T. ) ;
#7635 = LINE ( 'NONE', #2069, #4321 ) ;
#7636 = CARTESIAN_POINT ( 'NONE',  ( -1.280492736483534788, 0.9979665374599521188, 0.1499999999999999944 ) ) ;
#7637 = FILL_AREA_STYLE ('',( #66 ) ) ;
#7638 = MECHANICAL_DESIGN_GEOMETRIC_PRESENTATION_REPRESENTATION (  '', ( #7239 ), #4376 ) ;
#7639 = FILL_AREA_STYLE_COLOUR ( '', #1346 ) ;
#7640 = CARTESIAN_POINT ( 'NONE',  ( -1.480492736483535188, 2.803082408881607535, 0.000000000000000000 ) ) ;
#7641 = AXIS2_PLACEMENT_3D ( 'NONE', #3674, #7175, #8347 ) ;
#7642 = EDGE_CURVE ( 'NONE', #8405, #4385, #672, .T. ) ;
#7643 = PRESENTATION_STYLE_ASSIGNMENT (( #8171 ) ) ;
#7644 = VERTEX_POINT ( 'NONE', #2751 ) ;
#7645 = VERTEX_POINT ( 'NONE', #6119 ) ;
#7647 = CARTESIAN_POINT ( 'NONE',  ( 1.340000000000000080, 4.899999999999998579, 2.000000000000000000 ) ) ;
#7646 = VECTOR ( 'NONE', #8601, 1000.000000000000000 ) ;
#7648 = EDGE_CURVE ( 'NONE', #3167, #4935, #3503, .T. ) ;
#7649 = CARTESIAN_POINT ( 'NONE',  ( 1.252250989393667524, -5.430772972790946247E-16, 0.1499999999999999944 ) ) ;
#7650 = ORIENTED_EDGE ( 'NONE', *, *, #4865, .T. ) ;
#7651 = ADVANCED_FACE ( 'NONE', ( #2062 ), #4160, .T. ) ;
#7652 = PRESENTATION_STYLE_ASSIGNMENT (( #4455 ) ) ;
#7653 = EDGE_CURVE ( 'NONE', #4546, #7385, #7631, .T. ) ;
#7654 =( GEOMETRIC_REPRESENTATION_CONTEXT ( 3 ) GLOBAL_UNCERTAINTY_ASSIGNED_CONTEXT ( ( #8070 ) ) GLOBAL_UNIT_ASSIGNED_CONTEXT ( ( #6412, #2255, #3026 ) ) REPRESENTATION_CONTEXT ( 'NONE', 'WORKASPACE' ) );
#7655 = VERTEX_POINT ( 'NONE', #7550 ) ;
#7656 = SURFACE_STYLE_USAGE ( .BOTH. , #5348 ) ;
#7657 = ORIENTED_EDGE ( 'NONE', *, *, #4990, .F. ) ;
#7658 = CARTESIAN_POINT ( 'NONE',  ( 0.000000000000000000, 0.5500754429267872281, 0.1499999999999999944 ) ) ;
#7659 =( NAMED_UNIT ( * ) PLANE_ANGLE_UNIT ( ) SI_UNIT ( $, .RADIAN. ) );
#7660 = MECHANICAL_DESIGN_GEOMETRIC_PRESENTATION_REPRESENTATION (  '', ( #6821 ), #3807 ) ;
#7661 = AXIS2_PLACEMENT_3D ( 'NONE', #1614, #5576, #8326 ) ;
#7662 = ORIENTED_EDGE ( 'NONE', *, *, #7803, .T. ) ;
#7663 = CIRCLE ( 'NONE', #638, 0.8278507393618649290 ) ;
#7664 = MECHANICAL_DESIGN_GEOMETRIC_PRESENTATION_REPRESENTATION (  '', ( #4113 ), #2512 ) ;
#7665 = SURFACE_STYLE_USAGE ( .BOTH. , #880 ) ;
#7666 = MECHANICAL_DESIGN_GEOMETRIC_PRESENTATION_REPRESENTATION (  '', ( #1502 ), #8217 ) ;
#7667 = FACE_BOUND ( 'NONE', #4727, .T. ) ;
#7668 = VECTOR ( 'NONE', #629, 1000.000000000000000 ) ;
#7669 = PRESENTATION_STYLE_ASSIGNMENT (( #1563 ) ) ;
#7670 = VECTOR ( 'NONE', #5450, 1000.000000000000000 ) ;
#7671 = CARTESIAN_POINT ( 'NONE',  ( 13.94655025073976162, 1.000000000000000000, 0.000000000000000000 ) ) ;
#7672 = CARTESIAN_POINT ( 'NONE',  ( 1.282828802210860042, -3.005484622322586841, -3.000000000000000000 ) ) ;
#7673 = DIRECTION ( 'NONE',  ( 0.000000000000000000, -1.000000000000000000, 0.000000000000000000 ) ) ;
#7674 = CARTESIAN_POINT ( 'NONE',  ( 0.000000000000000000, 2.091446606018390497, 0.1499999999999999944 ) ) ;
#7675 = FILL_AREA_STYLE ('',( #8422 ) ) ;
#7676 = EDGE_LOOP ( 'NONE', ( #1424, #5743, #523, #1732 ) ) ;
#7677 = VECTOR ( 'NONE', #5014, 1000.000000000000000 ) ;
#7678 = LINE ( 'NONE', #7802, #574 ) ;
#7679 = PRESENTATION_LAYER_ASSIGNMENT (  '', '', ( #4128 ) ) ;
#7680 = CARTESIAN_POINT ( 'NONE',  ( -4.639999999999998792, 7.641130724221518733, 3.017654449115059201 ) ) ;
#7681 = LINE ( 'NONE', #6172, #5380 ) ;
#7682 = CARTESIAN_POINT ( 'NONE',  ( 7.500000000000000000, 3.728180208693597120, 2.000000000000000000 ) ) ;
#7683 = MECHANICAL_DESIGN_GEOMETRIC_PRESENTATION_REPRESENTATION (  '', ( #8384 ), #6420 ) ;
#7684 = CARTESIAN_POINT ( 'NONE',  ( 2.980000000000000870, 4.899999999999998579, 3.017654449115059201 ) ) ;
#7685 = DIRECTION ( 'NONE',  ( 0.000000000000000000, 0.000000000000000000, 1.000000000000000000 ) ) ;
#7686 = AXIS2_PLACEMENT_3D ( 'NONE', #3632, #4373, #2323 ) ;
#7687 = CARTESIAN_POINT ( 'NONE',  ( 0.000000000000000000, 0.5500754429267868950, 0.1499999999999999944 ) ) ;
#7688 = PRESENTATION_STYLE_ASSIGNMENT (( #1533 ) ) ;
#7689 = EDGE_LOOP ( 'NONE', ( #6370, #5785, #4627, #5690 ) ) ;
#7690 = ORIENTED_EDGE ( 'NONE', *, *, #463, .T. ) ;
#7691 = VECTOR ( 'NONE', #1623, 1000.000000000000000 ) ;
#7692 = PLANE ( 'NONE',  #7034 ) ;
#7693 = ORIENTED_EDGE ( 'NONE', *, *, #7850, .F. ) ;
#7694 = CARTESIAN_POINT ( 'NONE',  ( -2.099999999999999645, 4.899999999999998579, 3.017654449115059201 ) ) ;
#7695 = FILL_AREA_STYLE ('',( #7134 ) ) ;
#7696 = AXIS2_PLACEMENT_3D ( 'NONE', #1765, #3771, #5129 ) ;
#7697 =( LENGTH_UNIT ( ) NAMED_UNIT ( * ) SI_UNIT ( .MILLI., .METRE. ) );
#7698 = ORIENTED_EDGE ( 'NONE', *, *, #3924, .T. ) ;
#7699 = ADVANCED_FACE ( 'NONE', ( #6899 ), #1477, .F. ) ;
#7700 = EDGE_CURVE ( 'NONE', #2769, #7580, #6802, .T. ) ;
#7701 = CARTESIAN_POINT ( 'NONE',  ( -4.797984649922256928, -1.143254048349641838, 0.1499999999999999944 ) ) ;
#7702 = ORIENTED_EDGE ( 'NONE', *, *, #7060, .T. ) ;
#7703 = LINE ( 'NONE', #5597, #6484 ) ;
#7704 = EDGE_CURVE ( 'NONE', #5979, #3398, #6980, .T. ) ;
#7705 = EDGE_CURVE ( 'NONE', #6270, #6589, #800, .T. ) ;
#7706 = DIRECTION ( 'NONE',  ( 0.000000000000000000, 1.000000000000000000, -0.000000000000000000 ) ) ;
#7707 = VECTOR ( 'NONE', #7203, 1000.000000000000000 ) ;
#7708 = FILL_AREA_STYLE ('',( #171 ) ) ;
#7709 = ORIENTED_EDGE ( 'NONE', *, *, #1929, .F. ) ;
#7710 = PRESENTATION_LAYER_ASSIGNMENT (  '', '', ( #4010 ) ) ;
#7711 = DIRECTION ( 'NONE',  ( -1.000000000000000000, 0.000000000000000000, 0.000000000000000000 ) ) ;
#7712 = UNCERTAINTY_MEASURE_WITH_UNIT (LENGTH_MEASURE( 1.000000000000000082E-05 ), #8358, 'distance_accuracy_value', 'NONE');
#7713 = DIRECTION ( 'NONE',  ( 0.000000000000000000, -0.000000000000000000, -1.000000000000000000 ) ) ;
#7714 = COLOUR_RGB ( '',0.7960784313725489669, 0.8235294117647058432, 0.9372549019607843146 ) ;
#7715 = LINE ( 'NONE', #2908, #2835 ) ;
#7716 = FILL_AREA_STYLE ('',( #8372 ) ) ;
#7717 = FACE_OUTER_BOUND ( 'NONE', #3045, .T. ) ;
#7718 = CARTESIAN_POINT ( 'NONE',  ( 0.000000000000000000, 3.000000000000000000, 0.000000000000000000 ) ) ;
#7719 = DIRECTION ( 'NONE',  ( 0.000000000000000000, 0.000000000000000000, 1.000000000000000000 ) ) ;
#7720 = ORIENTED_EDGE ( 'NONE', *, *, #8622, .F. ) ;
#7721 = LINE ( 'NONE', #5662, #1021 ) ;
#7722 = ADVANCED_FACE ( 'NONE', ( #143 ), #984, .T. ) ;
#7723 = DIRECTION ( 'NONE',  ( -0.000000000000000000, -0.000000000000000000, -1.000000000000000000 ) ) ;
#7724 = LINE ( 'NONE', #2198, #2137 ) ;
#7725 = PLANE ( 'NONE',  #3793 ) ;
#7726 = AXIS2_PLACEMENT_3D ( 'NONE', #683, #8115, #3389 ) ;
#7727 = DIRECTION ( 'NONE',  ( 0.000000000000000000, -1.000000000000000000, 0.000000000000000000 ) ) ;
#7728 = CARTESIAN_POINT ( 'NONE',  ( 5.520000000000001350, 4.899999999999998579, 3.017654449115059201 ) ) ;
#7729 = PLANE ( 'NONE',  #5231 ) ;
#7730 = STYLED_ITEM ( 'NONE', ( #333 ), #1609 ) ;
#7731 = CARTESIAN_POINT ( 'NONE',  ( 5.356353281621393236, 0.1761656672350274677, 0.000000000000000000 ) ) ;
#7732 = ORIENTED_EDGE ( 'NONE', *, *, #7648, .F. ) ;
#7733 = ORIENTED_EDGE ( 'NONE', *, *, #4571, .F. ) ;
#7734 =( LENGTH_UNIT ( ) NAMED_UNIT ( * ) SI_UNIT ( .MILLI., .METRE. ) );
#7735 = EDGE_CURVE ( 'NONE', #7563, #6042, #8464, .T. ) ;
#7736 = VERTEX_POINT ( 'NONE', #6479 ) ;
#7737 = LINE ( 'NONE', #4360, #3728 ) ;
#7738 = DIRECTION ( 'NONE',  ( 1.000000000000000000, 0.000000000000000000, 0.000000000000000000 ) ) ;
#7739 = CARTESIAN_POINT ( 'NONE',  ( -1.199999999999999734, 3.999999999999999112, 3.017654449115059201 ) ) ;
#7740 = UNCERTAINTY_MEASURE_WITH_UNIT (LENGTH_MEASURE( 1.000000000000000082E-05 ), #942, 'distance_accuracy_value', 'NONE');
#7741 = STYLED_ITEM ( 'NONE', ( #1031 ), #1780 ) ;
#7742 = MECHANICAL_DESIGN_GEOMETRIC_PRESENTATION_REPRESENTATION (  '', ( #1294 ), #15 ) ;
#7743 = CARTESIAN_POINT ( 'NONE',  ( 0.6913539421220921133, 0.8197776927927701296, 0.1500000000000000222 ) ) ;
#7744 = ORIENTED_EDGE ( 'NONE', *, *, #7595, .T. ) ;
#7745 = VERTEX_POINT ( 'NONE', #6526 ) ;
#7746 = DIRECTION ( 'NONE',  ( -0.000000000000000000, -0.000000000000000000, -1.000000000000000000 ) ) ;
#7747 = PRESENTATION_LAYER_ASSIGNMENT (  '', '', ( #4904 ) ) ;
#7748 =( NAMED_UNIT ( * ) PLANE_ANGLE_UNIT ( ) SI_UNIT ( $, .RADIAN. ) );
#7749 = EDGE_LOOP ( 'NONE', ( #6695, #8607, #1534, #5218 ) ) ;
#7750 = EDGE_CURVE ( 'NONE', #6840, #5999, #4382, .T. ) ;
#7751 = EDGE_CURVE ( 'NONE', #2261, #33, #1035, .T. ) ;
#7752 = VECTOR ( 'NONE', #7746, 1000.000000000000000 ) ;
#7753 = CARTESIAN_POINT ( 'NONE',  ( -8.000000000000000000, -6.100000000000000533, -2.000000000000000000 ) ) ;
#7754 = CARTESIAN_POINT ( 'NONE',  ( -5.772468334849516935, 0.000000000000000000, 0.000000000000000000 ) ) ;
#7755 = EDGE_CURVE ( 'NONE', #4653, #3855, #7103, .T. ) ;
#7756 = EDGE_CURVE ( 'NONE', #813, #7645, #7023, .T. ) ;
#7757 = PLANE ( 'NONE',  #3526 ) ;
#7758 = CARTESIAN_POINT ( 'NONE',  ( 0.000000000000000000, 3.000000000000000000, -2.000000000000000000 ) ) ;
#7759 = ORIENTED_EDGE ( 'NONE', *, *, #6049, .T. ) ;
#7760 =( NAMED_UNIT ( * ) PLANE_ANGLE_UNIT ( ) SI_UNIT ( $, .RADIAN. ) );
#7761 = VECTOR ( 'NONE', #2865, 1000.000000000000000 ) ;
#7762 = CARTESIAN_POINT ( 'NONE',  ( 6.420000000000000817, 4.826793837766001793, 3.059473063321508146 ) ) ;
#7763 = FILL_AREA_STYLE ('',( #4437 ) ) ;
#7764 = DIRECTION ( 'NONE',  ( 0.000000000000000000, 0.000000000000000000, -1.000000000000000000 ) ) ;
#7765 = CARTESIAN_POINT ( 'NONE',  ( 11.94655025073976162, 1.000000000000000000, 0.000000000000000000 ) ) ;
#7766 = DIRECTION ( 'NONE',  ( 0.000000000000000000, 0.000000000000000000, 1.000000000000000000 ) ) ;
#7767 = DIRECTION ( 'NONE',  ( 0.000000000000000000, 0.000000000000000000, -1.000000000000000000 ) ) ;
#7768 = CARTESIAN_POINT ( 'NONE',  ( -2.938471846222876938, -0.2185654625746346891, 0.1499999999999999944 ) ) ;
#7769 = DIRECTION ( 'NONE',  ( -1.304779308234270448E-16, -1.000000000000000000, 0.000000000000000000 ) ) ;
#7770 = VERTEX_POINT ( 'NONE', #3107 ) ;
#7771 = ORIENTED_EDGE ( 'NONE', *, *, #3206, .T. ) ;
#7772 = DIRECTION ( 'NONE',  ( 0.000000000000000000, -1.000000000000000000, 0.000000000000000000 ) ) ;
#7773 = FILL_AREA_STYLE ('',( #1005 ) ) ;
#7774 = VERTEX_POINT ( 'NONE', #888 ) ;
#7775 = LINE ( 'NONE', #1681, #8758 ) ;
#7776 = DIRECTION ( 'NONE',  ( -0.000000000000000000, 0.000000000000000000, -1.000000000000000000 ) ) ;
#7777 = ORIENTED_EDGE ( 'NONE', *, *, #2044, .F. ) ;
#7778 = CARTESIAN_POINT ( 'NONE',  ( 0.4400000000000001688, 4.826793837766004458, 3.059473063321505482 ) ) ;
#7779 = EDGE_CURVE ( 'NONE', #33, #1369, #2331, .T. ) ;
#7780 = ORIENTED_EDGE ( 'NONE', *, *, #7148, .T. ) ;
#7781 = FILL_AREA_STYLE ('',( #1729 ) ) ;
#7782 = FILL_AREA_STYLE_COLOUR ( '', #6099 ) ;
#7783 = DIRECTION ( 'NONE',  ( 0.000000000000000000, 0.000000000000000000, 1.000000000000000000 ) ) ;
#7784 = EDGE_LOOP ( 'NONE', ( #6305, #6656, #7732, #7771 ) ) ;
#7785 = COLOUR_RGB ( '',1.000000000000000000, 1.000000000000000000, 1.000000000000000000 ) ;
#7786 = FACE_OUTER_BOUND ( 'NONE', #2631, .T. ) ;
#7787 = STYLED_ITEM ( 'NONE', ( #7189 ), #1069 ) ;
#7788 = ORIENTED_EDGE ( 'NONE', *, *, #3316, .T. ) ;
#7789 = PRESENTATION_LAYER_ASSIGNMENT (  '', '', ( #8626 ) ) ;
#7790 = FILL_AREA_STYLE ('',( #2378 ) ) ;
#7791 = MECHANICAL_DESIGN_GEOMETRIC_PRESENTATION_REPRESENTATION (  '', ( #8630 ), #3504 ) ;
#7792 = VECTOR ( 'NONE', #8012, 1000.000000000000000 ) ;
#7793 = CARTESIAN_POINT ( 'NONE',  ( 1.298978179107251218, -5.365916429288997591, 0.5000000000000000000 ) ) ;
#7794 = CARTESIAN_POINT ( 'NONE',  ( 0.000000000000000000, -0.8913831919116188551, 0.1499999999999999944 ) ) ;
#7795 = DIRECTION ( 'NONE',  ( -1.000000000000000000, -0.000000000000000000, -0.000000000000000000 ) ) ;
#7796 =( NAMED_UNIT ( * ) PLANE_ANGLE_UNIT ( ) SI_UNIT ( $, .RADIAN. ) );
#7798 = SURFACE_STYLE_USAGE ( .BOTH. , #322 ) ;
#7797 = VECTOR ( 'NONE', #2506, 1000.000000000000000 ) ;
#7799 = VERTEX_POINT ( 'NONE', #5015 ) ;
#7800 = UNCERTAINTY_MEASURE_WITH_UNIT (LENGTH_MEASURE( 1.000000000000000082E-05 ), #2732, 'distance_accuracy_value', 'NONE');
#7801 = EDGE_CURVE ( 'NONE', #663, #8424, #845, .T. ) ;
#7802 = CARTESIAN_POINT ( 'NONE',  ( 5.520000000000001350, 4.899999999999998579, 2.000000000000000000 ) ) ;
#7803 = EDGE_CURVE ( 'NONE', #3340, #2313, #5268, .T. ) ;
#7804 = VECTOR ( 'NONE', #3562, 1000.000000000000000 ) ;
#7805 = FILL_AREA_STYLE ('',( #6985 ) ) ;
#7806 = VECTOR ( 'NONE', #7877, 1000.000000000000000 ) ;
#7807 = LINE ( 'NONE', #1664, #1478 ) ;
#7808 = FACE_OUTER_BOUND ( 'NONE', #8023, .T. ) ;
#7809 =( NAMED_UNIT ( * ) SI_UNIT ( $, .STERADIAN. ) SOLID_ANGLE_UNIT ( ) );
#7810 =( NAMED_UNIT ( * ) PLANE_ANGLE_UNIT ( ) SI_UNIT ( $, .RADIAN. ) );
#7811 = SURFACE_STYLE_USAGE ( .BOTH. , #1708 ) ;
#7812 = VECTOR ( 'NONE', #7281, 1000.000000000000000 ) ;
#7813 = DIRECTION ( 'NONE',  ( -0.000000000000000000, -0.000000000000000000, -1.000000000000000000 ) ) ;
#7814 = SURFACE_SIDE_STYLE ('',( #2979 ) ) ;
#7815 = ORIENTED_EDGE ( 'NONE', *, *, #4709, .T. ) ;
#7816 = EDGE_LOOP ( 'NONE', ( #5843, #1384, #2441, #2351 ) ) ;
#7817 = FILL_AREA_STYLE ('',( #7170 ) ) ;
#7818 = PRESENTATION_LAYER_ASSIGNMENT (  '', '', ( #3686 ) ) ;
#7819 = ORIENTED_EDGE ( 'NONE', *, *, #2447, .F. ) ;
#7820 = CARTESIAN_POINT ( 'NONE',  ( -2.099999999999999645, 4.899999999999998579, 3.017654449115059201 ) ) ;
#7821 = SURFACE_SIDE_STYLE ('',( #1055 ) ) ;
#7822 = CARTESIAN_POINT ( 'NONE',  ( 5.356353281621393236, 0.1761656672350274677, 0.2999999999999999889 ) ) ;
#7823 = UNCERTAINTY_MEASURE_WITH_UNIT (LENGTH_MEASURE( 1.000000000000000082E-05 ), #8569, 'distance_accuracy_value', 'NONE');
#7824 = FILL_AREA_STYLE_COLOUR ( '', #8524 ) ;
#7825 = ORIENTED_EDGE ( 'NONE', *, *, #6176, .T. ) ;
#7826 =( GEOMETRIC_REPRESENTATION_CONTEXT ( 3 ) GLOBAL_UNCERTAINTY_ASSIGNED_CONTEXT ( ( #1633 ) ) GLOBAL_UNIT_ASSIGNED_CONTEXT ( ( #3067, #2396, #3752 ) ) REPRESENTATION_CONTEXT ( 'NONE', 'WORKASPACE' ) );
#7827 = CARTESIAN_POINT ( 'NONE',  ( 2.980000000000000870, 4.826793837766003570, 3.059473063321505926 ) ) ;
#7828 = ORIENTED_EDGE ( 'NONE', *, *, #308, .F. ) ;
#7829 = UNCERTAINTY_MEASURE_WITH_UNIT (LENGTH_MEASURE( 1.000000000000000082E-05 ), #3994, 'distance_accuracy_value', 'NONE');
#7830 = CARTESIAN_POINT ( 'NONE',  ( 0.000000000000000000, 1.768548375075876589, 0.1499999999999999944 ) ) ;
#7831 =( NAMED_UNIT ( * ) SI_UNIT ( $, .STERADIAN. ) SOLID_ANGLE_UNIT ( ) );
#7832 = VERTEX_POINT ( 'NONE', #4346 ) ;
#7833 = ORIENTED_EDGE ( 'NONE', *, *, #2556, .F. ) ;
#7834 = PLANE ( 'NONE',  #1070 ) ;
#7835 =( NAMED_UNIT ( * ) SI_UNIT ( $, .STERADIAN. ) SOLID_ANGLE_UNIT ( ) );
#7836 = UNCERTAINTY_MEASURE_WITH_UNIT (LENGTH_MEASURE( 1.000000000000000082E-05 ), #8166, 'distance_accuracy_value', 'NONE');
#7837 = LINE ( 'NONE', #6393, #6842 ) ;
#7838 = CARTESIAN_POINT ( 'NONE',  ( -6.350000000000000533, 4.827278989943721399, -2.000000000000000000 ) ) ;
#7839 = CARTESIAN_POINT ( 'NONE',  ( -4.639999999999998792, 4.826793837766020445, 3.059473063321488606 ) ) ;
#7840 = VERTEX_POINT ( 'NONE', #4471 ) ;
#7841 = CARTESIAN_POINT ( 'NONE',  ( -1.480492736483534744, 0.000000000000000000, 0.1499999999999999944 ) ) ;
#7842 = DIRECTION ( 'NONE',  ( -1.000000000000000000, 0.000000000000000000, 0.000000000000000000 ) ) ;
#7843 = DIRECTION ( 'NONE',  ( -0.000000000000000000, -0.000000000000000000, 1.000000000000000000 ) ) ;
#7844 = FACE_OUTER_BOUND ( 'NONE', #8036, .T. ) ;
#7845 = CARTESIAN_POINT ( 'NONE',  ( -13.94655025073976162, -1.000000000000000000, 0.000000000000000000 ) ) ;
#7846 = EDGE_CURVE ( 'NONE', #3855, #5859, #7065, .T. ) ;
#7847 =( NAMED_UNIT ( * ) SI_UNIT ( $, .STERADIAN. ) SOLID_ANGLE_UNIT ( ) );
#7848 = EDGE_CURVE ( 'NONE', #4090, #4059, #6828, .T. ) ;
#7849 = DIRECTION ( 'NONE',  ( -0.000000000000000000, -0.000000000000000000, -1.000000000000000000 ) ) ;
#7850 = EDGE_CURVE ( 'NONE', #1369, #7538, #4297, .T. ) ;
#7851 = EDGE_CURVE ( 'NONE', #6672, #8450, #6394, .T. ) ;
#7852 = DIRECTION ( 'NONE',  ( -0.000000000000000000, -0.000000000000000000, -1.000000000000000000 ) ) ;
#7853 = CARTESIAN_POINT ( 'NONE',  ( -0.3909452591481796802, 0.000000000000000000, 0.5000000000000000000 ) ) ;
#7854 = CARTESIAN_POINT ( 'NONE',  ( -0.3909452591481796802, -5.356808079531231392, 0.5000000000000000000 ) ) ;
#7855 = ORIENTED_EDGE ( 'NONE', *, *, #8182, .T. ) ;
#7856 = ORIENTED_EDGE ( 'NONE', *, *, #5510, .T. ) ;
#7857 = MECHANICAL_DESIGN_GEOMETRIC_PRESENTATION_REPRESENTATION (  '', ( #5874 ), #7029 ) ;
#7858 = DIRECTION ( 'NONE',  ( 0.000000000000000000, 1.000000000000000000, 0.000000000000000000 ) ) ;
#7859 = ORIENTED_EDGE ( 'NONE', *, *, #1944, .F. ) ;
#7860 = CARTESIAN_POINT ( 'NONE',  ( 6.948636131094521495, -5.267066187369637831, 0.1000000000000002554 ) ) ;
#7861 = DIRECTION ( 'NONE',  ( 1.105517393483657747E-16, -1.000000000000000000, 0.000000000000000000 ) ) ;
#7862 = EDGE_CURVE ( 'NONE', #6812, #3961, #5657, .T. ) ;
#7863 = UNCERTAINTY_MEASURE_WITH_UNIT (LENGTH_MEASURE( 1.000000000000000082E-05 ), #2462, 'distance_accuracy_value', 'NONE');
#7864 = CARTESIAN_POINT ( 'NONE',  ( 8.000000000000001776, -6.100000000000000533, -2.000000000000000000 ) ) ;
#7865 = ORIENTED_EDGE ( 'NONE', *, *, #7008, .F. ) ;
#7866 = PRESENTATION_LAYER_ASSIGNMENT (  '', '', ( #2002 ) ) ;
#7867 = CARTESIAN_POINT ( 'NONE',  ( 0.000000000000000000, -0.8913831919116188551, 0.1499999999999999944 ) ) ;
#7868 = PLANE ( 'NONE',  #1429 ) ;
#7869 = ORIENTED_EDGE ( 'NONE', *, *, #4379, .F. ) ;
#7870 =( NAMED_UNIT ( * ) PLANE_ANGLE_UNIT ( ) SI_UNIT ( $, .RADIAN. ) );
#7871 = SURFACE_STYLE_FILL_AREA ( #1690 ) ;
#7872 =( GEOMETRIC_REPRESENTATION_CONTEXT ( 3 ) GLOBAL_UNCERTAINTY_ASSIGNED_CONTEXT ( ( #6651 ) ) GLOBAL_UNIT_ASSIGNED_CONTEXT ( ( #7734, #5678, #292 ) ) REPRESENTATION_CONTEXT ( 'NONE', 'WORKASPACE' ) );
#7873 = ORIENTED_EDGE ( 'NONE', *, *, #741, .F. ) ;
#7874 = FACE_OUTER_BOUND ( 'NONE', #4450, .T. ) ;
#7875 = COLOUR_RGB ( '',1.000000000000000000, 1.000000000000000000, 1.000000000000000000 ) ;
#7876 = PRESENTATION_STYLE_ASSIGNMENT (( #5174 ) ) ;
#7877 = DIRECTION ( 'NONE',  ( 1.000000000000000000, 0.000000000000000000, 0.000000000000000000 ) ) ;
#7878 = ORIENTED_EDGE ( 'NONE', *, *, #5685, .F. ) ;
#7879 =( GEOMETRIC_REPRESENTATION_CONTEXT ( 3 ) GLOBAL_UNCERTAINTY_ASSIGNED_CONTEXT ( ( #3446 ) ) GLOBAL_UNIT_ASSIGNED_CONTEXT ( ( #2530, #1940, #2477 ) ) REPRESENTATION_CONTEXT ( 'NONE', 'WORKASPACE' ) );
#7880 = DIRECTION ( 'NONE',  ( 0.000000000000000000, 0.000000000000000000, 1.000000000000000000 ) ) ;
#7881 = DIRECTION ( 'NONE',  ( 1.000000000000000000, 9.598300946485960342E-16, -0.000000000000000000 ) ) ;
#7882 = CARTESIAN_POINT ( 'NONE',  ( 2.980000000000000870, 4.899999999999998579, 2.000000000000000000 ) ) ;
#7883 = EDGE_LOOP ( 'NONE', ( #6454, #323, #3124, #4045 ) ) ;
#7884 = EDGE_CURVE ( 'NONE', #8734, #1370, #2243, .T. ) ;
#7885 = CARTESIAN_POINT ( 'NONE',  ( 0.4913539421220920467, 0.8197776927927701296, 0.4000000000000000222 ) ) ;
#7886 = PLANE ( 'NONE',  #975 ) ;
#7887 = DIRECTION ( 'NONE',  ( -0.000000000000000000, 0.000000000000000000, -1.000000000000000000 ) ) ;
#7888 = CARTESIAN_POINT ( 'NONE',  ( -1.199999999999999734, 3.999999999999999112, 2.000000000000000000 ) ) ;
#7889 = AXIS2_PLACEMENT_3D ( 'NONE', #1598, #128, #6283 ) ;
#7890 =( NAMED_UNIT ( * ) PLANE_ANGLE_UNIT ( ) SI_UNIT ( $, .RADIAN. ) );
#7891 = FILL_AREA_STYLE ('',( #8515 ) ) ;
#7892 = EDGE_CURVE ( 'NONE', #3574, #560, #5142, .T. ) ;
#7893 = EDGE_LOOP ( 'NONE', ( #610, #84, #7720, #7344 ) ) ;
#7894 = PRESENTATION_STYLE_ASSIGNMENT (( #5322 ) ) ;
#7895 = VERTEX_POINT ( 'NONE', #5056 ) ;
#7896 = EDGE_LOOP ( 'NONE', ( #1628, #684, #4942, #3665 ) ) ;
#7897 = CARTESIAN_POINT ( 'NONE',  ( 1.813148036665242602, -0.8913831919116188551, 0.1499999999999999944 ) ) ;
#7898 =( NAMED_UNIT ( * ) PLANE_ANGLE_UNIT ( ) SI_UNIT ( $, .RADIAN. ) );
#7899 = ORIENTED_EDGE ( 'NONE', *, *, #997, .F. ) ;
#7900 = CARTESIAN_POINT ( 'NONE',  ( -3.143373282304379845, 1.315449244559767195, 0.1499999999999999944 ) ) ;
#7901 = DIRECTION ( 'NONE',  ( -0.000000000000000000, 0.000000000000000000, 1.000000000000000000 ) ) ;
#7902 = EDGE_CURVE ( 'NONE', #6633, #7799, #5754, .T. ) ;
#7903 = CARTESIAN_POINT ( 'NONE',  ( 0.2040164599795360190, -4.385197194226567952, 0.5000000000000000000 ) ) ;
#7904 = ORIENTED_EDGE ( 'NONE', *, *, #8408, .T. ) ;
#7905 = FILL_AREA_STYLE ('',( #6598 ) ) ;
#7906 = DIRECTION ( 'NONE',  ( 1.000000000000000000, 0.000000000000000000, 0.000000000000000000 ) ) ;
#7907 = ORIENTED_EDGE ( 'NONE', *, *, #2667, .F. ) ;
#7908 = SURFACE_SIDE_STYLE ('',( #6429 ) ) ;
#7909 = EDGE_CURVE ( 'NONE', #3909, #8255, #4429, .T. ) ;
#7910 = CARTESIAN_POINT ( 'NONE',  ( 1.602250989393667391, 0.000000000000000000, 0.1499999999999999944 ) ) ;
#7911 = EDGE_CURVE ( 'NONE', #6143, #5996, #4818, .T. ) ;
#7912 = EDGE_CURVE ( 'NONE', #3508, #3283, #1127, .T. ) ;
#7913 = ORIENTED_EDGE ( 'NONE', *, *, #4054, .T. ) ;
#7914 = CARTESIAN_POINT ( 'NONE',  ( -4.639999999999998792, 7.641130724221518733, 3.884080669685257448 ) ) ;
#7915 = PRESENTATION_LAYER_ASSIGNMENT (  '', '', ( #8615 ) ) ;
#7916 = ORIENTED_EDGE ( 'NONE', *, *, #2389, .F. ) ;
#7917 = ORIENTED_EDGE ( 'NONE', *, *, #6628, .T. ) ;
#7918 = SURFACE_SIDE_STYLE ('',( #1696 ) ) ;
#7919 = CIRCLE ( 'NONE', #3492, 0.6499999999999995781 ) ;
#7920 =( GEOMETRIC_REPRESENTATION_CONTEXT ( 3 ) GLOBAL_UNCERTAINTY_ASSIGNED_CONTEXT ( ( #5648 ) ) GLOBAL_UNIT_ASSIGNED_CONTEXT ( ( #5736, #3905, #4584 ) ) REPRESENTATION_CONTEXT ( 'NONE', 'WORKASPACE' ) );
#7921 = DIRECTION ( 'NONE',  ( 0.000000000000000000, -0.000000000000000000, -1.000000000000000000 ) ) ;
#7922 = COLOUR_RGB ( '',0.7529411764705882248, 0.000000000000000000, 0.7529411764705882248 ) ;
#7923 = DIRECTION ( 'NONE',  ( 0.000000000000000000, 1.000000000000000000, 0.000000000000000000 ) ) ;
#7924 = CARTESIAN_POINT ( 'NONE',  ( -0.6200000000000012168, 4.827278989943721399, -2.000000000000000000 ) ) ;
#7925 = ORIENTED_EDGE ( 'NONE', *, *, #8502, .F. ) ;
#7926 = VECTOR ( 'NONE', #2228, 1000.000000000000000 ) ;
#7927 = VECTOR ( 'NONE', #6856, 1000.000000000000000 ) ;
#7928 = LINE ( 'NONE', #8632, #5157 ) ;
#7929 = VECTOR ( 'NONE', #6301, 1000.000000000000000 ) ;
#7930 = LINE ( 'NONE', #1218, #1776 ) ;
#7931 =( LENGTH_UNIT ( ) NAMED_UNIT ( * ) SI_UNIT ( .MILLI., .METRE. ) );
#7932 =( NAMED_UNIT ( * ) SI_UNIT ( $, .STERADIAN. ) SOLID_ANGLE_UNIT ( ) );
#7933 = MECHANICAL_DESIGN_GEOMETRIC_PRESENTATION_REPRESENTATION (  '', ( #361 ), #224 ) ;
#7934 =( GEOMETRIC_REPRESENTATION_CONTEXT ( 3 ) GLOBAL_UNCERTAINTY_ASSIGNED_CONTEXT ( ( #5078 ) ) GLOBAL_UNIT_ASSIGNED_CONTEXT ( ( #93, #2013, #5565 ) ) REPRESENTATION_CONTEXT ( 'NONE', 'WORKASPACE' ) );
#7935 = DIRECTION ( 'NONE',  ( -0.000000000000000000, -0.000000000000000000, -1.000000000000000000 ) ) ;
#7936 = ORIENTED_EDGE ( 'NONE', *, *, #5679, .F. ) ;
#7937 = MECHANICAL_DESIGN_GEOMETRIC_PRESENTATION_REPRESENTATION (  '', ( #8368 ), #3675 ) ;
#7938 = DIRECTION ( 'NONE',  ( 4.336808689942016257E-16, 1.000000000000000000, 0.000000000000000000 ) ) ;
#7939 = ORIENTED_EDGE ( 'NONE', *, *, #2591, .T. ) ;
#7940 = ORIENTED_EDGE ( 'NONE', *, *, #4763, .F. ) ;
#7941 = CIRCLE ( 'NONE', #6254, 2.800000000000000266 ) ;
#7942 = AXIS2_PLACEMENT_3D ( 'NONE', #1463, #6962, #5081 ) ;
#7943 = DIRECTION ( 'NONE',  ( 1.000000000000000000, 0.000000000000000000, 0.000000000000000000 ) ) ;
#7944 = FACE_OUTER_BOUND ( 'NONE', #1141, .T. ) ;
#7945 = ORIENTED_EDGE ( 'NONE', *, *, #3917, .T. ) ;
#7946 = CARTESIAN_POINT ( 'NONE',  ( 3.880000000000000782, 4.899999999999998579, 2.000000000000000000 ) ) ;
#7947 =( NAMED_UNIT ( * ) PLANE_ANGLE_UNIT ( ) SI_UNIT ( $, .RADIAN. ) );
#7948 = CARTESIAN_POINT ( 'NONE',  ( -1.282828802210860042, -3.005484622322586841, -3.000000000000000000 ) ) ;
#7949 = CIRCLE ( 'NONE', #1373, 0.2145018023815153663 ) ;
#7950 = LINE ( 'NONE', #1238, #2244 ) ;
#7951 = VERTEX_POINT ( 'NONE', #2421 ) ;
#7952 = VECTOR ( 'NONE', #2831, 1000.000000000000000 ) ;
#7953 = CARTESIAN_POINT ( 'NONE',  ( -4.890165539036997799, 0.000000000000000000, 0.000000000000000000 ) ) ;
#7954 = PRESENTATION_STYLE_ASSIGNMENT (( #4623 ) ) ;
#7955 = ORIENTED_EDGE ( 'NONE', *, *, #4367, .T. ) ;
#7956 = VERTEX_POINT ( 'NONE', #1836 ) ;
#7957 = DIRECTION ( 'NONE',  ( -1.000000000000000000, -0.000000000000000000, -0.000000000000000000 ) ) ;
#7958 = LINE ( 'NONE', #1774, #5096 ) ;
#7959 = EDGE_CURVE ( 'NONE', #7428, #2985, #3836, .T. ) ;
#7960 = PRESENTATION_LAYER_ASSIGNMENT (  '', '', ( #3990 ) ) ;
#7961 = ADVANCED_FACE ( 'NONE', ( #8676 ), #1921, .T. ) ;
#7962 = EDGE_CURVE ( 'NONE', #163, #5457, #570, .T. ) ;
#7963 = CARTESIAN_POINT ( 'NONE',  ( -8.146550250739759136, 7.765819727554607998E-16, 0.000000000000000000 ) ) ;
#7964 = EDGE_CURVE ( 'NONE', #6184, #6274, #5924, .T. ) ;
#7965 = ORIENTED_EDGE ( 'NONE', *, *, #3049, .F. ) ;
#7966 = ORIENTED_EDGE ( 'NONE', *, *, #7850, .T. ) ;
#7967 = CARTESIAN_POINT ( 'NONE',  ( 0.000000000000000000, 0.000000000000000000, 0.2999999999999999889 ) ) ;
#7968 = VECTOR ( 'NONE', #1222, 1000.000000000000000 ) ;
#7969 = LINE ( 'NONE', #1835, #8813 ) ;
#7970 =( GEOMETRIC_REPRESENTATION_CONTEXT ( 3 ) GLOBAL_UNCERTAINTY_ASSIGNED_CONTEXT ( ( #3726 ) ) GLOBAL_UNIT_ASSIGNED_CONTEXT ( ( #3441, #4897, #6188 ) ) REPRESENTATION_CONTEXT ( 'NONE', 'WORKASPACE' ) );
#7971 = CARTESIAN_POINT ( 'NONE',  ( -4.270710445465622840, 0.2692500179271393179, 0.4000000000000000222 ) ) ;
#7972 = LINE ( 'NONE', #5925, #3539 ) ;
#7973 = SURFACE_SIDE_STYLE ('',( #4473 ) ) ;
#7974 = ORIENTED_EDGE ( 'NONE', *, *, #5354, .T. ) ;
#7975 = PRESENTATION_LAYER_ASSIGNMENT (  '', '', ( #1255 ) ) ;
#7976 = DIRECTION ( 'NONE',  ( 0.000000000000000000, -1.000000000000000000, 0.000000000000000000 ) ) ;
#7977 = FILL_AREA_STYLE_COLOUR ( '', #71 ) ;
#7978 = LINE ( 'NONE', #7414, #778 ) ;
#7979 = VECTOR ( 'NONE', #6895, 1000.000000000000000 ) ;
#7980 = VERTEX_POINT ( 'NONE', #1082 ) ;
#7981 =( NAMED_UNIT ( * ) SI_UNIT ( $, .STERADIAN. ) SOLID_ANGLE_UNIT ( ) );
#7982 = EDGE_LOOP ( 'NONE', ( #3770, #5234, #8080, #929 ) ) ;
#7983 = VERTEX_POINT ( 'NONE', #8544 ) ;
#7984 = ORIENTED_EDGE ( 'NONE', *, *, #2219, .T. ) ;
#7985 = PRESENTATION_STYLE_ASSIGNMENT (( #5201 ) ) ;
#7986 = AXIS2_PLACEMENT_3D ( 'NONE', #3267, #6002, #2596 ) ;
#7987 = CARTESIAN_POINT ( 'NONE',  ( -3.739999999999999325, 3.999999999999999112, 3.017654449115059201 ) ) ;
#7988 = PRESENTATION_STYLE_ASSIGNMENT (( #8648 ) ) ;
#7989 = EDGE_LOOP ( 'NONE', ( #8283, #668, #1418, #7873, #3140, #1693, #7274, #146, #1259, #2452, #2801, #4359, #3312, #7185, #2981, #7202, #1187, #7611, #4465, #4132, #5954, #1291, #5537, #7441, #5282, #7195, #6964, #6460 ) ) ;
#7990 = ORIENTED_EDGE ( 'NONE', *, *, #134, .T. ) ;
#7991 = PRESENTATION_LAYER_ASSIGNMENT (  '', '', ( #5439 ) ) ;
#7992 = EDGE_CURVE ( 'NONE', #1139, #2632, #4638, .T. ) ;
#7993 = CYLINDRICAL_SURFACE ( 'NONE', #4967, 0.8278507393618658172 ) ;
#7994 = ORIENTED_EDGE ( 'NONE', *, *, #2438, .T. ) ;
#7995 = LINE ( 'NONE', #4628, #2273 ) ;
#7996 = PRESENTATION_STYLE_ASSIGNMENT (( #4047 ) ) ;
#7997 = DIRECTION ( 'NONE',  ( 0.000000000000000000, -1.000000000000000000, 0.000000000000000000 ) ) ;
#7998 = LINE ( 'NONE', #2418, #4544 ) ;
#7999 = ORIENTED_EDGE ( 'NONE', *, *, #2600, .F. ) ;
#8000 = ADVANCED_FACE ( 'NONE', ( #6652 ), #3920, .F. ) ;
#8001 = ORIENTED_EDGE ( 'NONE', *, *, #6467, .F. ) ;
#8002 = PRESENTATION_LAYER_ASSIGNMENT (  '', '', ( #3008 ) ) ;
#8003 = VECTOR ( 'NONE', #7061, 1000.000000000000000 ) ;
#8004 = SURFACE_STYLE_USAGE ( .BOTH. , #3355 ) ;
#8005 = EDGE_CURVE ( 'NONE', #5197, #7209, #6615, .T. ) ;
#8006 = ADVANCED_FACE ( 'NONE', ( #443 ), #5271, .T. ) ;
#8007 = ADVANCED_FACE ( 'NONE', ( #2779 ), #4912, .T. ) ;
#8008 =( GEOMETRIC_REPRESENTATION_CONTEXT ( 3 ) GLOBAL_UNCERTAINTY_ASSIGNED_CONTEXT ( ( #2777 ) ) GLOBAL_UNIT_ASSIGNED_CONTEXT ( ( #2889, #5456, #2724 ) ) REPRESENTATION_CONTEXT ( 'NONE', 'WORKASPACE' ) );
#8009 = LINE ( 'NONE', #1126, #8237 ) ;
#8010 = AXIS2_PLACEMENT_3D ( 'NONE', #750, #3494, #5567 ) ;
#8011 = CIRCLE ( 'NONE', #4907, 0.6499999999999995781 ) ;
#8012 = DIRECTION ( 'NONE',  ( -1.000000000000000000, -4.233068125708002185E-15, 0.000000000000000000 ) ) ;
#8013 = CARTESIAN_POINT ( 'NONE',  ( 8.000000000000000000, -3.000000000000000000, 0.000000000000000000 ) ) ;
#8014 = ORIENTED_EDGE ( 'NONE', *, *, #8041, .T. ) ;
#8015 = VERTEX_POINT ( 'NONE', #8232 ) ;
#8016 = VECTOR ( 'NONE', #6127, 1000.000000000000000 ) ;
#8017 = ADVANCED_FACE ( 'NONE', ( #4822 ), #3319, .T. ) ;
#8018 = CARTESIAN_POINT ( 'NONE',  ( 6.378339758198182885, -5.267066187369637831, 0.000000000000000000 ) ) ;
#8019 = SURFACE_STYLE_FILL_AREA ( #7413 ) ;
#8020 = LINE ( 'NONE', #416, #3662 ) ;
#8021 = VECTOR ( 'NONE', #7196, 1000.000000000000000 ) ;
#8022 = DIRECTION ( 'NONE',  ( 1.000000000000000000, 9.571434588722602042E-16, -0.000000000000000000 ) ) ;
#8023 = EDGE_LOOP ( 'NONE', ( #7430, #1868, #6540, #3436 ) ) ;
#8024 = EDGE_LOOP ( 'NONE', ( #3524, #5256 ) ) ;
#8025 = ORIENTED_EDGE ( 'NONE', *, *, #4873, .F. ) ;
#8026 = PLANE ( 'NONE',  #2978 ) ;
#8027 = ORIENTED_EDGE ( 'NONE', *, *, #5048, .T. ) ;
#8028 = LINE ( 'NONE', #5241, #2107 ) ;
#8029 = FILL_AREA_STYLE ('',( #1985 ) ) ;
#8030 =( NAMED_UNIT ( * ) SI_UNIT ( $, .STERADIAN. ) SOLID_ANGLE_UNIT ( ) );
#8031 = LINE ( 'NONE', #2583, #3246 ) ;
#8032 = VERTEX_POINT ( 'NONE', #8097 ) ;
#8033 = STYLED_ITEM ( 'NONE', ( #5044 ), #1993 ) ;
#8034 = DIRECTION ( 'NONE',  ( 0.000000000000000000, 0.000000000000000000, -1.000000000000000000 ) ) ;
#8035 = ORIENTED_EDGE ( 'NONE', *, *, #1766, .F. ) ;
#8036 = EDGE_LOOP ( 'NONE', ( #7146, #3984, #2168, #7650 ) ) ;
#8037 = LINE ( 'NONE', #1243, #1786 ) ;
#8038 = ORIENTED_EDGE ( 'NONE', *, *, #5906, .F. ) ;
#8039 = SURFACE_STYLE_FILL_AREA ( #4092 ) ;
#8040 = LINE ( 'NONE', #1909, #6226 ) ;
#8041 = EDGE_CURVE ( 'NONE', #3866, #1059, #8760, .T. ) ;
#8042 = PRESENTATION_STYLE_ASSIGNMENT (( #3912 ) ) ;
#8043 = ORIENTED_EDGE ( 'NONE', *, *, #3375, .F. ) ;
#8044 = EDGE_LOOP ( 'NONE', ( #5323, #6105, #3396, #3899 ) ) ;
#8045 = FILL_AREA_STYLE_COLOUR ( '', #2504 ) ;
#8046 = DIRECTION ( 'NONE',  ( 0.000000000000000000, 1.000000000000000000, 0.000000000000000000 ) ) ;
#8047 = ORIENTED_EDGE ( 'NONE', *, *, #2823, .T. ) ;
#8048 =( GEOMETRIC_REPRESENTATION_CONTEXT ( 3 ) GLOBAL_UNCERTAINTY_ASSIGNED_CONTEXT ( ( #4703 ) ) GLOBAL_UNIT_ASSIGNED_CONTEXT ( ( #6537, #1802, #3291 ) ) REPRESENTATION_CONTEXT ( 'NONE', 'WORKASPACE' ) );
#8049 = VECTOR ( 'NONE', #868, 1000.000000000000000 ) ;
#8050 = UNCERTAINTY_MEASURE_WITH_UNIT (LENGTH_MEASURE( 1.000000000000000082E-05 ), #8174, 'distance_accuracy_value', 'NONE');
#8051 = SURFACE_STYLE_FILL_AREA ( #4229 ) ;
#8052 = DIRECTION ( 'NONE',  ( -0.000000000000000000, -0.000000000000000000, -1.000000000000000000 ) ) ;
#8053 = ORIENTED_EDGE ( 'NONE', *, *, #4712, .T. ) ;
#8054 = VECTOR ( 'NONE', #5021, 1000.000000000000000 ) ;
#8055 = SURFACE_SIDE_STYLE ('',( #3284 ) ) ;
#8056 = AXIS2_PLACEMENT_3D ( 'NONE', #2457, #5964, #3868 ) ;
#8057 = CARTESIAN_POINT ( 'NONE',  ( -7.500000000000000000, 5.728180208693597564, 2.000000000000000000 ) ) ;
#8058 = LINE ( 'NONE', #4566, #7448 ) ;
#8059 = PRESENTATION_STYLE_ASSIGNMENT (( #6758 ) ) ;
#8060 = CARTESIAN_POINT ( 'NONE',  ( 2.363148036665242646, -0.3913831919116189106, 0.4000000000000000222 ) ) ;
#8061 = VECTOR ( 'NONE', #7813, 1000.000000000000000 ) ;
#8062 = SURFACE_SIDE_STYLE ('',( #4647 ) ) ;
#8063 = EDGE_CURVE ( 'NONE', #4458, #1599, #5816, .T. ) ;
#8064 = VERTEX_POINT ( 'NONE', #2232 ) ;
#8065 = EDGE_CURVE ( 'NONE', #2400, #8567, #2321, .T. ) ;
#8066 = ORIENTED_EDGE ( 'NONE', *, *, #6580, .T. ) ;
#8067 = STYLED_ITEM ( 'NONE', ( #8250 ), #872 ) ;
#8068 = VECTOR ( 'NONE', #7601, 1000.000000000000000 ) ;
#8069 = LINE ( 'NONE', #8161, #2256 ) ;
#8070 = UNCERTAINTY_MEASURE_WITH_UNIT (LENGTH_MEASURE( 1.000000000000000082E-05 ), #6412, 'distance_accuracy_value', 'NONE');
#8071 = FILL_AREA_STYLE_COLOUR ( '', #838 ) ;
#8072 = VECTOR ( 'NONE', #311, 1000.000000000000000 ) ;
#8073 = ORIENTED_EDGE ( 'NONE', *, *, #3049, .T. ) ;
#8074 = VECTOR ( 'NONE', #4921, 1000.000000000000000 ) ;
#8075 =( NAMED_UNIT ( * ) PLANE_ANGLE_UNIT ( ) SI_UNIT ( $, .RADIAN. ) );
#8076 = CARTESIAN_POINT ( 'NONE',  ( 1.252250989393667302, 0.8197776927927701296, 0.1499999999999999944 ) ) ;
#8077 = PLANE ( 'NONE',  #2783 ) ;
#8078 = SURFACE_STYLE_USAGE ( .BOTH. , #7301 ) ;
#8079 = CIRCLE ( 'NONE', #5653, 2.000000000000000000 ) ;
#8080 = ORIENTED_EDGE ( 'NONE', *, *, #7902, .F. ) ;
#8081 =( NAMED_UNIT ( * ) PLANE_ANGLE_UNIT ( ) SI_UNIT ( $, .RADIAN. ) );
#8082 = VERTEX_POINT ( 'NONE', #8413 ) ;
#8083 = ORIENTED_EDGE ( 'NONE', *, *, #2195, .T. ) ;
#8084 = STYLED_ITEM ( 'NONE', ( #2138 ), #8007 ) ;
#8085 = PRESENTATION_STYLE_ASSIGNMENT (( #6734 ) ) ;
#8086 = VECTOR ( 'NONE', #3025, 1000.000000000000000 ) ;
#8087 = EDGE_LOOP ( 'NONE', ( #767, #2943, #3623, #4464 ) ) ;
#8088 = FACE_OUTER_BOUND ( 'NONE', #4577, .T. ) ;
#8089 = LINE ( 'NONE', #4504, #2343 ) ;
#8090 = MECHANICAL_DESIGN_GEOMETRIC_PRESENTATION_REPRESENTATION (  '', ( #8799 ), #504 ) ;
#8091 = CARTESIAN_POINT ( 'NONE',  ( -1.199999999999999734, 4.899999999999998579, 2.000000000000000000 ) ) ;
#8092 = VECTOR ( 'NONE', #1976, 1000.000000000000000 ) ;
#8093 = ORIENTED_EDGE ( 'NONE', *, *, #6516, .F. ) ;
#8094 = VECTOR ( 'NONE', #5057, 1000.000000000000000 ) ;
#8095 = ORIENTED_EDGE ( 'NONE', *, *, #2274, .T. ) ;
#8096 = PRESENTATION_LAYER_ASSIGNMENT (  '', '', ( #97 ) ) ;
#8097 = CARTESIAN_POINT ( 'NONE',  ( -3.739999999999999325, 4.899999999999998579, 2.000000000000000000 ) ) ;
#8098 =( LENGTH_UNIT ( ) NAMED_UNIT ( * ) SI_UNIT ( .MILLI., .METRE. ) );
#8099 = DIRECTION ( 'NONE',  ( 1.000000000000000000, 0.000000000000000000, 0.000000000000000000 ) ) ;
#8100 = CARTESIAN_POINT ( 'NONE',  ( -1.275591300402032724, 0.000000000000000000, 0.000000000000000000 ) ) ;
#8101 = ORIENTED_EDGE ( 'NONE', *, *, #7848, .F. ) ;
#8102 =( LENGTH_UNIT ( ) NAMED_UNIT ( * ) SI_UNIT ( .MILLI., .METRE. ) );
#8103 = PRESENTATION_STYLE_ASSIGNMENT (( #1704 ) ) ;
#8104 = SURFACE_STYLE_USAGE ( .BOTH. , #4737 ) ;
#8105 = CARTESIAN_POINT ( 'NONE',  ( 3.809999999999997833, 4.827278989943721399, -2.000000000000000000 ) ) ;
#8106 =( NAMED_UNIT ( * ) PLANE_ANGLE_UNIT ( ) SI_UNIT ( $, .RADIAN. ) );
#8107 = DIRECTION ( 'NONE',  ( -0.000000000000000000, -0.000000000000000000, -1.000000000000000000 ) ) ;
#8108 = SURFACE_STYLE_USAGE ( .BOTH. , #8486 ) ;
#8109 = PLANE ( 'NONE',  #5654 ) ;
#8110 = ORIENTED_EDGE ( 'NONE', *, *, #8605, .T. ) ;
#8111 = DIRECTION ( 'NONE',  ( 0.000000000000000000, 1.000000000000000000, 0.000000000000000000 ) ) ;
#8112 = VECTOR ( 'NONE', #6668, 1000.000000000000000 ) ;
#8113 = CARTESIAN_POINT ( 'NONE',  ( 0.4913539421220920467, -0.3913831919116189106, 0.000000000000000000 ) ) ;
#8114 = ADVANCED_FACE ( 'NONE', ( #2905 ), #5698, .T. ) ;
#8115 = DIRECTION ( 'NONE',  ( 1.000000000000000000, 0.000000000000000000, -0.000000000000000000 ) ) ;
#8116 = ORIENTED_EDGE ( 'NONE', *, *, #8837, .T. ) ;
#8117 = CARTESIAN_POINT ( 'NONE',  ( -10.94655025073975985, 4.336808689942017736E-16, 0.000000000000000000 ) ) ;
#8118 = EDGE_CURVE ( 'NONE', #1983, #1164, #5135, .T. ) ;
#8119 = EDGE_CURVE ( 'NONE', #5708, #3935, #3687, .T. ) ;
#8120 = DIRECTION ( 'NONE',  ( -1.000000000000000000, 0.000000000000000000, 0.000000000000000000 ) ) ;
#8121 = ADVANCED_FACE ( 'NONE', ( #7786 ), #3002, .F. ) ;
#8122 = CARTESIAN_POINT ( 'NONE',  ( 1.340000000000000080, 3.999999999999999112, 2.000000000000000000 ) ) ;
#8123 =( NAMED_UNIT ( * ) PLANE_ANGLE_UNIT ( ) SI_UNIT ( $, .RADIAN. ) );
#8124 = EDGE_CURVE ( 'NONE', #2359, #631, #1221, .T. ) ;
#8125 = ORIENTED_EDGE ( 'NONE', *, *, #2715, .F. ) ;
#8126 = ORIENTED_EDGE ( 'NONE', *, *, #4222, .T. ) ;
#8127 = EDGE_LOOP ( 'NONE', ( #788, #4522, #4193, #4764 ) ) ;
#8128 = LINE ( 'NONE', #1858, #8786 ) ;
#8129 = VECTOR ( 'NONE', #2549, 1000.000000000000000 ) ;
#8130 = VERTEX_POINT ( 'NONE', #8367 ) ;
#8131 = LINE ( 'NONE', #119, #2996 ) ;
#8132 = ADVANCED_FACE ( 'NONE', ( #3545 ), #7145, .F. ) ;
#8133 = SURFACE_STYLE_USAGE ( .BOTH. , #4724 ) ;
#8134 = CARTESIAN_POINT ( 'NONE',  ( -6.280000000000000249, 7.641130724221518733, 3.884080669685257448 ) ) ;
#8135 = ADVANCED_FACE ( 'NONE', ( #6291 ), #6471, .T. ) ;
#8136 = PLANE ( 'NONE',  #4548 ) ;
#8137 = VERTEX_POINT ( 'NONE', #5875 ) ;
#8138 = CARTESIAN_POINT ( 'NONE',  ( -13.94655025073976162, 1.000000000000000000, -2.000000000000000000 ) ) ;
#8139 = ORIENTED_EDGE ( 'NONE', *, *, #2613, .F. ) ;
#8140 = AXIS2_PLACEMENT_3D ( 'NONE', #1406, #2756, #722 ) ;
#8141 = ORIENTED_EDGE ( 'NONE', *, *, #8065, .F. ) ;
#8142 = DIRECTION ( 'NONE',  ( -1.000000000000000000, 0.000000000000000000, 0.000000000000000000 ) ) ;
#8143 = PRESENTATION_LAYER_ASSIGNMENT (  '', '', ( #2001 ) ) ;
#8144 = PRESENTATION_LAYER_ASSIGNMENT (  '', '', ( #3153 ) ) ;
#8145 = ORIENTED_EDGE ( 'NONE', *, *, #5949, .F. ) ;
#8146 = DIRECTION ( 'NONE',  ( 1.000000000000000000, 0.000000000000000000, -0.000000000000000000 ) ) ;
#8147 = SURFACE_STYLE_FILL_AREA ( #2616 ) ;
#8148 = STYLED_ITEM ( 'NONE', ( #782 ), #4284 ) ;
#8149 =( GEOMETRIC_REPRESENTATION_CONTEXT ( 3 ) GLOBAL_UNCERTAINTY_ASSIGNED_CONTEXT ( ( #1682 ) ) GLOBAL_UNIT_ASSIGNED_CONTEXT ( ( #4339, #4870, #5603 ) ) REPRESENTATION_CONTEXT ( 'NONE', 'WORKASPACE' ) );
#8150 = PRESENTATION_LAYER_ASSIGNMENT (  '', '', ( #1294 ) ) ;
#8151 = DIRECTION ( 'NONE',  ( 1.000000000000000000, 0.000000000000000000, 0.000000000000000000 ) ) ;
#8152 = CIRCLE ( 'NONE', #7696, 0.5702963728963384993 ) ;
#8153 = PLANE ( 'NONE',  #6555 ) ;
#8154 = EDGE_CURVE ( 'NONE', #7519, #1686, #5300, .T. ) ;
#8155 =( LENGTH_UNIT ( ) NAMED_UNIT ( * ) SI_UNIT ( .MILLI., .METRE. ) );
#8156 = FACE_OUTER_BOUND ( 'NONE', #2223, .T. ) ;
#8157 = FACE_OUTER_BOUND ( 'NONE', #3581, .T. ) ;
#8158 = ORIENTED_EDGE ( 'NONE', *, *, #3644, .T. ) ;
#8159 = PRESENTATION_LAYER_ASSIGNMENT (  '', '', ( #5746 ) ) ;
#8160 = CARTESIAN_POINT ( 'NONE',  ( -1.480492736483534744, -0.2185654625746343560, 0.000000000000000000 ) ) ;
#8161 = CARTESIAN_POINT ( 'NONE',  ( 0.000000000000000000, -4.385197194226567952, 0.5000000000000000000 ) ) ;
#8162 = CARTESIAN_POINT ( 'NONE',  ( -1.480492736483535188, 2.803082408881607535, 0.4000000000000000222 ) ) ;
#8163 = ORIENTED_EDGE ( 'NONE', *, *, #1540, .T. ) ;
#8164 = FACE_OUTER_BOUND ( 'NONE', #7399, .T. ) ;
#8165 = CARTESIAN_POINT ( 'NONE',  ( -2.099999999999999645, 3.999999999999999112, 3.017654449115059201 ) ) ;
#8166 =( LENGTH_UNIT ( ) NAMED_UNIT ( * ) SI_UNIT ( .MILLI., .METRE. ) );
#8167 = LINE ( 'NONE', #7684, #4408 ) ;
#8168 = FACE_OUTER_BOUND ( 'NONE', #5487, .T. ) ;
#8169 = EDGE_LOOP ( 'NONE', ( #6350, #1274, #2547, #6072 ) ) ;
#8170 = SURFACE_STYLE_USAGE ( .BOTH. , #5454 ) ;
#8171 = SURFACE_STYLE_USAGE ( .BOTH. , #4937 ) ;
#8172 = ORIENTED_EDGE ( 'NONE', *, *, #2275, .F. ) ;
#8173 = ORIENTED_EDGE ( 'NONE', *, *, #6573, .T. ) ;
#8174 =( LENGTH_UNIT ( ) NAMED_UNIT ( * ) SI_UNIT ( .MILLI., .METRE. ) );
#8175 = ADVANCED_FACE ( 'NONE', ( #1028 ), #400, .F. ) ;
#8176 = ORIENTED_EDGE ( 'NONE', *, *, #6793, .F. ) ;
#8177 = LINE ( 'NONE', #4182, #5699 ) ;
#8178 = DIRECTION ( 'NONE',  ( 1.000000000000000000, 0.000000000000000000, 0.000000000000000000 ) ) ;
#8179 = CARTESIAN_POINT ( 'NONE',  ( 1.813148036665242602, -0.8913831919116188551, 0.000000000000000000 ) ) ;
#8180 = VECTOR ( 'NONE', #4233, 1000.000000000000000 ) ;
#8181 = UNCERTAINTY_MEASURE_WITH_UNIT (LENGTH_MEASURE( 1.000000000000000082E-05 ), #6904, 'distance_accuracy_value', 'NONE');
#8182 = EDGE_CURVE ( 'NONE', #7832, #604, #3182, .T. ) ;
#8183 = ORIENTED_EDGE ( 'NONE', *, *, #5283, .T. ) ;
#8184 = EDGE_CURVE ( 'NONE', #2646, #870, #7998, .T. ) ;
#8185 = CARTESIAN_POINT ( 'NONE',  ( -4.639999999999998792, 4.899999999999998579, 3.017654449115059201 ) ) ;
#8186 = SURFACE_STYLE_FILL_AREA ( #3 ) ;
#8187 = EDGE_LOOP ( 'NONE', ( #1153, #6, #6732, #4674 ) ) ;
#8188 = SURFACE_STYLE_USAGE ( .BOTH. , #2742 ) ;
#8189 = VERTEX_POINT ( 'NONE', #2458 ) ;
#8190 = DIRECTION ( 'NONE',  ( 0.000000000000000000, 1.000000000000000000, 0.000000000000000000 ) ) ;
#8191 = VERTEX_POINT ( 'NONE', #3870 ) ;
#8192 = FILL_AREA_STYLE ('',( #6849 ) ) ;
#8193 = DIRECTION ( 'NONE',  ( -1.000000000000000000, 0.000000000000000000, 0.000000000000000000 ) ) ;
#8194 = SURFACE_STYLE_USAGE ( .BOTH. , #99 ) ;
#8195 = FACE_OUTER_BOUND ( 'NONE', #7593, .T. ) ;
#8196 = SURFACE_STYLE_USAGE ( .BOTH. , #5484 ) ;
#8197 = CARTESIAN_POINT ( 'NONE',  ( 5.356353281621393236, 0.1761656672350274677, 0.2999999999999999889 ) ) ;
#8198 = COLOUR_RGB ( '',1.000000000000000000, 0.000000000000000000, 0.000000000000000000 ) ;
#8199 = CARTESIAN_POINT ( 'NONE',  ( 0.000000000000000000, -1.143254048349641838, 0.1499999999999999944 ) ) ;
#8200 = ORIENTED_EDGE ( 'NONE', *, *, #7273, .F. ) ;
#8201 = SURFACE_STYLE_FILL_AREA ( #2157 ) ;
#8202 = LINE ( 'NONE', #6769, #6728 ) ;
#8203 = VECTOR ( 'NONE', #7764, 1000.000000000000000 ) ;
#8204 = LINE ( 'NONE', #1315, #6310 ) ;
#8205 = VERTEX_POINT ( 'NONE', #6006 ) ;
#8206 = DIRECTION ( 'NONE',  ( 1.000000000000000000, 0.000000000000000000, 0.000000000000000000 ) ) ;
#8207 = DIRECTION ( 'NONE',  ( 0.000000000000000000, -0.000000000000000000, 1.000000000000000000 ) ) ;
#8208 = LINE ( 'NONE', #686, #4682 ) ;
#8209 = ORIENTED_EDGE ( 'NONE', *, *, #5462, .F. ) ;
#8210 = AXIS2_PLACEMENT_3D ( 'NONE', #4424, #1604, #7097 ) ;
#8211 = FILL_AREA_STYLE ('',( #6180 ) ) ;
#8212 = ORIENTED_EDGE ( 'NONE', *, *, #997, .T. ) ;
#8213 = VERTEX_POINT ( 'NONE', #3095 ) ;
#8214 = ORIENTED_EDGE ( 'NONE', *, *, #5510, .F. ) ;
#8215 = SURFACE_STYLE_FILL_AREA ( #2770 ) ;
#8216 = CARTESIAN_POINT ( 'NONE',  ( 1.602250989393667391, 0.000000000000000000, 0.000000000000000000 ) ) ;
#8217 =( GEOMETRIC_REPRESENTATION_CONTEXT ( 3 ) GLOBAL_UNCERTAINTY_ASSIGNED_CONTEXT ( ( #4228 ) ) GLOBAL_UNIT_ASSIGNED_CONTEXT ( ( #7931, #8685, #3845 ) ) REPRESENTATION_CONTEXT ( 'NONE', 'WORKASPACE' ) );
#8218 = UNCERTAINTY_MEASURE_WITH_UNIT (LENGTH_MEASURE( 1.000000000000000082E-05 ), #4694, 'distance_accuracy_value', 'NONE');
#8219 = AXIS2_PLACEMENT_3D ( 'NONE', #4719, #1284, #6090 ) ;
#8220 = VECTOR ( 'NONE', #6517, 1000.000000000000000 ) ;
#8221 = EDGE_LOOP ( 'NONE', ( #6225, #7275, #4699, #6665 ) ) ;
#8222 = VECTOR ( 'NONE', #4134, 1000.000000000000000 ) ;
#8223 = DIRECTION ( 'NONE',  ( 1.000000000000000000, 0.000000000000000000, 0.000000000000000000 ) ) ;
#8224 = FILL_AREA_STYLE_COLOUR ( '', #4209 ) ;
#8225 = ORIENTED_EDGE ( 'NONE', *, *, #2867, .F. ) ;
#8226 = UNCERTAINTY_MEASURE_WITH_UNIT (LENGTH_MEASURE( 1.000000000000000082E-05 ), #168, 'distance_accuracy_value', 'NONE');
#8227 = PRESENTATION_LAYER_ASSIGNMENT (  '', '', ( #6841 ) ) ;
#8228 = ADVANCED_FACE ( 'NONE', ( #1116 ), #8617, .T. ) ;
#8229 = EDGE_CURVE ( 'NONE', #4679, #6647, #1200, .T. ) ;
#8230 = VECTOR ( 'NONE', #5097, 1000.000000000000000 ) ;
#8231 = EDGE_CURVE ( 'NONE', #7580, #3677, #3958, .T. ) ;
#8232 = CARTESIAN_POINT ( 'NONE',  ( 1.252250989393667302, -0.3913831919116187996, 0.000000000000000000 ) ) ;
#8233 = VECTOR ( 'NONE', #6858, 1000.000000000000000 ) ;
#8234 = VECTOR ( 'NONE', #4834, 1000.000000000000000 ) ;
#8235 = DIRECTION ( 'NONE',  ( 0.000000000000000000, -1.000000000000000000, 0.000000000000000000 ) ) ;
#8236 = FACE_OUTER_BOUND ( 'NONE', #7212, .T. ) ;
#8237 = VECTOR ( 'NONE', #5923, 1000.000000000000000 ) ;
#8238 = DIRECTION ( 'NONE',  ( -1.000000000000000000, 0.000000000000000000, 0.000000000000000000 ) ) ;
#8239 = COLOUR_RGB ( '',1.000000000000000000, 1.000000000000000000, 1.000000000000000000 ) ;
#8240 = PRESENTATION_STYLE_ASSIGNMENT (( #8196 ) ) ;
#8241 = SURFACE_STYLE_USAGE ( .BOTH. , #6255 ) ;
#8242 = VECTOR ( 'NONE', #4713, 1000.000000000000000 ) ;
#8243 = CARTESIAN_POINT ( 'NONE',  ( -7.179999999999999716, 4.899999999999998579, 3.017654449115059201 ) ) ;
#8244 = LINE ( 'NONE', #4836, #4947 ) ;
#8245 = ORIENTED_EDGE ( 'NONE', *, *, #3480, .T. ) ;
#8246 = CARTESIAN_POINT ( 'NONE',  ( -2.938471846222877826, 2.803082408881607535, 0.000000000000000000 ) ) ;
#8247 = DIRECTION ( 'NONE',  ( 1.000000000000000000, 0.000000000000000000, 0.000000000000000000 ) ) ;
#8248 = DIRECTION ( 'NONE',  ( 0.000000000000000000, -1.000000000000000000, 0.000000000000000000 ) ) ;
#8249 = FACE_OUTER_BOUND ( 'NONE', #1282, .T. ) ;
#8250 = PRESENTATION_STYLE_ASSIGNMENT (( #4035 ) ) ;
#8251 = LINE ( 'NONE', #3471, #6707 ) ;
#8252 = VERTEX_POINT ( 'NONE', #5260 ) ;
#8253 = FACE_OUTER_BOUND ( 'NONE', #5552, .T. ) ;
#8254 = FILL_AREA_STYLE ('',( #7518 ) ) ;
#8255 = VERTEX_POINT ( 'NONE', #4505 ) ;
#8256 = VERTEX_POINT ( 'NONE', #1072 ) ;
#8257 = SURFACE_STYLE_FILL_AREA ( #8850 ) ;
#8258 = EDGE_LOOP ( 'NONE', ( #5637, #7392, #3804, #6872 ) ) ;
#8259 = LINE ( 'NONE', #3482, #7017 ) ;
#8260 = COLOUR_RGB ( '',0.7960784313725489669, 0.8235294117647058432, 0.9372549019607843146 ) ;
#8261 = CARTESIAN_POINT ( 'NONE',  ( -4.639999999999998792, 4.899999999999998579, 2.000000000000000000 ) ) ;
#8262 = CARTESIAN_POINT ( 'NONE',  ( -4.270710445465622840, 0.2692500179271393179, 0.000000000000000000 ) ) ;
#8263 = EDGE_CURVE ( 'NONE', #7188, #5725, #3823, .T. ) ;
#8264 =( NAMED_UNIT ( * ) PLANE_ANGLE_UNIT ( ) SI_UNIT ( $, .RADIAN. ) );
#8265 = ORIENTED_EDGE ( 'NONE', *, *, #5554, .F. ) ;
#8266 = CARTESIAN_POINT ( 'NONE',  ( 0.4400000000000001688, 4.899999999999998579, 2.000000000000000000 ) ) ;
#8267 = EDGE_LOOP ( 'NONE', ( #4206, #371, #8176, #290 ) ) ;
#8268 = ADVANCED_FACE ( 'NONE', ( #3138 ), #4590, .T. ) ;
#8269 = LINE ( 'NONE', #1389, #8809 ) ;
#8270 =( LENGTH_UNIT ( ) NAMED_UNIT ( * ) SI_UNIT ( .MILLI., .METRE. ) );
#8271 = VECTOR ( 'NONE', #423, 1000.000000000000000 ) ;
#8272 = EDGE_CURVE ( 'NONE', #7983, #1684, #2041, .T. ) ;
#8273 =( LENGTH_UNIT ( ) NAMED_UNIT ( * ) SI_UNIT ( .MILLI., .METRE. ) );
#8274 = LINE ( 'NONE', #7018, #7158 ) ;
#8275 = ADVANCED_FACE ( 'NONE', ( #4147 ), #8136, .T. ) ;
#8276 =( NAMED_UNIT ( * ) SI_UNIT ( $, .STERADIAN. ) SOLID_ANGLE_UNIT ( ) );
#8277 = CARTESIAN_POINT ( 'NONE',  ( -2.099999999999999645, 7.641130724221518733, 3.884080669685257448 ) ) ;
#8278 = FILL_AREA_STYLE_COLOUR ( '', #7264 ) ;
#8279 = CARTESIAN_POINT ( 'NONE',  ( -7.179999999999999716, 7.641130724221518733, 3.017654449115059201 ) ) ;
#8280 = CARTESIAN_POINT ( 'NONE',  ( -11.94655025073976162, 1.000000000000000000, 0.000000000000000000 ) ) ;
#8281 = DIRECTION ( 'NONE',  ( -0.000000000000000000, -0.000000000000000000, -1.000000000000000000 ) ) ;
#8282 = EDGE_CURVE ( 'NONE', #4650, #4512, #558, .T. ) ;
#8283 = ORIENTED_EDGE ( 'NONE', *, *, #4770, .F. ) ;
#8284 = CARTESIAN_POINT ( 'NONE',  ( -5.285226492385886488, 0.2692500179271393179, 0.1500000000000000222 ) ) ;
#8285 = EDGE_CURVE ( 'NONE', #3248, #8618, #7576, .T. ) ;
#8286 = COLOUR_RGB ( '',0.2509803921568627416, 0.2509803921568627416, 0.2509803921568627416 ) ;
#8287 = ADVANCED_FACE ( 'NONE', ( #1378 ), #3447, .T. ) ;
#8288 = MECHANICAL_DESIGN_GEOMETRIC_PRESENTATION_REPRESENTATION (  '', ( #3884 ), #2140 ) ;
#8289 = VECTOR ( 'NONE', #820, 1000.000000000000000 ) ;
#8290 = FILL_AREA_STYLE_COLOUR ( '', #3858 ) ;
#8291 = SURFACE_STYLE_FILL_AREA ( #1982 ) ;
#8292 = DIRECTION ( 'NONE',  ( -1.000000000000000000, -4.233068125708002185E-15, 0.000000000000000000 ) ) ;
#8293 = DIRECTION ( 'NONE',  ( 1.000000000000000000, 0.000000000000000000, 0.000000000000000000 ) ) ;
#8294 = DIRECTION ( 'NONE',  ( 0.000000000000000000, 0.000000000000000000, -1.000000000000000000 ) ) ;
#8295 =( NAMED_UNIT ( * ) PLANE_ANGLE_UNIT ( ) SI_UNIT ( $, .RADIAN. ) );
#8296 = VECTOR ( 'NONE', #3303, 1000.000000000000000 ) ;
#8297 = EDGE_LOOP ( 'NONE', ( #6941, #3191, #4909, #6187 ) ) ;
#8298 = SURFACE_STYLE_FILL_AREA ( #8211 ) ;
#8299 = ORIENTED_EDGE ( 'NONE', *, *, #2219, .F. ) ;
#8300 = VERTEX_POINT ( 'NONE', #8752 ) ;
#8301 =( NAMED_UNIT ( * ) SI_UNIT ( $, .STERADIAN. ) SOLID_ANGLE_UNIT ( ) );
#8302 = CARTESIAN_POINT ( 'NONE',  ( -5.734760885516596574, 2.197828827475229563, 0.5000000000000000000 ) ) ;
#8303 = VECTOR ( 'NONE', #1660, 1000.000000000000000 ) ;
#8304 = EDGE_LOOP ( 'NONE', ( #6018, #8053, #1002, #596 ) ) ;
#8305 = DIRECTION ( 'NONE',  ( -0.000000000000000000, -0.000000000000000000, 1.000000000000000000 ) ) ;
#8306 = DIRECTION ( 'NONE',  ( 1.000000000000000000, 0.000000000000000000, 0.000000000000000000 ) ) ;
#8307 = SURFACE_STYLE_FILL_AREA ( #2172 ) ;
#8308 = EDGE_LOOP ( 'NONE', ( #2450, #3251, #3712, #390 ) ) ;
#8309 = DIRECTION ( 'NONE',  ( -0.000000000000000000, -0.000000000000000000, -1.000000000000000000 ) ) ;
#8310 = LINE ( 'NONE', #7052, #6827 ) ;
#8311 = CARTESIAN_POINT ( 'NONE',  ( -7.179999999999999716, 3.999999999999999112, 2.000000000000000000 ) ) ;
#8312 = ORIENTED_EDGE ( 'NONE', *, *, #7493, .F. ) ;
#8313 = EDGE_CURVE ( 'NONE', #5089, #1649, #2639, .T. ) ;
#8314 = PRESENTATION_STYLE_ASSIGNMENT (( #2862 ) ) ;
#8315 = PRESENTATION_STYLE_ASSIGNMENT (( #7494 ) ) ;
#8316 = COLOUR_RGB ( '',0.7960784313725489669, 0.8235294117647058432, 0.9372549019607843146 ) ;
#8317 = FACE_BOUND ( 'NONE', #4055, .T. ) ;
#8318 = CARTESIAN_POINT ( 'NONE',  ( -6.280000000000000249, 4.899999999999998579, 2.000000000000000000 ) ) ;
#8319 = CARTESIAN_POINT ( 'NONE',  ( 5.520000000000001350, 4.899999999999998579, 3.884080669685257448 ) ) ;
#8320 = CARTESIAN_POINT ( 'NONE',  ( 1.602250989393667391, -0.3913831919116190217, 0.1499999999999999944 ) ) ;
#8321 = LINE ( 'NONE', #2240, #1915 ) ;
#8322 = LINE ( 'NONE', #1520, #6975 ) ;
#8323 =( NAMED_UNIT ( * ) SI_UNIT ( $, .STERADIAN. ) SOLID_ANGLE_UNIT ( ) );
#8324 = CARTESIAN_POINT ( 'NONE',  ( -1.485906978275890911, -5.367113435607375749, 0.5000000000000000000 ) ) ;
#8325 = DIRECTION ( 'NONE',  ( 1.000000000000000000, -0.000000000000000000, -0.000000000000000000 ) ) ;
#8326 = DIRECTION ( 'NONE',  ( -0.000000000000000000, 0.000000000000000000, -1.000000000000000000 ) ) ;
#8327 = ORIENTED_EDGE ( 'NONE', *, *, #4766, .T. ) ;
#8328 = CARTESIAN_POINT ( 'NONE',  ( -4.639999999999998792, 4.899999999999998579, 3.884080669685257448 ) ) ;
#8329 = DIRECTION ( 'NONE',  ( -0.000000000000000000, -0.000000000000000000, -1.000000000000000000 ) ) ;
#8330 = AXIS2_PLACEMENT_3D ( 'NONE', #4125, #5441, #20 ) ;
#8331 = SURFACE_STYLE_FILL_AREA ( #5670 ) ;
#8332 = ADVANCED_FACE ( 'NONE', ( #1962 ), #4726, .T. ) ;
#8333 = DIRECTION ( 'NONE',  ( -0.000000000000000000, 0.000000000000000000, -1.000000000000000000 ) ) ;
#8334 = VECTOR ( 'NONE', #5465, 1000.000000000000000 ) ;
#8335 = ADVANCED_FACE ( 'NONE', ( #1637 ), #5635, .T. ) ;
#8336 = EDGE_CURVE ( 'NONE', #8213, #775, #1546, .T. ) ;
#8337 = CARTESIAN_POINT ( 'NONE',  ( 1.041353942122092313, 1.319777692792770019, 0.1499999999999999944 ) ) ;
#8338 = ORIENTED_EDGE ( 'NONE', *, *, #5733, .T. ) ;
#8339 = ORIENTED_EDGE ( 'NONE', *, *, #7057, .T. ) ;
#8341 = LINE ( 'NONE', #6318, #2284 ) ;
#8340 = VECTOR ( 'NONE', #1135, 1000.000000000000000 ) ;
#8342 =( LENGTH_UNIT ( ) NAMED_UNIT ( * ) SI_UNIT ( .MILLI., .METRE. ) );
#8343 = EDGE_LOOP ( 'NONE', ( #59, #5585, #2846, #2507 ) ) ;
#8344 = VECTOR ( 'NONE', #2398, 1000.000000000000000 ) ;
#8345 = LINE ( 'NONE', #7079, #7298 ) ;
#8346 = CARTESIAN_POINT ( 'NONE',  ( 13.94655025073976162, 0.000000000000000000, -2.000000000000000000 ) ) ;
#8347 = DIRECTION ( 'NONE',  ( -1.000000000000000000, 0.000000000000000000, 0.000000000000000000 ) ) ;
#8348 = UNCERTAINTY_MEASURE_WITH_UNIT (LENGTH_MEASURE( 1.000000000000000082E-05 ), #6741, 'distance_accuracy_value', 'NONE');
#8349 = VECTOR ( 'NONE', #8433, 1000.000000000000000 ) ;
#8350 = PRESENTATION_STYLE_ASSIGNMENT (( #8188 ) ) ;
#8351 = COLOUR_RGB ( '',1.000000000000000000, 0.000000000000000000, 0.000000000000000000 ) ;
#8352 = CIRCLE ( 'NONE', #4528, 0.5702963728963384993 ) ;
#8353 = ORIENTED_EDGE ( 'NONE', *, *, #1292, .F. ) ;
#8354 = CARTESIAN_POINT ( 'NONE',  ( 1.252250989393667302, -0.3913831919116187996, 0.1499999999999999944 ) ) ;
#8355 = VECTOR ( 'NONE', #6103, 1000.000000000000000 ) ;
#8356 =( NAMED_UNIT ( * ) SI_UNIT ( $, .STERADIAN. ) SOLID_ANGLE_UNIT ( ) );
#8357 = EDGE_LOOP ( 'NONE', ( #3872, #3412, #2817, #1572 ) ) ;
#8358 =( LENGTH_UNIT ( ) NAMED_UNIT ( * ) SI_UNIT ( .MILLI., .METRE. ) );
#8359 = DIRECTION ( 'NONE',  ( 0.000000000000000000, -1.000000000000000000, 0.000000000000000000 ) ) ;
#8360 = CARTESIAN_POINT ( 'NONE',  ( -3.810000000000000053, 4.827278989943721399, -2.000000000000000000 ) ) ;
#8361 = AXIS2_PLACEMENT_3D ( 'NONE', #4305, #6262, #641 ) ;
#8362 = MECHANICAL_DESIGN_GEOMETRIC_PRESENTATION_REPRESENTATION (  '', ( #1753 ), #8048 ) ;
#8363 = VERTEX_POINT ( 'NONE', #8354 ) ;
#8364 = AXIS2_PLACEMENT_3D ( 'NONE', #3531, #2128, #1960 ) ;
#8365 = AXIS2_PLACEMENT_3D ( 'NONE', #6687, #3343, #7305 ) ;
#8366 = EDGE_CURVE ( 'NONE', #5996, #6143, #5825, .T. ) ;
#8367 = CARTESIAN_POINT ( 'NONE',  ( -3.138471846222877559, 0.9979665374599516747, 0.1499999999999999944 ) ) ;
#8368 = STYLED_ITEM ( 'NONE', ( #5985 ), #6675 ) ;
#8369 = MECHANICAL_DESIGN_GEOMETRIC_PRESENTATION_REPRESENTATION (  '', ( #7115 ), #1513 ) ;
#8370 = DIRECTION ( 'NONE',  ( 1.000000000000000000, -0.000000000000000000, -0.000000000000000000 ) ) ;
#8371 = PRESENTATION_LAYER_ASSIGNMENT (  '', '', ( #7257 ) ) ;
#8372 = FILL_AREA_STYLE_COLOUR ( '', #1863 ) ;
#8373 = DIRECTION ( 'NONE',  ( -1.000000000000000000, 0.000000000000000000, 0.000000000000000000 ) ) ;
#8374 = VECTOR ( 'NONE', #3556, 1000.000000000000000 ) ;
#8375 = DIRECTION ( 'NONE',  ( -0.000000000000000000, 1.000000000000000000, -0.000000000000000000 ) ) ;
#8376 = CYLINDRICAL_SURFACE ( 'NONE', #7085, 2.800000000000000266 ) ;
#8377 = ORIENTED_EDGE ( 'NONE', *, *, #2555, .T. ) ;
#8378 = AXIS2_PLACEMENT_3D ( 'NONE', #5865, #2992, #4410 ) ;
#8379 = DIRECTION ( 'NONE',  ( -1.000000000000000000, 0.000000000000000000, 0.000000000000000000 ) ) ;
#8380 = VECTOR ( 'NONE', #3546, 1000.000000000000000 ) ;
#8381 = PLANE ( 'NONE',  #8407 ) ;
#8382 =( LENGTH_UNIT ( ) NAMED_UNIT ( * ) SI_UNIT ( .MILLI., .METRE. ) );
#8383 = DIRECTION ( 'NONE',  ( -0.000000000000000000, -0.000000000000000000, -1.000000000000000000 ) ) ;
#8384 = STYLED_ITEM ( 'NONE', ( #1759 ), #7214 ) ;
#8385 = LINE ( 'NONE', #1044, #3966 ) ;
#8386 = CARTESIAN_POINT ( 'NONE',  ( 0.000000000000000000, -0.8913831919116188551, 0.1499999999999999944 ) ) ;
#8387 = SURFACE_SIDE_STYLE ('',( #8517 ) ) ;
#8388 = CARTESIAN_POINT ( 'NONE',  ( -4.890165539036997799, 0.6740263370552496136, 0.1499999999999999944 ) ) ;
#8389 = DIRECTION ( 'NONE',  ( 1.000000000000000000, -1.304779308234270448E-16, 0.000000000000000000 ) ) ;
#8390 = EDGE_LOOP ( 'NONE', ( #5332, #2415, #7702, #8609 ) ) ;
#8391 = VERTEX_POINT ( 'NONE', #780 ) ;
#8392 = EDGE_CURVE ( 'NONE', #1599, #1714, #1792, .T. ) ;
#8393 = ADVANCED_FACE ( 'NONE', ( #3533 ), #123, .F. ) ;
#8394 = EDGE_CURVE ( 'NONE', #3860, #1184, #6805, .T. ) ;
#8395 = EDGE_LOOP ( 'NONE', ( #2081, #7342, #5989, #7402 ) ) ;
#8396 = PRESENTATION_STYLE_ASSIGNMENT (( #5726 ) ) ;
#8397 =( NAMED_UNIT ( * ) SI_UNIT ( $, .STERADIAN. ) SOLID_ANGLE_UNIT ( ) );
#8398 = FACE_OUTER_BOUND ( 'NONE', #8357, .T. ) ;
#8399 = EDGE_CURVE ( 'NONE', #6317, #7609, #7261, .T. ) ;
#8400 =( GEOMETRIC_REPRESENTATION_CONTEXT ( 3 ) GLOBAL_UNCERTAINTY_ASSIGNED_CONTEXT ( ( #1641 ) ) GLOBAL_UNIT_ASSIGNED_CONTEXT ( ( #6784, #1907, #4005 ) ) REPRESENTATION_CONTEXT ( 'NONE', 'WORKASPACE' ) );
#8401 = LINE ( 'NONE', #5079, #5973 ) ;
#8402 = ORIENTED_EDGE ( 'NONE', *, *, #4910, .T. ) ;
#8403 =( NAMED_UNIT ( * ) PLANE_ANGLE_UNIT ( ) SI_UNIT ( $, .RADIAN. ) );
#8404 = DIRECTION ( 'NONE',  ( -0.000000000000000000, 0.000000000000000000, 1.000000000000000000 ) ) ;
#8405 = VERTEX_POINT ( 'NONE', #5207 ) ;
#8406 = CARTESIAN_POINT ( 'NONE',  ( 6.420000000000000817, 4.899999999999998579, 2.000000000000000000 ) ) ;
#8407 = AXIS2_PLACEMENT_3D ( 'NONE', #7762, #2250, #1617 ) ;
#8408 = EDGE_CURVE ( 'NONE', #5200, #5442, #7458, .T. ) ;
#8409 = DIRECTION ( 'NONE',  ( -1.000000000000000000, 0.000000000000000000, 0.000000000000000000 ) ) ;
#8410 = ORIENTED_EDGE ( 'NONE', *, *, #7057, .F. ) ;
#8411 = EDGE_CURVE ( 'NONE', #4938, #8613, #6403, .T. ) ;
#8412 = AXIS2_PLACEMENT_3D ( 'NONE', #5981, #5886, #3060 ) ;
#8413 = CARTESIAN_POINT ( 'NONE',  ( -5.139799166388884899, 1.215912586094422654, 0.5000000000000000000 ) ) ;
#8414 = SHAPE_DEFINITION_REPRESENTATION ( #2176, #3015 ) ;
#8415 = FACE_BOUND ( 'NONE', #3946, .T. ) ;
#8416 = CARTESIAN_POINT ( 'NONE',  ( 1.602250989393667391, -0.8913831919116188551, 0.000000000000000000 ) ) ;
#8417 = MECHANICAL_DESIGN_GEOMETRIC_PRESENTATION_REPRESENTATION (  '', ( #5025 ), #3563 ) ;
#8418 = FACE_OUTER_BOUND ( 'NONE', #5350, .T. ) ;
#8419 = PRESENTATION_STYLE_ASSIGNMENT (( #4296 ) ) ;
#8420 = DIRECTION ( 'NONE',  ( 0.000000000000000000, -1.000000000000000000, 0.000000000000000000 ) ) ;
#8421 = CARTESIAN_POINT ( 'NONE',  ( 1.041353942122092313, -0.3913831919116189106, 0.1500000000000000222 ) ) ;
#8422 = FILL_AREA_STYLE_COLOUR ( '', #2208 ) ;
#8423 = MECHANICAL_DESIGN_GEOMETRIC_PRESENTATION_REPRESENTATION (  '', ( #8703 ), #3146 ) ;
#8424 = VERTEX_POINT ( 'NONE', #3861 ) ;
#8425 = UNCERTAINTY_MEASURE_WITH_UNIT (LENGTH_MEASURE( 1.000000000000000082E-05 ), #4929, 'distance_accuracy_value', 'NONE');
#8426 = DIRECTION ( 'NONE',  ( 0.000000000000000000, -1.000000000000000000, 0.000000000000000000 ) ) ;
#8427 = FACE_OUTER_BOUND ( 'NONE', #1113, .T. ) ;
#8428 = CARTESIAN_POINT ( 'NONE',  ( 1.497330604592375547, -3.005484622322586841, -2.000000000000000000 ) ) ;
#8429 = LINE ( 'NONE', #3023, #8203 ) ;
#8430 = MECHANICAL_DESIGN_GEOMETRIC_PRESENTATION_REPRESENTATION (  '', ( #5439 ), #4026 ) ;
#8431 = ADVANCED_FACE ( 'NONE', ( #1308 ), #2360, .F. ) ;
#8432 = LINE ( 'NONE', #6405, #3818 ) ;
#8433 = DIRECTION ( 'NONE',  ( -0.000000000000000000, 1.000000000000000000, -0.000000000000000000 ) ) ;
#8434 = DIRECTION ( 'NONE',  ( 1.000000000000000000, 0.000000000000000000, 0.000000000000000000 ) ) ;
#8435 = FACE_OUTER_BOUND ( 'NONE', #6781, .T. ) ;
#8436 = CARTESIAN_POINT ( 'NONE',  ( 1.252250989393667302, 0.000000000000000000, 0.1499999999999999944 ) ) ;
#8437 = DIRECTION ( 'NONE',  ( -1.000000000000000000, -0.000000000000000000, -0.000000000000000000 ) ) ;
#8438 = AXIS2_PLACEMENT_3D ( 'NONE', #7168, #7772, #3031 ) ;
#8439 = ORIENTED_EDGE ( 'NONE', *, *, #4763, .T. ) ;
#8440 = ORIENTED_EDGE ( 'NONE', *, *, #5202, .F. ) ;
#8441 = DIRECTION ( 'NONE',  ( -0.000000000000000000, 1.000000000000000000, -0.000000000000000000 ) ) ;
#8442 = SURFACE_STYLE_FILL_AREA ( #7817 ) ;
#8443 = ORIENTED_EDGE ( 'NONE', *, *, #8285, .F. ) ;
#8444 = LINE ( 'NONE', #3764, #901 ) ;
#8445 = UNCERTAINTY_MEASURE_WITH_UNIT (LENGTH_MEASURE( 1.000000000000000082E-05 ), #1816, 'distance_accuracy_value', 'NONE');
#8446 = LINE ( 'NONE', #3721, #6850 ) ;
#8447 = ORIENTED_EDGE ( 'NONE', *, *, #7485, .T. ) ;
#8448 = DIRECTION ( 'NONE',  ( 1.000000000000000000, 0.000000000000000000, 0.000000000000000000 ) ) ;
#8449 = FACE_OUTER_BOUND ( 'NONE', #169, .T. ) ;
#8450 = VERTEX_POINT ( 'NONE', #344 ) ;
#8451 = UNCERTAINTY_MEASURE_WITH_UNIT (LENGTH_MEASURE( 1.000000000000000082E-05 ), #6064, 'distance_accuracy_value', 'NONE');
#8452 = ADVANCED_FACE ( 'NONE', ( #4696 ), #4459, .T. ) ;
#8453 = COLOUR_RGB ( '',0.7529411764705882248, 0.000000000000000000, 0.7529411764705882248 ) ;
#8454 =( NAMED_UNIT ( * ) PLANE_ANGLE_UNIT ( ) SI_UNIT ( $, .RADIAN. ) );
#8455 = VERTEX_POINT ( 'NONE', #4835 ) ;
#8456 = AXIS2_PLACEMENT_3D ( 'NONE', #2622, #6664, #7938 ) ;
#8457 = EDGE_CURVE ( 'NONE', #2097, #6638, #674, .T. ) ;
#8458 = ADVANCED_FACE ( 'NONE', ( #8156 ), #1440, .F. ) ;
#8459 = ORIENTED_EDGE ( 'NONE', *, *, #7266, .T. ) ;
#8460 = SURFACE_SIDE_STYLE ('',( #3051 ) ) ;
#8461 = CARTESIAN_POINT ( 'NONE',  ( 5.520000000000001350, 3.999999999999999112, 2.000000000000000000 ) ) ;
#8462 = FILL_AREA_STYLE_COLOUR ( '', #1159 ) ;
#8463 =( GEOMETRIC_REPRESENTATION_CONTEXT ( 3 ) GLOBAL_UNCERTAINTY_ASSIGNED_CONTEXT ( ( #341 ) ) GLOBAL_UNIT_ASSIGNED_CONTEXT ( ( #2559, #7401, #8755 ) ) REPRESENTATION_CONTEXT ( 'NONE', 'WORKASPACE' ) );
#8464 = LINE ( 'NONE', #7192, #8501 ) ;
#8465 = DIRECTION ( 'NONE',  ( -1.000000000000000000, 0.000000000000000000, 0.000000000000000000 ) ) ;
#8466 = ORIENTED_EDGE ( 'NONE', *, *, #8765, .T. ) ;
#8467 = AXIS2_PLACEMENT_3D ( 'NONE', #1731, #5212, #973 ) ;
#8468 = SURFACE_SIDE_STYLE ('',( #947 ) ) ;
#8469 = APPLICATION_CONTEXT ( 'automotive_design' ) ;
#8470 = CARTESIAN_POINT ( 'NONE',  ( 2.163148036665242469, 0.8197776927927701296, 0.000000000000000000 ) ) ;
#8471 = DIRECTION ( 'NONE',  ( -0.000000000000000000, -0.000000000000000000, -1.000000000000000000 ) ) ;
#8472 = FILL_AREA_STYLE_COLOUR ( '', #3354 ) ;
#8473 = DIRECTION ( 'NONE',  ( 1.000000000000000000, 0.000000000000000000, 0.000000000000000000 ) ) ;
#8474 = SURFACE_STYLE_FILL_AREA ( #5763 ) ;
#8475 = CARTESIAN_POINT ( 'NONE',  ( -1.485906978275892021, -3.281386957593472341E-16, 0.5000000000000000000 ) ) ;
#8476 = CARTESIAN_POINT ( 'NONE',  ( -2.938471846222877382, -0.6194252216434082969, 0.4000000000000000222 ) ) ;
#8477 = VERTEX_POINT ( 'NONE', #6256 ) ;
#8478 = ORIENTED_EDGE ( 'NONE', *, *, #302, .F. ) ;
#8479 = EDGE_LOOP ( 'NONE', ( #3799, #6089, #1966, #4474 ) ) ;
#8480 = FACE_OUTER_BOUND ( 'NONE', #5115, .T. ) ;
#8481 = DIRECTION ( 'NONE',  ( -0.000000000000000000, 0.000000000000000000, 1.000000000000000000 ) ) ;
#8482 = FILL_AREA_STYLE_COLOUR ( '', #8616 ) ;
#8483 = UNCERTAINTY_MEASURE_WITH_UNIT (LENGTH_MEASURE( 1.000000000000000082E-05 ), #8273, 'distance_accuracy_value', 'NONE');
#8484 = DIRECTION ( 'NONE',  ( -0.000000000000000000, 0.000000000000000000, -1.000000000000000000 ) ) ;
#8485 = ORIENTED_EDGE ( 'NONE', *, *, #3817, .T. ) ;
#8486 = SURFACE_SIDE_STYLE ('',( #429 ) ) ;
#8487 =( GEOMETRIC_REPRESENTATION_CONTEXT ( 3 ) GLOBAL_UNCERTAINTY_ASSIGNED_CONTEXT ( ( #8694 ) ) GLOBAL_UNIT_ASSIGNED_CONTEXT ( ( #6987, #807, #2883 ) ) REPRESENTATION_CONTEXT ( 'NONE', 'WORKASPACE' ) );
#8488 = FACE_OUTER_BOUND ( 'NONE', #5626, .T. ) ;
#8489 = EDGE_LOOP ( 'NONE', ( #4061, #1963, #1702, #1851 ) ) ;
#8490 =( LENGTH_UNIT ( ) NAMED_UNIT ( * ) SI_UNIT ( .MILLI., .METRE. ) );
#8491 = ORIENTED_EDGE ( 'NONE', *, *, #85, .T. ) ;
#8492 = VECTOR ( 'NONE', #3978, 1000.000000000000000 ) ;
#8493 = DIRECTION ( 'NONE',  ( -2.211034786967315741E-16, 1.000000000000000000, 0.000000000000000000 ) ) ;
#8494 = COLOUR_RGB ( '',1.000000000000000000, 1.000000000000000000, 0.5019607843137254832 ) ;
#8495 = FILL_AREA_STYLE ('',( #977 ) ) ;
#8497 = VERTEX_POINT ( 'NONE', #2151 ) ;
#8496 = AXIS2_PLACEMENT_3D ( 'NONE', #7299, #1146, #3901 ) ;
#8498 = DIRECTION ( 'NONE',  ( 1.000000000000000000, 0.000000000000000000, 0.000000000000000000 ) ) ;
#8499 = EDGE_CURVE ( 'NONE', #4642, #8137, #4124, .T. ) ;
#8500 = AXIS2_PLACEMENT_3D ( 'NONE', #4812, #4149, #3043 ) ;
#8501 = VECTOR ( 'NONE', #1657, 1000.000000000000000 ) ;
#8502 = EDGE_CURVE ( 'NONE', #1953, #8300, #4162, .T. ) ;
#8503 = EDGE_CURVE ( 'NONE', #3274, #4665, #2874, .T. ) ;
#8504 = PRESENTATION_LAYER_ASSIGNMENT (  '', '', ( #7384 ) ) ;
#8505 = CARTESIAN_POINT ( 'NONE',  ( 6.420000000000000817, 4.899999999999998579, 2.000000000000000000 ) ) ;
#8506 = DIRECTION ( 'NONE',  ( -1.000000000000000000, 0.000000000000000000, 0.000000000000000000 ) ) ;
#8507 = LINE ( 'NONE', #4472, #8094 ) ;
#8508 = CARTESIAN_POINT ( 'NONE',  ( -1.480492736483534744, 0.2332654097976024077, 0.000000000000000000 ) ) ;
#8509 = ORIENTED_EDGE ( 'NONE', *, *, #7482, .F. ) ;
#8510 = DIRECTION ( 'NONE',  ( 1.000000000000000000, 0.000000000000000000, 0.000000000000000000 ) ) ;
#8511 = LINE ( 'NONE', #2426, #6290 ) ;
#8512 = CARTESIAN_POINT ( 'NONE',  ( 0.4400000000000001688, 3.999999999999999112, 3.017654449115059201 ) ) ;
#8513 = PLANE ( 'NONE',  #2061 ) ;
#8514 =( LENGTH_UNIT ( ) NAMED_UNIT ( * ) SI_UNIT ( .MILLI., .METRE. ) );
#8515 = FILL_AREA_STYLE_COLOUR ( '', #1248 ) ;
#8516 = AXIS2_PLACEMENT_3D ( 'NONE', #102, #6118, #55 ) ;
#8517 = SURFACE_STYLE_FILL_AREA ( #903 ) ;
#8518 = CARTESIAN_POINT ( 'NONE',  ( 0.4913539421220920467, 0.8197776927927701296, 0.000000000000000000 ) ) ;
#8519 = FILL_AREA_STYLE_COLOUR ( '', #1866 ) ;
#8520 = VERTEX_POINT ( 'NONE', #1400 ) ;
#8521 = VERTEX_POINT ( 'NONE', #4922 ) ;
#8522 = VECTOR ( 'NONE', #6303, 1000.000000000000000 ) ;
#8523 = CARTESIAN_POINT ( 'NONE',  ( 0.4400000000000001688, 4.826793837766004458, 3.887323802683371188 ) ) ;
#8524 = COLOUR_RGB ( '',1.000000000000000000, 1.000000000000000000, 1.000000000000000000 ) ;
#8525 = VERTEX_POINT ( 'NONE', #6900 ) ;
#8526 = FACE_OUTER_BOUND ( 'NONE', #6034, .T. ) ;
#8527 = PRESENTATION_LAYER_ASSIGNMENT (  '', '', ( #1656 ) ) ;
#8528 = ORIENTED_EDGE ( 'NONE', *, *, #2553, .T. ) ;
#8529 = CARTESIAN_POINT ( 'NONE',  ( -4.639999999999998792, 7.641130724221518733, 3.884080669685257448 ) ) ;
#8530 = VECTOR ( 'NONE', #6491, 1000.000000000000000 ) ;
#8531 = ORIENTED_EDGE ( 'NONE', *, *, #5738, .F. ) ;
#8532 = SURFACE_STYLE_USAGE ( .BOTH. , #4416 ) ;
#8533 = CARTESIAN_POINT ( 'NONE',  ( 1.041353942122092313, -0.3913831919116187996, 0.1499999999999999944 ) ) ;
#8534 = ORIENTED_EDGE ( 'NONE', *, *, #955, .T. ) ;
#8535 = CARTESIAN_POINT ( 'NONE',  ( -2.938471846222877826, 2.803082408881607535, 0.000000000000000000 ) ) ;
#8536 = DIRECTION ( 'NONE',  ( -0.000000000000000000, -0.000000000000000000, -1.000000000000000000 ) ) ;
#8537 = EDGE_CURVE ( 'NONE', #8764, #1649, #1479, .T. ) ;
#8538 = VECTOR ( 'NONE', #4033, 1000.000000000000000 ) ;
#8539 = ORIENTED_EDGE ( 'NONE', *, *, #35, .F. ) ;
#8540 = UNCERTAINTY_MEASURE_WITH_UNIT (LENGTH_MEASURE( 1.000000000000000082E-05 ), #1650, 'distance_accuracy_value', 'NONE');
#8541 = EDGE_CURVE ( 'NONE', #7622, #7431, #7024, .T. ) ;
#8542 = VECTOR ( 'NONE', #7842, 1000.000000000000000 ) ;
#8543 = SURFACE_SIDE_STYLE ('',( #4469 ) ) ;
#8544 = CARTESIAN_POINT ( 'NONE',  ( -1.480492736483534966, 1.768548375075876589, 0.000000000000000000 ) ) ;
#8545 = ORIENTED_EDGE ( 'NONE', *, *, #8693, .F. ) ;
#8546 = EDGE_CURVE ( 'NONE', #8455, #3398, #846, .T. ) ;
#8547 = DIRECTION ( 'NONE',  ( -0.000000000000000000, -0.000000000000000000, -1.000000000000000000 ) ) ;
#8548 = VECTOR ( 'NONE', #1958, 1000.000000000000000 ) ;
#8549 = EDGE_CURVE ( 'NONE', #2313, #3340, #8653, .T. ) ;
#8550 = CARTESIAN_POINT ( 'NONE',  ( -4.639999999999998792, 3.999999999999999112, 3.017654449115059201 ) ) ;
#8551 = DIRECTION ( 'NONE',  ( 0.000000000000000000, 1.000000000000000000, 0.000000000000000000 ) ) ;
#8552 =( NAMED_UNIT ( * ) SI_UNIT ( $, .STERADIAN. ) SOLID_ANGLE_UNIT ( ) );
#8553 = EDGE_CURVE ( 'NONE', #1820, #2278, #4558, .T. ) ;
#8554 = DIRECTION ( 'NONE',  ( 4.233068125708002185E-15, -1.000000000000000000, 0.000000000000000000 ) ) ;
#8555 =( NAMED_UNIT ( * ) SI_UNIT ( $, .STERADIAN. ) SOLID_ANGLE_UNIT ( ) );
#8556 = CARTESIAN_POINT ( 'NONE',  ( 2.980000000000000870, 4.899999999999998579, 3.017654449115059201 ) ) ;
#8557 = EDGE_CURVE ( 'NONE', #2492, #4761, #4839, .T. ) ;
#8558 = FILL_AREA_STYLE_COLOUR ( '', #6336 ) ;
#8559 = VERTEX_POINT ( 'NONE', #8421 ) ;
#8560 = ORIENTED_EDGE ( 'NONE', *, *, #2051, .F. ) ;
#8561 = CARTESIAN_POINT ( 'NONE',  ( 1.252250989393667302, 1.319777692792770019, 0.000000000000000000 ) ) ;
#8562 = ORIENTED_EDGE ( 'NONE', *, *, #6628, .F. ) ;
#8563 = LINE ( 'NONE', #7900, #4656 ) ;
#8564 = CYLINDRICAL_SURFACE ( 'NONE', #8496, 0.2145018023815153663 ) ;
#8565 =( NAMED_UNIT ( * ) PLANE_ANGLE_UNIT ( ) SI_UNIT ( $, .RADIAN. ) );
#8566 = LINE ( 'NONE', #1634, #7541 ) ;
#8567 = VERTEX_POINT ( 'NONE', #2287 ) ;
#8568 = AXIS2_PLACEMENT_3D ( 'NONE', #5850, #8238, #2105 ) ;
#8569 =( LENGTH_UNIT ( ) NAMED_UNIT ( * ) SI_UNIT ( .MILLI., .METRE. ) );
#8570 = FILL_AREA_STYLE ('',( #5867 ) ) ;
#8571 = VERTEX_POINT ( 'NONE', #2385 ) ;
#8572 = DIRECTION ( 'NONE',  ( -0.000000000000000000, -0.000000000000000000, -1.000000000000000000 ) ) ;
#8573 = PRESENTATION_LAYER_ASSIGNMENT (  '', '', ( #3449 ) ) ;
#8574 = STYLED_ITEM ( 'NONE', ( #200 ), #1606 ) ;
#8575 = EDGE_LOOP ( 'NONE', ( #6421, #1026, #6721, #343 ) ) ;
#8576 =( NAMED_UNIT ( * ) PLANE_ANGLE_UNIT ( ) SI_UNIT ( $, .RADIAN. ) );
#8577 = CARTESIAN_POINT ( 'NONE',  ( 5.356353281621393236, -0.9081097759609791931, 0.2999999999999999889 ) ) ;
#8578 =( NAMED_UNIT ( * ) SI_UNIT ( $, .STERADIAN. ) SOLID_ANGLE_UNIT ( ) );
#8579 = AXIS2_PLACEMENT_3D ( 'NONE', #6731, #8034, #546 ) ;
#8580 = EDGE_LOOP ( 'NONE', ( #2318, #5596, #304, #5435 ) ) ;
#8581 = ORIENTED_EDGE ( 'NONE', *, *, #6627, .F. ) ;
#8582 =( LENGTH_UNIT ( ) NAMED_UNIT ( * ) SI_UNIT ( .MILLI., .METRE. ) );
#8583 = DIRECTION ( 'NONE',  ( 1.000000000000000000, -0.000000000000000000, -0.000000000000000000 ) ) ;
#8584 = CIRCLE ( 'NONE', #725, 0.8278507393618635968 ) ;
#8585 = FILL_AREA_STYLE ('',( #6575 ) ) ;
#8586 = DIRECTION ( 'NONE',  ( -1.421904488505579654E-16, 1.000000000000000000, -0.000000000000000000 ) ) ;
#8587 = EDGE_LOOP ( 'NONE', ( #547, #331, #5897, #8798 ) ) ;
#8588 = CARTESIAN_POINT ( 'NONE',  ( 0.4913539421220920467, -0.3913831919116189106, 0.000000000000000000 ) ) ;
#8589 = CARTESIAN_POINT ( 'NONE',  ( -0.3909452591481796802, -4.385197194226567952, 0.5000000000000000000 ) ) ;
#8590 = VECTOR ( 'NONE', #2178, 1000.000000000000000 ) ;
#8591 = CARTESIAN_POINT ( 'NONE',  ( 7.518932503990860106, -5.267066187369637831, 0.1000000000000002554 ) ) ;
#8592 =( NAMED_UNIT ( * ) PLANE_ANGLE_UNIT ( ) SI_UNIT ( $, .RADIAN. ) );
#8593 = ORIENTED_EDGE ( 'NONE', *, *, #4753, .T. ) ;
#8594 = SURFACE_SIDE_STYLE ('',( #2439 ) ) ;
#8595 = EDGE_LOOP ( 'NONE', ( #6432, #7777 ) ) ;
#8596 = ORIENTED_EDGE ( 'NONE', *, *, #7493, .T. ) ;
#8597 = VECTOR ( 'NONE', #5831, 1000.000000000000000 ) ;
#8598 = DIRECTION ( 'NONE',  ( -0.000000000000000000, 1.000000000000000000, -0.000000000000000000 ) ) ;
#8599 = EDGE_CURVE ( 'NONE', #6647, #3358, #8507, .T. ) ;
#8600 = VERTEX_POINT ( 'NONE', #3013 ) ;
#8601 = DIRECTION ( 'NONE',  ( 1.000000000000000000, 0.000000000000000000, 0.000000000000000000 ) ) ;
#8602 = ADVANCED_FACE ( 'NONE', ( #2245 ), #1613, .F. ) ;
#8603 = DIRECTION ( 'NONE',  ( -0.000000000000000000, 0.000000000000000000, -1.000000000000000000 ) ) ;
#8604 = PRESENTATION_STYLE_ASSIGNMENT (( #462 ) ) ;
#8605 = EDGE_CURVE ( 'NONE', #2440, #7188, #4274, .T. ) ;
#8606 = LINE ( 'NONE', #2488, #3253 ) ;
#8607 = ORIENTED_EDGE ( 'NONE', *, *, #3774, .F. ) ;
#8608 = DIRECTION ( 'NONE',  ( 0.000000000000000000, 1.000000000000000000, 0.000000000000000000 ) ) ;
#8609 = ORIENTED_EDGE ( 'NONE', *, *, #6488, .T. ) ;
#8610 = SURFACE_SIDE_STYLE ('',( #2493 ) ) ;
#8611 = DIRECTION ( 'NONE',  ( 1.000000000000000000, -0.000000000000000000, -0.000000000000000000 ) ) ;
#8612 = DIRECTION ( 'NONE',  ( 1.000000000000000000, 0.000000000000000000, 0.000000000000000000 ) ) ;
#8613 = VERTEX_POINT ( 'NONE', #1699 ) ;
#8614 = FACE_OUTER_BOUND ( 'NONE', #457, .T. ) ;
#8615 = STYLED_ITEM ( 'NONE', ( #7416 ), #4064 ) ;
#8616 = COLOUR_RGB ( '',1.000000000000000000, 1.000000000000000000, 1.000000000000000000 ) ;
#8617 = PLANE ( 'NONE',  #2795 ) ;
#8618 = VERTEX_POINT ( 'NONE', #1658 ) ;
#8619 = ORIENTED_EDGE ( 'NONE', *, *, #7479, .T. ) ;
#8620 = FACE_OUTER_BOUND ( 'NONE', #1957, .T. ) ;
#8621 = STYLED_ITEM ( 'NONE', ( #3168 ), #3269 ) ;
#8622 = EDGE_CURVE ( 'NONE', #6140, #8082, #4431, .T. ) ;
#8623 = LINE ( 'NONE', #2514, #5836 ) ;
#8624 = MECHANICAL_DESIGN_GEOMETRIC_PRESENTATION_REPRESENTATION (  '', ( #6525 ), #2058 ) ;
#8625 = VECTOR ( 'NONE', #3763, 1000.000000000000000 ) ;
#8626 = STYLED_ITEM ( 'NONE', ( #8059 ), #3720 ) ;
#8627 = LINE ( 'NONE', #3875, #4700 ) ;
#8628 = FILL_AREA_STYLE_COLOUR ( '', #7452 ) ;
#8629 = DIRECTION ( 'NONE',  ( -0.000000000000000000, -0.000000000000000000, -1.000000000000000000 ) ) ;
#8630 = STYLED_ITEM ( 'NONE', ( #3538 ), #1285 ) ;
#8631 = AXIS2_PLACEMENT_3D ( 'NONE', #3696, #8506, #1522 ) ;
#8632 = CARTESIAN_POINT ( 'NONE',  ( -8.000000000000000000, 6.099999999999998757, -2.000000000000000000 ) ) ;
#8633 = CARTESIAN_POINT ( 'NONE',  ( 0.000000000000000000, 0.000000000000000000, 0.5000000000000000000 ) ) ;
#8634 = CARTESIAN_POINT ( 'NONE',  ( 2.980000000000000870, 4.899999999999998579, 2.000000000000000000 ) ) ;
#8635 = AXIS2_PLACEMENT_3D ( 'NONE', #2372, #2279, #8493 ) ;
#8636 = ADVANCED_FACE ( 'NONE', ( #5706 ), #321, .T. ) ;
#8637 = PRESENTATION_STYLE_ASSIGNMENT (( #2527 ) ) ;
#8638 = PLANE ( 'NONE',  #6068 ) ;
#8639 = EDGE_LOOP ( 'NONE', ( #8619, #477, #266, #8158 ) ) ;
#8640 = DIRECTION ( 'NONE',  ( -0.000000000000000000, 1.000000000000000000, -0.000000000000000000 ) ) ;
#8641 = ORIENTED_EDGE ( 'NONE', *, *, #4049, .T. ) ;
#8642 = ORIENTED_EDGE ( 'NONE', *, *, #6869, .F. ) ;
#8643 = SURFACE_STYLE_USAGE ( .BOTH. , #459 ) ;
#8644 = FILL_AREA_STYLE_COLOUR ( '', #3438 ) ;
#8645 = ORIENTED_EDGE ( 'NONE', *, *, #4821, .T. ) ;
#8646 = CARTESIAN_POINT ( 'NONE',  ( -1.275591300402032724, 1.768548375075876589, 0.000000000000000000 ) ) ;
#8647 = DIRECTION ( 'NONE',  ( 0.000000000000000000, 0.000000000000000000, -1.000000000000000000 ) ) ;
#8648 = SURFACE_STYLE_USAGE ( .BOTH. , #508 ) ;
#8649 = COLOUR_RGB ( '',0.000000000000000000, 0.000000000000000000, 0.000000000000000000 ) ;
#8650 = ADVANCED_FACE ( 'NONE', ( #3232 ), #571, .F. ) ;
#8651 = LINE ( 'NONE', #3171, #6271 ) ;
#8652 = ORIENTED_EDGE ( 'NONE', *, *, #4554, .F. ) ;
#8653 = CIRCLE ( 'NONE', #6111, 0.2145018023815153663 ) ;
#8654 = CARTESIAN_POINT ( 'NONE',  ( -4.402923696573366463, 0.000000000000000000, 0.1499999999999999944 ) ) ;
#8655 = EDGE_LOOP ( 'NONE', ( #2174, #1142, #3345, #6995 ) ) ;
#8656 = EDGE_CURVE ( 'NONE', #4679, #2745, #7972, .T. ) ;
#8657 = STYLED_ITEM ( 'NONE', ( #8350 ), #7109 ) ;
#8658 = EDGE_CURVE ( 'NONE', #7143, #4086, #8627, .T. ) ;
#8659 = DIRECTION ( 'NONE',  ( 0.000000000000000000, -1.000000000000000000, 0.000000000000000000 ) ) ;
#8660 = ADVANCED_FACE ( 'NONE', ( #6057 ), #4018, .F. ) ;
#8661 = ORIENTED_EDGE ( 'NONE', *, *, #2042, .T. ) ;
#8662 = AXIS2_PLACEMENT_3D ( 'NONE', #94, #8190, #2699 ) ;
#8663 = DIRECTION ( 'NONE',  ( 1.000000000000000000, 0.000000000000000000, 0.000000000000000000 ) ) ;
#8664 = FACE_OUTER_BOUND ( 'NONE', #1950, .T. ) ;
#8665 =( LENGTH_UNIT ( ) NAMED_UNIT ( * ) SI_UNIT ( .MILLI., .METRE. ) );
#8666 = VECTOR ( 'NONE', #3707, 1000.000000000000000 ) ;
#8667 = FILL_AREA_STYLE_COLOUR ( '', #3815 ) ;
#8668 = ORIENTED_EDGE ( 'NONE', *, *, #6055, .F. ) ;
#8669 = EDGE_CURVE ( 'NONE', #2359, #1645, #5975, .T. ) ;
#8670 = ORIENTED_EDGE ( 'NONE', *, *, #6740, .T. ) ;
#8671 = DIRECTION ( 'NONE',  ( 0.000000000000000000, -0.000000000000000000, 1.000000000000000000 ) ) ;
#8672 = PRESENTATION_LAYER_ASSIGNMENT (  '', '', ( #2963 ) ) ;
#8673 = UNCERTAINTY_MEASURE_WITH_UNIT (LENGTH_MEASURE( 1.000000000000000082E-05 ), #961, 'distance_accuracy_value', 'NONE');
#8674 = LINE ( 'NONE', #366, #7812 ) ;
#8675 =( GEOMETRIC_REPRESENTATION_CONTEXT ( 3 ) GLOBAL_UNCERTAINTY_ASSIGNED_CONTEXT ( ( #2365 ) ) GLOBAL_UNIT_ASSIGNED_CONTEXT ( ( #5818, #2262, #5165 ) ) REPRESENTATION_CONTEXT ( 'NONE', 'WORKASPACE' ) );
#8676 = FACE_OUTER_BOUND ( 'NONE', #1807, .T. ) ;
#8677 = CARTESIAN_POINT ( 'NONE',  ( 1.068326999829344537, -3.005484622322586841, -3.000000000000000000 ) ) ;
#8678 = PLANE ( 'NONE',  #6905 ) ;
#8679 = VERTEX_POINT ( 'NONE', #3968 ) ;
#8680 = ORIENTED_EDGE ( 'NONE', *, *, #5906, .T. ) ;
#8681 = FACE_OUTER_BOUND ( 'NONE', #5468, .T. ) ;
#8682 = PRESENTATION_LAYER_ASSIGNMENT (  '', '', ( #1689 ) ) ;
#8683 = LINE ( 'NONE', #5929, #2560 ) ;
#8684 = DIRECTION ( 'NONE',  ( -0.000000000000000000, -0.000000000000000000, -1.000000000000000000 ) ) ;
#8685 =( NAMED_UNIT ( * ) PLANE_ANGLE_UNIT ( ) SI_UNIT ( $, .RADIAN. ) );
#8686 = SURFACE_STYLE_USAGE ( .BOTH. , #8062 ) ;
#8687 = CARTESIAN_POINT ( 'NONE',  ( -3.143373282304378957, -3.008659175951462901E-15, 0.1499999999999999944 ) ) ;
#8688 = AXIS2_PLACEMENT_3D ( 'NONE', #4117, #6710, #2057 ) ;
#8689 = VERTEX_POINT ( 'NONE', #8013 ) ;
#8690 = PRESENTATION_STYLE_ASSIGNMENT (( #6719 ) ) ;
#8691 = ORIENTED_EDGE ( 'NONE', *, *, #4388, .T. ) ;
#8692 = ORIENTED_EDGE ( 'NONE', *, *, #2750, .F. ) ;
#8693 = EDGE_CURVE ( 'NONE', #2123, #4126, #1873, .T. ) ;
#8694 = UNCERTAINTY_MEASURE_WITH_UNIT (LENGTH_MEASURE( 1.000000000000000082E-05 ), #6987, 'distance_accuracy_value', 'NONE');
#8695 = DIRECTION ( 'NONE',  ( 0.000000000000000000, 0.000000000000000000, -1.000000000000000000 ) ) ;
#8696 = ORIENTED_EDGE ( 'NONE', *, *, #7325, .T. ) ;
#8697 = PRESENTATION_LAYER_ASSIGNMENT (  '', '', ( #4015 ) ) ;
#8698 = CARTESIAN_POINT ( 'NONE',  ( -3.138471846222877559, 0.000000000000000000, 0.1499999999999999944 ) ) ;
#8699 = VERTEX_POINT ( 'NONE', #6704 ) ;
#8700 = CARTESIAN_POINT ( 'NONE',  ( -7.179999999999999716, 7.641130724221518733, 3.017654449115059201 ) ) ;
#8701 = ORIENTED_EDGE ( 'NONE', *, *, #8714, .F. ) ;
#8702 = ORIENTED_EDGE ( 'NONE', *, *, #5733, .F. ) ;
#8703 = STYLED_ITEM ( 'NONE', ( #3466 ), #5140 ) ;
#8704 = CARTESIAN_POINT ( 'NONE',  ( 5.520000000000001350, 4.899999999999998579, 2.000000000000000000 ) ) ;
#8705 = ORIENTED_EDGE ( 'NONE', *, *, #3879, .T. ) ;
#8706 = LINE ( 'NONE', #552, #4574 ) ;
#8707 = DIRECTION ( 'NONE',  ( 0.000000000000000000, 0.000000000000000000, 1.000000000000000000 ) ) ;
#8708 = SURFACE_SIDE_STYLE ('',( #3270 ) ) ;
#8709 = ORIENTED_EDGE ( 'NONE', *, *, #7321, .F. ) ;
#8710 = ORIENTED_EDGE ( 'NONE', *, *, #720, .F. ) ;
#8711 = STYLED_ITEM ( 'NONE', ( #8085 ), #1498 ) ;
#8712 = MECHANICAL_DESIGN_GEOMETRIC_PRESENTATION_REPRESENTATION (  '', ( #6469 ), #149 ) ;
#8713 = CARTESIAN_POINT ( 'NONE',  ( -3.739999999999999325, 4.899999999999998579, 3.017654449115059201 ) ) ;
#8714 = EDGE_CURVE ( 'NONE', #3254, #6201, #4824, .T. ) ;
#8715 = EDGE_CURVE ( 'NONE', #1983, #6316, #131, .T. ) ;
#8716 = MECHANICAL_DESIGN_GEOMETRIC_PRESENTATION_REPRESENTATION (  '', ( #2593 ), #441 ) ;
#8717 = FILL_AREA_STYLE_COLOUR ( '', #2815 ) ;
#8718 = AXIS2_PLACEMENT_3D ( 'NONE', #5478, #8146, #4643 ) ;
#8719 = COLOUR_RGB ( '',1.000000000000000000, 1.000000000000000000, 1.000000000000000000 ) ;
#8720 = SURFACE_STYLE_FILL_AREA ( #4562 ) ;
#8721 = FILL_AREA_STYLE ('',( #1464 ) ) ;
#8722 = CARTESIAN_POINT ( 'NONE',  ( -5.772468334849516935, -0.7767525643175616779, 0.000000000000000000 ) ) ;
#8723 = ORIENTED_EDGE ( 'NONE', *, *, #7432, .F. ) ;
#8724 = SURFACE_SIDE_STYLE ('',( #3974 ) ) ;
#8725 = AXIS2_PLACEMENT_3D ( 'NONE', #6351, #2336, #3701 ) ;
#8726 = SPHERICAL_SURFACE ( 'NONE', #6886, 0.6499999999999995781 ) ;
#8727 = CARTESIAN_POINT ( 'NONE',  ( 2.648125170278138540, -1.722655820111723246, -2.000000000000000000 ) ) ;
#8728 = CARTESIAN_POINT ( 'NONE',  ( -2.938471846222877826, 2.803082408881607535, 0.4000000000000000222 ) ) ;
#8729 = VECTOR ( 'NONE', #3017, 1000.000000000000000 ) ;
#8730 = FILL_AREA_STYLE ('',( #3932 ) ) ;
#8731 = ORIENTED_EDGE ( 'NONE', *, *, #1181, .T. ) ;
#8732 = CARTESIAN_POINT ( 'NONE',  ( -6.280000000000000249, 4.899999999999998579, 3.884080669685257448 ) ) ;
#8733 = PRESENTATION_LAYER_ASSIGNMENT (  '', '', ( #3037 ) ) ;
#8734 = VERTEX_POINT ( 'NONE', #6245 ) ;
#8735 = CARTESIAN_POINT ( 'NONE',  ( 0.4400000000000001688, 7.641130724221518733, 3.884080669685257448 ) ) ;
#8736 = DIRECTION ( 'NONE',  ( -0.000000000000000000, 0.000000000000000000, 1.000000000000000000 ) ) ;
#8737 = ORIENTED_EDGE ( 'NONE', *, *, #1395, .T. ) ;
#8738 = FILL_AREA_STYLE_COLOUR ( '', #2548 ) ;
#8739 = LINE ( 'NONE', #8076, #623 ) ;
#8740 = SURFACE_STYLE_USAGE ( .BOTH. , #4711 ) ;
#8741 = CARTESIAN_POINT ( 'NONE',  ( -4.639999999999998792, 4.899999999999998579, 2.000000000000000000 ) ) ;
#8742 = ORIENTED_EDGE ( 'NONE', *, *, #8005, .T. ) ;
#8743 = VECTOR ( 'NONE', #8583, 1000.000000000000000 ) ;
#8744 = CYLINDRICAL_SURFACE ( 'NONE', #1859, 2.000000000000000000 ) ;
#8745 = ORIENTED_EDGE ( 'NONE', *, *, #6411, .F. ) ;
#8746 = VERTEX_POINT ( 'NONE', #6845 ) ;
#8747 = CARTESIAN_POINT ( 'NONE',  ( 2.363148036665242646, -0.3913831919116189106, 0.4000000000000000222 ) ) ;
#8748 = ORIENTED_EDGE ( 'NONE', *, *, #5094, .T. ) ;
#8749 = DIRECTION ( 'NONE',  ( -1.000000000000000000, 0.000000000000000000, 6.672013369141570542E-15 ) ) ;
#8750 = LINE ( 'NONE', #4629, #291 ) ;
#8751 = CARTESIAN_POINT ( 'NONE',  ( -4.639999999999998792, 3.999999999999999112, 2.000000000000000000 ) ) ;
#8752 = CARTESIAN_POINT ( 'NONE',  ( -3.146208542697764621, -0.2185654625746347723, 0.000000000000000000 ) ) ;
#8753 = ORIENTED_EDGE ( 'NONE', *, *, #5826, .T. ) ;
#8754 =( NAMED_UNIT ( * ) SI_UNIT ( $, .STERADIAN. ) SOLID_ANGLE_UNIT ( ) );
#8755 =( NAMED_UNIT ( * ) SI_UNIT ( $, .STERADIAN. ) SOLID_ANGLE_UNIT ( ) );
#8756 = ORIENTED_EDGE ( 'NONE', *, *, #2928, .F. ) ;
#8757 = PRESENTATION_LAYER_ASSIGNMENT (  '', '', ( #769 ) ) ;
#8758 = VECTOR ( 'NONE', #914, 1000.000000000000000 ) ;
#8759 = DIRECTION ( 'NONE',  ( 0.000000000000000000, 0.000000000000000000, -1.000000000000000000 ) ) ;
#8760 = LINE ( 'NONE', #747, #1361 ) ;
#8761 = PRESENTATION_STYLE_ASSIGNMENT (( #7284 ) ) ;
#8762 = DIRECTION ( 'NONE',  ( 1.000000000000000000, 0.000000000000000000, 0.000000000000000000 ) ) ;
#8763 = LINE ( 'NONE', #2949, #934 ) ;
#8764 = VERTEX_POINT ( 'NONE', #6293 ) ;
#8765 = EDGE_CURVE ( 'NONE', #4234, #5002, #5475, .T. ) ;
#8766 = ADVANCED_FACE ( 'NONE', ( #4196 ), #6156, .T. ) ;
#8767 = FACE_OUTER_BOUND ( 'NONE', #8044, .T. ) ;
#8768 = EDGE_CURVE ( 'NONE', #468, #2492, #3415, .T. ) ;
#8769 = MECHANICAL_DESIGN_GEOMETRIC_PRESENTATION_REPRESENTATION (  '', ( #5366 ), #6080 ) ;
#8770 = CARTESIAN_POINT ( 'NONE',  ( -7.179999999999999716, 4.826793837766002682, 3.059473063321507258 ) ) ;
#8771 = ADVANCED_FACE ( 'NONE', ( #8817 ), #1430, .F. ) ;
#8772 = FACE_OUTER_BOUND ( 'NONE', #5293, .T. ) ;
#8773 = MECHANICAL_DESIGN_GEOMETRIC_PRESENTATION_REPRESENTATION (  '', ( #5939 ), #4668 ) ;
#8774 = LINE ( 'NONE', #1265, #4109 ) ;
#8775 = STYLED_ITEM ( 'NONE', ( #7509 ), #6007 ) ;
#8776 = MECHANICAL_DESIGN_GEOMETRIC_PRESENTATION_REPRESENTATION (  '', ( #211 ), #7654 ) ;
#8777 = SURFACE_STYLE_FILL_AREA ( #2785 ) ;
#8778 = CARTESIAN_POINT ( 'NONE',  ( -2.099999999999999645, 7.641130724221518733, 3.884080669685257448 ) ) ;
#8779 = DIRECTION ( 'NONE',  ( 0.000000000000000000, 1.000000000000000000, 0.000000000000000000 ) ) ;
#8780 = ORIENTED_EDGE ( 'NONE', *, *, #4597, .F. ) ;
#8781 = CARTESIAN_POINT ( 'NONE',  ( 4.650921065566159918, -0.9081097759609791931, 0.2999999999999999889 ) ) ;
#8782 = EDGE_CURVE ( 'NONE', #8064, #1052, #51, .T. ) ;
#8783 = VECTOR ( 'NONE', #2308, 1000.000000000000000 ) ;
#8784 = VECTOR ( 'NONE', #6717, 1000.000000000000000 ) ;
#8785 = CARTESIAN_POINT ( 'NONE',  ( 1.068326999829344315, -3.005484622322586841, -3.000000000000000000 ) ) ;
#8786 = VECTOR ( 'NONE', #4626, 1000.000000000000000 ) ;
#8787 = ORIENTED_EDGE ( 'NONE', *, *, #7124, .F. ) ;
#8788 = AXIS2_PLACEMENT_3D ( 'NONE', #5433, #8142, #2955 ) ;
#8789 = LINE ( 'NONE', #4172, #4808 ) ;
#8790 =( NAMED_UNIT ( * ) PLANE_ANGLE_UNIT ( ) SI_UNIT ( $, .RADIAN. ) );
#8791 = SURFACE_SIDE_STYLE ('',( #2674 ) ) ;
#8792 = DIRECTION ( 'NONE',  ( -0.000000000000000000, -0.000000000000000000, -1.000000000000000000 ) ) ;
#8793 = COLOUR_RGB ( '',0.7529411764705882248, 0.000000000000000000, 0.7529411764705882248 ) ;
#8794 = ORIENTED_EDGE ( 'NONE', *, *, #7884, .T. ) ;
#8795 = LINE ( 'NONE', #7469, #3289 ) ;
#8796 = DIRECTION ( 'NONE',  ( 0.000000000000000000, -1.000000000000000000, 0.000000000000000000 ) ) ;
#8797 = ORIENTED_EDGE ( 'NONE', *, *, #2867, .T. ) ;
#8798 = ORIENTED_EDGE ( 'NONE', *, *, #5301, .T. ) ;
#8799 = STYLED_ITEM ( 'NONE', ( #740 ), #8275 ) ;
#8800 = DIRECTION ( 'NONE',  ( 0.000000000000000000, 0.000000000000000000, -1.000000000000000000 ) ) ;
#8801 = MECHANICAL_DESIGN_GEOMETRIC_PRESENTATION_REPRESENTATION (  '', ( #2221 ), #1509 ) ;
#8802 = ORIENTED_EDGE ( 'NONE', *, *, #1121, .T. ) ;
#8803 = PLANE ( 'NONE',  #260 ) ;
#8804 = SURFACE_STYLE_FILL_AREA ( #5297 ) ;
#8805 = DIRECTION ( 'NONE',  ( -1.000000000000000000, 0.000000000000000000, 0.000000000000000000 ) ) ;
#8806 =( NAMED_UNIT ( * ) PLANE_ANGLE_UNIT ( ) SI_UNIT ( $, .RADIAN. ) );
#8807 = ORIENTED_EDGE ( 'NONE', *, *, #3258, .F. ) ;
#8808 = SURFACE_STYLE_FILL_AREA ( #3353 ) ;
#8809 = VECTOR ( 'NONE', #2824, 1000.000000000000000 ) ;
#8810 = PLANE ( 'NONE',  #2319 ) ;
#8811 = EDGE_LOOP ( 'NONE', ( #3174, #8539, #2015, #2790 ) ) ;
#8812 = EDGE_CURVE ( 'NONE', #4610, #6764, #6970, .T. ) ;
#8813 = VECTOR ( 'NONE', #6843, 1000.000000000000000 ) ;
#8814 = LINE ( 'NONE', #2695, #3400 ) ;
#8815 = ORIENTED_EDGE ( 'NONE', *, *, #3661, .F. ) ;
#8816 = CARTESIAN_POINT ( 'NONE',  ( 0.000000000000000000, 0.000000000000000000, 0.1499999999999999944 ) ) ;
#8817 = FACE_OUTER_BOUND ( 'NONE', #974, .T. ) ;
#8818 = CARTESIAN_POINT ( 'NONE',  ( -1.272756040008647282, 0.2332654097976024354, 0.1499999999999999944 ) ) ;
#8819 = STYLED_ITEM ( 'NONE', ( #7199 ), #7483 ) ;
#8820 = ORIENTED_EDGE ( 'NONE', *, *, #3537, .T. ) ;
#8821 = FILL_AREA_STYLE ('',( #6754 ) ) ;
#8822 = EDGE_CURVE ( 'NONE', #3254, #8455, #8269, .T. ) ;
#8823 = CARTESIAN_POINT ( 'NONE',  ( -2.099999999999999645, 7.641130724221518733, 3.017654449115059201 ) ) ;
#8824 =( NAMED_UNIT ( * ) PLANE_ANGLE_UNIT ( ) SI_UNIT ( $, .RADIAN. ) );
#8825 = CARTESIAN_POINT ( 'NONE',  ( -5.772468334849516935, -1.143254048349641838, 0.1499999999999999944 ) ) ;
#8826 = CARTESIAN_POINT ( 'NONE',  ( -6.280000000000000249, 7.641130724221518733, 3.884080669685257448 ) ) ;
#8827 = DIRECTION ( 'NONE',  ( -0.000000000000000000, -0.000000000000000000, 1.000000000000000000 ) ) ;
#8828 = CARTESIAN_POINT ( 'NONE',  ( 0.4913539421220920467, -0.3913831919116189106, 0.4000000000000000222 ) ) ;
#8829 = PLANE ( 'NONE',  #8330 ) ;
#8830 = ORIENTED_EDGE ( 'NONE', *, *, #6951, .T. ) ;
#8831 = ADVANCED_FACE ( 'NONE', ( #706 ), #2863, .T. ) ;
#8832 = VECTOR ( 'NONE', #3021, 1000.000000000000000 ) ;
#8833 = DIRECTION ( 'NONE',  ( 1.000000000000000000, 0.000000000000000000, 0.000000000000000000 ) ) ;
#8834 =( NAMED_UNIT ( * ) PLANE_ANGLE_UNIT ( ) SI_UNIT ( $, .RADIAN. ) );
#8835 = ORIENTED_EDGE ( 'NONE', *, *, #6125, .F. ) ;
#8836 = DIRECTION ( 'NONE',  ( 1.000000000000000000, 0.000000000000000000, 0.000000000000000000 ) ) ;
#8837 = EDGE_CURVE ( 'NONE', #4935, #7488, #2684, .T. ) ;
#8838 = CYLINDRICAL_SURFACE ( 'NONE', #4536, 0.2145018023815153663 ) ;
#8839 = SURFACE_STYLE_FILL_AREA ( #6945 ) ;
#8840 = CARTESIAN_POINT ( 'NONE',  ( -3.739999999999999325, 7.641130724221518733, 3.017654449115059201 ) ) ;
#8841 =( GEOMETRIC_REPRESENTATION_CONTEXT ( 3 ) GLOBAL_UNCERTAINTY_ASSIGNED_CONTEXT ( ( #5781 ) ) GLOBAL_UNIT_ASSIGNED_CONTEXT ( ( #6852, #1304, #1216 ) ) REPRESENTATION_CONTEXT ( 'NONE', 'WORKASPACE' ) );
#8842 = EDGE_CURVE ( 'NONE', #3935, #3903, #4868, .T. ) ;
#8843 = FILL_AREA_STYLE_COLOUR ( '', #7551 ) ;
#8844 = ADVANCED_FACE ( 'NONE', ( #748 ), #1601, .F. ) ;
#8845 = ORIENTED_EDGE ( 'NONE', *, *, #3943, .T. ) ;
#8846 = CARTESIAN_POINT ( 'NONE',  ( 0.000000000000000000, 2.197828827475229563, 0.5000000000000000000 ) ) ;
#8847 = SURFACE_STYLE_FILL_AREA ( #4218 ) ;
#8848 = ORIENTED_EDGE ( 'NONE', *, *, #1182, .T. ) ;
#8849 = ORIENTED_EDGE ( 'NONE', *, *, #6408, .F. ) ;
#8850 = FILL_AREA_STYLE ('',( #1416 ) ) ;
#8851 = ORIENTED_EDGE ( 'NONE', *, *, #7756, .T. ) ;
#8852 = DIRECTION ( 'NONE',  ( 1.000000000000000000, 0.000000000000000000, 0.000000000000000000 ) ) ;
#8853 = CARTESIAN_POINT ( 'NONE',  ( 6.378339758198182885, -5.267066187369637831, -2.000000000000000000 ) ) ;
ENDSEC;
END-ISO-10303-21;
